fp_page,page_type,ecr_type,player,id,pos,team,ecr,sd,best,worst,sportsdata_id,player_filename,yahoo_id,cbs_id,player_owned_avg,player_owned_espn,player_owned_yahoo,player_image_url,player_square_image_url,rank_delta,bye,mergename,scrape_date,tm
/nfl/rankings/dynasty-db.php,dynasty-db,dp,Kyle Hamilton,23494,DB,BAL,2,1,1,3,NA,kyle-hamilton.php,NA,NA,75.2,NA,NA,NA,NA,NA,13,Kyle Hamilton,2026-10-02,BAL
/nfl/rankings/dynasty-db.php,dynasty-db,dp,Nick Emmanwori,27053,DB,SEA,2,0,2,2,NA,nick-emmanwori.php,NA,NA,34.1,NA,NA,NA,NA,NA,11,Nick Emmanwori,2026-10-02,SEA
/nfl/rankings/dynasty-db.php,dynasty-db,dp,Derwin James Jr.,17310,DB,LAC,4.5,0.5,4,5,NA,derwin-james.php,NA,NA,47.5,NA,NA,NA,NA,NA,7,Derwin James,2026-10-02,LAC
/nfl/rankings/dynasty-db.php,dynasty-db,dp,Nick Cross,24198,DB,WAS,5.5,4.5,1,10,NA,nick-cross.php,NA,NA,32.5,NA,NA,NA,NA,NA,7,Nick Cross,2026-10-02,WAS
/nfl/rankings/dynasty-db.php,dynasty-db,dp,Kam Curl,19459,DB,LAR,7,4,3,11,NA,kamren-curl.php,NA,NA,29.7,NA,NA,NA,NA,NA,11,Kam Curl,2026-10-02,LAR
/nfl/rankings/dynasty-db.php,dynasty-db,dp,Tykee Smith,23751,DB,TB,9.5,1.5,8,11,NA,tykee-smith.php,NA,NA,35.5,NA,NA,NA,NA,NA,10,Tykee Smith,2026-10-02,TBB
/nfl/rankings/dynasty-db.php,dynasty-db,dp,Jessie Bates III,17544,DB,ATL,10.5,3.5,7,14,NA,jessie-bates-iii.php,NA,NA,12,NA,NA,NA,NA,NA,11,Jessie Bates,2026-10-02,ATL
/nfl/rankings/dynasty-db.php,dynasty-db,dp,Budda Baker,16733,DB,ARI,11,6,5,17,NA,budda-baker.php,NA,NA,42.7,NA,NA,NA,NA,NA,14,Budda Baker,2026-10-02,ARI
/nfl/rankings/dynasty-db.php,dynasty-db,dp,Antoine Winfield Jr.,19266,DB,TB,11.5,5.5,6,17,NA,antoine-winfield-s.php,NA,NA,19.1,NA,NA,NA,NA,NA,10,Antoine Winfield,2026-10-02,TBB
/nfl/rankings/dynasty-db.php,dynasty-db,dp,Talanoa Hufanga,22817,DB,DEN,13,0,13,13,NA,talanoa-hufanga.php,NA,NA,34.4,NA,NA,NA,NA,NA,10,Talanoa Hufanga,2026-10-02,DEN
/nfl/rankings/dynasty-db.php,dynasty-db,dp,Tyler Nubin,26117,DB,NYG,13.5,4.5,9,18,NA,tyler-nubin.php,NA,NA,3,NA,NA,NA,NA,NA,8,Tyler Nubin,2026-10-02,NYG
/nfl/rankings/dynasty-db.php,dynasty-db,dp,Xavier McKinney,19216,DB,GB,14.5,8.5,6,23,NA,xavier-mckinney.php,NA,NA,20,NA,NA,NA,NA,NA,11,Xavier McKinney,2026-10-02,GBP
/nfl/rankings/dynasty-db.php,dynasty-db,dp,Jeremy Chinn,19429,DB,LV,16.5,4.5,12,21,NA,jeremy-chinn.php,NA,NA,26.9,NA,NA,NA,NA,NA,13,Jeremy Chinn,2026-10-02,LVR
/nfl/rankings/dynasty-db.php,dynasty-db,dp,Tre'von Moehrig,22699,DB,CAR,17.5,2.5,15,20,NA,trevon-moehrig.php,NA,NA,17.6,NA,NA,NA,NA,NA,5,Trevon Moehrig,2026-10-02,CAR
/nfl/rankings/dynasty-db.php,dynasty-db,dp,Devon Witherspoon,25243,DB,SEA,19.5,5.5,14,25,NA,devon-witherspoon.php,NA,NA,21.4,NA,NA,NA,NA,NA,11,Devon Witherspoon,2026-10-02,SEA
/nfl/rankings/dynasty-db.php,dynasty-db,dp,Quentin Lake,24302,DB,LAR,19.5,0.5,19,20,NA,quentin-lake.php,NA,NA,25.3,NA,NA,NA,NA,NA,11,Quentin Lake,2026-10-02,LAR
/nfl/rankings/dynasty-db.php,dynasty-db,dp,DeShon Elliott,17344,DB,PIT,21,6,15,27,NA,deshon-elliott.php,NA,NA,4.9,NA,NA,NA,NA,NA,9,DeShon Elliott,2026-10-02,PIT
/nfl/rankings/dynasty-db.php,dynasty-db,dp,Chamarri Conner,25509,DB,KC,21,5,16,26,NA,chamarri-conner.php,NA,NA,23.8,NA,NA,NA,NA,NA,5,Chamarri Conner,2026-10-02,KCC
/nfl/rankings/dynasty-db.php,dynasty-db,dp,Xavier Watts,27067,DB,ATL,21.5,2.5,19,24,NA,xavier-watts.php,NA,NA,19.3,NA,NA,NA,NA,NA,11,Xavier Watts,2026-10-02,ATL
/nfl/rankings/dynasty-db.php,dynasty-db,dp,Joshua Metellus,19580,DB,MIN,27,15,12,42,NA,josh-metellus.php,NA,NA,9.7,NA,NA,NA,NA,NA,6,Joshua Metellus,2026-10-02,MIN
/nfl/rankings/dynasty-db.php,dynasty-db,dp,Cooper DeJean,26103,DB,PHI,27,5,22,32,NA,cooper-dejean.php,NA,NA,36.7,NA,NA,NA,NA,NA,10,Cooper DeJean,2026-10-02,PHI
/nfl/rankings/dynasty-db.php,dynasty-db,dp,Brian Branch,25235,DB,DET,4,0,4,4,NA,brian-branch.php,NA,NA,18.5,NA,NA,NA,NA,NA,6,Brian Branch,2026-10-02,DET
/nfl/rankings/dynasty-db.php,dynasty-db,dp,Minkah Fitzpatrick,17278,DB,NYJ,27.5,18.5,9,46,NA,minkah-fitzpatrick.php,NA,NA,4.9,NA,NA,NA,NA,NA,13,Minkah Fitzpatrick,2026-10-02,NYJ
/nfl/rankings/dynasty-db.php,dynasty-db,dp,Jordan Battle,23471,DB,CIN,28,2,26,30,NA,jordan-battle.php,NA,NA,20,NA,NA,NA,NA,NA,6,Jordan Battle,2026-10-02,CIN
/nfl/rankings/dynasty-db.php,dynasty-db,dp,Caleb Downs,27950,DB,DAL,7,0,7,7,NA,caleb-downs.php,NA,NA,52.4,NA,NA,NA,NA,NA,14,Caleb Downs,2026-10-02,DAL
/nfl/rankings/dynasty-db.php,dynasty-db,dp,Jalen Pitre,23721,DB,HOU,29,2,27,31,NA,jalen-pitre.php,NA,NA,14,NA,NA,NA,NA,NA,8,Jalen Pitre,2026-10-02,HOU
/nfl/rankings/dynasty-db.php,dynasty-db,dp,Dillon Thieneman,27967,DB,CHI,8,0,8,8,NA,dillon-thieneman.php,NA,NA,35.4,NA,NA,NA,NA,NA,10,Dillon Thieneman,2026-10-02,CHI
/nfl/rankings/dynasty-db.php,dynasty-db,dp,Kevin Byard III,15635,DB,NE,29.5,13.5,16,43,NA,kevin-byard.php,NA,NA,19,NA,NA,NA,NA,NA,11,Kevin Byard,2026-10-02,NEP
/nfl/rankings/dynasty-db.php,dynasty-db,dp,Julian Love,18243,DB,SEA,29.5,11.5,18,41,NA,julian-love.php,NA,NA,23.1,NA,NA,NA,NA,NA,11,Julian Love,2026-10-02,SEA
/nfl/rankings/dynasty-db.php,dynasty-db,dp,Cole Bishop,26229,DB,BUF,30,1,29,31,NA,cole-bishop.php,NA,NA,15.6,NA,NA,NA,NA,NA,7,Cole Bishop,2026-10-02,BUF
/nfl/rankings/dynasty-db.php,dynasty-db,dp,Jaquan Brisker,23719,DB,PIT,33.5,23.5,10,57,NA,jaquan-brisker.php,NA,NA,12.9,NA,NA,NA,NA,NA,9,Jaquan Brisker,2026-10-02,PIT
/nfl/rankings/dynasty-db.php,dynasty-db,dp,Jalen Thompson,19108,DB,DAL,31,3,28,34,NA,jalen-thompson.php,NA,NA,7.5,NA,NA,NA,NA,NA,14,Jalen Thompson,2026-10-02,DAL
/nfl/rankings/dynasty-db.php,dynasty-db,dp,Kamari Lassiter,26118,DB,HOU,21,0,21,21,NA,kamari-lassiter.php,NA,NA,23.2,NA,NA,NA,NA,NA,8,Kamari Lassiter,2026-10-02,HOU
/nfl/rankings/dynasty-db.php,dynasty-db,dp,Malachi Moore,24708,DB,NYJ,22,0,22,22,NA,malachi-moore.php,NA,NA,5.7,NA,NA,NA,NA,NA,13,Malachi Moore,2026-10-02,NYJ
/nfl/rankings/dynasty-db.php,dynasty-db,dp,Alontae Taylor,23747,DB,TEN,23,0,23,23,NA,alontae-taylor.php,NA,NA,8.7,NA,NA,NA,NA,NA,9,Alontae Taylor,2026-10-02,TEN
/nfl/rankings/dynasty-db.php,dynasty-db,dp,Riley Moss,25459,DB,DEN,24,0,24,24,NA,riley-moss.php,NA,NA,3.3,NA,NA,NA,NA,NA,10,Riley Moss,2026-10-02,DEN
/nfl/rankings/dynasty-db.php,dynasty-db,dp,Cam Bynum,22757,DB,IND,37.5,8.5,29,46,NA,camryn-bynum.php,NA,NA,6,NA,NA,NA,NA,NA,13,Cam Bynum,2026-10-02,IND
/nfl/rankings/dynasty-db.php,dynasty-db,dp,Malaki Starks,27017,DB,BAL,47.5,22.5,25,70,NA,malaki-starks.php,NA,NA,27.5,NA,NA,NA,NA,NA,13,Malaki Starks,2026-10-02,BAL
/nfl/rankings/dynasty-db.php,dynasty-db,dp,Kyle Dugger,19337,DB,CIN,28,0,28,28,NA,kyle-dugger.php,NA,NA,0.7,NA,NA,NA,NA,NA,6,Kyle Dugger,2026-10-02,CIN
/nfl/rankings/dynasty-db.php,dynasty-db,dp,Marcus Jones,23890,DB,NE,40.5,7.5,33,48,NA,marcus-jones.php,NA,NA,23.5,NA,NA,NA,NA,NA,11,Marcus Jones,2026-10-02,NEP
/nfl/rankings/dynasty-db.php,dynasty-db,dp,Brandon Jones,19248,DB,DEN,51.5,21.5,30,73,NA,brandon-jones-s.php,NA,NA,6.3,NA,NA,NA,NA,NA,10,Brandon Jones,2026-10-02,DEN
/nfl/rankings/dynasty-db.php,dynasty-db,dp,D'Angelo Ponds,27992,DB,NYJ,32,0,32,32,NA,dangelo-ponds.php,NA,NA,2.1,NA,NA,NA,NA,NA,13,DAngelo Ponds,2026-10-02,NYJ
/nfl/rankings/dynasty-db.php,dynasty-db,dp,Dru Phillips,26164,DB,NYG,33,0,33,33,NA,andru-phillips.php,NA,NA,1.1,NA,NA,NA,NA,NA,8,Andru Phillips,2026-10-02,NYG
/nfl/rankings/dynasty-db.php,dynasty-db,dp,Paulson Adebo,19237,DB,NYG,34,0,34,34,NA,paulson-adebo.php,NA,NA,3.6,NA,NA,NA,NA,NA,8,Paulson Adebo,2026-10-02,NYG
/nfl/rankings/dynasty-db.php,dynasty-db,dp,Kerby Joseph,23800,DB,DET,35,0,35,35,NA,kerby-joseph.php,NA,NA,2.4,NA,NA,NA,NA,NA,6,Kerby Joseph,2026-10-02,DET
/nfl/rankings/dynasty-db.php,dynasty-db,dp,Kool-Aid McKinstry,26098,DB,NO,35,0,35,35,NA,kool-aid-mckinstry.php,NA,NA,8.6,NA,NA,NA,NA,NA,8,Kool-Aid McKinstry,2026-10-02,NOS
/nfl/rankings/dynasty-db.php,dynasty-db,dp,Mike Sainristil,26126,DB,WAS,36,0,36,36,NA,mike-sainristil.php,NA,NA,2.9,NA,NA,NA,NA,NA,7,Mike Sainristil,2026-10-02,WAS
/nfl/rankings/dynasty-db.php,dynasty-db,dp,Dadrion Taylor-Demerson,26346,DB,ARI,63,27,36,90,NA,dadrion-taylor-demerson.php,NA,NA,0.8,NA,NA,NA,NA,NA,14,Dadrion Taylor-Demerson,2026-10-02,ARI
/nfl/rankings/dynasty-db.php,dynasty-db,dp,Tyson Campbell,22706,DB,CLE,37,0,37,37,NA,tyson-campbell.php,NA,NA,6,NA,NA,NA,NA,NA,11,Tyson Campbell,2026-10-02,CLE
/nfl/rankings/dynasty-db.php,dynasty-db,dp,Andrew Mukuba,27081,DB,PHI,37,0,37,37,NA,andrew-mukuba.php,NA,NA,5.4,NA,NA,NA,NA,NA,10,Andrew Mukuba,2026-10-02,PHI
/nfl/rankings/dynasty-db.php,dynasty-db,dp,C.J. Gardner-Johnson,18649,DB,BUF,44,0,44,44,NA,chauncey-gardner-johnson.php,NA,NA,2.6,NA,NA,NA,NA,NA,7,CJ Gardner-Johnson,2026-10-02,BUF
/nfl/rankings/dynasty-db.php,dynasty-db,dp,Jaylinn Hawkins,19769,DB,BAL,38,0,38,38,NA,jaylinn-hawkins.php,NA,NA,0.7,NA,NA,NA,NA,NA,13,Jaylinn Hawkins,2026-10-02,BAL
/nfl/rankings/dynasty-db.php,dynasty-db,dp,DaRon Bland,24551,DB,DAL,38,0,38,38,NA,daron-bland.php,NA,NA,8,NA,NA,NA,NA,NA,14,DaRon Bland,2026-10-02,DAL
/nfl/rankings/dynasty-db.php,dynasty-db,dp,Jalen Ramsey,15491,DB,PIT,39,0,39,39,NA,jalen-ramsey.php,NA,NA,4.2,NA,NA,NA,NA,NA,9,Jalen Ramsey,2026-10-02,PIT
/nfl/rankings/dynasty-db.php,dynasty-db,dp,Kevin Winston Jr.,27035,DB,TEN,56.5,17.5,39,74,NA,kevin-winston-jr.php,NA,NA,7.1,NA,NA,NA,NA,NA,9,Kevin Winston,2026-10-02,TEN
/nfl/rankings/dynasty-db.php,dynasty-db,dp,Nate Wiggins,26100,DB,BAL,40,0,40,40,NA,nate-wiggins.php,NA,NA,7.3,NA,NA,NA,NA,NA,13,Nate Wiggins,2026-10-02,BAL
/nfl/rankings/dynasty-db.php,dynasty-db,dp,Dante Trader Jr.,27090,DB,MIA,40,0,40,40,NA,dante-trader.php,NA,NA,1.6,NA,NA,NA,NA,NA,6,Dante Trader,2026-10-02,MIA
/nfl/rankings/dynasty-db.php,dynasty-db,dp,Grant Delpit,19203,DB,CLE,46,4,42,50,NA,grant-delpit.php,NA,NA,5,NA,NA,NA,NA,NA,11,Grant Delpit,2026-10-02,CLE
/nfl/rankings/dynasty-db.php,dynasty-db,dp,Reed Blankenship,22754,DB,HOU,47.5,6.5,41,54,NA,reed-blankenship.php,NA,NA,5.1,NA,NA,NA,NA,NA,8,Reed Blankenship,2026-10-02,HOU
/nfl/rankings/dynasty-db.php,dynasty-db,dp,Antonio Johnson,24719,DB,JAC,43,0,43,43,NA,antonio-johnson-cb.php,NA,NA,1.6,NA,NA,NA,NA,NA,7,Antonio Johnson,2026-10-02,JAC
/nfl/rankings/dynasty-db.php,dynasty-db,dp,Mike Jackson Sr.,18637,DB,CAR,45,0,45,45,NA,michael-jackson-cb.php,NA,NA,3.4,NA,NA,NA,NA,NA,5,Mike Jackson,2026-10-02,CAR
/nfl/rankings/dynasty-db.php,dynasty-db,dp,Jason Pinnock,23289,DB,NYG,45,0,45,45,NA,jason-pinnock.php,NA,NA,0.7,NA,NA,NA,NA,NA,8,Jason Pinnock,2026-10-02,NYG
/nfl/rankings/dynasty-db.php,dynasty-db,dp,Evan Williams,26131,DB,GB,47,0,47,47,NA,evan-williams.php,NA,NA,13,NA,NA,NA,NA,NA,11,Evan Williams,2026-10-02,GBP
/nfl/rankings/dynasty-db.php,dynasty-db,dp,Justin Reid,17320,DB,NO,53,6,47,59,NA,justin-reid.php,NA,NA,2.2,NA,NA,NA,NA,NA,8,Justin Reid,2026-10-02,NOS
/nfl/rankings/dynasty-db.php,dynasty-db,dp,Jevon Holland,22690,DB,NYG,60,12,48,72,NA,jevon-holland.php,NA,NA,12.2,NA,NA,NA,NA,NA,8,Jevon Holland,2026-10-02,NYG
/nfl/rankings/dynasty-db.php,dynasty-db,dp,Coby Bryant,23734,DB,CHI,49,0,49,49,NA,coby-bryant.php,NA,NA,1.2,NA,NA,NA,NA,NA,10,Coby Bryant,2026-10-02,CHI
/nfl/rankings/dynasty-db.php,dynasty-db,dp,Javon Bullard,26121,DB,GB,49,0,49,49,NA,javon-bullard.php,NA,NA,1.3,NA,NA,NA,NA,NA,11,Javon Bullard,2026-10-02,GBP
/nfl/rankings/dynasty-db.php,dynasty-db,dp,Kenny Moore II,16801,DB,PHI,67.5,17.5,50,85,NA,kenny-moore.php,NA,NA,1.2,NA,NA,NA,NA,NA,10,Kenny Moore,2026-10-02,PHI
/nfl/rankings/dynasty-db.php,dynasty-db,dp,Jamel Dean,18583,DB,PIT,51,0,51,51,NA,jamel-dean.php,NA,NA,1.9,NA,NA,NA,NA,NA,9,Jamel Dean,2026-10-02,PIT
/nfl/rankings/dynasty-db.php,dynasty-db,dp,Kamren Kinchens,26109,DB,LAR,52,0,52,52,NA,kamren-kinchens.php,NA,NA,1.3,NA,NA,NA,NA,NA,11,Kamren Kinchens,2026-10-02,LAR
/nfl/rankings/dynasty-db.php,dynasty-db,dp,Chris Johnson,28065,DB,MIA,53,0,53,53,NA,chris-johnson-cb-2.php,NA,NA,3.5,NA,NA,NA,NA,NA,6,Chris Johnson,2026-10-02,MIA
/nfl/rankings/dynasty-db.php,dynasty-db,dp,Christian Benford,24565,DB,BUF,55,0,55,55,NA,christian-benford.php,NA,NA,1.3,NA,NA,NA,NA,NA,7,Christian Benford,2026-10-02,BUF
/nfl/rankings/dynasty-db.php,dynasty-db,dp,D.J. Reed Jr.,17375,DB,DET,56,0,56,56,NA,dj-reed.php,NA,NA,3.8,NA,NA,NA,NA,NA,6,DJ Reed,2026-10-02,DET
/nfl/rankings/dynasty-db.php,dynasty-db,dp,Byron Murphy Jr.,18220,DB,MIN,58,0,58,58,NA,byron-murphy.php,NA,NA,6.3,NA,NA,NA,NA,NA,6,Byron Murphy,2026-10-02,MIN
/nfl/rankings/dynasty-db.php,dynasty-db,dp,Ja'Quan McMillian,24819,DB,DEN,60,0,60,60,NA,jaquan-mcmillian.php,NA,NA,1.1,NA,NA,NA,NA,NA,10,JaQuan McMillian,2026-10-02,DEN
/nfl/rankings/dynasty-db.php,dynasty-db,dp,A.J. Terrell Jr.,19224,DB,ATL,61,0,61,61,NA,aj-terrell.php,NA,NA,3.3,NA,NA,NA,NA,NA,11,AJ Terrell,2026-10-02,ATL
/nfl/rankings/dynasty-db.php,dynasty-db,dp,James Pierre,19659,DB,MIN,62,0,62,62,NA,james-pierre.php,NA,NA,0.6,NA,NA,NA,NA,NA,6,James Pierre,2026-10-02,MIN
/nfl/rankings/dynasty-db.php,dynasty-db,dp,Calen Bullock,26111,DB,HOU,63,0,63,63,NA,calen-bullock.php,NA,NA,1.6,NA,NA,NA,NA,NA,8,Calen Bullock,2026-10-02,HOU
/nfl/rankings/dynasty-db.php,dynasty-db,dp,Nahshon Wright,23243,DB,NYJ,64,0,64,64,NA,nahshon-wright.php,NA,NA,0.9,NA,NA,NA,NA,NA,13,Nahshon Wright,2026-10-02,NYJ
/nfl/rankings/dynasty-db.php,dynasty-db,dp,Trey Amos,27150,DB,WAS,65,0,65,65,NA,trey-amos.php,NA,NA,0.6,NA,NA,NA,NA,NA,7,Trey Amos,2026-10-02,WAS
/nfl/rankings/dynasty-db.php,dynasty-db,dp,Alohi Gilman,19379,DB,KC,66,0,66,66,NA,alohi-gilman.php,NA,NA,4,NA,NA,NA,NA,NA,5,Alohi Gilman,2026-10-02,KCC
/nfl/rankings/dynasty-db.php,dynasty-db,dp,Isaiah Rodgers Sr.,19821,DB,MIN,67,0,67,67,NA,isaiah-rodgers.php,NA,NA,1.2,NA,NA,NA,NA,NA,6,Isaiah Rodgers,2026-10-02,MIN
/nfl/rankings/dynasty-db.php,dynasty-db,dp,Carlton Davis III,17318,DB,NE,68,0,68,68,NA,carlton-davis.php,NA,NA,1.7,NA,NA,NA,NA,NA,11,Carlton Davis,2026-10-02,NEP
/nfl/rankings/dynasty-db.php,dynasty-db,dp,Darien Porter,27195,DB,LV,69,0,69,69,NA,darien-porter.php,NA,NA,0.7,NA,NA,NA,NA,NA,13,Darien Porter,2026-10-02,LVR
/nfl/rankings/dynasty-db.php,dynasty-db,dp,Upton Stout,27246,DB,SF,71,0,71,71,NA,upton-stout.php,NA,NA,1.2,NA,NA,NA,NA,NA,8,Upton Stout,2026-10-02,SFO
/nfl/rankings/dynasty-db.php,dynasty-db,dp,Nick Scott,18476,DB,CAR,75,0,75,75,NA,nick-scott.php,NA,NA,3.3,NA,NA,NA,NA,NA,5,Nick Scott,2026-10-02,CAR
/nfl/rankings/dynasty-db.php,dynasty-db,dp,Marlon Humphrey,16390,DB,BAL,76,0,76,76,NA,marlon-humphrey.php,NA,NA,5.9,NA,NA,NA,NA,NA,13,Marlon Humphrey,2026-10-02,BAL
/nfl/rankings/dynasty-db.php,dynasty-db,dp,Keisean Nixon,18495,DB,GB,77,0,77,77,NA,keisean-nixon.php,NA,NA,6.9,NA,NA,NA,NA,NA,11,Keisean Nixon,2026-10-02,GBP
/nfl/rankings/dynasty-db.php,dynasty-db,dp,Jacob Parrish,27257,DB,TB,78,0,78,78,NA,jacob-parrish.php,NA,NA,1,NA,NA,NA,NA,NA,10,Jacob Parrish,2026-10-02,TBB
/nfl/rankings/dynasty-db.php,dynasty-db,dp,Trent McDuffie,23492,DB,LAR,79,0,79,79,NA,trent-mcduffie.php,NA,NA,14.4,NA,NA,NA,NA,NA,11,Trent McDuffie,2026-10-02,LAR
/nfl/rankings/dynasty-db.php,dynasty-db,dp,Joey Porter Jr.,24705,DB,DAL,80,0,80,80,NA,joey-porter-jr.php,NA,NA,1.5,NA,NA,NA,NA,NA,14,Joey Porter,2026-10-02,DAL
/nfl/rankings/dynasty-db.php,dynasty-db,dp,Brandon Stephens,14469,DB,NYJ,81,0,81,81,NA,brandon-stephens.php,NA,NA,1.2,NA,NA,NA,NA,NA,13,Brandon Stephens,2026-10-02,NYJ
/nfl/rankings/dynasty-db.php,dynasty-db,dp,Jonas Sanker,27210,DB,NO,82,0,82,82,NA,jonas-sanker.php,NA,NA,5.2,NA,NA,NA,NA,NA,8,Jonas Sanker,2026-10-02,NOS
/nfl/rankings/dynasty-db.php,dynasty-db,dp,Bud Clark,28212,DB,SEA,83,0,83,83,NA,bud-clark.php,NA,NA,1.8,NA,NA,NA,NA,NA,11,Bud Clark,2026-10-02,SEA
/nfl/rankings/dynasty-db.php,dynasty-db,dp,Garrett Williams,23855,DB,ARI,84,0,84,84,NA,garrett-williams.php,NA,NA,1,NA,NA,NA,NA,NA,14,Garrett Williams,2026-10-02,ARI
/nfl/rankings/dynasty-db.php,dynasty-db,dp,Nohl Williams,27214,DB,KC,86,0,86,86,NA,nohl-williams.php,NA,NA,1.8,NA,NA,NA,NA,NA,5,Nohl Williams,2026-10-02,KCC
/nfl/rankings/dynasty-db.php,dynasty-db,dp,Eric Murray,15653,DB,JAC,87,0,87,87,NA,eric-murray.php,NA,NA,1,NA,NA,NA,NA,NA,7,Eric Murray,2026-10-02,JAC
/nfl/rankings/dynasty-db.php,dynasty-db,dp,Jaylen Watson,24291,DB,LAR,88,0,88,88,NA,jaylen-watson.php,NA,NA,1.5,NA,NA,NA,NA,NA,11,Jaylen Watson,2026-10-02,LAR
/nfl/rankings/dynasty-db.php,dynasty-db,dp,Renardo Green,26451,DB,SF,89,0,89,89,NA,renardo-green.php,NA,NA,1.2,NA,NA,NA,NA,NA,8,Renardo Green,2026-10-02,SFO
/nfl/rankings/dynasty-db.php,dynasty-db,dp,Amani Hooker,18589,DB,TEN,91,0,91,91,NA,amani-hooker.php,NA,NA,8.3,NA,NA,NA,NA,NA,9,Amani Hooker,2026-10-02,TEN
/nfl/rankings/dynasty-db.php,dynasty-db,dp,Bryan Cook,23854,DB,CIN,92,0,92,92,NA,bryan-cook.php,NA,NA,1.6,NA,NA,NA,NA,NA,6,Bryan Cook,2026-10-02,CIN
/nfl/rankings/dynasty-db.php,dynasty-db,dp,Marcus Epps,18575,DB,PHI,93,0,93,93,NA,marcus-epps.php,NA,NA,2.9,NA,NA,NA,NA,NA,10,Marcus Epps,2026-10-02,PHI
/nfl/rankings/dynasty-db.php,dynasty-db,dp,Will Johnson,27009,DB,ARI,94,0,94,94,NA,will-johnson-cb.php,NA,NA,0.8,NA,NA,NA,NA,NA,14,Will Johnson,2026-10-02,ARI
/nfl/rankings/dynasty-db.php,dynasty-db,dp,Tyrique Stevenson Sr.,25263,DB,CHI,95,0,95,95,NA,tyrique-stevenson.php,NA,NA,3.8,NA,NA,NA,NA,NA,10,Tyrique Stevenson,2026-10-02,CHI
/nfl/rankings/dynasty-db.php,dynasty-db,dp,Dax Hill,24197,DB,CIN,96,0,96,96,NA,daxton-hill.php,NA,NA,10.8,NA,NA,NA,NA,NA,6,Daxton Hill,2026-10-02,CIN
/nfl/rankings/dynasty-db.php,dynasty-db,dp,Emmanuel McNeil-Warren,28081,DB,CLE,97,0,97,97,NA,emmanuel-mcneil-warren.php,NA,NA,10.4,NA,NA,NA,NA,NA,11,Emmanuel McNeil-Warren,2026-10-02,CLE
/nfl/rankings/dynasty-db.php,dynasty-db,dp,Mike Hughes,17335,DB,ATL,98,0,98,98,NA,mike-hughes.php,NA,NA,0.8,NA,NA,NA,NA,NA,11,Mike Hughes,2026-10-02,ATL
/nfl/rankings/dynasty-db.php,dynasty-db,dp,Dee Alford,23703,DB,BUF,99,0,99,99,NA,dee-alford.php,NA,NA,1.1,NA,NA,NA,NA,NA,7,Dee Alford,2026-10-02,BUF
/nfl/rankings/dynasty-dl.php,dynasty-dl,dp,Aidan Hutchinson,22738,DL,DET,1.5,0.5,1,2,NA,aidan-hutchinson.php,NA,NA,70.6,NA,NA,NA,NA,NA,6,Aidan Hutchinson,2026-10-02,DET
/nfl/rankings/dynasty-dl.php,dynasty-dl,dp,Myles Garrett,16370,DL,LAR,2.5,1.5,1,4,NA,myles-garrett.php,NA,NA,61.5,NA,NA,NA,NA,NA,11,Myles Garrett,2026-10-02,LAR
/nfl/rankings/dynasty-dl.php,dynasty-dl,dp,Will Anderson Jr.,24717,DL,HOU,3.5,1.5,2,5,NA,will-anderson.php,NA,NA,65.2,NA,NA,NA,NA,NA,8,Will Anderson,2026-10-02,HOU
/nfl/rankings/dynasty-dl.php,dynasty-dl,dp,Maxx Crosby,18702,DL,LV,4,1,3,5,NA,maxx-crosby.php,NA,NA,70.2,NA,NA,NA,NA,NA,13,Maxx Crosby,2026-10-02,LVR
/nfl/rankings/dynasty-dl.php,dynasty-dl,dp,Brian Burns,18223,DL,NYG,5,1,4,6,NA,brian-burns.php,NA,NA,41.3,NA,NA,NA,NA,NA,8,Brian Burns,2026-10-02,NYG
/nfl/rankings/dynasty-dl.php,dynasty-dl,dp,Nick Bosa,18199,DL,SF,7.5,1.5,6,9,NA,nick-bosa.php,NA,NA,46.2,NA,NA,NA,NA,NA,8,Nick Bosa,2026-10-02,SFO
/nfl/rankings/dynasty-dl.php,dynasty-dl,dp,Nik Bonitto,23763,DL,DEN,10.5,2.5,8,13,NA,nik-bonitto.php,NA,NA,34.2,NA,NA,NA,NA,NA,10,Nik Bonitto,2026-10-02,DEN
/nfl/rankings/dynasty-dl.php,dynasty-dl,dp,Micah Parsons,19784,LB,GB,11,4,7,15,NA,micah-parsons.php,NA,NA,32.1,NA,NA,NA,NA,NA,11,Micah Parsons,2026-10-02,GBP
/nfl/rankings/dynasty-dl.php,dynasty-dl,dp,Byron Young,25449,DL,LAR,12,3,9,15,NA,byron-young-edge.php,NA,NA,28.3,NA,NA,NA,NA,NA,11,Byron Young,2026-10-02,LAR
/nfl/rankings/dynasty-dl.php,dynasty-dl,dp,T.J. Watt,16469,LB,PIT,15,8,7,23,NA,tj-watt.php,NA,NA,67.2,NA,NA,NA,NA,NA,9,TJ Watt,2026-10-02,PIT
/nfl/rankings/dynasty-dl.php,dynasty-dl,dp,Jared Verse,25234,DL,CLE,15,5,10,20,NA,jared-verse.php,NA,NA,26.4,NA,NA,NA,NA,NA,11,Jared Verse,2026-10-02,CLE
/nfl/rankings/dynasty-dl.php,dynasty-dl,dp,Laiatu Latu,26096,DL,IND,16.5,6.5,10,23,NA,laiatu-latu.php,NA,NA,11.2,NA,NA,NA,NA,NA,13,Laiatu Latu,2026-10-02,IND
/nfl/rankings/dynasty-dl.php,dynasty-dl,dp,Jeffery Simmons,18207,DL,TEN,16.5,5.5,11,22,NA,jeffery-simmons.php,NA,NA,53.4,NA,NA,NA,NA,NA,9,Jeffery Simmons,2026-10-02,TEN
/nfl/rankings/dynasty-dl.php,dynasty-dl,dp,Tuli Tuipulotu,25364,DL,LAC,17.5,6.5,11,24,NA,tuli-tuipulotu.php,NA,NA,31.2,NA,NA,NA,NA,NA,7,Tuli Tuipulotu,2026-10-02,LAC
/nfl/rankings/dynasty-dl.php,dynasty-dl,dp,Alex Highsmith,19316,LB,PIT,17.5,3.5,14,21,NA,alex-highsmith.php,NA,NA,21.4,NA,NA,NA,NA,NA,9,Alex Highsmith,2026-10-02,PIT
/nfl/rankings/dynasty-dl.php,dynasty-dl,dp,Danielle Hunter,14036,DL,HOU,18,10,8,28,NA,danielle-hunter.php,NA,NA,39.7,NA,NA,NA,NA,NA,8,Danielle Hunter,2026-10-02,HOU
/nfl/rankings/dynasty-dl.php,dynasty-dl,dp,Jalen Carter,24703,DL,PHI,19.5,16.5,3,36,NA,jalen-carter.php,NA,NA,15.1,NA,NA,NA,NA,NA,10,Jalen Carter,2026-10-02,PHI
/nfl/rankings/dynasty-dl.php,dynasty-dl,dp,Montez Sweat,18213,DL,CHI,20,6,14,26,NA,montez-sweat.php,NA,NA,12.2,NA,NA,NA,NA,NA,10,Montez Sweat,2026-10-02,CHI
/nfl/rankings/dynasty-dl.php,dynasty-dl,dp,Abdul Carter,27022,DL,NYG,20,2,18,22,NA,abdul-carter.php,NA,NA,21.4,NA,NA,NA,NA,NA,8,Abdul Carter,2026-10-02,NYG
/nfl/rankings/dynasty-dl.php,dynasty-dl,dp,Chase Young,19195,DL,NO,21,9,12,30,NA,chase-young.php,NA,NA,12.3,NA,NA,NA,NA,NA,8,Chase Young,2026-10-02,NOS
/nfl/rankings/dynasty-dl.php,dynasty-dl,dp,Andrew Van Ginkel,18573,LB,MIN,23.5,11.5,12,35,NA,andrew-van-ginkel.php,NA,NA,51.6,NA,NA,NA,NA,NA,6,Andrew Van Ginkel,2026-10-02,MIN
/nfl/rankings/dynasty-dl.php,dynasty-dl,dp,Leonard Williams,13892,DL,SEA,24.5,6.5,18,31,NA,leonard-williams.php,NA,NA,18,NA,NA,NA,NA,NA,11,Leonard Williams,2026-10-02,SEA
/nfl/rankings/dynasty-dl.php,dynasty-dl,dp,George Karlaftis III,23501,DL,KC,25,12,13,37,NA,george-karlaftis-iii.php,NA,NA,6.2,NA,NA,NA,NA,NA,5,George Karlaftis,2026-10-02,KCC
/nfl/rankings/dynasty-dl.php,dynasty-dl,dp,Josh Hines-Allen,18201,DL,JAC,26,1,25,27,NA,josh-allen-olb.php,NA,NA,24.4,NA,NA,NA,NA,NA,7,Josh Hines-Allen,2026-10-02,JAC
/nfl/rankings/dynasty-dl.php,dynasty-dl,dp,Dallas Turner,26097,DL,MIN,27,1,26,28,NA,dallas-turner.php,NA,NA,38.8,NA,NA,NA,NA,NA,6,Dallas Turner,2026-10-02,MIN
/nfl/rankings/dynasty-dl.php,dynasty-dl,dp,DeForest Buckner,15494,DL,IND,28,12,16,40,NA,deforest-buckner.php,NA,NA,15.9,NA,NA,NA,NA,NA,13,DeForest Buckner,2026-10-02,IND
/nfl/rankings/dynasty-dl.php,dynasty-dl,dp,Greg Rousseau,19787,DL,BUF,29.5,0.5,29,30,NA,gregory-rousseau.php,NA,NA,61.7,NA,NA,NA,NA,NA,7,Gregory Rousseau,2026-10-02,BUF
/nfl/rankings/dynasty-dl.php,dynasty-dl,dp,Trey Hendrickson,16719,DL,BAL,30.5,3.5,27,34,NA,trey-hendrickson.php,NA,NA,26.2,NA,NA,NA,NA,NA,13,Trey Hendrickson,2026-10-02,BAL
/nfl/rankings/dynasty-dl.php,dynasty-dl,dp,Jaelan Phillips,22734,DL,CAR,32,7,25,39,NA,jaelan-phillips.php,NA,NA,6.2,NA,NA,NA,NA,NA,5,Jaelan Phillips,2026-10-02,CAR
/nfl/rankings/dynasty-dl.php,dynasty-dl,dp,Josh Sweat,17363,DL,ARI,34.5,18.5,16,53,NA,josh-sweat.php,NA,NA,2.9,NA,NA,NA,NA,NA,14,Josh Sweat,2026-10-02,ARI
/nfl/rankings/dynasty-dl.php,dynasty-dl,dp,Byron Murphy II,26221,DL,SEA,35,18,17,53,NA,byron-murphy-ii.php,NA,NA,5,NA,NA,NA,NA,NA,11,Byron Murphy,2026-10-02,SEA
/nfl/rankings/dynasty-dl.php,dynasty-dl,dp,DeMarcus Lawrence,12217,DL,SEA,17,0,17,17,NA,demarcus-lawrence.php,NA,NA,8.6,NA,NA,NA,NA,NA,11,DeMarcus Lawrence,2026-10-02,SEA
/nfl/rankings/dynasty-dl.php,dynasty-dl,dp,Yaya Diaby,25264,DL,TB,36.5,1.5,35,38,NA,yaya-diaby.php,NA,NA,7,NA,NA,NA,NA,NA,10,YaYa Diaby,2026-10-02,TBB
/nfl/rankings/dynasty-dl.php,dynasty-dl,dp,Arvell Reese,28053,LB,NYG,19,0,19,19,NA,arvell-reese.php,NA,NA,26.6,NA,NA,NA,NA,NA,8,Arvell Reese,2026-10-02,NYG
/nfl/rankings/dynasty-dl.php,dynasty-dl,dp,Myles Murphy,24709,DL,CIN,52,33,19,85,NA,myles-murphy.php,NA,NA,1.5,NA,NA,NA,NA,NA,6,Myles Murphy,2026-10-02,CIN
/nfl/rankings/dynasty-dl.php,dynasty-dl,dp,Rueben Bain Jr.,28772,DL,TB,20,0,20,20,NA,rueben-bain.php,NA,NA,17.4,NA,NA,NA,NA,NA,10,Rueben Bain,2026-10-02,TBB
/nfl/rankings/dynasty-dl.php,dynasty-dl,dp,David Bailey,27191,DL,NYJ,21,0,21,21,NA,david-bailey-edge.php,NA,NA,19.3,NA,NA,NA,NA,NA,13,David Bailey,2026-10-02,NYJ
/nfl/rankings/dynasty-dl.php,dynasty-dl,dp,Jonathan Greenard,19276,DL,PHI,38.5,6.5,32,45,NA,jonathan-greenard.php,NA,NA,10.4,NA,NA,NA,NA,NA,10,Jonathan Greenard,2026-10-02,PHI
/nfl/rankings/dynasty-dl.php,dynasty-dl,dp,Quinnen Williams,18200,DL,DAL,38.5,0.5,38,39,NA,quinnen-williams.php,NA,NA,10.4,NA,NA,NA,NA,NA,14,Quinnen Williams,2026-10-02,DAL
/nfl/rankings/dynasty-dl.php,dynasty-dl,dp,Cameron Heyward,9862,DL,PIT,24,0,24,24,NA,cameron-heyward.php,NA,NA,9.1,NA,NA,NA,NA,NA,9,Cameron Heyward,2026-10-02,PIT
/nfl/rankings/dynasty-dl.php,dynasty-dl,dp,Nick Herbig,25464,LB,PIT,40,4,36,44,NA,nick-herbig.php,NA,NA,5.8,NA,NA,NA,NA,NA,9,Nick Herbig,2026-10-02,PIT
/nfl/rankings/dynasty-dl.php,dynasty-dl,dp,Jermaine Johnson II,23733,DL,TEN,42,1,41,43,NA,jermaine-johnson.php,NA,NA,1.8,NA,NA,NA,NA,NA,9,Jermaine Johnson,2026-10-02,TEN
/nfl/rankings/dynasty-dl.php,dynasty-dl,dp,Jalon Walker,27027,LB,ATL,29,0,29,29,NA,jalon-walker.php,NA,NA,1.6,NA,NA,NA,NA,NA,11,Jalon Walker,2026-10-02,ATL
/nfl/rankings/dynasty-dl.php,dynasty-dl,dp,Harold Landry III,17330,LB,NE,43.5,10.5,33,54,NA,harold-landry.php,NA,NA,3.9,NA,NA,NA,NA,NA,11,Harold Landry,2026-10-02,NEP
/nfl/rankings/dynasty-dl.php,dynasty-dl,dp,James Pearce Jr.,27018,DL,ATL,48,17,31,65,NA,james-pearce-jr.php,NA,NA,2.2,NA,NA,NA,NA,NA,11,James Pearce,2026-10-02,ATL
/nfl/rankings/dynasty-dl.php,dynasty-dl,dp,Carl Granderson,18295,DL,NO,32,0,32,32,NA,carl-granderson.php,NA,NA,11.8,NA,NA,NA,NA,NA,8,Carl Granderson,2026-10-02,NOS
/nfl/rankings/dynasty-dl.php,dynasty-dl,dp,Chop Robinson,26105,DL,MIA,65,32,33,97,NA,chop-robinson.php,NA,NA,3.1,NA,NA,NA,NA,NA,6,Chop Robinson,2026-10-02,MIA
/nfl/rankings/dynasty-dl.php,dynasty-dl,dp,Jordan Davis,22761,DL,PHI,34,0,34,34,NA,jordan-davis.php,NA,NA,5.4,NA,NA,NA,NA,NA,10,Jordan Davis,2026-10-02,PHI
/nfl/rankings/dynasty-dl.php,dynasty-dl,dp,Mykel Williams,27013,DL,SF,37,0,37,37,NA,mykel-williams.php,NA,NA,1.2,NA,NA,NA,NA,NA,8,Mykel Williams,2026-10-02,SFO
/nfl/rankings/dynasty-dl.php,dynasty-dl,dp,Walter Nolen III,27030,DL,ARI,46.5,4.5,42,51,NA,walter-nolen.php,NA,NA,1,NA,NA,NA,NA,NA,14,Walter Nolen,2026-10-02,ARI
/nfl/rankings/dynasty-dl.php,dynasty-dl,dp,Derrick Brown,19205,DL,CAR,47,1,46,48,NA,derrick-brown.php,NA,NA,8.1,NA,NA,NA,NA,NA,5,Derrick Brown,2026-10-02,CAR
/nfl/rankings/dynasty-dl.php,dynasty-dl,dp,Travon Walker,23724,DL,JAC,57.5,17.5,40,75,NA,travon-walker.php,NA,NA,9.8,NA,NA,NA,NA,NA,7,Travon Walker,2026-10-02,JAC
/nfl/rankings/dynasty-dl.php,dynasty-dl,dp,Dexter Lawrence II,18211,DL,CIN,51.5,10.5,41,62,NA,dexter-lawrence.php,NA,NA,7.1,NA,NA,NA,NA,NA,6,Dexter Lawrence,2026-10-02,CIN
/nfl/rankings/dynasty-dl.php,dynasty-dl,dp,Rashan Gary,18209,LB,DAL,49,1,48,50,NA,rashan-gary.php,NA,NA,11.4,NA,NA,NA,NA,NA,14,Rashan Gary,2026-10-02,DAL
/nfl/rankings/dynasty-dl.php,dynasty-dl,dp,Jonathon Cooper,22821,DL,DEN,61,19,42,80,NA,jonathon-cooper.php,NA,NA,2.1,NA,NA,NA,NA,NA,10,Jonathon Cooper,2026-10-02,DEN
/nfl/rankings/dynasty-dl.php,dynasty-dl,dp,Bradley Chubb,17277,LB,BUF,43,0,43,43,NA,bradley-chubb.php,NA,NA,7.2,NA,NA,NA,NA,NA,7,Bradley Chubb,2026-10-02,BUF
/nfl/rankings/dynasty-dl.php,dynasty-dl,dp,Uchenna Nwosu,17448,LB,SEA,49.5,2.5,47,52,NA,uchenna-nwosu.php,NA,NA,1.8,NA,NA,NA,NA,NA,11,Uchenna Nwosu,2026-10-02,SEA
/nfl/rankings/dynasty-dl.php,dynasty-dl,dp,Zach Allen,18221,DL,DEN,69,25,44,94,NA,zach-allen.php,NA,NA,7,NA,NA,NA,NA,NA,10,Zach Allen,2026-10-02,DEN
/nfl/rankings/dynasty-dl.php,dynasty-dl,dp,Will McDonald IV,25254,DL,NYJ,57.5,12.5,45,70,NA,will-mcdonald-iv.php,NA,NA,2.6,NA,NA,NA,NA,NA,13,Will McDonald,2026-10-02,NYJ
/nfl/rankings/dynasty-dl.php,dynasty-dl,dp,Khalil Mack,12169,LB,LAC,46,0,46,46,NA,khalil-mack.php,NA,NA,4.7,NA,NA,NA,NA,NA,7,Khalil Mack,2026-10-02,LAC
/nfl/rankings/dynasty-dl.php,dynasty-dl,dp,Mason Graham,27010,DL,CLE,47,0,47,47,NA,mason-graham.php,NA,NA,14.9,NA,NA,NA,NA,NA,11,Mason Graham,2026-10-02,CLE
/nfl/rankings/dynasty-dl.php,dynasty-dl,dp,Chris Jones,15620,DL,KC,49,0,49,49,NA,chris-jones-dl.php,NA,NA,5.6,NA,NA,NA,NA,NA,5,Chris Jones,2026-10-02,KCC
/nfl/rankings/dynasty-dl.php,dynasty-dl,dp,Mike Green,27042,LB,BAL,71,22,49,93,NA,mike-green-dt.php,NA,NA,1.8,NA,NA,NA,NA,NA,13,Mike Green,2026-10-02,BAL
/nfl/rankings/dynasty-dl.php,dynasty-dl,dp,Austin Booker,26313,LB,CHI,60.5,10.5,50,71,NA,austin-booker.php,NA,NA,6.1,NA,NA,NA,NA,NA,10,Austin Booker,2026-10-02,CHI
/nfl/rankings/dynasty-dl.php,dynasty-dl,dp,K'Lavon Chaisson,19228,DL,WAS,51,0,51,51,NA,klavon-chaisson.php,NA,NA,1.6,NA,NA,NA,NA,NA,7,KLavon Chaisson,2026-10-02,WAS
/nfl/rankings/dynasty-dl.php,dynasty-dl,dp,Jalen Redmond,25777,DL,MIN,52,0,52,52,NA,jalen-redmond.php,NA,NA,6.1,NA,NA,NA,NA,NA,6,Jalen Redmond,2026-10-02,MIN
/nfl/rankings/dynasty-dl.php,dynasty-dl,dp,Ed Oliver,18202,DL,BUF,54,0,54,54,NA,ed-oliver.php,NA,NA,6.1,NA,NA,NA,NA,NA,7,Ed Oliver,2026-10-02,BUF
/nfl/rankings/dynasty-dl.php,dynasty-dl,dp,Cameron Jordan,9886,DL,NO,55,0,55,55,NA,cameron-jordan.php,NA,NA,1.8,NA,NA,NA,NA,NA,8,Cameron Jordan,2026-10-02,NOS
/nfl/rankings/dynasty-dl.php,dynasty-dl,dp,Nolan Smith Jr.,24711,DL,PHI,76.5,21.5,55,98,NA,nolan-smith.php,NA,NA,3.2,NA,NA,NA,NA,NA,10,Nolan Smith,2026-10-02,PHI
/nfl/rankings/dynasty-dl.php,dynasty-dl,dp,Kobie Turner,25283,DL,LAR,56,0,56,56,NA,kobie-turner.php,NA,NA,6.7,NA,NA,NA,NA,NA,11,Kobie Turner,2026-10-02,LAR
/nfl/rankings/dynasty-dl.php,dynasty-dl,dp,Daron Payne,17281,DL,WAS,57,0,57,57,NA,daron-payne.php,NA,NA,1.4,NA,NA,NA,NA,NA,7,DaRon Payne,2026-10-02,WAS
/nfl/rankings/dynasty-dl.php,dynasty-dl,dp,Nnamdi Madubuike,19272,DL,BAL,58,0,58,58,NA,justin-madubuike.php,NA,NA,4,NA,NA,NA,NA,NA,13,Nnamdi Madubuike,2026-10-02,BAL
/nfl/rankings/dynasty-dl.php,dynasty-dl,dp,Donovan Ezeiruaku,27033,DL,DAL,59,0,59,59,NA,donovan-ezeiruaku.php,NA,NA,12.1,NA,NA,NA,NA,NA,14,Donovan Ezeiruaku,2026-10-02,DAL
/nfl/rankings/dynasty-dl.php,dynasty-dl,dp,Odafe Oweh,22714,DL,WAS,60,0,60,60,NA,odafe-oweh.php,NA,NA,6.1,NA,NA,NA,NA,NA,7,Odafe Oweh,2026-10-02,WAS
/nfl/rankings/dynasty-dl.php,dynasty-dl,dp,Kayvon Thibodeaux,23484,DL,NYG,61,0,61,61,NA,kayvon-thibodeaux.php,NA,NA,8.9,NA,NA,NA,NA,NA,8,Kayvon Thibodeaux,2026-10-02,NYG
/nfl/rankings/dynasty-dl.php,dynasty-dl,dp,Zach Harrison,23485,DL,ATL,63,0,63,63,NA,zach-harrison.php,NA,NA,1.2,NA,NA,NA,NA,NA,11,Zach Harrison,2026-10-02,ATL
/nfl/rankings/dynasty-dl.php,dynasty-dl,dp,Akheem Mesidor,27078,DL,LAC,64,0,64,64,NA,akheem-mesidor.php,NA,NA,8.1,NA,NA,NA,NA,NA,7,Akheem Mesidor,2026-10-02,LAC
/nfl/rankings/dynasty-dl.php,dynasty-dl,dp,Calais Campbell,10585,DL,BAL,66,0,66,66,NA,calais-campbell.php,NA,NA,2,NA,NA,NA,NA,NA,13,Calais Campbell,2026-10-02,BAL
/nfl/rankings/dynasty-dl.php,dynasty-dl,dp,Keeanu Benton,25432,DL,PIT,67,0,67,67,NA,keeanu-benton.php,NA,NA,1,NA,NA,NA,NA,NA,9,Keeanu Benton,2026-10-02,PIT
/nfl/rankings/dynasty-dl.php,dynasty-dl,dp,Kayden McDonald,28057,DL,HOU,68,0,68,68,NA,kayden-mcdonald.php,NA,NA,3.1,NA,NA,NA,NA,NA,8,Kayden McDonald,2026-10-02,HOU
/nfl/rankings/dynasty-dl.php,dynasty-dl,dp,Jonathan Allen,16371,DL,CIN,69,0,69,69,NA,jonathan-allen.php,NA,NA,3.8,NA,NA,NA,NA,NA,6,Jonathan Allen,2026-10-02,CIN
/nfl/rankings/dynasty-dl.php,dynasty-dl,dp,Alex Wright,24540,DL,CLE,72,0,72,72,NA,alex-wright.php,NA,NA,1.1,NA,NA,NA,NA,NA,11,Alex Wright,2026-10-02,CLE
/nfl/rankings/dynasty-dl.php,dynasty-dl,dp,Dorance Armstrong Jr.,17315,DL,WAS,73,0,73,73,NA,dorance-armstrong-jr.php,NA,NA,3.8,NA,NA,NA,NA,NA,7,Dorance Armstrong,2026-10-02,WAS
/nfl/rankings/dynasty-dl.php,dynasty-dl,dp,Al-Quadin Muhammad,16715,DL,TB,74,0,74,74,NA,al-quadin-muhammad.php,NA,NA,0.7,NA,NA,NA,NA,NA,10,Al-Quadin Muhammad,2026-10-02,TBB
/nfl/rankings/dynasty-dl.php,dynasty-dl,dp,Dre'Mont Jones,18212,DL,NE,76,0,76,76,NA,dremont-jones.php,NA,NA,1.7,NA,NA,NA,NA,NA,11,DreMont Jones,2026-10-02,NEP
/nfl/rankings/dynasty-dl.php,dynasty-dl,dp,Tyree Wilson,25237,DL,NO,77,0,77,77,NA,tyree-wilson.php,NA,NA,1.5,NA,NA,NA,NA,NA,8,Tyree Wilson,2026-10-02,NOS
/nfl/rankings/dynasty-dl.php,dynasty-dl,dp,Jalyx Hunt,26337,LB,PHI,78,0,78,78,NA,jalyx-hunt.php,NA,NA,4.1,NA,NA,NA,NA,NA,10,Jalyx Hunt,2026-10-02,PHI
/nfl/rankings/dynasty-dl.php,dynasty-dl,dp,Joseph Ossai,22696,DL,NYJ,79,0,79,79,NA,joseph-ossai.php,NA,NA,0.8,NA,NA,NA,NA,NA,13,Joseph Ossai,2026-10-02,NYJ
/nfl/rankings/dynasty-dl.php,dynasty-dl,dp,Zion Young,28091,DL,BAL,81,0,81,81,NA,zion-young.php,NA,NA,0.7,NA,NA,NA,NA,NA,13,Zion Young,2026-10-02,BAL
/nfl/rankings/dynasty-dl.php,dynasty-dl,dp,Milton Williams,23209,DL,NE,82,0,82,82,NA,milton-williams.php,NA,NA,3.3,NA,NA,NA,NA,NA,11,Milton Williams,2026-10-02,NEP
/nfl/rankings/dynasty-dl.php,dynasty-dl,dp,Michael Hoecht,20024,DL,BUF,83,0,83,83,NA,michael-hoecht.php,NA,NA,0.6,NA,NA,NA,NA,NA,7,Michael Hoecht,2026-10-02,BUF
/nfl/rankings/dynasty-dl.php,dynasty-dl,dp,Gervon Dexter Sr.,25246,DL,ATL,84,0,84,84,NA,gervon-dexter-sr.php,NA,NA,1,NA,NA,NA,NA,NA,11,Gervon Dexter,2026-10-02,ATL
/nfl/rankings/dynasty-dl.php,dynasty-dl,dp,A'Shawn Robinson,15503,DL,TB,86,0,86,86,NA,a-shawn-robinson.php,NA,NA,2.1,NA,NA,NA,NA,NA,10,AShawn Robinson,2026-10-02,TBB
/nfl/rankings/dynasty-dl.php,dynasty-dl,dp,Devonte Wyatt,23757,DL,GB,87,0,87,87,NA,devonte-wyatt.php,NA,NA,1.6,NA,NA,NA,NA,NA,11,Devonte Wyatt,2026-10-02,GBP
/nfl/rankings/dynasty-dl.php,dynasty-dl,dp,Brandon Dorlus,26184,DL,ATL,88,0,88,88,NA,brandon-dorlus.php,NA,NA,0.6,NA,NA,NA,NA,NA,11,Brandon Dorlus,2026-10-02,ATL
/nfl/rankings/dynasty-dl.php,dynasty-dl,dp,Tommy Togiai,22784,DL,HOU,89,0,89,89,NA,tommy-togiai.php,NA,NA,7,NA,NA,NA,NA,NA,8,Tommy Togiai,2026-10-02,HOU
/nfl/rankings/dynasty-dl.php,dynasty-dl,dp,Zach Sieler,17548,DL,MIA,90,0,90,90,NA,zach-sieler.php,NA,NA,2.6,NA,NA,NA,NA,NA,6,Zach Sieler,2026-10-02,MIA
/nfl/rankings/dynasty-dl.php,dynasty-dl,dp,Zaven Collins,22698,LB,ARI,91,0,91,91,NA,zaven-collins.php,NA,NA,1.4,NA,NA,NA,NA,NA,14,Zaven Collins,2026-10-02,ARI
/nfl/rankings/dynasty-dl.php,dynasty-dl,dp,Josaiah Stewart,27034,DL,LAR,92,0,92,92,NA,josaiah-stewart.php,NA,NA,0.7,NA,NA,NA,NA,NA,11,Josaiah Stewart,2026-10-02,LAR
/nfl/rankings/dynasty-dl.php,dynasty-dl,dp,Keldric Faulk,27951,DL,TEN,95,0,95,95,NA,keldric-faulk.php,NA,NA,7.8,NA,NA,NA,NA,NA,9,Keldric Faulk,2026-10-02,TEN
/nfl/rankings/dynasty-dl.php,dynasty-dl,dp,Malachi Lawrence,28203,DL,DAL,96,0,96,96,NA,malachi-lawrence.php,NA,NA,2.7,NA,NA,NA,NA,NA,14,Malachi Lawrence,2026-10-02,DAL
/nfl/rankings/dynasty-dl.php,dynasty-dl,dp,Boye Mafe,23736,DL,CIN,99,0,99,99,NA,boye-mafe.php,NA,NA,9.7,NA,NA,NA,NA,NA,6,Boye Mafe,2026-10-02,CIN
/nfl/rankings/dynasty-dl.php,dynasty-dl,dp,Kwity Paye,22682,DL,LV,100,0,100,100,NA,kwity-paye.php,NA,NA,1.8,NA,NA,NA,NA,NA,13,Kwity Paye,2026-10-02,LVR
/nfl/rankings/dynasty-dst.php,dynasty-dst,dp,Denver Broncos,8090,DST,DEN,3,1.32,1,5,NA,denver-defense.php,NA,NA,84.7,NA,NA,NA,NA,1,10,Denver Broncos,2026-10-02,DEN
/nfl/rankings/dynasty-dst.php,dynasty-dst,dp,Houston Texans,8120,DST,HOU,4.38,7.83,1,25,NA,houston-defense.php,NA,NA,90.9,NA,NA,NA,NA,-1,8,Houston Texans,2026-10-02,HOU
/nfl/rankings/dynasty-dst.php,dynasty-dst,dp,Philadelphia Eagles,8230,DST,PHI,5.25,0.43,5,6,NA,philadelphia-defense.php,NA,NA,81.1,NA,NA,NA,NA,2,10,Philadelphia Eagles,2026-10-02,PHI
/nfl/rankings/dynasty-dst.php,dynasty-dst,dp,Los Angeles Rams,8280,DST,LAR,5.63,6.2,3,22,NA,los-angeles-rams-defense.php,NA,NA,84.3,NA,NA,NA,NA,NA,11,Los Angeles Rams,2026-10-02,LAR
/nfl/rankings/dynasty-dst.php,dynasty-dst,dp,Seattle Seahawks,8260,DST,SEA,6.63,7.47,2,26,NA,seattle-defense.php,NA,NA,96.4,NA,NA,NA,NA,-2,11,Seattle Seahawks,2026-10-02,SEA
/nfl/rankings/dynasty-dst.php,dynasty-dst,dp,Minnesota Vikings,8170,DST,MIN,8.38,3.64,5,17,NA,minnesota-defense.php,NA,NA,70,NA,NA,NA,NA,NA,6,Minnesota Vikings,2026-10-02,MIN
/nfl/rankings/dynasty-dst.php,dynasty-dst,dp,Pittsburgh Steelers,8240,DST,PIT,8.5,1.87,7,12,NA,pittsburgh-defense.php,NA,NA,74.5,NA,NA,NA,NA,2,9,Pittsburgh Steelers,2026-10-02,PIT
/nfl/rankings/dynasty-dst.php,dynasty-dst,dp,New England Patriots,8180,DST,NE,9.5,2.69,7,16,NA,new-england-defense.php,NA,NA,67,NA,NA,NA,NA,2,11,New England Patriots,2026-10-02,NEP
/nfl/rankings/dynasty-dst.php,dynasty-dst,dp,Jacksonville Jaguars,8140,DST,JAC,10.5,3.12,4,15,NA,jacksonville-defense.php,NA,NA,65.5,NA,NA,NA,NA,4,7,Jacksonville Jaguars,2026-10-02,JAC
/nfl/rankings/dynasty-dst.php,dynasty-dst,dp,Green Bay Packers,8110,DST,GB,10.88,2.67,7,15,NA,green-bay-defense.php,NA,NA,42.5,NA,NA,NA,NA,NA,11,Green Bay Packers,2026-10-02,GBP
/nfl/rankings/dynasty-dst.php,dynasty-dst,dp,Baltimore Ravens,8020,DST,BAL,13,1.73,11,17,NA,baltimore-defense.php,NA,NA,71,NA,NA,NA,NA,3,13,Baltimore Ravens,2026-10-02,BAL
/nfl/rankings/dynasty-dst.php,dynasty-dst,dp,Kansas City Chiefs,8150,DST,KC,13.13,0.78,12,14,NA,kansas-city-defense.php,NA,NA,48,NA,NA,NA,NA,4,5,Kansas City Chiefs,2026-10-02,KCC
/nfl/rankings/dynasty-dst.php,dynasty-dst,dp,Cleveland Browns,8070,DST,CLE,13.5,3.57,8,19,NA,cleveland-defense.php,NA,NA,25.3,NA,NA,NA,NA,2,11,Cleveland Browns,2026-10-02,CLE
/nfl/rankings/dynasty-dst.php,dynasty-dst,dp,Los Angeles Chargers,8250,DST,LAC,10.86,2.1,7,14,NA,los-angeles-chargers-defense.php,NA,NA,35.4,NA,NA,NA,NA,13,7,Los Angeles Chargers,2026-10-02,LAC
/nfl/rankings/dynasty-dst.php,dynasty-dst,dp,Detroit Lions,8100,DST,DET,14.75,3.11,9,21,NA,detroit-defense.php,NA,NA,47.3,NA,NA,NA,NA,6,6,Detroit Lions,2026-10-02,DET
/nfl/rankings/dynasty-dst.php,dynasty-dst,dp,New Orleans Saints,8190,DST,NO,16.63,3.12,10,22,NA,new-orleans-defense.php,NA,NA,21,NA,NA,NA,NA,-8,8,New Orleans Saints,2026-10-02,NOS
/nfl/rankings/dynasty-dst.php,dynasty-dst,dp,Buffalo Bills,8030,DST,BUF,16,2.83,10,20,NA,buffalo-defense.php,NA,NA,43.8,NA,NA,NA,NA,11,7,Buffalo Bills,2026-10-02,BUF
/nfl/rankings/dynasty-dst.php,dynasty-dst,dp,San Francisco 49ers,8270,DST,SF,19.13,3.82,14,26,NA,san-francisco-defense.php,NA,NA,39,NA,NA,NA,NA,-11,8,San Francisco 49ers,2026-10-02,SFO
/nfl/rankings/dynasty-dst.php,dynasty-dst,dp,Chicago Bears,8050,DST,CHI,21.13,2.71,18,27,NA,chicago-defense.php,NA,NA,34.7,NA,NA,NA,NA,-7,10,Chicago Bears,2026-10-02,CHI
/nfl/rankings/dynasty-dst.php,dynasty-dst,dp,Carolina Panthers,8040,DST,CAR,21.13,2.42,19,26,NA,carolina-defense.php,NA,NA,10.6,NA,NA,NA,NA,NA,5,Carolina Panthers,2026-10-02,CAR
/nfl/rankings/dynasty-dst.php,dynasty-dst,dp,Atlanta Falcons,8010,DST,ATL,21.63,3.12,18,28,NA,atlanta-defense.php,NA,NA,8.8,NA,NA,NA,NA,NA,11,Atlanta Falcons,2026-10-02,ATL
/nfl/rankings/dynasty-dst.php,dynasty-dst,dp,Indianapolis Colts,8130,DST,IND,20.14,3.31,16,25,NA,indianapolis-defense.php,NA,NA,14.8,NA,NA,NA,NA,3,13,Indianapolis Colts,2026-10-02,IND
/nfl/rankings/dynasty-dst.php,dynasty-dst,dp,Tampa Bay Buccaneers,8290,DST,TB,23.25,2.99,18,29,NA,tampa-bay-defense.php,NA,NA,20.2,NA,NA,NA,NA,-3,10,Tampa Bay Buccaneers,2026-10-02,TBB
/nfl/rankings/dynasty-dst.php,dynasty-dst,dp,Dallas Cowboys,8080,DST,DAL,24.25,2.44,19,28,NA,dallas-defense.php,NA,NA,18,NA,NA,NA,NA,-5,14,Dallas Cowboys,2026-10-02,DAL
/nfl/rankings/dynasty-dst.php,dynasty-dst,dp,New York Giants,8200,DST,NYG,23.57,2.44,20,27,NA,new-york-giants-defense.php,NA,NA,15.2,NA,NA,NA,NA,NA,8,New York Giants,2026-10-02,NYG
/nfl/rankings/dynasty-dst.php,dynasty-dst,dp,Miami Dolphins,8160,DST,MIA,24.88,6.21,13,32,NA,miami-defense.php,NA,NA,8,NA,NA,NA,NA,-4,6,Miami Dolphins,2026-10-02,MIA
/nfl/rankings/dynasty-dst.php,dynasty-dst,dp,Arizona Cardinals,8000,DST,ARI,23.86,9.55,9,32,NA,arizona-defense.php,NA,NA,4.4,NA,NA,NA,NA,-10,14,Arizona Cardinals,2026-10-02,ARI
/nfl/rankings/dynasty-dst.php,dynasty-dst,dp,Washington Commanders,8310,DST,WAS,24.43,4.69,15,29,NA,washington-defense.php,NA,NA,5.5,NA,NA,NA,NA,3,7,Washington Commanders,2026-10-02,WAS
/nfl/rankings/dynasty-dst.php,dynasty-dst,dp,Tennessee Titans,8300,DST,TEN,24.86,3.09,20,29,NA,tennessee-defense.php,NA,NA,5.9,NA,NA,NA,NA,NA,9,Tennessee Titans,2026-10-02,TEN
/nfl/rankings/dynasty-dst.php,dynasty-dst,dp,New York Jets,8210,DST,NYJ,28.43,5.65,15,32,NA,new-york-jets-defense.php,NA,NA,4,NA,NA,NA,NA,-6,13,New York Jets,2026-10-02,NYJ
/nfl/rankings/dynasty-dst.php,dynasty-dst,dp,Cincinnati Bengals,8060,DST,CIN,28.86,2.03,25,31,NA,cincinnati-defense.php,NA,NA,17,NA,NA,NA,NA,NA,6,Cincinnati Bengals,2026-10-02,CIN
/nfl/rankings/dynasty-dst.php,dynasty-dst,dp,Las Vegas Raiders,8220,DST,LV,29.83,1.34,28,31,NA,las-vegas-defense.php,NA,NA,16.2,NA,NA,NA,NA,NA,13,Las Vegas Raiders,2026-10-02,LVR
/nfl/rankings/dynasty-idp.php,dynasty-idp,do,Aidan Hutchinson,22738,DL,DET,1.5,0.5,1,2,NA,aidan-hutchinson.php,NA,NA,70.6,NA,NA,NA,NA,NA,6,Aidan Hutchinson,2026-10-02,DET
/nfl/rankings/dynasty-idp.php,dynasty-idp,do,Will Anderson Jr.,24717,DL,HOU,3.5,1.5,2,5,NA,will-anderson.php,NA,NA,65.2,NA,NA,NA,NA,NA,8,Will Anderson,2026-10-02,HOU
/nfl/rankings/dynasty-idp.php,dynasty-idp,do,Roquan Smith,17311,LB,BAL,6.5,3.5,3,10,NA,roquan-smith.php,NA,NA,88,NA,NA,NA,NA,NA,13,Roquan Smith,2026-10-02,BAL
/nfl/rankings/dynasty-idp.php,dynasty-idp,do,Jack Campbell,25435,LB,DET,6.5,1.5,5,8,NA,jack-campbell.php,NA,NA,85.4,NA,NA,NA,NA,NA,6,Jack Campbell,2026-10-02,DET
/nfl/rankings/dynasty-idp.php,dynasty-idp,do,Jordyn Brooks,19292,LB,MIA,7.5,1.5,6,9,NA,jordyn-brooks.php,NA,NA,71,NA,NA,NA,NA,NA,6,Jordyn Brooks,2026-10-02,MIA
/nfl/rankings/dynasty-idp.php,dynasty-idp,do,Carson Schwesinger,27236,LB,CLE,8,1,7,9,NA,carson-schwesinger.php,NA,NA,76.4,NA,NA,NA,NA,NA,11,Carson Schwesinger,2026-10-02,CLE
/nfl/rankings/dynasty-idp.php,dynasty-idp,do,Cedric Gray,26168,LB,TEN,10,4,6,14,NA,cedric-gray.php,NA,NA,26.2,NA,NA,NA,NA,NA,9,Cedric Gray,2026-10-02,TEN
/nfl/rankings/dynasty-idp.php,dynasty-idp,do,Myles Garrett,16370,DL,LAR,12,11,1,23,NA,myles-garrett.php,NA,NA,61.5,NA,NA,NA,NA,NA,11,Myles Garrett,2026-10-02,LAR
/nfl/rankings/dynasty-idp.php,dynasty-idp,do,Fred Warner,17526,LB,SF,13,3,10,16,NA,fred-warner.php,NA,NA,90.7,NA,NA,NA,NA,NA,8,Fred Warner,2026-10-02,SFO
/nfl/rankings/dynasty-idp.php,dynasty-idp,do,Maxx Crosby,18702,DL,LV,14,11,3,25,NA,maxx-crosby.php,NA,NA,70.2,NA,NA,NA,NA,NA,13,Maxx Crosby,2026-10-02,LVR
/nfl/rankings/dynasty-idp.php,dynasty-idp,do,Ernest Jones IV,23245,LB,SEA,14,10,4,24,NA,ernest-jones.php,NA,NA,48.4,NA,NA,NA,NA,NA,11,Ernest Jones,2026-10-02,SEA
/nfl/rankings/dynasty-idp.php,dynasty-idp,do,Brian Burns,18223,DL,NYG,15,11,4,26,NA,brian-burns.php,NA,NA,41.3,NA,NA,NA,NA,NA,8,Brian Burns,2026-10-02,NYG
/nfl/rankings/dynasty-idp.php,dynasty-idp,do,Foyesade Oluokun,17607,LB,JAC,15.5,2.5,13,18,NA,foyesade-oluokun.php,NA,NA,67,NA,NA,NA,NA,NA,7,Foyesade Oluokun,2026-10-02,JAC
/nfl/rankings/dynasty-idp.php,dynasty-idp,do,Zack Baun,19238,LB,PHI,17,2,15,19,NA,zack-baun.php,NA,NA,66,NA,NA,NA,NA,NA,10,Zack Baun,2026-10-02,PHI
/nfl/rankings/dynasty-idp.php,dynasty-idp,do,Jamien Sherwood,23194,LB,NYJ,18.5,0.5,18,19,NA,jamien-sherwood.php,NA,NA,30.8,NA,NA,NA,NA,NA,13,Jamien Sherwood,2026-10-02,NYJ
/nfl/rankings/dynasty-idp.php,dynasty-idp,do,Quay Walker,23729,LB,LV,19.5,3.5,16,23,NA,quay-walker.php,NA,NA,38,NA,NA,NA,NA,NA,13,Quay Walker,2026-10-02,LVR
/nfl/rankings/dynasty-idp.php,dynasty-idp,do,Edgerrin Cooper,26137,LB,GB,21.5,9.5,12,31,NA,edgerrin-cooper.php,NA,NA,38,NA,NA,NA,NA,NA,11,Edgerrin Cooper,2026-10-02,GBP
/nfl/rankings/dynasty-idp.php,dynasty-idp,do,Nick Bosa,18199,DL,SF,23,16,7,39,NA,nick-bosa.php,NA,NA,46.2,NA,NA,NA,NA,NA,8,Nick Bosa,2026-10-02,SFO
/nfl/rankings/dynasty-idp.php,dynasty-idp,do,Nick Bolton,22689,LB,KC,24,10,14,34,NA,nick-bolton.php,NA,NA,80.4,NA,NA,NA,NA,NA,5,Nick Bolton,2026-10-02,KCC
/nfl/rankings/dynasty-idp.php,dynasty-idp,do,Blake Cashman,18421,LB,MIN,26.5,9.5,17,36,NA,blake-cashman.php,NA,NA,58.1,NA,NA,NA,NA,NA,6,Blake Cashman,2026-10-02,MIN
/nfl/rankings/dynasty-idp.php,dynasty-idp,do,Nik Bonitto,23763,DL,DEN,27.5,1.5,26,29,NA,nik-bonitto.php,NA,NA,34.2,NA,NA,NA,NA,NA,10,Nik Bonitto,2026-10-02,DEN
/nfl/rankings/dynasty-idp.php,dynasty-idp,do,Micah Parsons,19784,LB,GB,28,0,28,28,NA,micah-parsons.php,NA,NA,32.1,NA,NA,NA,NA,NA,11,Micah Parsons,2026-10-02,GBP
/nfl/rankings/dynasty-idp.php,dynasty-idp,do,Daiyan Henley,25436,LB,LAC,30.5,10.5,20,41,NA,daiyanhenley.php,NA,NA,24.3,NA,NA,NA,NA,NA,7,Daiyan Henley,2026-10-02,LAC
/nfl/rankings/dynasty-idp.php,dynasty-idp,do,Robert Spillane,18103,LB,NE,31,1,30,32,NA,robert-spillane.php,NA,NA,25.2,NA,NA,NA,NA,NA,11,Robert Spillane,2026-10-02,NEP
/nfl/rankings/dynasty-idp.php,dynasty-idp,do,Alex Singleton,14399,LB,DEN,32.5,0.5,32,33,NA,alex-singleton.php,NA,NA,41.1,NA,NA,NA,NA,NA,10,Alex Singleton,2026-10-02,DEN
/nfl/rankings/dynasty-idp.php,dynasty-idp,do,Zaire Franklin,17563,LB,GB,33,3,30,36,NA,zaire-franklin.php,NA,NA,21.3,NA,NA,NA,NA,NA,11,Zaire Franklin,2026-10-02,GBP
/nfl/rankings/dynasty-idp.php,dynasty-idp,do,Quincy Williams,18679,LB,CLE,35,2,33,37,NA,quincy-williams.php,NA,NA,9.6,NA,NA,NA,NA,NA,11,Quincy Williams,2026-10-02,CLE
/nfl/rankings/dynasty-idp.php,dynasty-idp,do,Nick Emmanwori,27053,DB,SEA,35.5,11.5,24,47,NA,nick-emmanwori.php,NA,NA,34.1,NA,NA,NA,NA,NA,11,Nick Emmanwori,2026-10-02,SEA
/nfl/rankings/dynasty-idp.php,dynasty-idp,do,Nick Cross,24198,DB,WAS,36,19,17,55,NA,nick-cross.php,NA,NA,32.5,NA,NA,NA,NA,NA,7,Nick Cross,2026-10-02,WAS
/nfl/rankings/dynasty-idp.php,dynasty-idp,do,Kyle Hamilton,23494,DB,BAL,38.5,7.5,31,46,NA,kyle-hamilton.php,NA,NA,75.2,NA,NA,NA,NA,NA,13,Kyle Hamilton,2026-10-02,BAL
/nfl/rankings/dynasty-idp.php,dynasty-idp,do,Tremaine Edmunds,17342,LB,NYG,39,10,29,49,NA,tremaine-edmunds.php,NA,NA,18.4,NA,NA,NA,NA,NA,8,Tremaine Edmunds,2026-10-02,NYG
/nfl/rankings/dynasty-idp.php,dynasty-idp,do,Jalen Carter,24703,DL,PHI,8,0,8,8,NA,jalen-carter.php,NA,NA,15.1,NA,NA,NA,NA,NA,10,Jalen Carter,2026-10-02,PHI
/nfl/rankings/dynasty-idp.php,dynasty-idp,do,T.J. Watt,16469,LB,PIT,11,0,11,11,NA,tj-watt.php,NA,NA,67.2,NA,NA,NA,NA,NA,9,TJ Watt,2026-10-02,PIT
/nfl/rankings/dynasty-idp.php,dynasty-idp,do,Nate Landman,24674,LB,LAR,11,0,11,11,NA,nathan-landman.php,NA,NA,36.6,NA,NA,NA,NA,NA,11,Nate Landman,2026-10-02,LAR
/nfl/rankings/dynasty-idp.php,dynasty-idp,do,Danielle Hunter,14036,DL,HOU,12,0,12,12,NA,danielle-hunter.php,NA,NA,39.7,NA,NA,NA,NA,NA,8,Danielle Hunter,2026-10-02,HOU
/nfl/rankings/dynasty-idp.php,dynasty-idp,do,Devin Bush Jr.,18237,LB,CHI,41.5,6.5,35,48,NA,devin-bush.php,NA,NA,27.4,NA,NA,NA,NA,NA,10,Devin Bush,2026-10-02,CHI
/nfl/rankings/dynasty-idp.php,dynasty-idp,do,Sonny Styles,27216,LB,WAS,13,0,13,13,NA,sonny-styles.php,NA,NA,48.1,NA,NA,NA,NA,NA,7,Sonny Styles,2026-10-02,WAS
/nfl/rankings/dynasty-idp.php,dynasty-idp,do,Devin Lloyd,23710,LB,CAR,42.5,0.5,42,43,NA,devin-lloyd.php,NA,NA,53.8,NA,NA,NA,NA,NA,5,Devin Lloyd,2026-10-02,CAR
/nfl/rankings/dynasty-idp.php,dynasty-idp,do,T.J. Edwards,18281,LB,CHI,15,0,15,15,NA,tj-edwards.php,NA,NA,10.8,NA,NA,NA,NA,NA,10,TJ Edwards,2026-10-02,CHI
/nfl/rankings/dynasty-idp.php,dynasty-idp,do,Byron Young,25449,DL,LAR,46,26,20,72,NA,byron-young-edge.php,NA,NA,28.3,NA,NA,NA,NA,NA,11,Byron Young,2026-10-02,LAR
/nfl/rankings/dynasty-idp.php,dynasty-idp,do,Azeez Al-Shaair,18361,LB,HOU,21,0,21,21,NA,azeez-al-shaair.php,NA,NA,22.1,NA,NA,NA,NA,NA,8,Azeez Al-Shaair,2026-10-02,HOU
/nfl/rankings/dynasty-idp.php,dynasty-idp,do,Jared Verse,25234,DL,CLE,21,0,21,21,NA,jared-verse.php,NA,NA,26.4,NA,NA,NA,NA,NA,11,Jared Verse,2026-10-02,CLE
/nfl/rankings/dynasty-idp.php,dynasty-idp,do,Derwin James Jr.,17310,DB,LAC,46,3,43,49,NA,derwin-james.php,NA,NA,47.5,NA,NA,NA,NA,NA,7,Derwin James,2026-10-02,LAC
/nfl/rankings/dynasty-idp.php,dynasty-idp,do,Tuli Tuipulotu,25364,DL,LAC,22,0,22,22,NA,tuli-tuipulotu.php,NA,NA,31.2,NA,NA,NA,NA,NA,7,Tuli Tuipulotu,2026-10-02,LAC
/nfl/rankings/dynasty-idp.php,dynasty-idp,do,Payton Wilson,26183,LB,PIT,22,0,22,22,NA,payton-wilson.php,NA,NA,9.1,NA,NA,NA,NA,NA,9,Payton Wilson,2026-10-02,PIT
/nfl/rankings/dynasty-idp.php,dynasty-idp,do,Andrew Van Ginkel,18573,LB,MIN,25,0,25,25,NA,andrew-van-ginkel.php,NA,NA,51.6,NA,NA,NA,NA,NA,6,Andrew Van Ginkel,2026-10-02,MIN
/nfl/rankings/dynasty-idp.php,dynasty-idp,do,Kaden Elliss,18716,LB,NO,27,0,27,27,NA,kaden-elliss.php,NA,NA,16.8,NA,NA,NA,NA,NA,8,Kaden Elliss,2026-10-02,NOS
/nfl/rankings/dynasty-idp.php,dynasty-idp,do,Alex Highsmith,19316,LB,PIT,27,0,27,27,NA,alex-highsmith.php,NA,NA,21.4,NA,NA,NA,NA,NA,9,Alex Highsmith,2026-10-02,PIT
/nfl/rankings/dynasty-idp.php,dynasty-idp,do,Jihaad Campbell,27051,LB,PHI,34,0,34,34,NA,jihaad-campbell.php,NA,NA,20.3,NA,NA,NA,NA,NA,10,Jihaad Campbell,2026-10-02,PHI
/nfl/rankings/dynasty-idp.php,dynasty-idp,do,Brian Branch,25235,DB,DET,35,0,35,35,NA,brian-branch.php,NA,NA,18.5,NA,NA,NA,NA,NA,6,Brian Branch,2026-10-02,DET
/nfl/rankings/dynasty-idp.php,dynasty-idp,do,Josh Sweat,17363,DL,ARI,37,0,37,37,NA,josh-sweat.php,NA,NA,2.9,NA,NA,NA,NA,NA,14,Josh Sweat,2026-10-02,ARI
/nfl/rankings/dynasty-idp.php,dynasty-idp,do,DeMarcus Lawrence,12217,DL,SEA,38,0,38,38,NA,demarcus-lawrence.php,NA,NA,8.6,NA,NA,NA,NA,NA,11,DeMarcus Lawrence,2026-10-02,SEA
/nfl/rankings/dynasty-idp.php,dynasty-idp,do,Tyrel Dodson,18584,LB,CAR,38,0,38,38,NA,tyrel-dodson.php,NA,NA,3.1,NA,NA,NA,NA,NA,5,Tyrel Dodson,2026-10-02,CAR
/nfl/rankings/dynasty-idp.php,dynasty-idp,do,Antoine Winfield Jr.,19266,DB,TB,54.5,7.5,47,62,NA,antoine-winfield-s.php,NA,NA,19.1,NA,NA,NA,NA,NA,10,Antoine Winfield,2026-10-02,TBB
/nfl/rankings/dynasty-idp.php,dynasty-idp,do,Jessie Bates III,17544,DB,ATL,54.5,4.5,50,59,NA,jessie-bates-iii.php,NA,NA,12,NA,NA,NA,NA,NA,11,Jessie Bates,2026-10-02,ATL
/nfl/rankings/dynasty-idp.php,dynasty-idp,do,Tykee Smith,23751,DB,TB,54.5,1.5,53,56,NA,tykee-smith.php,NA,NA,35.5,NA,NA,NA,NA,NA,10,Tykee Smith,2026-10-02,TBB
/nfl/rankings/dynasty-idp.php,dynasty-idp,do,Abdul Carter,27022,DL,NYG,39,0,39,39,NA,abdul-carter.php,NA,NA,21.4,NA,NA,NA,NA,NA,8,Abdul Carter,2026-10-02,NYG
/nfl/rankings/dynasty-idp.php,dynasty-idp,do,Nakobe Dean,23702,LB,LV,40,0,40,40,NA,nakobe-dean.php,NA,NA,81.3,NA,NA,NA,NA,NA,13,Nakobe Dean,2026-10-02,LVR
/nfl/rankings/dynasty-idp.php,dynasty-idp,do,Arvell Reese,28053,LB,NYG,40,0,40,40,NA,arvell-reese.php,NA,NA,26.6,NA,NA,NA,NA,NA,8,Arvell Reese,2026-10-02,NYG
/nfl/rankings/dynasty-idp.php,dynasty-idp,do,Kam Curl,19459,DB,LAR,55.5,7.5,48,63,NA,kamren-curl.php,NA,NA,29.7,NA,NA,NA,NA,NA,11,Kam Curl,2026-10-02,LAR
/nfl/rankings/dynasty-idp.php,dynasty-idp,do,DeMarvion Overshown,25314,LB,DAL,41,0,41,41,NA,demarvion-overshown.php,NA,NA,7.7,NA,NA,NA,NA,NA,14,DeMarvion Overshown,2026-10-02,DAL
/nfl/rankings/dynasty-idp.php,dynasty-idp,do,CJ Allen,27970,LB,IND,42,0,42,42,NA,cj-allen.php,NA,NA,10.9,NA,NA,NA,NA,NA,13,CJ Allen,2026-10-02,IND
/nfl/rankings/dynasty-idp.php,dynasty-idp,do,Terrel Bernard,23772,LB,BUF,44,0,44,44,NA,terrel-bernard.php,NA,NA,23.4,NA,NA,NA,NA,NA,7,Terrel Bernard,2026-10-02,BUF
/nfl/rankings/dynasty-idp.php,dynasty-idp,do,Rueben Bain Jr.,28772,DL,TB,44,0,44,44,NA,rueben-bain.php,NA,NA,17.4,NA,NA,NA,NA,NA,10,Rueben Bain,2026-10-02,TBB
/nfl/rankings/dynasty-idp.php,dynasty-idp,do,Laiatu Latu,26096,DL,IND,45,0,45,45,NA,laiatu-latu.php,NA,NA,11.2,NA,NA,NA,NA,NA,13,Laiatu Latu,2026-10-02,IND
/nfl/rankings/dynasty-idp.php,dynasty-idp,do,David Bailey,27191,DL,NYJ,45,0,45,45,NA,david-bailey-edge.php,NA,NA,19.3,NA,NA,NA,NA,NA,13,David Bailey,2026-10-02,NYJ
/nfl/rankings/dynasty-idp.php,dynasty-idp,do,Leo Chenal,23808,LB,WAS,46,0,46,46,NA,leo-chenal.php,NA,NA,2.3,NA,NA,NA,NA,NA,7,Leo Chenal,2026-10-02,WAS
/nfl/rankings/dynasty-idp.php,dynasty-idp,do,Tyler Nubin,26117,DB,NYG,59,5,54,64,NA,tyler-nubin.php,NA,NA,3,NA,NA,NA,NA,NA,8,Tyler Nubin,2026-10-02,NYG
/nfl/rankings/dynasty-idp.php,dynasty-idp,do,Jeffery Simmons,18207,DL,TEN,59,4,55,63,NA,jeffery-simmons.php,NA,NA,53.4,NA,NA,NA,NA,NA,9,Jeffery Simmons,2026-10-02,TEN
/nfl/rankings/dynasty-idp.php,dynasty-idp,do,Budda Baker,16733,DB,ARI,69.5,19.5,50,89,NA,budda-baker.php,NA,NA,42.7,NA,NA,NA,NA,NA,14,Budda Baker,2026-10-02,ARI
/nfl/rankings/dynasty-idp.php,dynasty-idp,do,Eric Wilson,16691,LB,MIN,51,0,51,51,NA,eric-wilson.php,NA,NA,8.9,NA,NA,NA,NA,NA,6,Eric Wilson,2026-10-02,MIN
/nfl/rankings/dynasty-idp.php,dynasty-idp,do,Xavier McKinney,19216,DB,GB,51,0,51,51,NA,xavier-mckinney.php,NA,NA,20,NA,NA,NA,NA,NA,11,Xavier McKinney,2026-10-02,GBP
/nfl/rankings/dynasty-idp.php,dynasty-idp,do,Bobby Okereke,18678,LB,CAR,52,0,52,52,NA,bobby-okereke.php,NA,NA,11.3,NA,NA,NA,NA,NA,5,Bobby Okereke,2026-10-02,CAR
/nfl/rankings/dynasty-idp.php,dynasty-idp,do,Caleb Downs,27950,DB,DAL,52,0,52,52,NA,caleb-downs.php,NA,NA,52.4,NA,NA,NA,NA,NA,14,Caleb Downs,2026-10-02,DAL
/nfl/rankings/dynasty-idp.php,dynasty-idp,do,Dillon Thieneman,27967,DB,CHI,53,0,53,53,NA,dillon-thieneman.php,NA,NA,35.4,NA,NA,NA,NA,NA,10,Dillon Thieneman,2026-10-02,CHI
/nfl/rankings/dynasty-idp.php,dynasty-idp,do,Minkah Fitzpatrick,17278,DB,NYJ,54,0,54,54,NA,minkah-fitzpatrick.php,NA,NA,4.9,NA,NA,NA,NA,NA,13,Minkah Fitzpatrick,2026-10-02,NYJ
/nfl/rankings/dynasty-idp.php,dynasty-idp,do,Divine Deablo,23208,LB,ATL,56,0,56,56,NA,divine-deablo.php,NA,NA,17.4,NA,NA,NA,NA,NA,11,Divine Deablo,2026-10-02,ATL
/nfl/rankings/dynasty-idp.php,dynasty-idp,do,Dre Greenlaw,18310,LB,SF,57,0,57,57,NA,dre-greenlaw.php,NA,NA,4.1,NA,NA,NA,NA,NA,8,Dre Greenlaw,2026-10-02,SFO
/nfl/rankings/dynasty-idp.php,dynasty-idp,do,Jeremy Chinn,19429,DB,LV,57,0,57,57,NA,jeremy-chinn.php,NA,NA,26.9,NA,NA,NA,NA,NA,13,Jeremy Chinn,2026-10-02,LVR
/nfl/rankings/dynasty-idp.php,dynasty-idp,do,Alex Anzalone,16720,LB,TB,58,0,58,58,NA,alex-anzalone.php,NA,NA,9.7,NA,NA,NA,NA,NA,10,Alex Anzalone,2026-10-02,TBB
/nfl/rankings/dynasty-idp.php,dynasty-idp,do,Talanoa Hufanga,22817,DB,DEN,67,9,58,76,NA,talanoa-hufanga.php,NA,NA,34.4,NA,NA,NA,NA,NA,10,Talanoa Hufanga,2026-10-02,DEN
/nfl/rankings/dynasty-idp.php,dynasty-idp,do,Jaquan Brisker,23719,DB,PIT,59,0,59,59,NA,jaquan-brisker.php,NA,NA,12.9,NA,NA,NA,NA,NA,9,Jaquan Brisker,2026-10-02,PIT
/nfl/rankings/dynasty-idp.php,dynasty-idp,do,Jack Gibbens,24690,LB,ARI,60,0,60,60,NA,jack-gibbens.php,NA,NA,6.1,NA,NA,NA,NA,NA,14,Jack Gibbens,2026-10-02,ARI
/nfl/rankings/dynasty-idp.php,dynasty-idp,do,Tre'von Moehrig,22699,DB,CAR,76.5,16.5,60,93,NA,trevon-moehrig.php,NA,NA,17.6,NA,NA,NA,NA,NA,5,Trevon Moehrig,2026-10-02,CAR
/nfl/rankings/dynasty-idp.php,dynasty-idp,do,Kevin Byard III,15635,DB,NE,61,0,61,61,NA,kevin-byard.php,NA,NA,19,NA,NA,NA,NA,NA,11,Kevin Byard,2026-10-02,NEP
/nfl/rankings/dynasty-idp.php,dynasty-idp,do,Chase Young,19195,DL,NO,61,0,61,61,NA,chase-young.php,NA,NA,12.3,NA,NA,NA,NA,NA,8,Chase Young,2026-10-02,NOS
/nfl/rankings/dynasty-idp.php,dynasty-idp,do,George Karlaftis III,23501,DL,KC,62,0,62,62,NA,george-karlaftis-iii.php,NA,NA,6.2,NA,NA,NA,NA,NA,5,George Karlaftis,2026-10-02,KCC
/nfl/rankings/dynasty-idp.php,dynasty-idp,do,Patrick Queen,19421,LB,PIT,64,0,64,64,NA,patrick-queen.php,NA,NA,14.5,NA,NA,NA,NA,NA,9,Patrick Queen,2026-10-02,PIT
/nfl/rankings/dynasty-idp.php,dynasty-idp,do,SirVocea Dennis,23990,LB,TB,65,0,65,65,NA,sirvocea-dennis.php,NA,NA,4.8,NA,NA,NA,NA,NA,10,SirVocea Dennis,2026-10-02,TBB
/nfl/rankings/dynasty-idp.php,dynasty-idp,do,Xavier Watts,27067,DB,ATL,65,0,65,65,NA,xavier-watts.php,NA,NA,19.3,NA,NA,NA,NA,NA,11,Xavier Watts,2026-10-02,ATL
/nfl/rankings/dynasty-idp.php,dynasty-idp,do,Drake Thomas,25905,LB,SEA,66,0,66,66,NA,drake-thomas.php,NA,NA,8.3,NA,NA,NA,NA,NA,11,Drake Thomas,2026-10-02,SEA
/nfl/rankings/dynasty-idp.php,dynasty-idp,do,Quentin Lake,24302,DB,LAR,79,13,66,92,NA,quentin-lake.php,NA,NA,25.3,NA,NA,NA,NA,NA,11,Quentin Lake,2026-10-02,LAR
/nfl/rankings/dynasty-idp.php,dynasty-idp,do,Frankie Luvu,17963,LB,WAS,67,0,67,67,NA,frankie-luvu.php,NA,NA,5.7,NA,NA,NA,NA,NA,7,Frankie Luvu,2026-10-02,WAS
/nfl/rankings/dynasty-idp.php,dynasty-idp,do,Kamari Lassiter,26118,DB,HOU,67,0,67,67,NA,kamari-lassiter.php,NA,NA,23.2,NA,NA,NA,NA,NA,8,Kamari Lassiter,2026-10-02,HOU
/nfl/rankings/dynasty-idp.php,dynasty-idp,do,Montez Sweat,18213,DL,CHI,68,0,68,68,NA,montez-sweat.php,NA,NA,12.2,NA,NA,NA,NA,NA,10,Montez Sweat,2026-10-02,CHI
/nfl/rankings/dynasty-idp.php,dynasty-idp,do,Cooper DeJean,26103,DB,PHI,68,0,68,68,NA,cooper-dejean.php,NA,NA,36.7,NA,NA,NA,NA,NA,10,Cooper DeJean,2026-10-02,PHI
/nfl/rankings/dynasty-idp.php,dynasty-idp,do,Alontae Taylor,23747,DB,TEN,69,0,69,69,NA,alontae-taylor.php,NA,NA,8.7,NA,NA,NA,NA,NA,9,Alontae Taylor,2026-10-02,TEN
/nfl/rankings/dynasty-idp.php,dynasty-idp,do,Barrett Carter,26108,LB,CIN,69,0,69,69,NA,barrett-carter.php,NA,NA,11.6,NA,NA,NA,NA,NA,6,Barrett Carter,2026-10-02,CIN
/nfl/rankings/dynasty-idp.php,dynasty-idp,do,Germaine Pratt,18291,LB,FA,70,0,70,70,NA,germaine-pratt.php,NA,NA,1.5,NA,NA,NA,NA,NA,NA,Germaine Pratt,2026-10-02,FA
/nfl/rankings/dynasty-idp.php,dynasty-idp,do,Riley Moss,25459,DB,DEN,70,0,70,70,NA,riley-moss.php,NA,NA,3.3,NA,NA,NA,NA,NA,10,Riley Moss,2026-10-02,DEN
/nfl/rankings/dynasty-idp.php,dynasty-idp,do,Ventrell Miller,23477,LB,JAC,71,0,71,71,NA,ventrell-miller.php,NA,NA,15.8,NA,NA,NA,NA,NA,7,Ventrell Miller,2026-10-02,JAC
/nfl/rankings/dynasty-idp.php,dynasty-idp,do,Teddye Buchanan,27146,LB,BAL,73,0,73,73,NA,teddye-buchanan.php,NA,NA,2,NA,NA,NA,NA,NA,13,Teddye Buchanan,2026-10-02,BAL
/nfl/rankings/dynasty-idp.php,dynasty-idp,do,Danny Stutsman,27031,LB,NO,74,0,74,74,NA,danny-stutsman.php,NA,NA,0.7,NA,NA,NA,NA,NA,8,Danny Stutsman,2026-10-02,NOS
/nfl/rankings/dynasty-idp.php,dynasty-idp,do,Joshua Metellus,19580,DB,MIN,75,0,75,75,NA,josh-metellus.php,NA,NA,9.7,NA,NA,NA,NA,NA,6,Joshua Metellus,2026-10-02,MIN
/nfl/rankings/dynasty-idp.php,dynasty-idp,do,Demetrius Knight Jr.,27299,LB,CIN,77,0,77,77,NA,demetrius-knight-jr.php,NA,NA,37.5,NA,NA,NA,NA,NA,6,Demetrius Knight,2026-10-02,CIN
/nfl/rankings/dynasty-idp.php,dynasty-idp,do,Pete Werner,22809,LB,NO,78,0,78,78,NA,pete-werner.php,NA,NA,4.9,NA,NA,NA,NA,NA,8,Pete Werner,2026-10-02,NOS
/nfl/rankings/dynasty-idp.php,dynasty-idp,do,Devon Witherspoon,25243,DB,SEA,79,0,79,79,NA,devon-witherspoon.php,NA,NA,21.4,NA,NA,NA,NA,NA,11,Devon Witherspoon,2026-10-02,SEA
/nfl/rankings/dynasty-idp.php,dynasty-idp,do,Dee Winters,25579,LB,DAL,80,0,80,80,NA,dee-winters.php,NA,NA,4.6,NA,NA,NA,NA,NA,14,Dee Winters,2026-10-02,DAL
/nfl/rankings/dynasty-idp.php,dynasty-idp,do,DeShon Elliott,17344,DB,PIT,81,0,81,81,NA,deshon-elliott.php,NA,NA,4.9,NA,NA,NA,NA,NA,9,DeShon Elliott,2026-10-02,PIT
/nfl/rankings/dynasty-idp.php,dynasty-idp,do,Cody Simon,27264,LB,ARI,82,0,82,82,NA,cody-simon.php,NA,NA,1.7,NA,NA,NA,NA,NA,14,Cody Simon,2026-10-02,ARI
/nfl/rankings/dynasty-idp.php,dynasty-idp,do,Mack Wilson Sr.,18251,LB,ARI,83,0,83,83,NA,mack-wilson.php,NA,NA,6.4,NA,NA,NA,NA,NA,14,Mack Wilson,2026-10-02,ARI
/nfl/rankings/dynasty-idp.php,dynasty-idp,do,Christian Harris,23470,LB,ATL,84,0,84,84,NA,christian-harris.php,NA,NA,2.2,NA,NA,NA,NA,NA,11,Christian Harris,2026-10-02,ATL
/nfl/rankings/dynasty-idp.php,dynasty-idp,do,DeForest Buckner,15494,DL,IND,85,0,85,85,NA,deforest-buckner.php,NA,NA,15.9,NA,NA,NA,NA,NA,13,DeForest Buckner,2026-10-02,IND
/nfl/rankings/dynasty-idp.php,dynasty-idp,do,Bobby Wagner,11252,LB,FA,86,0,86,86,NA,bobby-wagner.php,NA,NA,1.7,NA,NA,NA,NA,NA,NA,Bobby Wagner,2026-10-02,FA
/nfl/rankings/dynasty-idp.php,dynasty-idp,do,Chamarri Conner,25509,DB,KC,87,0,87,87,NA,chamarri-conner.php,NA,NA,23.8,NA,NA,NA,NA,NA,5,Chamarri Conner,2026-10-02,KCC
/nfl/rankings/dynasty-idp.php,dynasty-idp,do,Byron Murphy II,26221,DL,SEA,88,0,88,88,NA,byron-murphy-ii.php,NA,NA,5,NA,NA,NA,NA,NA,11,Byron Murphy,2026-10-02,SEA
/nfl/rankings/dynasty-idp.php,dynasty-idp,do,Julian Love,18243,DB,SEA,90,0,90,90,NA,julian-love.php,NA,NA,23.1,NA,NA,NA,NA,NA,11,Julian Love,2026-10-02,SEA
/nfl/rankings/dynasty-idp.php,dynasty-idp,do,Leonard Williams,13892,DL,SEA,91,0,91,91,NA,leonard-williams.php,NA,NA,18,NA,NA,NA,NA,NA,11,Leonard Williams,2026-10-02,SEA
/nfl/rankings/dynasty-idp.php,dynasty-idp,do,Myles Murphy,24709,DL,CIN,94,0,94,94,NA,myles-murphy.php,NA,NA,1.5,NA,NA,NA,NA,NA,6,Myles Murphy,2026-10-02,CIN
/nfl/rankings/dynasty-k.php,dynasty-k,dp,Brandon Aubrey,26068,K,DAL,1.11,0.31,1,2,NA,brandon-aubrey.php,NA,NA,99.1,NA,NA,NA,NA,NA,14,Brandon Aubrey,2026-10-02,DAL
/nfl/rankings/dynasty-k.php,dynasty-k,dp,Cam Little,26475,K,JAC,3.33,1.83,2,8,NA,cam-little.php,NA,NA,86.2,NA,NA,NA,NA,NA,7,Cam Little,2026-10-02,JAC
/nfl/rankings/dynasty-k.php,dynasty-k,dp,Cameron Dicker,23901,K,LAC,4.78,2.62,3,12,NA,cameron-dicker.php,NA,NA,83.3,NA,NA,NA,NA,1,7,Cameron Dicker,2026-10-02,LAC
/nfl/rankings/dynasty-k.php,dynasty-k,dp,Ka'imi Fairbairn,15756,K,HOU,6.33,3.86,2,14,NA,kaimi-fairbairn.php,NA,NA,91.2,NA,NA,NA,NA,1,8,Kaimi Fairbairn,2026-10-02,HOU
/nfl/rankings/dynasty-k.php,dynasty-k,dp,Jason Myers,14003,K,SEA,7.67,6.45,3,25,NA,jason-myers.php,NA,NA,90.5,NA,NA,NA,NA,NA,11,Jason Myers,2026-10-02,SEA
/nfl/rankings/dynasty-k.php,dynasty-k,dp,Tyler Loop,27534,K,BAL,10.78,6.27,5,26,NA,tyler-loop.php,NA,NA,66.2,NA,NA,NA,NA,NA,13,Tyler Loop,2026-10-02,BAL
/nfl/rankings/dynasty-k.php,dynasty-k,dp,Chris Boswell,13029,K,PIT,10.78,3.91,7,17,NA,chris-boswell.php,NA,NA,34.8,NA,NA,NA,NA,2,9,Chris Boswell,2026-10-02,PIT
/nfl/rankings/dynasty-k.php,dynasty-k,dp,Jake Bates,26075,K,DET,11.33,3.86,7,17,NA,jake-bates.php,NA,NA,61.5,NA,NA,NA,NA,-5,6,Jake Bates,2026-10-02,DET
/nfl/rankings/dynasty-k.php,dynasty-k,dp,Evan McPherson,23297,K,CIN,11.44,3.8,8,18,NA,evan-mcpherson.php,NA,NA,63.3,NA,NA,NA,NA,4,6,Evan McPherson,2026-10-02,CIN
/nfl/rankings/dynasty-k.php,dynasty-k,dp,Will Reichard,26341,K,MIN,11.89,4.98,4,21,NA,will-reichard.php,NA,NA,51.3,NA,NA,NA,NA,6,6,Will Reichard,2026-10-02,MIN
/nfl/rankings/dynasty-k.php,dynasty-k,dp,Eddy Pineiro,17575,K,SF,12.11,3.78,7,21,NA,eddy-pineiro.php,NA,NA,55.4,NA,NA,NA,NA,-3,8,Eddy Pineiro,2026-10-02,SFO
/nfl/rankings/dynasty-k.php,dynasty-k,dp,Chase McLaughlin,19058,K,TB,12.44,4.52,8,24,NA,chase-mclaughlin.php,NA,NA,22.3,NA,NA,NA,NA,NA,10,Chase McLaughlin,2026-10-02,TBB
/nfl/rankings/dynasty-k.php,dynasty-k,dp,Harrison Butker,16712,K,KC,12.67,4.64,5,22,NA,harrison-butker.php,NA,NA,59.6,NA,NA,NA,NA,2,5,Harrison Butker,2026-10-02,KCC
/nfl/rankings/dynasty-k.php,dynasty-k,dp,Wil Lutz,16026,K,DEN,14.11,2.77,9,19,NA,wil-lutz.php,NA,NA,8.6,NA,NA,NA,NA,3,10,Wil Lutz,2026-10-02,DEN
/nfl/rankings/dynasty-k.php,dynasty-k,dp,Andy Borregales,27291,K,NE,15.22,3.94,8,23,NA,andres-borregales.php,NA,NA,7.5,NA,NA,NA,NA,-4,11,Andy Borregales,2026-10-02,NEP
/nfl/rankings/dynasty-k.php,dynasty-k,dp,Harrison Mevis,26638,K,LAR,14.25,4.66,8,24,NA,harrison-mevis.php,NA,NA,65.9,NA,NA,NA,NA,-6,11,Harrison Mevis,2026-10-02,LAR
/nfl/rankings/dynasty-k.php,dynasty-k,dp,Cairo Santos,13731,K,CHI,17.22,5.09,9,23,NA,cairo-santos.php,NA,NA,24.6,NA,NA,NA,NA,NA,10,Cairo Santos,2026-10-02,CHI
/nfl/rankings/dynasty-k.php,dynasty-k,dp,Trey Smack,28507,K,GB,15.71,4.59,11,25,NA,trey-smack.php,NA,NA,17,NA,NA,NA,NA,-4,11,Trey Smack,2026-10-02,GBP
/nfl/rankings/dynasty-k.php,dynasty-k,dp,Jake Elliott,16540,K,PHI,19.63,2.29,17,24,NA,jake-elliott.php,NA,NA,7,NA,NA,NA,NA,NA,10,Jake Elliott,2026-10-02,PHI
/nfl/rankings/dynasty-k.php,dynasty-k,dp,Jason Sanders,17533,K,NYJ,19,2.08,15,21,NA,jason-sanders.php,NA,NA,0.7,NA,NA,NA,NA,NA,13,Jason Sanders,2026-10-02,NYJ
/nfl/rankings/dynasty-k.php,dynasty-k,dp,Daniel Carlson,17420,K,NO,21,2.88,17,25,NA,daniel-carlson.php,NA,NA,3.5,NA,NA,NA,NA,NA,8,Daniel Carlson,2026-10-02,NOS
/nfl/rankings/dynasty-k.php,dynasty-k,dp,Matt Gay,18545,K,LV,18.25,11.32,6,35,NA,matt-gay.php,NA,NA,11.6,NA,NA,NA,NA,3,13,Matt Gay,2026-10-02,LVR
/nfl/rankings/dynasty-k.php,dynasty-k,dp,Jake Moody,24009,K,FA,20.2,5.78,11,29,NA,jake-moody.php,NA,NA,1.5,NA,NA,NA,NA,4,NA,Jake Moody,2026-10-02,FA
/nfl/rankings/dynasty-k.php,dynasty-k,dp,Chad Ryland,25354,K,ARI,22.17,3.18,20,28,NA,chad-ryland.php,NA,NA,1.2,NA,NA,NA,NA,NA,14,Chad Ryland,2026-10-02,ARI
/nfl/rankings/dynasty-k.php,dynasty-k,dp,Brandon McManus,13274,K,FA,20.6,5.75,10,27,NA,brandon-mcmanus.php,NA,NA,1.1,NA,NA,NA,NA,-3,NA,Brandon McManus,2026-10-02,FA
/nfl/rankings/dynasty-k.php,dynasty-k,dp,Joshua Karty,26478,K,FA,9,6,3,15,NA,joshua-karty.php,NA,NA,1,NA,NA,NA,NA,NA,NA,Joshua Karty,2026-10-02,FA
/nfl/rankings/dynasty-k.php,dynasty-k,dp,Blake Grupe,25533,K,NYJ,22.2,5.71,13,30,NA,blake-grupe.php,NA,NA,0.6,NA,NA,NA,NA,11,13,Blake Grupe,2026-10-02,NYJ
/nfl/rankings/dynasty-k.php,dynasty-k,dp,Charlie Smyth,26444,K,NO,20.5,2.29,18,24,NA,charlie-smyth.php,NA,NA,0.6,NA,NA,NA,NA,NA,8,Charlie Smyth,2026-10-02,NOS
/nfl/rankings/dynasty-k.php,dynasty-k,dp,Drew Stevens,28175,K,WAS,23,5.24,15,29,NA,drew-stevens.php,NA,NA,0.9,NA,NA,NA,NA,NA,7,Drew Stevens,2026-10-02,WAS
/nfl/rankings/dynasty-k.php,dynasty-k,dp,Ryan Fitzgerald,27261,K,CAR,25.67,3.2,22,31,NA,ryan-fitzgerald.php,NA,NA,2.1,NA,NA,NA,NA,-7,5,Ryan Fitzgerald,2026-10-02,CAR
/nfl/rankings/dynasty-k.php,dynasty-k,dp,Spencer Shrader,26763,K,IND,21,2.16,19,24,NA,spencer-shrader.php,NA,NA,21.5,NA,NA,NA,NA,NA,13,Spencer Shrader,2026-10-02,IND
/nfl/rankings/dynasty-k.php,dynasty-k,dp,Ben Sauls,27798,K,FA,25,3.03,20,28,NA,ben-sauls.php,NA,NA,0.6,NA,NA,NA,NA,-4,NA,Ben Sauls,2026-10-02,FA
/nfl/rankings/dynasty-k.php,dynasty-k,dp,Tyler Bass,19760,K,BUF,25,1.9,23,28,NA,tyler-bass.php,NA,NA,13.2,NA,NA,NA,NA,NA,7,Tyler Bass,2026-10-02,BUF
/nfl/rankings/dynasty-k.php,dynasty-k,dp,Riley Patterson,23370,K,MIA,17.5,12.5,5,30,NA,riley-patterson.php,NA,NA,0.8,NA,NA,NA,NA,-8,6,Riley Patterson,2026-10-02,MIA
/nfl/rankings/dynasty-k.php,dynasty-k,dp,Joey Slye,19028,K,TEN,26.2,4.17,23,34,NA,joey-slye.php,NA,NA,0.8,NA,NA,NA,NA,NA,9,Joey Slye,2026-10-02,TEN
/nfl/rankings/dynasty-k.php,dynasty-k,dp,Younghoe Koo,16910,K,FA,24.67,10.34,11,36,NA,younghoe-koo.php,NA,NA,0.7,NA,NA,NA,NA,NA,NA,Younghoe Koo,2026-10-02,FA
/nfl/rankings/dynasty-k.php,dynasty-k,dp,Dustin Hopkins,11818,K,FA,24.33,4.64,18,29,NA,dustin-hopkins.php,NA,NA,1,NA,NA,NA,NA,NA,NA,Dustin Hopkins,2026-10-02,FA
/nfl/rankings/dynasty-k.php,dynasty-k,dp,Nick Folk,9491,K,ATL,28,3.03,24,33,NA,nick-folk.php,NA,NA,2.4,NA,NA,NA,NA,-4,11,Nick Folk,2026-10-02,ATL
/nfl/rankings/dynasty-k.php,dynasty-k,dp,Greg Zuerlein,11345,K,FA,25,3,22,28,NA,greg-zuerlein.php,NA,NA,1.4,NA,NA,NA,NA,NA,NA,Greg Zuerlein,2026-10-02,FA
/nfl/rankings/dynasty-k.php,dynasty-k,dp,Matt Prater,9443,K,FA,27.5,0.5,27,28,NA,matt-prater.php,NA,NA,1.1,NA,NA,NA,NA,NA,NA,Matt Prater,2026-10-02,FA
/nfl/rankings/dynasty-lb.php,dynasty-lb,dp,Roquan Smith,17311,LB,BAL,3,2,1,5,NA,roquan-smith.php,NA,NA,88,NA,NA,NA,NA,NA,13,Roquan Smith,2026-10-02,BAL
/nfl/rankings/dynasty-lb.php,dynasty-lb,dp,Jack Campbell,25435,LB,DET,3,0,3,3,NA,jack-campbell.php,NA,NA,85.4,NA,NA,NA,NA,NA,6,Jack Campbell,2026-10-02,DET
/nfl/rankings/dynasty-lb.php,dynasty-lb,dp,Jordyn Brooks,19292,LB,MIA,4,2,2,6,NA,jordyn-brooks.php,NA,NA,71,NA,NA,NA,NA,NA,6,Jordyn Brooks,2026-10-02,MIA
/nfl/rankings/dynasty-lb.php,dynasty-lb,dp,Carson Schwesinger,27236,LB,CLE,4.5,0.5,4,5,NA,carson-schwesinger.php,NA,NA,76.4,NA,NA,NA,NA,NA,11,Carson Schwesinger,2026-10-02,CLE
/nfl/rankings/dynasty-lb.php,dynasty-lb,dp,Cedric Gray,26168,LB,TEN,6.5,2.5,4,9,NA,cedric-gray.php,NA,NA,26.2,NA,NA,NA,NA,NA,9,Cedric Gray,2026-10-02,TEN
/nfl/rankings/dynasty-lb.php,dynasty-lb,dp,Fred Warner,17526,LB,SF,9,2,7,11,NA,fred-warner.php,NA,NA,90.7,NA,NA,NA,NA,NA,8,Fred Warner,2026-10-02,SFO
/nfl/rankings/dynasty-lb.php,dynasty-lb,dp,Brian Burns,18223,DL,NYG,10,9,1,19,NA,brian-burns.php,NA,NA,41.3,NA,NA,NA,NA,NA,8,Brian Burns,2026-10-02,NYG
/nfl/rankings/dynasty-lb.php,dynasty-lb,dp,Ernest Jones IV,23245,LB,SEA,10.5,8.5,2,19,NA,ernest-jones.php,NA,NA,48.4,NA,NA,NA,NA,NA,11,Ernest Jones,2026-10-02,SEA
/nfl/rankings/dynasty-lb.php,dynasty-lb,dp,Foyesade Oluokun,17607,LB,JAC,11.5,1.5,10,13,NA,foyesade-oluokun.php,NA,NA,67,NA,NA,NA,NA,NA,7,Foyesade Oluokun,2026-10-02,JAC
/nfl/rankings/dynasty-lb.php,dynasty-lb,dp,Zack Baun,19238,LB,PHI,12.5,2.5,10,15,NA,zack-baun.php,NA,NA,66,NA,NA,NA,NA,NA,10,Zack Baun,2026-10-02,PHI
/nfl/rankings/dynasty-lb.php,dynasty-lb,dp,Jamien Sherwood,23194,LB,NYJ,14,0,14,14,NA,jamien-sherwood.php,NA,NA,30.8,NA,NA,NA,NA,NA,13,Jamien Sherwood,2026-10-02,NYJ
/nfl/rankings/dynasty-lb.php,dynasty-lb,dp,Quay Walker,23729,LB,LV,15.5,2.5,13,18,NA,quay-walker.php,NA,NA,38,NA,NA,NA,NA,NA,13,Quay Walker,2026-10-02,LVR
/nfl/rankings/dynasty-lb.php,dynasty-lb,dp,Edgerrin Cooper,26137,LB,GB,17.5,8.5,9,26,NA,edgerrin-cooper.php,NA,NA,38,NA,NA,NA,NA,NA,11,Edgerrin Cooper,2026-10-02,GBP
/nfl/rankings/dynasty-lb.php,dynasty-lb,dp,Blake Cashman,18421,LB,MIN,19.5,7.5,12,27,NA,blake-cashman.php,NA,NA,58.1,NA,NA,NA,NA,NA,6,Blake Cashman,2026-10-02,MIN
/nfl/rankings/dynasty-lb.php,dynasty-lb,dp,Nick Bolton,22689,LB,KC,20,9,11,29,NA,nick-bolton.php,NA,NA,80.4,NA,NA,NA,NA,NA,5,Nick Bolton,2026-10-02,KCC
/nfl/rankings/dynasty-lb.php,dynasty-lb,dp,Nik Bonitto,23763,DL,DEN,21.5,0.5,21,22,NA,nik-bonitto.php,NA,NA,34.2,NA,NA,NA,NA,NA,10,Nik Bonitto,2026-10-02,DEN
/nfl/rankings/dynasty-lb.php,dynasty-lb,dp,Micah Parsons,19784,LB,GB,22,1,21,23,NA,micah-parsons.php,NA,NA,32.1,NA,NA,NA,NA,NA,11,Micah Parsons,2026-10-02,GBP
/nfl/rankings/dynasty-lb.php,dynasty-lb,dp,Robert Spillane,18103,LB,NE,24.5,0.5,24,25,NA,robert-spillane.php,NA,NA,25.2,NA,NA,NA,NA,NA,11,Robert Spillane,2026-10-02,NEP
/nfl/rankings/dynasty-lb.php,dynasty-lb,dp,Daiyan Henley,25436,LB,LAC,26,10,16,36,NA,daiyanhenley.php,NA,NA,24.3,NA,NA,NA,NA,NA,7,Daiyan Henley,2026-10-02,LAC
/nfl/rankings/dynasty-lb.php,dynasty-lb,dp,Alex Singleton,14399,LB,DEN,26,1,25,27,NA,alex-singleton.php,NA,NA,41.1,NA,NA,NA,NA,NA,10,Alex Singleton,2026-10-02,DEN
/nfl/rankings/dynasty-lb.php,dynasty-lb,dp,Nate Landman,24674,LB,LAR,27,19,8,46,NA,nathan-landman.php,NA,NA,36.6,NA,NA,NA,NA,NA,11,Nate Landman,2026-10-02,LAR
/nfl/rankings/dynasty-lb.php,dynasty-lb,dp,Zaire Franklin,17563,LB,GB,27,4,23,31,NA,zaire-franklin.php,NA,NA,21.3,NA,NA,NA,NA,NA,11,Zaire Franklin,2026-10-02,GBP
/nfl/rankings/dynasty-lb.php,dynasty-lb,dp,Quincy Williams,18679,LB,CLE,28,0,28,28,NA,quincy-williams.php,NA,NA,9.6,NA,NA,NA,NA,NA,11,Quincy Williams,2026-10-02,CLE
/nfl/rankings/dynasty-lb.php,dynasty-lb,dp,T.J. Edwards,18281,LB,CHI,30,18,12,48,NA,tj-edwards.php,NA,NA,10.8,NA,NA,NA,NA,NA,10,TJ Edwards,2026-10-02,CHI
/nfl/rankings/dynasty-lb.php,dynasty-lb,dp,Tremaine Edmunds,17342,LB,NYG,30,6,24,36,NA,tremaine-edmunds.php,NA,NA,18.4,NA,NA,NA,NA,NA,8,Tremaine Edmunds,2026-10-02,NYG
/nfl/rankings/dynasty-lb.php,dynasty-lb,dp,Payton Wilson,26183,LB,PIT,31.5,13.5,18,45,NA,payton-wilson.php,NA,NA,9.1,NA,NA,NA,NA,NA,9,Payton Wilson,2026-10-02,PIT
/nfl/rankings/dynasty-lb.php,dynasty-lb,dp,Byron Young,25449,DL,LAR,32.5,17.5,15,50,NA,byron-young-edge.php,NA,NA,28.3,NA,NA,NA,NA,NA,11,Byron Young,2026-10-02,LAR
/nfl/rankings/dynasty-lb.php,dynasty-lb,dp,Devin Bush Jr.,18237,LB,CHI,32.5,2.5,30,35,NA,devin-bush.php,NA,NA,27.4,NA,NA,NA,NA,NA,10,Devin Bush,2026-10-02,CHI
/nfl/rankings/dynasty-lb.php,dynasty-lb,dp,T.J. Watt,16469,LB,PIT,6,0,6,6,NA,tj-watt.php,NA,NA,67.2,NA,NA,NA,NA,NA,9,TJ Watt,2026-10-02,PIT
/nfl/rankings/dynasty-lb.php,dynasty-lb,dp,Danielle Hunter,14036,DL,HOU,7,0,7,7,NA,danielle-hunter.php,NA,NA,39.7,NA,NA,NA,NA,NA,8,Danielle Hunter,2026-10-02,HOU
/nfl/rankings/dynasty-lb.php,dynasty-lb,dp,Sonny Styles,27216,LB,WAS,8,0,8,8,NA,sonny-styles.php,NA,NA,48.1,NA,NA,NA,NA,NA,7,Sonny Styles,2026-10-02,WAS
/nfl/rankings/dynasty-lb.php,dynasty-lb,dp,Devin Lloyd,23710,LB,CAR,35,3,32,38,NA,devin-lloyd.php,NA,NA,53.8,NA,NA,NA,NA,NA,5,Devin Lloyd,2026-10-02,CAR
/nfl/rankings/dynasty-lb.php,dynasty-lb,dp,Jared Verse,25234,DL,CLE,16,0,16,16,NA,jared-verse.php,NA,NA,26.4,NA,NA,NA,NA,NA,11,Jared Verse,2026-10-02,CLE
/nfl/rankings/dynasty-lb.php,dynasty-lb,dp,Tuli Tuipulotu,25364,DL,LAC,17,0,17,17,NA,tuli-tuipulotu.php,NA,NA,31.2,NA,NA,NA,NA,NA,7,Tuli Tuipulotu,2026-10-02,LAC
/nfl/rankings/dynasty-lb.php,dynasty-lb,dp,Azeez Al-Shaair,18361,LB,HOU,40,23,17,63,NA,azeez-al-shaair.php,NA,NA,22.1,NA,NA,NA,NA,NA,8,Azeez Al-Shaair,2026-10-02,HOU
/nfl/rankings/dynasty-lb.php,dynasty-lb,dp,Andrew Van Ginkel,18573,LB,MIN,20,0,20,20,NA,andrew-van-ginkel.php,NA,NA,51.6,NA,NA,NA,NA,NA,6,Andrew Van Ginkel,2026-10-02,MIN
/nfl/rankings/dynasty-lb.php,dynasty-lb,dp,Kaden Elliss,18716,LB,NO,40.5,20.5,20,61,NA,kaden-elliss.php,NA,NA,16.8,NA,NA,NA,NA,NA,8,Kaden Elliss,2026-10-02,NOS
/nfl/rankings/dynasty-lb.php,dynasty-lb,dp,Alex Highsmith,19316,LB,PIT,22,0,22,22,NA,alex-highsmith.php,NA,NA,21.4,NA,NA,NA,NA,NA,9,Alex Highsmith,2026-10-02,PIT
/nfl/rankings/dynasty-lb.php,dynasty-lb,dp,Jihaad Campbell,27051,LB,PHI,41,15,26,56,NA,jihaad-campbell.php,NA,NA,20.3,NA,NA,NA,NA,NA,10,Jihaad Campbell,2026-10-02,PHI
/nfl/rankings/dynasty-lb.php,dynasty-lb,dp,Nakobe Dean,23702,LB,LV,41,11,30,52,NA,nakobe-dean.php,NA,NA,81.3,NA,NA,NA,NA,NA,13,Nakobe Dean,2026-10-02,LVR
/nfl/rankings/dynasty-lb.php,dynasty-lb,dp,Alex Anzalone,16720,LB,TB,42.5,1.5,41,44,NA,alex-anzalone.php,NA,NA,9.7,NA,NA,NA,NA,NA,10,Alex Anzalone,2026-10-02,TBB
/nfl/rankings/dynasty-lb.php,dynasty-lb,dp,Tyrel Dodson,18584,LB,CAR,52,23,29,75,NA,tyrel-dodson.php,NA,NA,3.1,NA,NA,NA,NA,NA,5,Tyrel Dodson,2026-10-02,CAR
/nfl/rankings/dynasty-lb.php,dynasty-lb,dp,DeMarvion Overshown,25314,LB,DAL,49.5,18.5,31,68,NA,demarvion-overshown.php,NA,NA,7.7,NA,NA,NA,NA,NA,14,DeMarvion Overshown,2026-10-02,DAL
/nfl/rankings/dynasty-lb.php,dynasty-lb,dp,Josh Sweat,17363,DL,ARI,32,0,32,32,NA,josh-sweat.php,NA,NA,2.9,NA,NA,NA,NA,NA,14,Josh Sweat,2026-10-02,ARI
/nfl/rankings/dynasty-lb.php,dynasty-lb,dp,Eric Wilson,16691,LB,MIN,46,9,37,55,NA,eric-wilson.php,NA,NA,8.9,NA,NA,NA,NA,NA,6,Eric Wilson,2026-10-02,MIN
/nfl/rankings/dynasty-lb.php,dynasty-lb,dp,Patrick Queen,19421,LB,PIT,46,3,43,49,NA,patrick-queen.php,NA,NA,14.5,NA,NA,NA,NA,NA,9,Patrick Queen,2026-10-02,PIT
/nfl/rankings/dynasty-lb.php,dynasty-lb,dp,DeMarcus Lawrence,12217,DL,SEA,33,0,33,33,NA,demarcus-lawrence.php,NA,NA,8.6,NA,NA,NA,NA,NA,11,DeMarcus Lawrence,2026-10-02,SEA
/nfl/rankings/dynasty-lb.php,dynasty-lb,dp,Terrel Bernard,23772,LB,BUF,49,16,33,65,NA,terrel-bernard.php,NA,NA,23.4,NA,NA,NA,NA,NA,7,Terrel Bernard,2026-10-02,BUF
/nfl/rankings/dynasty-lb.php,dynasty-lb,dp,Abdul Carter,27022,DL,NYG,34,0,34,34,NA,abdul-carter.php,NA,NA,21.4,NA,NA,NA,NA,NA,8,Abdul Carter,2026-10-02,NYG
/nfl/rankings/dynasty-lb.php,dynasty-lb,dp,Leo Chenal,23808,LB,WAS,50,16,34,66,NA,leo-chenal.php,NA,NA,2.3,NA,NA,NA,NA,NA,7,Leo Chenal,2026-10-02,WAS
/nfl/rankings/dynasty-lb.php,dynasty-lb,dp,Arvell Reese,28053,LB,NYG,35,0,35,35,NA,arvell-reese.php,NA,NA,26.6,NA,NA,NA,NA,NA,8,Arvell Reese,2026-10-02,NYG
/nfl/rankings/dynasty-lb.php,dynasty-lb,dp,CJ Allen,27970,LB,IND,37,0,37,37,NA,cj-allen.php,NA,NA,10.9,NA,NA,NA,NA,NA,13,CJ Allen,2026-10-02,IND
/nfl/rankings/dynasty-lb.php,dynasty-lb,dp,Bobby Okereke,18678,LB,CAR,38,0,38,38,NA,bobby-okereke.php,NA,NA,11.3,NA,NA,NA,NA,NA,5,Bobby Okereke,2026-10-02,CAR
/nfl/rankings/dynasty-lb.php,dynasty-lb,dp,Rueben Bain Jr.,28772,DL,TB,39,0,39,39,NA,rueben-bain.php,NA,NA,17.4,NA,NA,NA,NA,NA,10,Rueben Bain,2026-10-02,TBB
/nfl/rankings/dynasty-lb.php,dynasty-lb,dp,Divine Deablo,23208,LB,ATL,59,20,39,79,NA,divine-deablo.php,NA,NA,17.4,NA,NA,NA,NA,NA,11,Divine Deablo,2026-10-02,ATL
/nfl/rankings/dynasty-lb.php,dynasty-lb,dp,David Bailey,27191,DL,NYJ,40,0,40,40,NA,david-bailey-edge.php,NA,NA,19.3,NA,NA,NA,NA,NA,13,David Bailey,2026-10-02,NYJ
/nfl/rankings/dynasty-lb.php,dynasty-lb,dp,Dre Greenlaw,18310,LB,SF,62.5,22.5,40,85,NA,dre-greenlaw.php,NA,NA,4.1,NA,NA,NA,NA,NA,8,Dre Greenlaw,2026-10-02,SFO
/nfl/rankings/dynasty-lb.php,dynasty-lb,dp,Josh Hines-Allen,18201,DL,JAC,41,0,41,41,NA,josh-allen-olb.php,NA,NA,24.4,NA,NA,NA,NA,NA,7,Josh Hines-Allen,2026-10-02,JAC
/nfl/rankings/dynasty-lb.php,dynasty-lb,dp,Trey Hendrickson,16719,DL,BAL,42,0,42,42,NA,trey-hendrickson.php,NA,NA,26.2,NA,NA,NA,NA,NA,13,Trey Hendrickson,2026-10-02,BAL
/nfl/rankings/dynasty-lb.php,dynasty-lb,dp,Jack Gibbens,24690,LB,ARI,42,0,42,42,NA,jack-gibbens.php,NA,NA,6.1,NA,NA,NA,NA,NA,14,Jack Gibbens,2026-10-02,ARI
/nfl/rankings/dynasty-lb.php,dynasty-lb,dp,Dallas Turner,26097,DL,MIN,43,0,43,43,NA,dallas-turner.php,NA,NA,38.8,NA,NA,NA,NA,NA,6,Dallas Turner,2026-10-02,MIN
/nfl/rankings/dynasty-lb.php,dynasty-lb,dp,SirVocea Dennis,23990,LB,TB,44,0,44,44,NA,sirvocea-dennis.php,NA,NA,4.8,NA,NA,NA,NA,NA,10,SirVocea Dennis,2026-10-02,TBB
/nfl/rankings/dynasty-lb.php,dynasty-lb,dp,Drake Thomas,25905,LB,SEA,52.5,7.5,45,60,NA,drake-thomas.php,NA,NA,8.3,NA,NA,NA,NA,NA,11,Drake Thomas,2026-10-02,SEA
/nfl/rankings/dynasty-lb.php,dynasty-lb,dp,Frankie Luvu,17963,LB,WAS,69,23,46,92,NA,frankie-luvu.php,NA,NA,5.7,NA,NA,NA,NA,NA,7,Frankie Luvu,2026-10-02,WAS
/nfl/rankings/dynasty-lb.php,dynasty-lb,dp,Josiah Trotter,28077,LB,TB,47,0,47,47,NA,josiah-trotter.php,NA,NA,23,NA,NA,NA,NA,NA,10,Josiah Trotter,2026-10-02,TBB
/nfl/rankings/dynasty-lb.php,dynasty-lb,dp,Demetrius Knight Jr.,27299,LB,CIN,53.5,0.5,53,54,NA,demetrius-knight-jr.php,NA,NA,37.5,NA,NA,NA,NA,NA,6,Demetrius Knight,2026-10-02,CIN
/nfl/rankings/dynasty-lb.php,dynasty-lb,dp,Barrett Carter,26108,LB,CIN,68,21,47,89,NA,barrett-carter.php,NA,NA,11.6,NA,NA,NA,NA,NA,6,Barrett Carter,2026-10-02,CIN
/nfl/rankings/dynasty-lb.php,dynasty-lb,dp,Germaine Pratt,18291,LB,FA,48,0,48,48,NA,germaine-pratt.php,NA,NA,1.5,NA,NA,NA,NA,NA,NA,Germaine Pratt,2026-10-02,FA
/nfl/rankings/dynasty-lb.php,dynasty-lb,dp,Ventrell Miller,23477,LB,JAC,55.5,6.5,49,62,NA,ventrell-miller.php,NA,NA,15.8,NA,NA,NA,NA,NA,7,Ventrell Miller,2026-10-02,JAC
/nfl/rankings/dynasty-lb.php,dynasty-lb,dp,Greg Rousseau,19787,DL,BUF,50,0,50,50,NA,gregory-rousseau.php,NA,NA,61.7,NA,NA,NA,NA,NA,7,Gregory Rousseau,2026-10-02,BUF
/nfl/rankings/dynasty-lb.php,dynasty-lb,dp,Carl Granderson,18295,DL,NO,51,0,51,51,NA,carl-granderson.php,NA,NA,11.8,NA,NA,NA,NA,NA,8,Carl Granderson,2026-10-02,NOS
/nfl/rankings/dynasty-lb.php,dynasty-lb,dp,Teddye Buchanan,27146,LB,BAL,51,0,51,51,NA,teddye-buchanan.php,NA,NA,2,NA,NA,NA,NA,NA,13,Teddye Buchanan,2026-10-02,BAL
/nfl/rankings/dynasty-lb.php,dynasty-lb,dp,Danny Stutsman,27031,LB,NO,52,0,52,52,NA,danny-stutsman.php,NA,NA,0.7,NA,NA,NA,NA,NA,8,Danny Stutsman,2026-10-02,NOS
/nfl/rankings/dynasty-lb.php,dynasty-lb,dp,Demario Davis,11293,LB,NYJ,53,0,53,53,NA,demario-davis.php,NA,NA,12.4,NA,NA,NA,NA,NA,13,Demario Davis,2026-10-02,NYJ
/nfl/rankings/dynasty-lb.php,dynasty-lb,dp,Pete Werner,22809,LB,NO,66,12,54,78,NA,pete-werner.php,NA,NA,4.9,NA,NA,NA,NA,NA,8,Pete Werner,2026-10-02,NOS
/nfl/rankings/dynasty-lb.php,dynasty-lb,dp,Dee Winters,25579,LB,DAL,70.5,15.5,55,86,NA,dee-winters.php,NA,NA,4.6,NA,NA,NA,NA,NA,14,Dee Winters,2026-10-02,DAL
/nfl/rankings/dynasty-lb.php,dynasty-lb,dp,Cody Simon,27264,LB,ARI,56,0,56,56,NA,cody-simon.php,NA,NA,1.7,NA,NA,NA,NA,NA,14,Cody Simon,2026-10-02,ARI
/nfl/rankings/dynasty-lb.php,dynasty-lb,dp,Harold Landry III,17330,LB,NE,57,0,57,57,NA,harold-landry.php,NA,NA,3.9,NA,NA,NA,NA,NA,11,Harold Landry,2026-10-02,NEP
/nfl/rankings/dynasty-lb.php,dynasty-lb,dp,Mack Wilson Sr.,18251,LB,ARI,62,5,57,67,NA,mack-wilson.php,NA,NA,6.4,NA,NA,NA,NA,NA,14,Mack Wilson,2026-10-02,ARI
/nfl/rankings/dynasty-lb.php,dynasty-lb,dp,Yaya Diaby,25264,DL,TB,58,0,58,58,NA,yaya-diaby.php,NA,NA,7,NA,NA,NA,NA,NA,10,YaYa Diaby,2026-10-02,TBB
/nfl/rankings/dynasty-lb.php,dynasty-lb,dp,Christian Harris,23470,LB,ATL,76.5,18.5,58,95,NA,christian-harris.php,NA,NA,2.2,NA,NA,NA,NA,NA,11,Christian Harris,2026-10-02,ATL
/nfl/rankings/dynasty-lb.php,dynasty-lb,dp,Jaelan Phillips,22734,DL,CAR,59,0,59,59,NA,jaelan-phillips.php,NA,NA,6.2,NA,NA,NA,NA,NA,5,Jaelan Phillips,2026-10-02,CAR
/nfl/rankings/dynasty-lb.php,dynasty-lb,dp,Bobby Wagner,11252,LB,FA,68,9,59,77,NA,bobby-wagner.php,NA,NA,1.7,NA,NA,NA,NA,NA,NA,Bobby Wagner,2026-10-02,FA
/nfl/rankings/dynasty-lb.php,dynasty-lb,dp,Akeem Davis-Gaither,19261,LB,IND,64,0,64,64,NA,akeem-davis-gaither.php,NA,NA,10.5,NA,NA,NA,NA,NA,13,Akeem Davis-Gaither,2026-10-02,IND
/nfl/rankings/dynasty-lb.php,dynasty-lb,dp,Anthony Hill Jr.,27954,LB,TEN,69,0,69,69,NA,anthony-hill-jr.php,NA,NA,22.3,NA,NA,NA,NA,NA,9,Anthony Hill,2026-10-02,TEN
/nfl/rankings/dynasty-lb.php,dynasty-lb,dp,Bradley Chubb,17277,LB,BUF,70,0,70,70,NA,bradley-chubb.php,NA,NA,7.2,NA,NA,NA,NA,NA,7,Bradley Chubb,2026-10-02,BUF
/nfl/rankings/dynasty-lb.php,dynasty-lb,dp,Nick Herbig,25464,LB,PIT,71,0,71,71,NA,nick-herbig.php,NA,NA,5.8,NA,NA,NA,NA,NA,9,Nick Herbig,2026-10-02,PIT
/nfl/rankings/dynasty-lb.php,dynasty-lb,dp,Jonathan Greenard,19276,DL,PHI,72,0,72,72,NA,jonathan-greenard.php,NA,NA,10.4,NA,NA,NA,NA,NA,10,Jonathan Greenard,2026-10-02,PHI
/nfl/rankings/dynasty-lb.php,dynasty-lb,dp,Khalil Mack,12169,LB,LAC,73,0,73,73,NA,khalil-mack.php,NA,NA,4.7,NA,NA,NA,NA,NA,7,Khalil Mack,2026-10-02,LAC
/nfl/rankings/dynasty-lb.php,dynasty-lb,dp,Drue Tranquill,18459,LB,KC,74,0,74,74,NA,drue-tranquill.php,NA,NA,16.8,NA,NA,NA,NA,NA,5,Drue Tranquill,2026-10-02,KCC
/nfl/rankings/dynasty-lb.php,dynasty-lb,dp,Devin White,18204,LB,DET,76,0,76,76,NA,devin-white.php,NA,NA,5,NA,NA,NA,NA,NA,6,Devin White,2026-10-02,DET
/nfl/rankings/dynasty-lb.php,dynasty-lb,dp,Denzel Perryman,14047,LB,LAC,80,0,80,80,NA,denzel-perryman.php,NA,NA,0.8,NA,NA,NA,NA,NA,7,Denzel Perryman,2026-10-02,LAC
/nfl/rankings/dynasty-lb.php,dynasty-lb,dp,Christian Elliss,23367,LB,NE,81,0,81,81,NA,christian-elliss.php,NA,NA,13.2,NA,NA,NA,NA,NA,11,Christian Elliss,2026-10-02,NEP
/nfl/rankings/dynasty-lb.php,dynasty-lb,dp,Uchenna Nwosu,17448,LB,SEA,82,0,82,82,NA,uchenna-nwosu.php,NA,NA,1.8,NA,NA,NA,NA,NA,11,Uchenna Nwosu,2026-10-02,SEA
/nfl/rankings/dynasty-lb.php,dynasty-lb,dp,Rashan Gary,18209,LB,DAL,83,0,83,83,NA,rashan-gary.php,NA,NA,11.4,NA,NA,NA,NA,NA,14,Rashan Gary,2026-10-02,DAL
/nfl/rankings/dynasty-lb.php,dynasty-lb,dp,K'Lavon Chaisson,19228,DL,WAS,84,0,84,84,NA,klavon-chaisson.php,NA,NA,1.6,NA,NA,NA,NA,NA,7,KLavon Chaisson,2026-10-02,WAS
/nfl/rankings/dynasty-lb.php,dynasty-lb,dp,Jacob Rodriguez,28195,LB,MIA,87,0,87,87,NA,jacob-rodriguez.php,NA,NA,19.8,NA,NA,NA,NA,NA,6,Jacob Rodriguez,2026-10-02,MIA
/nfl/rankings/dynasty-lb.php,dynasty-lb,dp,Henry To'oTo'o,23766,LB,HOU,88,0,88,88,NA,henry-too-too.php,NA,NA,5.2,NA,NA,NA,NA,NA,8,Henry TooToo,2026-10-02,HOU
/nfl/rankings/dynasty-lb.php,dynasty-lb,dp,Trevin Wallace,26182,LB,NYJ,90,0,90,90,NA,trevin-wallace.php,NA,NA,1.5,NA,NA,NA,NA,NA,13,Trevin Wallace,2026-10-02,NYJ
/nfl/rankings/dynasty-lb.php,dynasty-lb,dp,Derrick Barnes,23210,LB,DET,91,0,91,91,NA,derrick-barnes.php,NA,NA,16,NA,NA,NA,NA,NA,6,Derrick Barnes,2026-10-02,DET
/nfl/rankings/dynasty-lb.php,dynasty-lb,dp,Cody Barton,18542,LB,TEN,93,0,93,93,NA,cody-barton.php,NA,NA,2.5,NA,NA,NA,NA,NA,9,Cody Barton,2026-10-02,TEN
/nfl/rankings/dynasty-lb.php,dynasty-lb,dp,Christian Rozeboom,19713,LB,TB,94,0,94,94,NA,christian-rozeboom.php,NA,NA,2,NA,NA,NA,NA,NA,10,Christian Rozeboom,2026-10-02,TBB
/nfl/rankings/dynasty-lb.php,dynasty-lb,dp,Malcolm Rodriguez,23822,LB,DET,96,0,96,96,NA,malcolm-rodriguez.php,NA,NA,1.3,NA,NA,NA,NA,NA,6,Malcolm Rodriguez,2026-10-02,DET
/nfl/rankings/dynasty-lb.php,dynasty-lb,dp,Omar Speights,26730,LB,LAR,97,0,97,97,NA,omar-speights.php,NA,NA,2.4,NA,NA,NA,NA,NA,11,Omar Speights,2026-10-02,LAR
/nfl/rankings/dynasty-superflex.php,dynasty-op,dsf,Josh Allen,17298,QB,BUF,1.29,0.7,1,3,NA,josh-allen-qb.php,NA,NA,99.8,NA,NA,NA,NA,NA,7,Josh Allen,2026-10-02,BUF
/nfl/rankings/dynasty-superflex.php,dynasty-op,dsf,Lamar Jackson,17233,QB,BAL,4.29,1.83,2,7,NA,lamar-jackson.php,NA,NA,99.8,NA,NA,NA,NA,NA,13,Lamar Jackson,2026-10-02,BAL
/nfl/rankings/dynasty-superflex.php,dynasty-op,dsf,Drake Maye,23046,QB,NE,5.71,3.01,2,11,NA,drake-maye.php,NA,NA,88.5,NA,NA,NA,NA,1,11,Drake Maye,2026-10-02,NEP
/nfl/rankings/dynasty-superflex.php,dynasty-op,dsf,Caleb Williams,23084,QB,CHI,6.14,3.36,4,14,NA,caleb-williams.php,NA,NA,92.3,NA,NA,NA,NA,NA,10,Caleb Williams,2026-10-02,CHI
/nfl/rankings/dynasty-superflex.php,dynasty-op,dsf,Ja'Marr Chase,19788,WR,CIN,6.43,2.06,3,9,NA,jamarr-chase.php,NA,NA,99.8,NA,NA,NA,NA,NA,6,JaMarr Chase,2026-10-02,CIN
/nfl/rankings/dynasty-superflex.php,dynasty-op,dsf,Joe Burrow,19196,QB,CIN,6.57,3.81,3,15,NA,joe-burrow.php,NA,NA,98.3,NA,NA,NA,NA,-1,6,Joe Burrow,2026-10-02,CIN
/nfl/rankings/dynasty-superflex.php,dynasty-op,dsf,Jaxon Smith-Njigba,23070,WR,SEA,7,2.93,2,10,NA,jaxon-smith-njigba.php,NA,NA,99.8,NA,NA,NA,NA,NA,11,Jaxon Smith-Njigba,2026-10-02,SEA
/nfl/rankings/dynasty-superflex.php,dynasty-op,dsf,Bijan Robinson,23133,RB,ATL,8.57,2.13,6,13,NA,bijan-robinson.php,NA,NA,99.8,NA,NA,NA,NA,-1,11,Bijan Robinson,2026-10-02,ATL
/nfl/rankings/dynasty-superflex.php,dynasty-op,dsf,Jahmyr Gibbs,22968,RB,DET,9.29,3.37,6,16,NA,jahmyr-gibbs.php,NA,NA,99.8,NA,NA,NA,NA,1,6,Jahmyr Gibbs,2026-10-02,DET
/nfl/rankings/dynasty-superflex.php,dynasty-op,dsf,Jayden Daniels,22902,QB,WAS,11.43,7.07,2,23,NA,jayden-daniels.php,NA,NA,80.9,NA,NA,NA,NA,-1,7,Jayden Daniels,2026-10-02,WAS
/nfl/rankings/dynasty-superflex.php,dynasty-op,dsf,Puka Nacua,23180,WR,LAR,12.14,3.18,8,18,NA,puka-nacua.php,NA,NA,99.8,NA,NA,NA,NA,NA,11,Puka Nacua,2026-10-02,LAR
/nfl/rankings/dynasty-superflex.php,dynasty-op,dsf,Patrick Mahomes II,16413,QB,KC,13.43,3.16,10,18,NA,patrick-mahomes.php,NA,NA,93.7,NA,NA,NA,NA,NA,5,Patrick Mahomes,2026-10-02,KCC
/nfl/rankings/dynasty-superflex.php,dynasty-op,dsf,Amon-Ra St. Brown,19799,WR,DET,13.86,4.67,9,21,NA,amonra-stbrown.php,NA,NA,99.8,NA,NA,NA,NA,NA,6,Amon-Ra St Brown,2026-10-02,DET
/nfl/rankings/dynasty-superflex.php,dynasty-op,dsf,Jalen Hurts,19275,QB,PHI,14.14,6.62,4,26,NA,jalen-hurts.php,NA,NA,98.5,NA,NA,NA,NA,NA,10,Jalen Hurts,2026-10-02,PHI
/nfl/rankings/dynasty-superflex.php,dynasty-op,dsf,Trevor Lawrence,19780,QB,JAC,16.43,6.23,7,26,NA,trevor-lawrence.php,NA,NA,91.4,NA,NA,NA,NA,NA,7,Trevor Lawrence,2026-10-02,JAC
/nfl/rankings/dynasty-superflex.php,dynasty-op,dsf,Brock Purdy,19797,QB,SF,17.29,5.44,12,27,NA,brock-purdy.php,NA,NA,92.3,NA,NA,NA,NA,NA,8,Brock Purdy,2026-10-02,SFO
/nfl/rankings/dynasty-superflex.php,dynasty-op,dsf,Ashton Jeanty,25989,RB,LV,18.71,4.43,12,26,NA,ashton-jeanty.php,NA,NA,99.7,NA,NA,NA,NA,NA,13,Ashton Jeanty,2026-10-02,LVR
/nfl/rankings/dynasty-superflex.php,dynasty-op,dsf,Jeremiyah Love,25403,RB,ARI,19.86,4.39,13,28,NA,jeremiyah-love.php,NA,NA,99.2,NA,NA,NA,NA,2,14,Jeremiyah Love,2026-10-02,ARI
/nfl/rankings/dynasty-superflex.php,dynasty-op,dsf,Malik Nabers,25409,WR,NYG,20,3.02,15,23,NA,malik-nabers.php,NA,NA,98.6,NA,NA,NA,NA,3,8,Malik Nabers,2026-10-02,NYG
/nfl/rankings/dynasty-superflex.php,dynasty-op,dsf,CeeDee Lamb,19202,WR,DAL,20.57,4.92,14,31,NA,ceedee-lamb.php,NA,NA,99.8,NA,NA,NA,NA,-3,14,CeeDee Lamb,2026-10-02,DAL
/nfl/rankings/dynasty-superflex.php,dynasty-op,dsf,Justin Jefferson,19236,WR,MIN,20.71,5.34,15,32,NA,justin-jefferson.php,NA,NA,99.8,NA,NA,NA,NA,NA,6,Justin Jefferson,2026-10-02,MIN
/nfl/rankings/dynasty-superflex.php,dynasty-op,dsf,Justin Herbert,18635,QB,LAC,21.14,6.66,13,32,NA,justin-herbert.php,NA,NA,84.7,NA,NA,NA,NA,-2,7,Justin Herbert,2026-10-02,LAC
/nfl/rankings/dynasty-superflex.php,dynasty-op,dsf,Drake London,23163,WR,ATL,23,3.96,15,27,NA,drake-london.php,NA,NA,99.6,NA,NA,NA,NA,NA,11,Drake London,2026-10-02,ATL
/nfl/rankings/dynasty-superflex.php,dynasty-op,dsf,Brock Bowers,22955,TE,LV,25.57,7.44,19,43,NA,brock-bowers.php,NA,NA,99.6,NA,NA,NA,NA,NA,13,Brock Bowers,2026-10-02,LVR
/nfl/rankings/dynasty-superflex.php,dynasty-op,dsf,Bo Nix,22910,QB,DEN,26,6.63,17,35,NA,bo-nix.php,NA,NA,78.2,NA,NA,NA,NA,NA,10,Bo Nix,2026-10-02,DEN
/nfl/rankings/dynasty-superflex.php,dynasty-op,dsf,Jaxson Dart,23160,QB,NYG,27,6.5,14,36,NA,jaxson-dart.php,NA,NA,34.7,NA,NA,NA,NA,2,8,Jaxson Dart,2026-10-02,NYG
/nfl/rankings/dynasty-superflex.php,dynasty-op,dsf,James Cook III,22958,RB,BUF,30,5.29,19,37,NA,james-cook.php,NA,NA,99.8,NA,NA,NA,NA,-2,7,James Cook,2026-10-02,BUF
/nfl/rankings/dynasty-superflex.php,dynasty-op,dsf,Kenneth Walker III,23021,RB,KC,31.14,7.02,18,42,NA,kenneth-walker-rb.php,NA,NA,99.6,NA,NA,NA,NA,4,5,Kenneth Walker,2026-10-02,KCC
/nfl/rankings/dynasty-superflex.php,dynasty-op,dsf,Tetairoa McMillan,25417,WR,CAR,31.29,4.71,24,37,NA,tetairoa-mcmillan.php,NA,NA,97.9,NA,NA,NA,NA,NA,5,Tetairoa McMillan,2026-10-02,CAR
/nfl/rankings/dynasty-superflex.php,dynasty-op,dsf,Jonathan Taylor,19217,RB,IND,32.57,5.15,24,39,NA,jonathan-taylor.php,NA,NA,99.8,NA,NA,NA,NA,NA,13,Jonathan Taylor,2026-10-02,IND
/nfl/rankings/dynasty-superflex.php,dynasty-op,dsf,Dak Prescott,15600,QB,DAL,33,9.86,20,52,NA,dak-prescott.php,NA,NA,95.6,NA,NA,NA,NA,NA,14,Dak Prescott,2026-10-02,DAL
/nfl/rankings/dynasty-superflex.php,dynasty-op,dsf,Chris Olave,20111,WR,NO,33,5.04,25,41,NA,chris-olave.php,NA,NA,99.5,NA,NA,NA,NA,3,8,Chris Olave,2026-10-02,NOS
/nfl/rankings/dynasty-superflex.php,dynasty-op,dsf,Trey McBride,22936,TE,ARI,33.57,10.07,20,48,NA,trey-mcbride.php,NA,NA,99.7,NA,NA,NA,NA,NA,14,Trey McBride,2026-10-02,ARI
/nfl/rankings/dynasty-superflex.php,dynasty-op,dsf,George Pickens,22963,WR,DAL,36.29,2.91,30,39,NA,george-pickens.php,NA,NA,99.5,NA,NA,NA,NA,NA,14,George Pickens,2026-10-02,DAL
/nfl/rankings/dynasty-superflex.php,dynasty-op,dsf,Tyler Shough,23096,QB,NO,36.71,10.32,24,49,NA,tyler-shough.php,NA,NA,87.3,NA,NA,NA,NA,4,8,Tyler Shough,2026-10-02,NOS
/nfl/rankings/dynasty-superflex.php,dynasty-op,dsf,Jared Goff,15501,QB,DET,37,11.28,24,54,NA,jared-goff.php,NA,NA,83.1,NA,NA,NA,NA,NA,6,Jared Goff,2026-10-02,DET
/nfl/rankings/dynasty-superflex.php,dynasty-op,dsf,Jordan Love,19246,QB,GB,38.14,8.27,29,50,NA,jordan-love.php,NA,NA,62.7,NA,NA,NA,NA,-2,11,Jordan Love,2026-10-02,GBP
/nfl/rankings/dynasty-superflex.php,dynasty-op,dsf,De'Von Achane,23136,RB,MIA,38.71,11.08,23,57,NA,devon-achane.php,NA,NA,72.1,NA,NA,NA,NA,-6,6,DeVon Achane,2026-10-02,MIA
/nfl/rankings/dynasty-superflex.php,dynasty-op,dsf,Zay Flowers,22916,WR,BAL,39.14,8.81,26,51,NA,zay-flowers.php,NA,NA,98.8,NA,NA,NA,NA,8,13,Zay Flowers,2026-10-02,BAL
/nfl/rankings/dynasty-superflex.php,dynasty-op,dsf,Omarion Hampton,25395,RB,LAC,40.14,7.14,31,54,NA,omarion-hampton.php,NA,NA,99.1,NA,NA,NA,NA,NA,7,Omarion Hampton,2026-10-02,LAC
/nfl/rankings/dynasty-superflex.php,dynasty-op,dsf,Nico Collins,20130,WR,HOU,40.14,1.64,37,42,NA,nico-collins.php,NA,NA,99.1,NA,NA,NA,NA,-3,8,Nico Collins,2026-10-02,HOU
/nfl/rankings/dynasty-superflex.php,dynasty-op,dsf,Garrett Wilson,23072,WR,NYJ,42.29,3.24,36,46,NA,garrett-wilson.php,NA,NA,98.3,NA,NA,NA,NA,NA,13,Garrett Wilson,2026-10-02,NYJ
/nfl/rankings/dynasty-superflex.php,dynasty-op,dsf,Emeka Egbuka,23062,WR,TB,42.57,5.73,33,51,NA,emeka-egbuka.php,NA,NA,96.8,NA,NA,NA,NA,-2,10,Emeka Egbuka,2026-10-02,TBB
/nfl/rankings/dynasty-superflex.php,dynasty-op,dsf,Carnell Tate,26009,WR,TEN,44.43,5.45,38,55,NA,carnell-tate.php,NA,NA,86.2,NA,NA,NA,NA,-2,9,Carnell Tate,2026-10-02,TEN
/nfl/rankings/dynasty-superflex.php,dynasty-op,dsf,DeVonta Smith,19222,WR,PHI,46.57,2.06,44,50,NA,devonta-smith.php,NA,NA,99.4,NA,NA,NA,NA,3,10,DeVonta Smith,2026-10-02,PHI
/nfl/rankings/dynasty-superflex.php,dynasty-op,dsf,Breece Hall,22982,RB,NYJ,48.43,11.82,34,72,NA,breece-hall.php,NA,NA,98.3,NA,NA,NA,NA,NA,13,Breece Hall,2026-10-02,NYJ
/nfl/rankings/dynasty-superflex.php,dynasty-op,dsf,Luther Burden III,27016,WR,CHI,51,8.32,44,66,NA,luther-burden-iii.php,NA,NA,92.8,NA,NA,NA,NA,NA,10,Luther Burden,2026-10-02,CHI
/nfl/rankings/dynasty-superflex.php,dynasty-op,dsf,Fernando Mendoza,28013,QB,LV,51.29,13.69,30,71,NA,fernando-mendoza.php,NA,NA,15,NA,NA,NA,NA,3,13,Fernando Mendoza,2026-10-02,LVR
/nfl/rankings/dynasty-superflex.php,dynasty-op,dsf,Ladd McConkey,26122,WR,LAC,51.43,2.61,46,54,NA,ladd-mcconkey.php,NA,NA,97.4,NA,NA,NA,NA,NA,7,Ladd McConkey,2026-10-02,LAC
/nfl/rankings/dynasty-superflex.php,dynasty-op,dsf,Chase Brown,25324,RB,CIN,51.57,6.37,44,61,NA,chase-brown.php,NA,NA,99.5,NA,NA,NA,NA,NA,6,Chase Brown,2026-10-02,CIN
/nfl/rankings/dynasty-superflex.php,dynasty-op,dsf,Tyler Warren,26434,TE,IND,53.71,12.29,28,70,NA,tyler-warren.php,NA,NA,98.7,NA,NA,NA,NA,1,13,Tyler Warren,2026-10-02,IND
/nfl/rankings/dynasty-superflex.php,dynasty-op,dsf,Christian Watson,23886,WR,GB,54.86,10.11,45,78,NA,christian-watson.php,NA,NA,95.1,NA,NA,NA,NA,11,11,Christian Watson,2026-10-02,GBP
/nfl/rankings/dynasty-superflex.php,dynasty-op,dsf,Colston Loveland,26006,TE,CHI,56.71,7.11,41,65,NA,colston-loveland.php,NA,NA,93.7,NA,NA,NA,NA,-1,10,Colston Loveland,2026-10-02,CHI
/nfl/rankings/dynasty-superflex.php,dynasty-op,dsf,Sam Darnold,17236,QB,SEA,57,10.61,39,77,NA,sam-darnold.php,NA,NA,49,NA,NA,NA,NA,4,11,Sam Darnold,2026-10-02,SEA
/nfl/rankings/dynasty-superflex.php,dynasty-op,dsf,Parker Washington,23106,WR,JAC,57.57,14.9,42,85,NA,parker-washington.php,NA,NA,94.3,NA,NA,NA,NA,10,7,Parker Washington,2026-10-02,JAC
/nfl/rankings/dynasty-superflex.php,dynasty-op,dsf,Jaylen Waddle,19790,WR,DEN,57.71,5.28,51,66,NA,jaylen-waddle.php,NA,NA,96.9,NA,NA,NA,NA,4,10,Jaylen Waddle,2026-10-02,DEN
/nfl/rankings/dynasty-superflex.php,dynasty-op,dsf,Jordyn Tyson,26035,WR,NO,59,7.41,49,75,NA,jordyn-tyson.php,NA,NA,55.5,NA,NA,NA,NA,-4,8,Jordyn Tyson,2026-10-02,NOS
/nfl/rankings/dynasty-superflex.php,dynasty-op,dsf,Tee Higgins,19211,WR,CIN,60,6.05,50,70,NA,tee-higgins.php,NA,NA,98.1,NA,NA,NA,NA,NA,6,Tee Higgins,2026-10-02,CIN
/nfl/rankings/dynasty-superflex.php,dynasty-op,dsf,C.J. Stroud,23071,QB,HOU,61.86,21.5,38,90,NA,cj-stroud.php,NA,NA,41.7,NA,NA,NA,NA,NA,8,CJ Stroud,2026-10-02,HOU
/nfl/rankings/dynasty-superflex.php,dynasty-op,dsf,Baker Mayfield,17237,QB,TB,63.29,8.17,54,79,NA,baker-mayfield.php,NA,NA,48.8,NA,NA,NA,NA,NA,10,Baker Mayfield,2026-10-02,TBB
/nfl/rankings/dynasty-superflex.php,dynasty-op,dsf,Bryce Young,22900,QB,CAR,63.86,16.19,35,87,NA,bryce-young.php,NA,NA,59,NA,NA,NA,NA,-3,5,Bryce Young,2026-10-02,CAR
/nfl/rankings/dynasty-superflex.php,dynasty-op,dsf,Jameson Williams,23677,WR,DET,64,6.72,57,76,NA,jameson-williams.php,NA,NA,93.7,NA,NA,NA,NA,NA,6,Jameson Williams,2026-10-02,DET
/nfl/rankings/dynasty-superflex.php,dynasty-op,dsf,Rashee Rice,23113,WR,KC,64.57,19.81,45,107,NA,rashee-rice.php,NA,NA,98.8,NA,NA,NA,NA,-13,5,Rashee Rice,2026-10-02,KCC
/nfl/rankings/dynasty-superflex.php,dynasty-op,dsf,Christian McCaffrey,16393,RB,SF,65.43,9.01,45,76,NA,christian-mccaffrey.php,NA,NA,99.8,NA,NA,NA,NA,-3,8,Christian McCaffrey,2026-10-02,SFO
/nfl/rankings/dynasty-superflex.php,dynasty-op,dsf,A.J. Brown,18218,WR,NE,66.14,11.04,53,83,NA,aj-brown.php,NA,NA,97,NA,NA,NA,NA,-6,11,AJ Brown,2026-10-02,NEP
/nfl/rankings/dynasty-superflex.php,dynasty-op,dsf,Tucker Kraft,25298,TE,GB,66.14,2.85,61,69,NA,tucker-kraft.php,NA,NA,93.3,NA,NA,NA,NA,NA,11,Tucker Kraft,2026-10-02,GBP
/nfl/rankings/dynasty-superflex.php,dynasty-op,dsf,Kyren Williams,23059,RB,LAR,69,3.42,65,75,NA,kyren-williams.php,NA,NA,99,NA,NA,NA,NA,3,11,Kyren Williams,2026-10-02,LAR
/nfl/rankings/dynasty-superflex.php,dynasty-op,dsf,Sam LaPorta,22978,TE,DET,69.29,4.53,61,77,NA,sam-laporta.php,NA,NA,97.5,NA,NA,NA,NA,2,6,Sam LaPorta,2026-10-02,DET
/nfl/rankings/dynasty-superflex.php,dynasty-op,dsf,Harold Fannin Jr.,27050,TE,CLE,70.86,8.9,63,91,NA,harold-fannin-jr.php,NA,NA,92.4,NA,NA,NA,NA,2,11,Harold Fannin,2026-10-02,CLE
/nfl/rankings/dynasty-superflex.php,dynasty-op,dsf,Rome Odunze,25411,WR,CHI,71.43,11.39,51,87,NA,rome-odunze.php,NA,NA,88.8,NA,NA,NA,NA,-5,10,Rome Odunze,2026-10-02,CHI
/nfl/rankings/dynasty-superflex.php,dynasty-op,dsf,Makai Lemon,25420,WR,PHI,71.86,7.72,60,84,NA,makai-lemon.php,NA,NA,60.1,NA,NA,NA,NA,-3,10,Makai Lemon,2026-10-02,PHI
/nfl/rankings/dynasty-superflex.php,dynasty-op,dsf,TreVeyon Henderson,23065,RB,NE,72.57,9.75,64,93,NA,treveyon-henderson.php,NA,NA,92.2,NA,NA,NA,NA,NA,11,TreVeyon Henderson,2026-10-02,NEP
/nfl/rankings/dynasty-superflex.php,dynasty-op,dsf,Matthew Stafford,9451,QB,LAR,73.43,14.75,50,88,NA,matthew-stafford.php,NA,NA,89.9,NA,NA,NA,NA,NA,11,Matthew Stafford,2026-10-02,LAR
/nfl/rankings/dynasty-superflex.php,dynasty-op,dsf,Saquon Barkley,17240,RB,PHI,73.57,2.19,69,76,NA,saquon-barkley.php,NA,NA,99.7,NA,NA,NA,NA,NA,10,Saquon Barkley,2026-10-02,PHI
/nfl/rankings/dynasty-superflex.php,dynasty-op,dsf,Kyler Murray,18600,QB,MIN,74.57,11.15,55,87,NA,kyler-murray.php,NA,NA,63.9,NA,NA,NA,NA,-3,6,Kyler Murray,2026-10-02,MIN
/nfl/rankings/dynasty-superflex.php,dynasty-op,dsf,Javonte Williams,22739,RB,DAL,75.43,6.34,62,83,NA,javonte-williams.php,NA,NA,99.2,NA,NA,NA,NA,6,14,Javonte Williams,2026-10-02,DAL
/nfl/rankings/dynasty-superflex.php,dynasty-op,dsf,Cam Ward,24755,QB,TEN,76.14,9.36,66,91,NA,cam-ward.php,NA,NA,10.4,NA,NA,NA,NA,NA,9,Cam Ward,2026-10-02,TEN
/nfl/rankings/dynasty-superflex.php,dynasty-op,dsf,Dalton Kincaid,25247,TE,BUF,76.43,8.31,57,85,NA,dalton-kincaid.php,NA,NA,95.1,NA,NA,NA,NA,-2,7,Dalton Kincaid,2026-10-02,BUF
/nfl/rankings/dynasty-superflex.php,dynasty-op,dsf,Quinshon Judkins,25391,RB,CLE,77.71,15.92,55,97,NA,quinshon-judkins.php,NA,NA,94.7,NA,NA,NA,NA,-4,11,Quinshon Judkins,2026-10-02,CLE
/nfl/rankings/dynasty-superflex.php,dynasty-op,dsf,Bucky Irving,25981,RB,TB,79.14,6.79,72,90,NA,bucky-irving.php,NA,NA,97,NA,NA,NA,NA,NA,10,Bucky Irving,2026-10-02,TBB
/nfl/rankings/dynasty-superflex.php,dynasty-op,dsf,Brian Thomas Jr.,23000,WR,JAC,81.14,6.24,70,92,NA,brian-thomas-jr.php,NA,NA,73.8,NA,NA,NA,NA,-4,7,Brian Thomas,2026-10-02,JAC
/nfl/rankings/dynasty-superflex.php,dynasty-op,dsf,Kenyon Sadiq,26055,TE,NYJ,81.29,6.18,73,93,NA,kenyon-sadiq.php,NA,NA,52.5,NA,NA,NA,NA,NA,13,Kenyon Sadiq,2026-10-02,NYJ
/nfl/rankings/dynasty-superflex.php,dynasty-op,dsf,KC Concepcion Jr.,27331,WR,CLE,83.57,8.02,68,96,NA,kevin-concepcion.php,NA,NA,63.9,NA,NA,NA,NA,NA,11,KC Concepcion,2026-10-02,CLE
/nfl/rankings/dynasty-superflex.php,dynasty-op,dsf,DJ Moore,17265,WR,BUF,83.57,2.87,80,89,NA,dj-moore-wr.php,NA,NA,96,NA,NA,NA,NA,5,7,DJ Moore,2026-10-02,BUF
/nfl/rankings/dynasty-superflex.php,dynasty-op,dsf,Malik Willis,23499,QB,MIA,85.29,15.87,57,106,NA,malik-willis.php,NA,NA,25.4,NA,NA,NA,NA,NA,6,Malik Willis,2026-10-02,MIA
/nfl/rankings/dynasty-superflex.php,dynasty-op,dsf,Jadarian Price,27329,RB,SEA,85.86,11.09,63,101,NA,jadarian-price.php,NA,NA,91.9,NA,NA,NA,NA,NA,11,Jadarian Price,2026-10-02,SEA
/nfl/rankings/dynasty-superflex.php,dynasty-op,dsf,Cam Skattebo,27166,RB,NYG,88.43,9.65,77,105,NA,cam-skattebo.php,NA,NA,98.1,NA,NA,NA,NA,NA,8,Cam Skattebo,2026-10-02,NYG
/nfl/rankings/dynasty-superflex.php,dynasty-op,dsf,George Kittle,16499,TE,SF,90.14,6.36,80,100,NA,george-kittle.php,NA,NA,95.8,NA,NA,NA,NA,NA,8,George Kittle,2026-10-02,SFO
/nfl/rankings/dynasty-superflex.php,dynasty-op,dsf,Travis Etienne Jr.,19231,RB,NO,90.29,8.15,78,102,NA,travis-etienne.php,NA,NA,93.2,NA,NA,NA,NA,-4,8,Travis Etienne,2026-10-02,NOS
/nfl/rankings/dynasty-superflex.php,dynasty-op,dsf,Marvin Harrison Jr.,23064,WR,ARI,90.57,14.11,67,114,NA,marvin-harrison-jr.php,NA,NA,74.8,NA,NA,NA,NA,-8,14,Marvin Harrison,2026-10-02,ARI
/nfl/rankings/dynasty-superflex.php,dynasty-op,dsf,Bhayshul Tuten,27297,RB,JAC,91.29,8.6,74,100,NA,bhayshul-tuten.php,NA,NA,94.1,NA,NA,NA,NA,NA,7,Bhayshul Tuten,2026-10-02,JAC
/nfl/rankings/dynasty-superflex.php,dynasty-op,dsf,Denzel Boston,27339,WR,CLE,91.86,19.81,58,116,NA,denzel-boston.php,NA,NA,64,NA,NA,NA,NA,15,11,Denzel Boston,2026-10-02,CLE
/nfl/rankings/dynasty-superflex.php,dynasty-op,dsf,Daniel Jones,18232,QB,IND,92,8.64,77,105,NA,daniel-jones.php,NA,NA,24.5,NA,NA,NA,NA,NA,13,Daniel Jones,2026-10-02,IND
/nfl/rankings/dynasty-superflex.php,dynasty-op,dsf,Kyle Pitts Sr.,20164,TE,ATL,92.71,13.5,82,125,NA,kyle-pitts.php,NA,NA,80,NA,NA,NA,NA,-5,11,Kyle Pitts,2026-10-02,ATL
/nfl/rankings/dynasty-superflex.php,dynasty-op,dsf,Derrick Henry,15514,RB,BAL,93.29,10.87,77,104,NA,derrick-henry.php,NA,NA,99.7,NA,NA,NA,NA,NA,13,Derrick Henry,2026-10-02,BAL
/nfl/rankings/dynasty-superflex.php,dynasty-op,dsf,Terry McLaurin,18466,WR,WAS,93.57,8.33,83,105,NA,terry-mclaurin.php,NA,NA,94.5,NA,NA,NA,NA,NA,7,Terry McLaurin,2026-10-02,WAS
/nfl/rankings/dynasty-superflex.php,dynasty-op,dsf,Alec Pierce,23791,WR,IND,95.14,9.33,83,114,NA,alec-pierce.php,NA,NA,70.4,NA,NA,NA,NA,NA,13,Alec Pierce,2026-10-02,IND
/nfl/rankings/dynasty-superflex.php,dynasty-op,dsf,Isaiah Likely,23781,TE,NYG,95.43,14.61,74,126,NA,isaiah-likely.php,NA,NA,88.2,NA,NA,NA,NA,NA,8,Isaiah Likely,2026-10-02,NYG
/nfl/rankings/dynasty-superflex.php,dynasty-op,dsf,D'Andre Swift,19210,RB,CHI,97.57,10.18,74,108,NA,dandre-swift.php,NA,NA,96.7,NA,NA,NA,NA,NA,10,DAndre Swift,2026-10-02,CHI
/nfl/rankings/dynasty-superflex.php,dynasty-op,dsf,Jordan Addison,23107,WR,MIN,101.14,8.74,88,113,NA,jordan-addison.php,NA,NA,81,NA,NA,NA,NA,-7,6,Jordan Addison,2026-10-02,MIN
/nfl/rankings/dynasty-superflex.php,dynasty-op,dsf,DK Metcalf,18219,WR,PIT,101.29,5.39,93,109,NA,dk-metcalf.php,NA,NA,90.9,NA,NA,NA,NA,NA,9,DK Metcalf,2026-10-02,PIT
/nfl/rankings/dynasty-superflex.php,dynasty-op,dsf,Michael Wilson,25333,WR,ARI,102.43,4.47,97,111,NA,michael-wilson.php,NA,NA,87.6,NA,NA,NA,NA,NA,14,Michael Wilson,2026-10-02,ARI
/nfl/rankings/dynasty-superflex.php,dynasty-op,dsf,Josh Downs,24706,WR,IND,102.71,7.52,90,113,NA,josh-downs.php,NA,NA,84,NA,NA,NA,NA,NA,13,Josh Downs,2026-10-02,IND
/nfl/rankings/dynasty-superflex.php,dynasty-op,dsf,Jalen Coker,26403,WR,CAR,106.86,21.31,77,138,NA,jalen-coker.php,NA,NA,89.8,NA,NA,NA,NA,9,5,Jalen Coker,2026-10-02,CAR
/nfl/rankings/dynasty-superflex.php,dynasty-op,dsf,Ty Simpson,25368,QB,LAR,107.86,15.4,90,137,NA,ty-simpson.php,NA,NA,3.6,NA,NA,NA,NA,NA,11,Ty Simpson,2026-10-02,LAR
/nfl/rankings/dynasty-superflex.php,dynasty-op,dsf,Davante Adams,12123,WR,LAR,108.43,7.93,97,121,NA,davante-adams.php,NA,NA,97.9,NA,NA,NA,NA,-7,11,Davante Adams,2026-10-02,LAR
/nfl/rankings/dynasty-superflex.php,dynasty-op,dsf,Matthew Golden,26024,WR,GB,108.57,24.04,73,136,NA,matthew-golden.php,NA,NA,87.8,NA,NA,NA,NA,16,11,Matthew Golden,2026-10-02,GBP
/nfl/rankings/dynasty-superflex.php,dynasty-op,dsf,Michael Penix Jr.,22973,QB,ATL,110,15.27,91,134,NA,michael-penix-jr.php,NA,NA,8,NA,NA,NA,NA,NA,11,Michael Penix,2026-10-02,ATL
/nfl/rankings/dynasty-superflex.php,dynasty-op,dsf,Jaylen Warren,24209,RB,PIT,112.14,6.66,103,127,NA,jaylen-warren.php,NA,NA,93.1,NA,NA,NA,NA,NA,9,Jaylen Warren,2026-10-02,PIT
/nfl/rankings/dynasty-superflex.php,dynasty-op,dsf,Mike Evans,12119,WR,SF,113.14,4.76,105,120,NA,mike-evans.php,NA,NA,94.1,NA,NA,NA,NA,NA,8,Mike Evans,2026-10-02,SFO
/nfl/rankings/dynasty-superflex.php,dynasty-op,dsf,Wan'Dale Robinson,22985,WR,TEN,113.43,4.4,109,123,NA,wandale-robinson.php,NA,NA,64.2,NA,NA,NA,NA,NA,9,WanDale Robinson,2026-10-02,TEN
/nfl/rankings/dynasty-superflex.php,dynasty-op,dsf,David Montgomery,18239,RB,HOU,116.71,5.52,108,124,NA,david-montgomery.php,NA,NA,96.4,NA,NA,NA,NA,NA,8,David Montgomery,2026-10-02,HOU
/nfl/rankings/dynasty-superflex.php,dynasty-op,dsf,Josh Jacobs,18269,RB,GB,118.71,20.48,86,153,NA,josh-jacobs.php,NA,NA,85.9,NA,NA,NA,NA,-7,11,Josh Jacobs,2026-10-02,GBP
/nfl/rankings/dynasty-superflex.php,dynasty-op,dsf,Jake Ferguson,22718,TE,DAL,120.29,11.83,103,135,NA,jake-ferguson.php,NA,NA,81.5,NA,NA,NA,NA,NA,14,Jake Ferguson,2026-10-02,DAL
/nfl/rankings/dynasty-superflex.php,dynasty-op,dsf,Jakobi Meyers,18598,WR,JAC,122.14,9.19,114,142,NA,jakobi-meyers.php,NA,NA,66.4,NA,NA,NA,NA,7,7,Jakobi Meyers,2026-10-02,JAC
/nfl/rankings/dynasty-superflex.php,dynasty-op,dsf,Brenton Strange,25345,TE,JAC,122.57,11.4,99,135,NA,brenton-strange.php,NA,NA,33.2,NA,NA,NA,NA,NA,7,Brenton Strange,2026-10-02,JAC
/nfl/rankings/dynasty-superflex.php,dynasty-op,dsf,Eli Stowers,23144,TE,PHI,122.57,14.51,104,153,NA,eli-stowers.php,NA,NA,4.2,NA,NA,NA,NA,-2,10,Eli Stowers,2026-10-02,PHI
/nfl/rankings/dynasty-superflex.php,dynasty-op,dsf,Chuba Hubbard,19792,RB,CAR,123,11.16,108,145,NA,chuba-hubbard.php,NA,NA,94.7,NA,NA,NA,NA,NA,5,Chuba Hubbard,2026-10-02,CAR
/nfl/rankings/dynasty-superflex.php,dynasty-op,dsf,Courtland Sutton,17253,WR,DEN,123.71,12.34,110,152,NA,courtland-sutton.php,NA,NA,80.2,NA,NA,NA,NA,-6,10,Courtland Sutton,2026-10-02,DEN
/nfl/rankings/dynasty-superflex.php,dynasty-op,dsf,Blake Corum,23013,RB,LAR,124.14,15.39,101,142,NA,blake-corum.php,NA,NA,78.9,NA,NA,NA,NA,4,11,Blake Corum,2026-10-02,LAR
/nfl/rankings/dynasty-superflex.php,dynasty-op,dsf,Omar Cooper Jr.,28127,WR,NYJ,124.29,17.2,99,150,NA,omar-cooper-jr.php,NA,NA,13.4,NA,NA,NA,NA,-11,13,Omar Cooper,2026-10-02,NYJ
/nfl/rankings/dynasty-superflex.php,dynasty-op,dsf,Terrance Ferguson,23091,TE,LAR,124.71,20.65,95,151,NA,terrance-ferguson.php,NA,NA,24.6,NA,NA,NA,NA,8,11,Terrance Ferguson,2026-10-02,LAR
/nfl/rankings/dynasty-superflex.php,dynasty-op,dsf,Jayden Reed,23020,WR,GB,125,9.58,116,146,NA,jayden-reed.php,NA,NA,45.6,NA,NA,NA,NA,NA,11,Jayden Reed,2026-10-02,GBP
/nfl/rankings/dynasty-superflex.php,dynasty-op,dsf,Quentin Johnston,23123,WR,LAC,125.29,9.59,113,141,NA,quentin-johnston.php,NA,NA,66.3,NA,NA,NA,NA,NA,7,Quentin Johnston,2026-10-02,LAC
/nfl/rankings/dynasty-superflex.php,dynasty-op,dsf,Xavier Worthy,23019,WR,KC,126,5.29,119,136,NA,xavier-worthy.php,NA,NA,68.6,NA,NA,NA,NA,-10,5,Xavier Worthy,2026-10-02,KCC
/nfl/rankings/dynasty-superflex.php,dynasty-op,dsf,Michael Pittman Jr.,19278,WR,PIT,127.29,11.22,115,148,NA,michael-pittman.php,NA,NA,75,NA,NA,NA,NA,-14,9,Michael Pittman,2026-10-02,PIT
/nfl/rankings/dynasty-superflex.php,dynasty-op,dsf,Romeo Doubs,23794,WR,NE,127.86,14.34,106,156,NA,romeo-doubs.php,NA,NA,63.3,NA,NA,NA,NA,16,11,Romeo Doubs,2026-10-02,NEP
/nfl/rankings/dynasty-superflex.php,dynasty-op,dsf,Jayden Higgins,27077,WR,HOU,128.43,14.48,115,157,NA,jayden-higgins.php,NA,NA,3.3,NA,NA,NA,NA,NA,8,Jayden Higgins,2026-10-02,HOU
/nfl/rankings/dynasty-superflex.php,dynasty-op,dsf,Antonio Williams,25418,WR,WAS,129.57,8.47,119,142,NA,antonio-williams-wr.php,NA,NA,8.5,NA,NA,NA,NA,NA,7,Antonio Williams,2026-10-02,WAS
/nfl/rankings/dynasty-superflex.php,dynasty-op,dsf,Chris Godwin Jr.,16406,WR,TB,130,10.58,115,147,NA,chris-godwin.php,NA,NA,75.5,NA,NA,NA,NA,-8,10,Chris Godwin,2026-10-02,TBB
/nfl/rankings/dynasty-superflex.php,dynasty-op,dsf,RJ Harvey,27142,RB,DEN,133,8.07,117,144,NA,rj-harvey.php,NA,NA,77.7,NA,NA,NA,NA,4,10,RJ Harvey,2026-10-02,DEN
/nfl/rankings/dynasty-superflex.php,dynasty-op,dsf,Kyle Monangai,27131,RB,CHI,137.14,14.64,110,150,NA,kyle-monangai.php,NA,NA,79.5,NA,NA,NA,NA,NA,10,Kyle Monangai,2026-10-02,CHI
/nfl/rankings/dynasty-superflex.php,dynasty-op,dsf,Juwan Johnson,19562,TE,NO,137.86,11.57,121,154,NA,juwan-johnson.php,NA,NA,66.3,NA,NA,NA,NA,3,8,Juwan Johnson,2026-10-02,NOS
/nfl/rankings/dynasty-superflex.php,dynasty-op,dsf,Jonah Coleman,27320,RB,DEN,138.29,15.75,116,158,NA,jonah-coleman.php,NA,NA,36.6,NA,NA,NA,NA,4,10,Jonah Coleman,2026-10-02,DEN
/nfl/rankings/dynasty-superflex.php,dynasty-op,dsf,De'Zhaun Stribling,28138,WR,SF,139.71,35.43,93,197,NA,dezhaun-stribling.php,NA,NA,43.3,NA,NA,NA,NA,NA,8,DeZhaun Stribling,2026-10-02,SFO
/nfl/rankings/dynasty-superflex.php,dynasty-op,dsf,Ricky Pearsall,26214,WR,SF,142.57,23.68,115,180,NA,ricky-pearsall.php,NA,NA,2.5,NA,NA,NA,NA,NA,8,Ricky Pearsall,2026-10-02,SFO
/nfl/rankings/dynasty-superflex.php,dynasty-op,dsf,Khalil Shakir,23748,WR,BUF,142.57,10.35,130,157,NA,khalil-shakir.php,NA,NA,57.5,NA,NA,NA,NA,NA,7,Khalil Shakir,2026-10-02,BUF
/nfl/rankings/dynasty-superflex.php,dynasty-op,dsf,Oronde Gadsden II,25997,TE,LAC,143.29,18.51,127,182,NA,oronde-gadsden-ii.php,NA,NA,18.4,NA,NA,NA,NA,NA,7,Oronde Gadsden,2026-10-02,LAC
/nfl/rankings/dynasty-superflex.php,dynasty-op,dsf,Stefon Diggs,13981,WR,WAS,143.86,13.58,127,168,NA,stefon-diggs.php,NA,NA,88.1,NA,NA,NA,NA,27,7,Stefon Diggs,2026-10-02,WAS
/nfl/rankings/dynasty-superflex.php,dynasty-op,dsf,Chig Okonkwo,23982,TE,WAS,144.86,19.9,127,189,NA,chigoziem-okonkwo.php,NA,NA,19.7,NA,NA,NA,NA,4,7,Chigoziem Okonkwo,2026-10-02,WAS
/nfl/rankings/dynasty-superflex.php,dynasty-op,dsf,Rhamondre Stevenson,22726,RB,NE,146.43,7.19,132,154,NA,rhamondre-stevenson.php,NA,NA,90.6,NA,NA,NA,NA,NA,11,Rhamondre Stevenson,2026-10-02,NEP
/nfl/rankings/dynasty-superflex.php,dynasty-op,dsf,Mark Andrews,17269,TE,BAL,147.43,9.39,133,160,NA,mark-andrews.php,NA,NA,81,NA,NA,NA,NA,-3,13,Mark Andrews,2026-10-02,BAL
/nfl/rankings/dynasty-superflex.php,dynasty-op,dsf,Chris Bell,26038,WR,MIA,148.29,37.08,112,235,NA,chris-bell.php,NA,NA,7.8,NA,NA,NA,NA,NA,6,Chris Bell,2026-10-02,MIA
/nfl/rankings/dynasty-superflex.php,dynasty-op,dsf,Zach Charbonnet,23152,RB,SEA,149.86,10.2,141,169,NA,zach-charbonnet.php,NA,NA,55.6,NA,NA,NA,NA,8,11,Zach Charbonnet,2026-10-02,SEA
/nfl/rankings/dynasty-superflex.php,dynasty-op,dsf,Jacory Croskey-Merritt,27316,RB,WAS,151.86,7.3,140,161,NA,jacory-croskeymerritt.php,NA,NA,78.7,NA,NA,NA,NA,NA,7,Jacory Croskey-Merritt,2026-10-02,WAS
/nfl/rankings/dynasty-superflex.php,dynasty-op,dsf,Tre' Harris,26215,WR,LAC,152.14,20.78,130,178,NA,tre-harris.php,NA,NA,7.3,NA,NA,NA,NA,15,7,Tre Harris,2026-10-02,LAC
/nfl/rankings/dynasty-superflex.php,dynasty-op,dsf,Dallas Goedert,17270,TE,PHI,152.43,12.94,132,165,NA,dallas-goedert.php,NA,NA,75.6,NA,NA,NA,NA,-6,10,Dallas Goedert,2026-10-02,PHI
/nfl/rankings/dynasty-superflex.php,dynasty-op,dsf,Rico Dowdle,19647,RB,PIT,154.43,8.8,140,170,NA,rico-dowdle.php,NA,NA,80,NA,NA,NA,NA,-6,9,Rico Dowdle,2026-10-02,PIT
/nfl/rankings/dynasty-superflex.php,dynasty-op,dsf,AJ Barner,26335,TE,SEA,158.14,18.85,139,188,NA,aj-barner.php,NA,NA,15.4,NA,NA,NA,NA,NA,11,AJ Barner,2026-10-02,SEA
/nfl/rankings/dynasty-superflex.php,dynasty-op,dsf,Travis Kelce,11594,TE,KC,158.43,6.3,148,169,NA,travis-kelce.php,NA,NA,95.8,NA,NA,NA,NA,-3,5,Travis Kelce,2026-10-02,KCC
/nfl/rankings/dynasty-superflex.php,dynasty-op,dsf,Tony Pollard,18705,RB,TEN,159.71,13.31,141,186,NA,tony-pollard.php,NA,NA,87.9,NA,NA,NA,NA,-5,9,Tony Pollard,2026-10-02,TEN
/nfl/rankings/dynasty-superflex.php,dynasty-op,dsf,Rachaad White,23891,RB,WAS,161.57,9.81,147,180,NA,rachaad-white.php,NA,NA,65.3,NA,NA,NA,NA,NA,7,Rachaad White,2026-10-02,WAS
/nfl/rankings/dynasty-superflex.php,dynasty-op,dsf,Jonathon Brooks,26148,RB,CAR,162.57,7.93,152,174,NA,jonathon-brooks.php,NA,NA,52,NA,NA,NA,NA,7,5,Jonathon Brooks,2026-10-02,CAR
/nfl/rankings/dynasty-superflex.php,dynasty-op,dsf,J.K. Dobbins,19245,RB,DEN,163.14,6.79,153,176,NA,jk-dobbins.php,NA,NA,82.4,NA,NA,NA,NA,NA,10,JK Dobbins,2026-10-02,DEN
/nfl/rankings/dynasty-superflex.php,dynasty-op,dsf,Emmett Johnson,28107,RB,KC,163.29,19.84,132,199,NA,emmett-johnson.php,NA,NA,27.2,NA,NA,NA,NA,12,5,Emmett Johnson,2026-10-02,KCC
/nfl/rankings/dynasty-superflex.php,dynasty-op,dsf,Jordan Mason,22969,RB,MIN,163.43,3.66,159,171,NA,jordan-mason.php,NA,NA,68.4,NA,NA,NA,NA,NA,6,Jordan Mason,2026-10-02,MIN
/nfl/rankings/dynasty-superflex.php,dynasty-op,dsf,Kenny Gainwell,23310,RB,TB,164.86,7.26,155,175,NA,kenneth-gainwell.php,NA,NA,61.9,NA,NA,NA,NA,NA,10,Kenny Gainwell,2026-10-02,TBB
/nfl/rankings/dynasty-superflex.php,dynasty-op,dsf,Geno Smith,11687,QB,NYJ,141.67,20.04,110,178,NA,geno-smith.php,NA,NA,11.8,NA,NA,NA,NA,NA,13,Geno Smith,2026-10-02,NYJ
/nfl/rankings/dynasty-superflex.php,dynasty-op,dsf,T.J. Hockenson,18290,TE,MIN,171.29,9.84,158,185,NA,tj-hockenson.php,NA,NA,42.6,NA,NA,NA,NA,NA,6,TJ Hockenson,2026-10-02,MIN
/nfl/rankings/dynasty-superflex.php,dynasty-op,dsf,Travis Hunter,26034,WR,JAC,173,24.9,140,208,NA,travis-hunter.php,NA,NA,50,NA,NA,NA,NA,NA,7,Travis Hunter,2026-10-02,JAC
/nfl/rankings/dynasty-superflex.php,dynasty-op,dsf,Mike Washington Jr.,28108,RB,LV,174.29,9.13,164,187,NA,mike-washington-jr.php,NA,NA,39.6,NA,NA,NA,NA,16,13,Mike Washington,2026-10-02,LVR
/nfl/rankings/dynasty-superflex.php,dynasty-op,dsf,Hunter Henry,15561,TE,NE,177.29,10.77,160,190,NA,hunter-henry.php,NA,NA,54.8,NA,NA,NA,NA,NA,11,Hunter Henry,2026-10-02,NEP
/nfl/rankings/dynasty-superflex.php,dynasty-op,dsf,Adonai Mitchell,24357,WR,NYJ,149.83,19.88,121,188,NA,adonai-mitchell.php,NA,NA,37.1,NA,NA,NA,NA,NA,13,Adonai Mitchell,2026-10-02,NYJ
/nfl/rankings/dynasty-superflex.php,dynasty-op,dsf,Woody Marks,27520,RB,HOU,179.14,7.32,168,190,NA,woody-marks.php,NA,NA,52.9,NA,NA,NA,NA,-8,8,Woody Marks,2026-10-02,HOU
/nfl/rankings/dynasty-superflex.php,dynasty-op,dsf,Eli Raridon,28154,TE,NE,182.43,18.14,150,204,NA,eli-raridon.php,NA,NA,1.5,NA,NA,NA,NA,NA,11,Eli Raridon,2026-10-02,NEP
/nfl/rankings/dynasty-superflex.php,dynasty-op,dsf,Tyler Allgeier,24172,RB,ARI,182.57,14.52,162,202,NA,tyler-allgeier.php,NA,NA,42.6,NA,NA,NA,NA,-10,14,Tyler Allgeier,2026-10-02,ARI
/nfl/rankings/dynasty-superflex.php,dynasty-op,dsf,Caleb Douglas,28135,WR,MIA,184.29,40.93,143,268,NA,caleb-douglas.php,NA,NA,19.7,NA,NA,NA,NA,NA,6,Caleb Douglas,2026-10-02,MIA
/nfl/rankings/dynasty-superflex.php,dynasty-op,dsf,Jalen McMillan,23179,WR,TB,185.14,34.42,148,255,NA,jalen-mcmillan.php,NA,NA,11.3,NA,NA,NA,NA,-30,10,Jalen McMillan,2026-10-02,TBB
/nfl/rankings/dynasty-superflex.php,dynasty-op,dsf,Braelon Allen,24346,RB,NYJ,185.86,16.39,160,205,NA,braelon-allen.php,NA,NA,71.3,NA,NA,NA,NA,NA,13,Braelon Allen,2026-10-02,NYJ
/nfl/rankings/dynasty-superflex.php,dynasty-op,dsf,Deebo Samuel Sr.,18244,WR,SF,159.83,16.03,145,187,NA,deebo-samuel.php,NA,NA,79.7,NA,NA,NA,NA,NA,8,Deebo Samuel,2026-10-02,SFO
/nfl/rankings/dynasty-superflex.php,dynasty-op,dsf,Rashid Shaheed,24687,WR,SEA,160.17,21.54,138,198,NA,rashid-shaheed.php,NA,NA,36.4,NA,NA,NA,NA,NA,11,Rashid Shaheed,2026-10-02,SEA
/nfl/rankings/dynasty-superflex.php,dynasty-op,dsf,Chris Rodriguez Jr.,22986,RB,JAC,187.71,16.84,169,224,NA,chris-rodriguez-jr.php,NA,NA,31.6,NA,NA,NA,NA,NA,7,Chris Rodriguez,2026-10-02,JAC
/nfl/rankings/dynasty-superflex.php,dynasty-op,dsf,Gunnar Helm,27109,TE,TEN,187.86,6.92,172,193,NA,gunnar-helm.php,NA,NA,3.8,NA,NA,NA,NA,NA,9,Gunnar Helm,2026-10-02,TEN
/nfl/rankings/dynasty-superflex.php,dynasty-op,dsf,Jacoby Brissett,15642,QB,ARI,128,24.92,82,147,NA,jacoby-brissett.php,NA,NA,12.6,NA,NA,NA,NA,NA,14,Jacoby Brissett,2026-10-02,ARI
/nfl/rankings/dynasty-superflex.php,dynasty-op,dsf,Aaron Jones Sr.,16673,RB,MIN,190.86,14.4,167,207,NA,aaron-jones.php,NA,NA,85.3,NA,NA,NA,NA,NA,6,Aaron Jones,2026-10-02,MIN
/nfl/rankings/dynasty-superflex.php,dynasty-op,dsf,Aaron Rodgers,9001,QB,PIT,128.6,20.01,95,149,NA,aaron-rodgers.php,NA,NA,9.9,NA,NA,NA,NA,NA,9,Aaron Rodgers,2026-10-02,PIT
/nfl/rankings/dynasty-superflex.php,dynasty-op,dsf,Nicholas Singleton,24343,RB,TEN,193.14,23.01,166,232,NA,nick-singleton.php,NA,NA,8.1,NA,NA,NA,NA,NA,9,Nicholas Singleton,2026-10-02,TEN
/nfl/rankings/dynasty-superflex.php,dynasty-op,dsf,Pat Bryant,27211,WR,DEN,168.67,21.56,137,205,NA,pat-bryant.php,NA,NA,9.1,NA,NA,NA,NA,NA,10,Pat Bryant,2026-10-02,DEN
/nfl/rankings/dynasty-superflex.php,dynasty-op,dsf,Tyrone Tracy Jr.,22980,RB,NYG,196,21.87,168,237,NA,tyrone-tracy-jr.php,NA,NA,7.5,NA,NA,NA,NA,-11,8,Tyrone Tracy,2026-10-02,NYG
/nfl/rankings/dynasty-superflex.php,dynasty-op,dsf,Kayshon Boutte,22989,WR,HOU,173.17,15.05,149,200,NA,kayshon-boutte.php,NA,NA,18.6,NA,NA,NA,NA,NA,8,Kayshon Boutte,2026-10-02,HOU
/nfl/rankings/dynasty-superflex.php,dynasty-op,dsf,Tyjae Spears,25323,RB,TEN,198.14,15.54,179,220,NA,tyjae-spears.php,NA,NA,39.4,NA,NA,NA,NA,-8,9,Tyjae Spears,2026-10-02,TEN
/nfl/rankings/dynasty-superflex.php,dynasty-op,dsf,Ted Hurst III,28130,WR,TB,174.5,24.14,129,201,NA,ted-hurst.php,NA,NA,4.5,NA,NA,NA,NA,28,10,Ted Hurst,2026-10-02,TBB
/nfl/rankings/dynasty-superflex.php,dynasty-op,dsf,Tank Bigsby,22908,RB,PHI,199.43,16.08,180,222,NA,tank-bigsby.php,NA,NA,27.6,NA,NA,NA,NA,NA,10,Tank Bigsby,2026-10-02,PHI
/nfl/rankings/dynasty-superflex.php,dynasty-op,dsf,Dalton Schultz,17349,TE,HOU,175,17.64,156,205,NA,dalton-schultz.php,NA,NA,68.4,NA,NA,NA,NA,3,8,Dalton Schultz,2026-10-02,HOU
/nfl/rankings/dynasty-superflex.php,dynasty-op,dsf,Keaton Mitchell,25360,RB,LAC,200.29,17.92,184,241,NA,keaton-mitchell.php,NA,NA,31.1,NA,NA,NA,NA,NA,7,Keaton Mitchell,2026-10-02,LAC
/nfl/rankings/dynasty-superflex.php,dynasty-op,dsf,Elijah Sarratt,27463,WR,BAL,201.57,14.95,174,227,NA,elijah-sarratt.php,NA,NA,4.1,NA,NA,NA,NA,46,13,Elijah Sarratt,2026-10-02,BAL
/nfl/rankings/dynasty-superflex.php,dynasty-op,dsf,Jaylin Noel,27122,WR,HOU,177.33,12.39,156,195,NA,jaylin-noel.php,NA,NA,4.6,NA,NA,NA,NA,NA,8,Jaylin Noel,2026-10-02,HOU
/nfl/rankings/dynasty-superflex.php,dynasty-op,dsf,Dylan Sampson,27102,RB,CLE,202.14,14.83,178,218,NA,dylan-sampson.php,NA,NA,10.2,NA,NA,NA,NA,NA,11,Dylan Sampson,2026-10-02,CLE
/nfl/rankings/dynasty-superflex.php,dynasty-op,dsf,Troy Franklin,23092,WR,DEN,203.14,34.74,154,265,NA,troy-franklin.php,NA,NA,1.4,NA,NA,NA,NA,NA,10,Troy Franklin,2026-10-02,DEN
/nfl/rankings/dynasty-superflex.php,dynasty-op,dsf,MarShawn Lloyd,23118,RB,GB,203.29,18.72,173,225,NA,marshawn-lloyd.php,NA,NA,57.4,NA,NA,NA,NA,19,11,MarShawn Lloyd,2026-10-02,GBP
/nfl/rankings/dynasty-superflex.php,dynasty-op,dsf,Ja'Kobi Lane,27337,WR,BAL,180.17,33.08,133,234,NA,jakobi-lane.php,NA,NA,22.6,NA,NA,NA,NA,-8,13,JaKobi Lane,2026-10-02,BAL
/nfl/rankings/dynasty-superflex.php,dynasty-op,dsf,Dontayvion Wicks,24354,WR,PHI,180.67,27.02,134,212,NA,dontayvion-wicks.php,NA,NA,34.2,NA,NA,NA,NA,15,10,Dontayvion Wicks,2026-10-02,PHI
/nfl/rankings/dynasty-superflex.php,dynasty-op,dsf,Germie Bernard,26039,WR,PIT,181.5,28.59,144,226,NA,germie-bernard.php,NA,NA,5.7,NA,NA,NA,NA,9,9,Germie Bernard,2026-10-02,PIT
/nfl/rankings/dynasty-superflex.php,dynasty-op,dsf,Max Klare,27993,TE,LAR,205.29,26.96,168,248,NA,max-klare.php,NA,NA,2,NA,NA,NA,NA,-6,11,Max Klare,2026-10-02,LAR
/nfl/rankings/dynasty-superflex.php,dynasty-op,dsf,Tua Tagovailoa,19198,QB,ATL,148.4,27.98,106,182,NA,tua-tagovailoa.php,NA,NA,4.9,NA,NA,NA,NA,NA,11,Tua Tagovailoa,2026-10-02,ATL
/nfl/rankings/dynasty-superflex.php,dynasty-op,dsf,Oscar Delp,25430,TE,NO,184.33,16.01,164,206,NA,oscar-delp.php,NA,NA,1.2,NA,NA,NA,NA,NA,8,Oscar Delp,2026-10-02,NOS
/nfl/rankings/dynasty-superflex.php,dynasty-op,dsf,Malachi Fields,27994,WR,NYG,185.83,19.57,158,206,NA,malachi-fields.php,NA,NA,11.6,NA,NA,NA,NA,NA,8,Malachi Fields,2026-10-02,NYG
/nfl/rankings/dynasty-superflex.php,dynasty-op,dsf,Jauan Jennings,19590,WR,MIN,186.5,27.56,152,233,NA,jauan-jennings.php,NA,NA,12.3,NA,NA,NA,NA,11,6,Jauan Jennings,2026-10-02,MIN
/nfl/rankings/dynasty-superflex.php,dynasty-op,dsf,Mason Taylor,26005,TE,NYJ,212,14.79,191,242,NA,mason-taylor.php,NA,NA,1.9,NA,NA,NA,NA,NA,13,Mason Taylor,2026-10-02,NYJ
/nfl/rankings/dynasty-superflex.php,dynasty-op,dsf,Brian Robinson Jr.,20094,RB,ATL,213.29,7.05,204,224,NA,brian-robinson-jr.php,NA,NA,34.4,NA,NA,NA,NA,-10,11,Brian Robinson,2026-10-02,ATL
/nfl/rankings/dynasty-superflex.php,dynasty-op,dsf,Pat Freiermuth,20163,TE,PIT,191.17,6.09,184,203,NA,pat-freiermuth.php,NA,NA,18.3,NA,NA,NA,NA,9,9,Pat Freiermuth,2026-10-02,PIT
/nfl/rankings/dynasty-superflex.php,dynasty-op,dsf,Deshaun Watson,16398,QB,CLE,160.8,29.69,127,206,NA,deshaun-watson.php,NA,NA,8.7,NA,NA,NA,NA,NA,11,Deshaun Watson,2026-10-02,CLE
/nfl/rankings/dynasty-superflex.php,dynasty-op,dsf,Shedeur Sanders,25968,QB,CLE,161.2,20.53,130,182,NA,shedeur-sanders.php,NA,NA,2.6,NA,NA,NA,NA,NA,11,Shedeur Sanders,2026-10-02,CLE
/nfl/rankings/dynasty-superflex.php,dynasty-op,dsf,Tre Tucker,25337,WR,LV,193.67,30.85,163,250,NA,tre-tucker.php,NA,NA,45.5,NA,NA,NA,NA,-10,13,Tre Tucker,2026-10-02,LVR
/nfl/rankings/dynasty-superflex.php,dynasty-op,dsf,Jalen Nailor,24177,WR,LV,216.29,25.27,175,252,NA,jalen-nailor.php,NA,NA,18.8,NA,NA,NA,NA,34,13,Jalen Nailor,2026-10-02,LVR
/nfl/rankings/dynasty-superflex.php,dynasty-op,dsf,Jerry Jeudy,19201,WR,CLE,199.33,30.83,153,246,NA,jerry-jeudy.php,NA,NA,15.6,NA,NA,NA,NA,-22,11,Jerry Jeudy,2026-10-02,CLE
/nfl/rankings/dynasty-superflex.php,dynasty-op,dsf,Zachariah Branch,25419,WR,ATL,201,18.51,176,228,NA,zachariah-branch.php,NA,NA,8.7,NA,NA,NA,NA,13,11,Zachariah Branch,2026-10-02,ATL
/nfl/rankings/dynasty-superflex.php,dynasty-op,dsf,Kaleb Johnson,27165,RB,GB,222,20.56,183,258,NA,kaleb-johnson-rb.php,NA,NA,7.5,NA,NA,NA,NA,NA,11,Kaleb Johnson,2026-10-02,GBP
/nfl/rankings/dynasty-superflex.php,dynasty-op,dsf,Cade Otton,23181,TE,TB,222.29,17.91,199,254,NA,cade-otton.php,NA,NA,6.8,NA,NA,NA,NA,NA,10,Cade Otton,2026-10-02,TBB
/nfl/rankings/dynasty-superflex.php,dynasty-op,dsf,Alvin Kamara,16421,RB,NO,224.43,17.14,199,250,NA,alvin-kamara.php,NA,NA,54.9,NA,NA,NA,NA,-11,8,Alvin Kamara,2026-10-02,NOS
/nfl/rankings/dynasty-superflex.php,dynasty-op,dsf,Kaelon Black,28401,RB,SF,206,38,166,277,NA,kaelon-black.php,NA,NA,33.9,NA,NA,NA,NA,12,8,Kaelon Black,2026-10-02,SFO
/nfl/rankings/dynasty-superflex.php,dynasty-op,dsf,David Njoku,16399,TE,LAC,227.43,30.17,191,272,NA,david-njoku.php,NA,NA,7.3,NA,NA,NA,NA,-8,7,David Njoku,2026-10-02,LAC
/nfl/rankings/dynasty-superflex.php,dynasty-op,dsf,Ryan Flournoy,26398,WR,DAL,207.67,33.71,173,274,NA,ryan-flournoy.php,NA,NA,7,NA,NA,NA,NA,15,14,Ryan Flournoy,2026-10-02,DAL
/nfl/rankings/dynasty-superflex.php,dynasty-op,dsf,Isaac TeSlaa,27446,WR,DET,209.5,16.59,182,230,NA,isaac-teslaa.php,NA,NA,3.7,NA,NA,NA,NA,NA,6,Isaac TeSlaa,2026-10-02,DET
/nfl/rankings/dynasty-superflex.php,dynasty-op,dsf,Ollie Gordon II,25984,RB,MIA,229.29,27.21,193,271,NA,ollie-gordon.php,NA,NA,65.2,NA,NA,NA,NA,8,6,Ollie Gordon,2026-10-02,MIA
/nfl/rankings/dynasty-superflex.php,dynasty-op,dsf,Kaytron Allen,24362,RB,WAS,232.57,28.06,196,281,NA,kaytron-allen.php,NA,NA,4.2,NA,NA,NA,NA,NA,7,Kaytron Allen,2026-10-02,WAS
/nfl/rankings/dynasty-superflex.php,dynasty-op,dsf,Greg Dulcich,23153,TE,MIA,214,35.72,168,287,NA,greg-dulcich.php,NA,NA,7,NA,NA,NA,NA,NA,6,Greg Dulcich,2026-10-02,MIA
/nfl/rankings/dynasty-superflex.php,dynasty-op,dsf,Tory Horton,26022,WR,SEA,233.71,33.84,184,305,NA,tory-horton.php,NA,NA,1.8,NA,NA,NA,NA,9,11,Tory Horton,2026-10-02,SEA
/nfl/rankings/dynasty-superflex.php,dynasty-op,dsf,Jack Bech,27224,WR,LV,233.71,20.72,196,266,NA,jack-bech.php,NA,NA,1.4,NA,NA,NA,NA,10,13,Jack Bech,2026-10-02,LVR
/nfl/rankings/dynasty-superflex.php,dynasty-op,dsf,Devaughn Vele,26409,WR,NO,216.83,29.16,175,255,NA,devaughn-vele.php,NA,NA,45.2,NA,NA,NA,NA,25,8,Devaughn Vele,2026-10-02,NOS
/nfl/rankings/dynasty-superflex.php,dynasty-op,dsf,Elic Ayomanor,27059,WR,TEN,218.83,29.99,181,256,NA,elic-ayomanor.php,NA,NA,1.5,NA,NA,NA,NA,-18,9,Elic Ayomanor,2026-10-02,TEN
/nfl/rankings/dynasty-superflex.php,dynasty-op,dsf,Isiah Pacheco,24333,RB,DET,241,49.63,185,345,NA,isiah-pacheco.php,NA,NA,23.4,NA,NA,NA,NA,-7,6,Isiah Pacheco,2026-10-02,DET
/nfl/rankings/dynasty-superflex.php,dynasty-op,dsf,Chimere Dike,27315,WR,TEN,224,23.9,188,248,NA,chimere-dike.php,NA,NA,1.5,NA,NA,NA,NA,-15,9,Chimere Dike,2026-10-02,TEN
/nfl/rankings/dynasty-superflex.php,dynasty-op,dsf,Kyle Williams,27487,WR,NE,225.33,5.56,215,232,NA,kyle-williams-wr-2025.php,NA,NA,1.6,NA,NA,NA,NA,-10,11,Kyle Williams,2026-10-02,NEP
/nfl/rankings/dynasty-superflex.php,dynasty-op,dsf,Rashod Bateman,19794,WR,BAL,201.8,22.88,178,232,NA,rashod-bateman.php,NA,NA,34.5,NA,NA,NA,NA,NA,13,Rashod Bateman,2026-10-02,BAL
/nfl/rankings/dynasty-superflex.php,dynasty-op,dsf,Darnell Mooney,19810,WR,NYG,226.17,14.4,211,247,NA,darnell-mooney.php,NA,NA,3.2,NA,NA,NA,NA,-12,8,Darnell Mooney,2026-10-02,NYG
/nfl/rankings/dynasty-superflex.php,dynasty-op,dsf,Keon Coleman,26019,WR,BUF,226.67,12.62,214,249,NA,keon-coleman.php,NA,NA,8.7,NA,NA,NA,NA,-13,7,Keon Coleman,2026-10-02,BUF
/nfl/rankings/dynasty-superflex.php,dynasty-op,dsf,Kimani Vidal,26355,RB,LAC,231.17,16.14,218,264,NA,kimani-vidal.php,NA,NA,2.2,NA,NA,NA,NA,NA,7,Kimani Vidal,2026-10-02,LAC
/nfl/rankings/dynasty-superflex.php,dynasty-op,dsf,Jaylen Wright,25987,RB,MIA,238.33,18.33,213,270,NA,jaylen-wright.php,NA,NA,23.1,NA,NA,NA,NA,NA,6,Jaylen Wright,2026-10-02,MIA
/nfl/rankings/dynasty-superflex.php,dynasty-op,dsf,Malik Washington,26314,WR,MIA,216.6,23.72,179,252,NA,malik-washington.php,NA,NA,30.2,NA,NA,NA,NA,NA,6,Malik Washington,2026-10-02,MIA
/nfl/rankings/dynasty-superflex.php,dynasty-op,dsf,Tyreek Hill,15802,WR,FA,238.83,13.26,223,263,NA,tyreek-hill.php,NA,NA,17.4,NA,NA,NA,NA,18,NA,Tyreek Hill,2026-10-02,FA
/nfl/rankings/dynasty-superflex.php,dynasty-op,dsf,Demond Claiborne,28084,RB,MIN,254.71,25.84,217,296,NA,demond-claiborne.php,NA,NA,3.7,NA,NA,NA,NA,9,6,Demond Claiborne,2026-10-02,MIN
/nfl/rankings/dynasty-superflex.php,dynasty-op,dsf,Bryce Lance,28129,WR,NO,219,14.51,200,244,NA,bryce-lance.php,NA,NA,1,NA,NA,NA,NA,NA,8,Bryce Lance,2026-10-02,NOS
/nfl/rankings/dynasty-superflex.php,dynasty-op,dsf,Cyrus Allen,28424,WR,KC,220,12.88,208,238,NA,cyrus-allen.php,NA,NA,10.6,NA,NA,NA,NA,18,5,Cyrus Allen,2026-10-02,KCC
/nfl/rankings/dynasty-superflex.php,dynasty-op,dsf,Chris Brazzell II,28047,WR,CAR,220.6,27.65,175,260,NA,chris-brazzell-ii.php,NA,NA,1.7,NA,NA,NA,NA,-12,5,Chris Brazzell,2026-10-02,CAR
/nfl/rankings/dynasty-superflex.php,dynasty-op,dsf,Marvin Mims Jr.,23080,WR,DEN,242,6.58,231,253,NA,marvin-mims.php,NA,NA,2.6,NA,NA,NA,NA,NA,10,Marvin Mims,2026-10-02,DEN
/nfl/rankings/dynasty-superflex.php,dynasty-op,dsf,Michael Mayer,23056,TE,LV,221,18.03,190,241,NA,michael-mayer.php,NA,NA,8.8,NA,NA,NA,NA,4,13,Michael Mayer,2026-10-02,LVR
/nfl/rankings/dynasty-superflex.php,dynasty-op,dsf,Emanuel Wilson,25885,RB,SEA,243.67,14.68,219,261,NA,emanuel-wilson.php,NA,NA,25.6,NA,NA,NA,NA,NA,11,Emanuel Wilson,2026-10-02,SEA
/nfl/rankings/dynasty-superflex.php,dynasty-op,dsf,Calvin Ridley,17258,WR,TEN,224.2,30.14,172,257,NA,calvin-ridley.php,NA,NA,6.3,NA,NA,NA,NA,-12,9,Calvin Ridley,2026-10-02,TEN
/nfl/rankings/dynasty-superflex.php,dynasty-op,dsf,Ray Davis,26191,RB,BUF,246.83,17.27,224,275,NA,ray-davis.php,NA,NA,7.4,NA,NA,NA,NA,NA,7,Ray Davis,2026-10-02,BUF
/nfl/rankings/dynasty-superflex.php,dynasty-op,dsf,Darnell Washington,22967,TE,PIT,229,18.83,209,258,NA,darnell-washington.php,NA,NA,2.5,NA,NA,NA,NA,NA,9,Darnell Washington,2026-10-02,PIT
/nfl/rankings/dynasty-superflex.php,dynasty-op,dsf,Skyler Bell,28126,WR,BUF,230.6,19.5,196,253,NA,skyler-bell.php,NA,NA,3,NA,NA,NA,NA,27,7,Skyler Bell,2026-10-02,BUF
/nfl/rankings/dynasty-superflex.php,dynasty-op,dsf,Tank Dell,25361,WR,HOU,231.4,20.87,197,255,NA,nathaniel-dell.php,NA,NA,25.7,NA,NA,NA,NA,-10,8,Tank Dell,2026-10-02,HOU
/nfl/rankings/dynasty-superflex.php,dynasty-op,dsf,Kirk Cousins,11177,QB,LV,154.67,54.92,94,227,NA,kirk-cousins.php,NA,NA,24.2,NA,NA,NA,NA,NA,13,Kirk Cousins,2026-10-02,LVR
/nfl/rankings/dynasty-superflex.php,dynasty-op,dsf,Keenan Allen,11616,WR,IND,232.4,11.59,211,243,NA,keenan-allen.php,NA,NA,40.7,NA,NA,NA,NA,NA,13,Keenan Allen,2026-10-02,IND
/nfl/rankings/dynasty-superflex.php,dynasty-op,dsf,Brandon Aiyuk,19252,WR,SF,233,59.77,126,305,NA,brandon-aiyuk.php,NA,NA,2.8,NA,NA,NA,NA,-38,8,Brandon Aiyuk,2026-10-02,SFO
/nfl/rankings/dynasty-superflex.php,dynasty-op,dsf,J.J. McCarthy,23018,QB,NYG,162,62.76,100,248,NA,jj-mccarthy.php,NA,NA,2.6,NA,NA,NA,NA,NA,8,JJ McCarthy,2026-10-02,NYG
/nfl/rankings/dynasty-superflex.php,dynasty-op,dsf,Elijah Arroyo,23004,TE,SEA,238.8,29.66,194,278,NA,elijah-arroyo.php,NA,NA,0.9,NA,NA,NA,NA,NA,11,Elijah Arroyo,2026-10-02,SEA
/nfl/rankings/dynasty-superflex.php,dynasty-op,dsf,Anthony Richardson Sr.,24347,QB,IND,170.33,65.36,92,252,NA,anthony-richardson.php,NA,NA,1.6,NA,NA,NA,NA,NA,13,Anthony Richardson,2026-10-02,IND
/nfl/rankings/dynasty-superflex.php,dynasty-op,dsf,Kevin Coleman Jr.,28067,WR,MIA,242.4,20.11,226,280,NA,kevin-coleman-jr.php,NA,NA,1.1,NA,NA,NA,NA,NA,6,Kevin Coleman,2026-10-02,MIA
/nfl/rankings/dynasty-superflex.php,dynasty-op,dsf,Mac Jones,20156,QB,SF,175.33,50.72,137,247,NA,mac-jones.php,NA,NA,0.9,NA,NA,NA,NA,NA,8,Mac Jones,2026-10-02,SFO
/nfl/rankings/dynasty-superflex.php,dynasty-op,dsf,Seth McGowan,23079,RB,IND,262.67,5.19,256,273,NA,seth-mcgowan.php,NA,NA,1.8,NA,NA,NA,NA,21,13,Seth McGowan,2026-10-02,IND
/nfl/rankings/dynasty-superflex.php,dynasty-op,dsf,Sean Tucker,23679,RB,TB,262.83,17.51,244,296,NA,sean-tucker.php,NA,NA,3.4,NA,NA,NA,NA,NA,10,Sean Tucker,2026-10-02,TBB
/nfl/rankings/dynasty-superflex.php,dynasty-op,dsf,Justin Fields,19781,QB,KC,180,60.87,107,256,NA,justin-fields.php,NA,NA,0.9,NA,NA,NA,NA,NA,5,Justin Fields,2026-10-02,KCC
/nfl/rankings/dynasty-superflex.php,dynasty-op,dsf,Trey Benson,25388,RB,ARI,264,17.36,248,301,NA,trey-benson.php,NA,NA,1,NA,NA,NA,NA,NA,14,Trey Benson,2026-10-02,ARI
/nfl/rankings/dynasty-superflex.php,dynasty-op,dsf,Cooper Kupp,16433,WR,SEA,249,13.31,238,271,NA,cooper-kupp.php,NA,NA,12.6,NA,NA,NA,NA,-11,11,Cooper Kupp,2026-10-02,SEA
/nfl/rankings/dynasty-superflex.php,dynasty-op,dsf,Kendre Miller,24360,RB,NO,267.17,22.61,227,297,NA,kendre-miller.php,NA,NA,6.7,NA,NA,NA,NA,NA,8,Kendre Miller,2026-10-02,NOS
/nfl/rankings/dynasty-superflex.php,dynasty-op,dsf,Darius Slayton,18706,WR,IND,253,19.93,232,285,NA,darius-slayton.php,NA,NA,1,NA,NA,NA,NA,NA,13,Darius Slayton,2026-10-02,IND
/nfl/rankings/dynasty-superflex.php,dynasty-op,dsf,DeMario Douglas,25304,WR,NE,254.8,13.66,237,273,NA,demario-douglas.php,NA,NA,2.9,NA,NA,NA,NA,NA,11,Demario Douglas,2026-10-02,NEP
/nfl/rankings/dynasty-superflex.php,dynasty-op,dsf,Evan Engram,16411,TE,DEN,255.4,22.22,225,290,NA,evan-engram.php,NA,NA,4,NA,NA,NA,NA,NA,10,Evan Engram,2026-10-02,DEN
/nfl/rankings/dynasty-superflex.php,dynasty-op,dsf,Brenen Thompson,28133,WR,LAC,256,15.28,229,269,NA,brenen-thompson.php,NA,NA,0.9,NA,NA,NA,NA,NA,7,Brenen Thompson,2026-10-02,LAC
/nfl/rankings/dynasty-superflex.php,dynasty-op,dsf,Matt Hibner,28168,TE,BAL,233.25,40.76,164,266,NA,matthew-hibner.php,NA,NA,1.2,NA,NA,NA,NA,NA,13,Matt Hibner,2026-10-02,BAL
/nfl/rankings/dynasty-superflex.php,dynasty-op,dsf,Colby Parkinson,19372,TE,LAR,256.2,20.23,237,286,NA,colby-parkinson.php,NA,NA,3.5,NA,NA,NA,NA,6,11,Colby Parkinson,2026-10-02,LAR
/nfl/rankings/dynasty-superflex.php,dynasty-op,dsf,Theo Johnson,23104,TE,NYG,256.8,26.38,210,287,NA,theo-johnson.php,NA,NA,1.5,NA,NA,NA,NA,-5,8,Theo Johnson,2026-10-02,NYG
/nfl/rankings/dynasty-superflex.php,dynasty-op,dsf,Cole Kmet,19229,TE,CHI,256.8,26.86,225,296,NA,cole-kmet.php,NA,NA,1.8,NA,NA,NA,NA,NA,10,Cole Kmet,2026-10-02,CHI
/nfl/rankings/dynasty-superflex.php,dynasty-op,dsf,Adam Randall,24367,RB,BAL,260.2,28.4,226,301,NA,adam-randall.php,NA,NA,1.4,NA,NA,NA,NA,27,13,Adam Randall,2026-10-02,BAL
/nfl/rankings/dynasty-superflex.php,dynasty-op,dsf,Najee Harris,19302,RB,NYG,275.5,14.52,257,297,NA,najee-harris-rb.php,NA,NA,6.8,NA,NA,NA,NA,NA,8,Najee Harris,2026-10-02,NYG
/nfl/rankings/dynasty-superflex.php,dynasty-op,dsf,Devin Neal,23682,RB,MIN,261.6,22.65,221,286,NA,devin-neal.php,NA,NA,1.2,NA,NA,NA,NA,-26,6,Devin Neal,2026-10-02,MIN
/nfl/rankings/dynasty-superflex.php,dynasty-op,dsf,Tyquan Thornton,22913,WR,KC,262,32.82,236,326,NA,tyquan-thornton.php,NA,NA,2.6,NA,NA,NA,NA,15,5,Tyquan Thornton,2026-10-02,KCC
/nfl/rankings/dynasty-superflex.php,dynasty-op,dsf,Xavier Legette,26136,WR,CAR,262.2,22.73,239,304,NA,xavier-legette.php,NA,NA,1.3,NA,NA,NA,NA,NA,5,Xavier Legette,2026-10-02,CAR
/nfl/rankings/dynasty-superflex.php,dynasty-op,dsf,Sam Roush,28161,TE,CHI,263.2,28.17,220,299,NA,sam-roush.php,NA,NA,0.7,NA,NA,NA,NA,NA,10,Sam Roush,2026-10-02,CHI
/nfl/rankings/dynasty-superflex.php,dynasty-op,dsf,James Conner,16447,RB,ARI,264,24.21,222,288,NA,james-conner.php,NA,NA,9,NA,NA,NA,NA,-11,14,James Conner,2026-10-02,ARI
/nfl/rankings/dynasty-superflex.php,dynasty-op,dsf,Isaiah Davis,25977,RB,NYJ,279.33,27.05,252,335,NA,isaiah-davis.php,NA,NA,3.7,NA,NA,NA,NA,NA,13,Isaiah Davis,2026-10-02,NYJ
/nfl/rankings/dynasty-superflex.php,dynasty-op,dsf,Chris Brooks,25823,RB,GB,279.5,22.5,247,320,NA,christopher-brooks.php,NA,NA,7.2,NA,NA,NA,NA,NA,11,Chris Brooks,2026-10-02,GBP
/nfl/rankings/dynasty-superflex.php,dynasty-op,dsf,Carson Beck,22953,QB,ARI,212,64.19,152,301,NA,carson-beck.php,NA,NA,2.5,NA,NA,NA,NA,NA,14,Carson Beck,2026-10-02,ARI
/nfl/rankings/dynasty-superflex.php,dynasty-op,dsf,Hollywood Brown,18226,WR,PHI,266.6,38.02,239,338,NA,marquise-brown.php,NA,NA,1.2,NA,NA,NA,NA,NA,10,Marquise Brown,2026-10-02,PHI
/nfl/rankings/dynasty-superflex.php,dynasty-op,dsf,Christian Kirk,17268,WR,SF,267.8,38.19,224,329,NA,christian-kirk.php,NA,NA,2.2,NA,NA,NA,NA,NA,8,Christian Kirk,2026-10-02,SFO
/nfl/rankings/dynasty-superflex.php,dynasty-op,dsf,Mike Gesicki,17272,TE,CIN,269.2,7.41,261,280,NA,mike-gesicki.php,NA,NA,10.1,NA,NA,NA,NA,6,6,Mike Gesicki,2026-10-02,CIN
/nfl/rankings/dynasty-superflex.php,dynasty-op,dsf,Charlie Kolar,22756,TE,LAC,269.8,28.38,221,307,NA,charlie-kolar.php,NA,NA,0.7,NA,NA,NA,NA,6,7,Charlie Kolar,2026-10-02,LAC
/nfl/rankings/dynasty-superflex.php,dynasty-op,dsf,Jalen Royals,27076,WR,KC,270,8.99,259,278,NA,jalen-royals.php,NA,NA,0.6,NA,NA,NA,NA,NA,5,Jalen Royals,2026-10-02,KCC
/nfl/rankings/dynasty-superflex.php,dynasty-op,dsf,Marlin Klein,28157,TE,HOU,273.2,21.65,234,293,NA,marlin-klein.php,NA,NA,0.6,NA,NA,NA,NA,NA,8,Marlin Klein,2026-10-02,HOU
/nfl/rankings/dynasty-superflex.php,dynasty-op,dsf,Andrei Iosivas,25335,WR,CIN,273.8,9,258,284,NA,andrei-iosivas.php,NA,NA,1,NA,NA,NA,NA,NA,6,Andrei Iosivas,2026-10-02,CIN
/nfl/rankings/dynasty-superflex.php,dynasty-op,dsf,Eli Heidenreich,28297,RB,PIT,275.6,6.71,263,283,NA,eli-heidenreich.php,NA,NA,2.2,NA,NA,NA,NA,NA,9,Eli Heidenreich,2026-10-02,PIT
/nfl/rankings/dynasty-superflex.php,dynasty-op,dsf,Joshua Palmer,22845,WR,BUF,276.8,32.56,226,318,NA,josh-palmer.php,NA,NA,2.6,NA,NA,NA,NA,NA,7,Josh Palmer,2026-10-02,BUF
/nfl/rankings/dynasty-superflex.php,dynasty-op,dsf,Mack Hollins,16489,WR,NE,280.4,23.13,243,313,NA,mack-hollins.php,NA,NA,5.8,NA,NA,NA,NA,NA,11,Mack Hollins,2026-10-02,NEP
/nfl/rankings/dynasty-superflex.php,dynasty-op,dsf,Konata Mumpfield,27449,WR,LAR,235.67,39.37,185,281,NA,konata-mumpfield.php,NA,NA,4.2,NA,NA,NA,NA,NA,11,Konata Mumpfield,2026-10-02,LAR
/nfl/rankings/dynasty-superflex.php,dynasty-op,dsf,Ben Sinnott,26310,TE,WAS,280.6,19.62,245,301,NA,ben-sinnott.php,NA,NA,0.6,NA,NA,NA,NA,-14,7,Ben Sinnott,2026-10-02,WAS
/nfl/rankings/dynasty-superflex.php,dynasty-op,dsf,Jalen Tolbert,23770,WR,MIA,264.5,36.16,215,317,NA,jalen-tolbert.php,NA,NA,1.1,NA,NA,NA,NA,NA,6,Jalen Tolbert,2026-10-02,MIA
/nfl/rankings/dynasty-superflex.php,dynasty-op,dsf,Erick All Jr.,23837,TE,CIN,264.5,16.13,242,285,NA,erick-all.php,NA,NA,0.6,NA,NA,NA,NA,NA,6,Erick All,2026-10-02,CIN
/nfl/rankings/dynasty-superflex.php,dynasty-op,dsf,Calvin Austin III,23739,WR,NYG,267.75,23.56,228,288,NA,calvin-austin.php,NA,NA,1.5,NA,NA,NA,NA,-14,8,Calvin Austin,2026-10-02,NYG
/nfl/rankings/dynasty-superflex.php,dynasty-op,dsf,Jordan James,27310,RB,SF,283.8,26.12,253,328,NA,jordan-james.php,NA,NA,1.3,NA,NA,NA,NA,NA,8,Jordan James,2026-10-02,SFO
/nfl/rankings/dynasty-superflex.php,dynasty-op,dsf,Tez Johnson,27147,WR,TB,284.6,36.72,240,329,NA,tez-johnson.php,NA,NA,0.6,NA,NA,NA,NA,-14,10,Tez Johnson,2026-10-02,TBB
/nfl/rankings/dynasty-superflex.php,dynasty-op,dsf,Tanner Koziol,27499,TE,JAC,284.8,15.82,260,307,NA,tanner-koziol.php,NA,NA,1.4,NA,NA,NA,NA,NA,7,Tanner Koziol,2026-10-02,JAC
/nfl/rankings/dynasty-superflex.php,dynasty-op,dsf,Will Shipley,22930,RB,PHI,285.2,22.64,254,316,NA,will-shipley.php,NA,NA,0.9,NA,NA,NA,NA,NA,10,Will Shipley,2026-10-02,PHI
/nfl/rankings/dynasty-superflex.php,dynasty-op,dsf,Dawson Knox,18631,TE,BUF,288.4,9.41,272,298,NA,dawson-knox.php,NA,NA,1.7,NA,NA,NA,NA,NA,7,Dawson Knox,2026-10-02,BUF
/nfl/rankings/dynasty-superflex.php,dynasty-op,dsf,Darren Waller,14104,TE,CAR,275.25,26.56,245,309,NA,darren-waller.php,NA,NA,28,NA,NA,NA,NA,17,5,Darren Waller,2026-10-02,CAR
/nfl/rankings/dynasty-superflex.php,dynasty-op,dsf,Ja'Tavion Sanders,24334,TE,CAR,290,31.48,231,322,NA,jatavion-sanders.php,NA,NA,0.6,NA,NA,NA,NA,NA,5,JaTavion Sanders,2026-10-02,CAR
/nfl/rankings/dynasty-superflex.php,dynasty-op,dsf,Jarquez Hunter,24335,RB,MIA,276,26.79,247,318,NA,jarquez-hunter.php,NA,NA,1,NA,NA,NA,NA,NA,6,Jarquez Hunter,2026-10-02,MIA
/nfl/rankings/dynasty-superflex.php,dynasty-op,dsf,George Holani,22915,RB,SEA,291.4,22.86,259,324,NA,george-holani.php,NA,NA,4.3,NA,NA,NA,NA,NA,11,George Holani,2026-10-02,SEA
/nfl/rankings/dynasty-superflex.php,dynasty-op,dsf,Justin Joly,28079,TE,MIA,277.5,18.19,247,295,NA,justin-joly.php,NA,NA,2.5,NA,NA,NA,NA,-6,6,Justin Joly,2026-10-02,MIA
/nfl/rankings/dynasty-superflex.php,dynasty-op,dsf,Isaiah Bond,24371,WR,CLE,292.6,41.13,241,343,NA,isaiah-bond.php,NA,NA,0.6,NA,NA,NA,NA,-22,11,Isaiah Bond,2026-10-02,CLE
/nfl/rankings/dynasty-superflex.php,dynasty-op,dsf,Noah Fant,17527,TE,NO,293.4,6.77,283,303,NA,noah-fant.php,NA,NA,1.6,NA,NA,NA,NA,NA,8,Noah Fant,2026-10-02,NOS
/nfl/rankings/dynasty-superflex.php,dynasty-op,dsf,Savion Williams,27144,WR,GB,293.8,10.19,279,306,NA,savion-williams.php,NA,NA,0.6,NA,NA,NA,NA,NA,11,Savion Williams,2026-10-02,GBP
/nfl/rankings/dynasty-superflex.php,dynasty-op,dsf,Jahan Dotson,23101,WR,ATL,295,30.35,242,335,NA,jahan-dotson.php,NA,NA,1.7,NA,NA,NA,NA,NA,11,Jahan Dotson,2026-10-02,ATL
/nfl/rankings/dynasty-superflex.php,dynasty-op,dsf,Brashard Smith,27259,RB,KC,296.8,20.85,263,315,NA,brashard-smith.php,NA,NA,1.3,NA,NA,NA,NA,-10,5,Brashard Smith,2026-10-02,KCC
/nfl/rankings/dynasty-superflex.php,dynasty-op,dsf,Jack Endries,27501,TE,CIN,296.8,9.02,285,307,NA,jack-endries.php,NA,NA,2.4,NA,NA,NA,NA,NA,6,Jack Endries,2026-10-02,CIN
/nfl/rankings/dynasty-superflex.php,dynasty-op,dsf,Justice Hill,18256,RB,BAL,296.8,5.71,289,304,NA,justice-hill.php,NA,NA,8.3,NA,NA,NA,NA,NA,13,Justice Hill,2026-10-02,BAL
/nfl/rankings/dynasty-superflex.php,dynasty-op,dsf,Tyson Bagent,25321,QB,CHI,222.5,69.5,153,292,NA,tyson-bagent.php,NA,NA,1.1,NA,NA,NA,NA,NA,10,Tyson Bagent,2026-10-02,CHI
/nfl/rankings/dynasty-superflex.php,dynasty-op,dsf,Malik Benson,26012,WR,LV,266,31.16,226,302,NA,malik-benson.php,NA,NA,0.6,NA,NA,NA,NA,NA,13,Malik Benson,2026-10-02,LVR
/nfl/rankings/dynasty-superflex.php,dynasty-op,dsf,DJ Giddens,27097,RB,IND,299,20.13,262,319,NA,dj-giddens.php,NA,NA,0.7,NA,NA,NA,NA,NA,13,DJ Giddens,2026-10-02,IND
/nfl/rankings/dynasty-superflex.php,dynasty-op,dsf,Jameis Winston,13891,QB,NYG,226,72,154,298,NA,jameis-winston.php,NA,NA,4.6,NA,NA,NA,NA,NA,8,Jameis Winston,2026-10-02,NYG
/nfl/rankings/dynasty-superflex.php,dynasty-op,dsf,CJ Daniels,28125,WR,LAR,287,23.27,261,314,NA,cj-daniels.php,NA,NA,1.3,NA,NA,NA,NA,NA,11,CJ Daniels,2026-10-02,LAR
/nfl/rankings/dynasty-superflex.php,dynasty-op,dsf,Tyler Higbee,15623,TE,LAR,288.25,14.18,272,308,NA,tyler-higbee.php,NA,NA,2.3,NA,NA,NA,NA,NA,11,Tyler Higbee,2026-10-02,LAR
/nfl/rankings/dynasty-superflex.php,dynasty-op,dsf,Marcus Mariota,13890,QB,WAS,231,69,162,300,NA,marcus-mariota.php,NA,NA,11.5,NA,NA,NA,NA,NA,7,Marcus Mariota,2026-10-02,WAS
/nfl/rankings/dynasty-superflex.php,dynasty-op,dsf,Barion Brown,25416,WR,NO,290,39.7,222,322,NA,barion-brown.php,NA,NA,1.4,NA,NA,NA,NA,NA,8,Barion Brown,2026-10-02,NOS
/nfl/rankings/dynasty-superflex.php,dynasty-op,dsf,Tahj Brooks,26212,RB,CIN,303,21.75,268,331,NA,tahj-brooks.php,NA,NA,0.7,NA,NA,NA,NA,14,6,Tahj Brooks,2026-10-02,CIN
/nfl/rankings/dynasty-superflex.php,dynasty-op,dsf,Cedric Tillman,25287,WR,NO,292,31.47,238,314,NA,cedric-tillman.php,NA,NA,1,NA,NA,NA,NA,-26,8,Cedric Tillman,2026-10-02,NOS
/nfl/rankings/dynasty-superflex.php,dynasty-op,dsf,Jaydon Blue,24344,RB,PHI,292.25,44.25,246,345,NA,jaydon-blue.php,NA,NA,1.4,NA,NA,NA,NA,-9,10,Jaydon Blue,2026-10-02,PHI
/nfl/rankings/dynasty-superflex.php,dynasty-op,dsf,Malik Davis,24205,RB,DAL,304.8,39.71,249,342,NA,malik-davis.php,NA,NA,1.8,NA,NA,NA,NA,-15,14,Malik Davis,2026-10-02,DAL
/nfl/rankings/dynasty-superflex.php,dynasty-op,dsf,Trevor Etienne,25393,RB,CAR,295.5,39.26,250,349,NA,trevor-etienne.php,NA,NA,0.8,NA,NA,NA,NA,NA,5,Trevor Etienne,2026-10-02,CAR
/nfl/rankings/dynasty-superflex.php,dynasty-op,dsf,Isaac Guerendo,26392,RB,SF,296.75,20.58,266,324,NA,isaac-guerendo.php,NA,NA,0.6,NA,NA,NA,NA,-10,8,Isaac Guerendo,2026-10-02,SFO
/nfl/rankings/dynasty-superflex.php,dynasty-op,dsf,Jake Tonges,24778,TE,SF,307,13.34,289,325,NA,jake-tonges.php,NA,NA,1.4,NA,NA,NA,NA,NA,8,Jake Tonges,2026-10-02,SFO
/nfl/rankings/dynasty-superflex.php,dynasty-op,dsf,Jalen Milroe,22884,QB,SEA,247.5,63.5,184,311,NA,jalen-milroe.php,NA,NA,0.6,NA,NA,NA,NA,NA,11,Jalen Milroe,2026-10-02,SEA
/nfl/rankings/dynasty-superflex.php,dynasty-op,dsf,Carson Wentz,15520,QB,MIN,248.5,63.5,185,312,NA,carson-wentz.php,NA,NA,1.4,NA,NA,NA,NA,NA,6,Carson Wentz,2026-10-02,MIN
/nfl/rankings/dynasty-superflex.php,dynasty-op,dsf,Tutu Atwell,20126,WR,LAR,299.5,29.23,251,323,NA,tutu-atwell.php,NA,NA,0.8,NA,NA,NA,NA,NA,11,Tutu Atwell,2026-10-02,LAR
/nfl/rankings/dynasty-superflex.php,dynasty-op,dsf,Devin Singletary,18280,RB,NYG,300.75,24.66,261,328,NA,devin-singletary.php,NA,NA,7.5,NA,NA,NA,NA,NA,8,Devin Singletary,2026-10-02,NYG
/nfl/rankings/dynasty-superflex.php,dynasty-op,dsf,Colbie Young,26037,WR,CIN,285.67,26.03,257,320,NA,colbie-young.php,NA,NA,0.8,NA,NA,NA,NA,NA,6,Colbie Young,2026-10-02,CIN
/nfl/rankings/dynasty-superflex.php,dynasty-op,dsf,Ty Johnson,18406,RB,BUF,310.8,30.74,251,333,NA,ty-johnson.php,NA,NA,1.6,NA,NA,NA,NA,NA,7,Ty Johnson,2026-10-02,BUF
/nfl/rankings/dynasty-superflex.php,dynasty-op,dsf,Zavion Thomas,28132,WR,CHI,287.33,36.88,236,321,NA,zavion-thomas.php,NA,NA,1.8,NA,NA,NA,NA,NA,10,Zavion Thomas,2026-10-02,CHI
/nfl/rankings/dynasty-superflex.php,dynasty-op,dsf,Jonnu Smith,16460,TE,GB,287.67,25.25,262,322,NA,jonnu-smith.php,NA,NA,0.9,NA,NA,NA,NA,NA,11,Jonnu Smith,2026-10-02,GBP
/nfl/rankings/dynasty-superflex.php,dynasty-op,dsf,Raheim Sanders,24351,RB,CLE,289.67,45.52,248,353,NA,raheim-sanders.php,NA,NA,3,NA,NA,NA,NA,NA,11,Raheim Sanders,2026-10-02,CLE
/nfl/rankings/dynasty-superflex.php,dynasty-op,dsf,Jordan Whittington,23135,WR,LAR,303,16.08,286,327,NA,jordan-whittington.php,NA,NA,0.6,NA,NA,NA,NA,NA,11,Jordan Whittington,2026-10-02,LAR
/nfl/rankings/dynasty-superflex.php,dynasty-op,dsf,Mitchell Evans,27138,TE,CAR,312.4,15.89,289,334,NA,mitchell-evans.php,NA,NA,1,NA,NA,NA,NA,NA,5,Mitchell Evans,2026-10-02,CAR
/nfl/rankings/dynasty-superflex.php,dynasty-op,dsf,KeAndre Lambert-Smith,24372,WR,LAC,313.6,18.73,289,336,NA,keandre-lambert-smith.php,NA,NA,0.7,NA,NA,NA,NA,NA,7,KeAndre Lambert-Smith,2026-10-02,LAC
/nfl/rankings/dynasty-superflex.php,dynasty-op,dsf,Deion Burks,27093,WR,IND,305.25,30.14,254,331,NA,deion-burks.php,NA,NA,2,NA,NA,NA,NA,NA,13,Deion Burks,2026-10-02,IND
/nfl/rankings/dynasty-superflex.php,dynasty-op,dsf,J'Mari Taylor,28109,RB,JAC,294.33,40.08,265,351,NA,jmari-taylor.php,NA,NA,2.3,NA,NA,NA,NA,NA,7,JMari Taylor,2026-10-02,JAC
/nfl/rankings/dynasty-superflex.php,dynasty-op,dsf,Xavier Hutchinson,25332,WR,HOU,294.33,31.9,252,329,NA,xavier-hutchinson.php,NA,NA,7.5,NA,NA,NA,NA,NA,8,Xavier Hutchinson,2026-10-02,HOU
/nfl/rankings/dynasty-superflex.php,dynasty-op,dsf,Samaje Perine,16423,RB,CIN,294.33,28.59,260,330,NA,samaje-perine.php,NA,NA,5.9,NA,NA,NA,NA,NA,6,Samaje Perine,2026-10-02,CIN
/nfl/rankings/dynasty-superflex.php,dynasty-op,dsf,Emari Demercado,25654,RB,DAL,308.75,26.14,269,341,NA,emari-demercado.php,NA,NA,1.3,NA,NA,NA,NA,NA,14,Emari Demercado,2026-10-02,DAL
/nfl/rankings/dynasty-superflex.php,dynasty-op,dsf,Roman Wilson,28896,WR,PIT,270,56,214,326,NA,roman-wilson-wr.php,NA,NA,3.8,NA,NA,NA,NA,NA,9,Roman Wilson,2026-10-02,PIT
/nfl/rankings/dynasty-superflex.php,dynasty-op,dsf,Jerome Ford,22921,RB,FA,296.67,31.12,257,333,NA,jerome-ford.php,NA,NA,3.6,NA,NA,NA,NA,-18,NA,Jerome Ford,2026-10-02,FA
/nfl/rankings/dynasty-superflex.php,dynasty-op,dsf,Jaylin Lane,27454,WR,WAS,311.75,26.23,270,339,NA,jaylin-lane.php,NA,NA,0.6,NA,NA,NA,NA,NA,7,Jaylin Lane,2026-10-02,WAS
/nfl/rankings/dynasty-superflex.php,dynasty-op,dsf,Devontez Walker,26011,WR,BAL,301.33,47.64,234,337,NA,devontez-walker.php,NA,NA,0.6,NA,NA,NA,NA,NA,13,Devontez Walker,2026-10-02,BAL
/nfl/rankings/dynasty-superflex.php,dynasty-op,dsf,John Metchie III,22895,WR,CAR,302.33,28.99,267,338,NA,john-metchie.php,NA,NA,1.3,NA,NA,NA,NA,-15,5,John Metchie,2026-10-02,CAR
/nfl/rankings/dynasty-superflex.php,dynasty-op,dsf,Noah Gray,19539,TE,KC,314.75,22.16,287,344,NA,noah-gray.php,NA,NA,0.6,NA,NA,NA,NA,NA,5,Noah Gray,2026-10-02,KCC
/nfl/rankings/dynasty-superflex.php,dynasty-op,dsf,Michael Trigg,23167,TE,DAL,305.33,29.01,269,340,NA,michael-trigg.php,NA,NA,2.3,NA,NA,NA,NA,12,14,Michael Trigg,2026-10-02,DAL
/nfl/rankings/dynasty-superflex.php,dynasty-op,dsf,Zach Ertz,11689,TE,PHI,316,20.96,288,346,NA,zach-ertz.php,NA,NA,3.6,NA,NA,NA,NA,-9,10,Zach Ertz,2026-10-02,PHI
/nfl/rankings/dynasty-superflex.php,dynasty-op,dsf,Tommy Tremble,22795,TE,CAR,307.67,25.32,285,343,NA,tommy-tremble.php,NA,NA,0.6,NA,NA,NA,NA,NA,5,Tommy Tremble,2026-10-02,CAR
/nfl/rankings/dynasty-superflex.php,dynasty-op,dsf,LeQuint Allen Jr.,27285,RB,JAC,327,16.4,310,358,NA,lequint-allen-jr.php,NA,NA,0.7,NA,NA,NA,NA,13,7,LeQuint Allen,2026-10-02,JAC
/nfl/rankings/dynasty-superflex.php,dynasty-op,dsf,Tai Felton,27182,WR,MIN,299,48,251,347,NA,tai-felton.php,NA,NA,0.6,NA,NA,NA,NA,NA,6,Tai Felton,2026-10-02,MIN
/nfl/rankings/dynasty-superflex.php,dynasty-op,dsf,Dont'e Thornton Jr.,27288,WR,LV,316.67,27.35,283,350,NA,donte-thornton-jr.php,NA,NA,0.7,NA,NA,NA,NA,-19,13,Donte Thornton,2026-10-02,LVR
/nfl/rankings/dynasty-superflex.php,dynasty-op,dsf,Nate Boerkircher,28427,TE,JAC,326.5,19.46,303,357,NA,nate-boerkircher.php,NA,NA,1.7,NA,NA,NA,NA,7,7,Nate Boerkircher,2026-10-02,JAC
/nfl/rankings/dynasty-superflex.php,dynasty-op,dsf,Jordan Watkins,27486,WR,SF,318,25.66,290,352,NA,jordan-watkins.php,NA,NA,0.6,NA,NA,NA,NA,NA,8,Jordan Watkins,2026-10-02,SFO
/nfl/rankings/dynasty-superflex.php,dynasty-op,dsf,Dohnte Meyers,28178,WR,CIN,302,46,256,348,NA,dohnte-meyers.php,NA,NA,1.5,NA,NA,NA,NA,NA,6,Dohnte Meyers,2026-10-02,CIN
/nfl/rankings/dynasty-superflex.php,dynasty-op,dsf,Audric Estime,23054,RB,MIN,332,25.82,308,375,NA,audric-estime.php,NA,NA,1.2,NA,NA,NA,NA,-12,6,Audric Estime,2026-10-02,MIN
/nfl/rankings/dynasty-superflex.php,dynasty-op,dsf,Luke Musgrave,25282,TE,GB,321.67,23.89,297,354,NA,luke-musgrave.php,NA,NA,0.8,NA,NA,NA,NA,NA,11,Luke Musgrave,2026-10-02,GBP
/nfl/rankings/dynasty-superflex.php,dynasty-op,dsf,Josh Cameron,28137,WR,JAC,322.33,27.38,288,355,NA,josh-cameron.php,NA,NA,0.7,NA,NA,NA,NA,NA,7,Josh Cameron,2026-10-02,JAC
/nfl/rankings/dynasty-superflex.php,dynasty-op,dsf,Kendrick Bourne,17066,WR,ARI,327.33,23.16,309,360,NA,kendrick-bourne.php,NA,NA,1.4,NA,NA,NA,NA,NA,14,Kendrick Bourne,2026-10-02,ARI
/nfl/rankings/dynasty-superflex.php,dynasty-op,dsf,Seydou Traore,28163,TE,MIA,318,38,280,356,NA,seydou-traore.php,NA,NA,0,NA,NA,NA,NA,-25,6,Seydou Traore,2026-10-02,MIA
/nfl/rankings/dynasty-superflex.php,dynasty-op,dsf,Eric Rivers Jr.,28128,WR,TB,329.67,22.69,308,361,NA,eric-rivers.php,NA,NA,1,NA,NA,NA,NA,NA,10,Eric Rivers,2026-10-02,TBB
/nfl/rankings/dynasty-superflex.php,dynasty-op,dsf,Jeff Caldwell,28425,WR,KC,332,22.55,310,363,NA,jeff-caldwell.php,NA,NA,2.1,NA,NA,NA,NA,NA,5,Jeff Caldwell,2026-10-02,KCC
/nfl/rankings/dynasty-superflex.php,dynasty-op,dsf,J. Michael Sturdivant,26139,WR,GB,322.5,36.5,286,359,NA,jmichael-sturdivant.php,NA,NA,0,NA,NA,NA,NA,NA,11,J Michael Sturdivant,2026-10-02,GBP
/nfl/rankings/dynasty-superflex.php,dynasty-op,dsf,Treylon Burks,22905,WR,WAS,332.67,22.69,311,364,NA,treylon-burks.php,NA,NA,1.7,NA,NA,NA,NA,NA,7,Treylon Burks,2026-10-02,WAS
/nfl/rankings/dynasty-superflex.php,dynasty-op,dsf,Austin Hooper,15581,TE,ATL,334,22.69,316,366,NA,austin-hooper.php,NA,NA,0.9,NA,NA,NA,NA,NA,11,Austin Hooper,2026-10-02,ATL
/nfl/rankings/dynasty-superflex.php,dynasty-op,dsf,Cade Stover,25269,TE,HOU,336,23.15,314,368,NA,cade-stover.php,NA,NA,0.6,NA,NA,NA,NA,NA,8,Cade Stover,2026-10-02,HOU
/nfl/rankings/dynasty-superflex.php,dynasty-op,dsf,Joe Royer,27312,TE,CLE,335.67,26.91,300,365,NA,joe-royer.php,NA,NA,2,NA,NA,NA,NA,NA,11,Joe Royer,2026-10-02,CLE
/nfl/rankings/dynasty-superflex.php,dynasty-op,dsf,Tyren Montgomery,28423,WR,TEN,337.33,23.46,316,370,NA,tyren-montgomery.php,NA,NA,0,NA,NA,NA,NA,NA,9,Tyren Montgomery,2026-10-02,TEN
/nfl/rankings/dynasty-superflex.php,dynasty-op,dsf,Kendrick Law,26044,WR,DET,330.5,31.5,299,362,NA,kendrick-law.php,NA,NA,1.5,NA,NA,NA,NA,NA,6,Kendrick Law,2026-10-02,DET
/nfl/rankings/dynasty-superflex.php,dynasty-op,dsf,Olamide Zaccheaus,18864,WR,ATL,342.75,21.66,319,376,NA,olamide-zaccheaus.php,NA,NA,0.6,NA,NA,NA,NA,NA,11,Olamide Zaccheaus,2026-10-02,ATL
/nfl/rankings/dynasty-superflex.php,dynasty-op,dsf,Jaren Kanak,28160,TE,TEN,335.5,31.5,304,367,NA,jaren-kanak.php,NA,NA,0,NA,NA,NA,NA,-10,9,Jaren Kanak,2026-10-02,TEN
/nfl/rankings/dynasty-superflex.php,dynasty-op,dsf,Dyami Brown,20113,WR,WAS,346.5,23.73,327,386,NA,dyami-brown.php,NA,NA,0.6,NA,NA,NA,NA,NA,7,Dyami Brown,2026-10-02,WAS
/nfl/rankings/dynasty-superflex.php,dynasty-op,dsf,Robert Henry Jr.,28404,RB,WAS,347.67,28.66,324,388,NA,robert-henry-jr.php,NA,NA,0,NA,NA,NA,NA,NA,7,Robert Henry,2026-10-02,WAS
/nfl/rankings/dynasty-superflex.php,dynasty-op,dsf,Dallen Bentley,28352,TE,DEN,338.5,30.5,308,369,NA,dallen-bentley.php,NA,NA,1.1,NA,NA,NA,NA,10,10,Dallen Bentley,2026-10-02,DEN
/nfl/rankings/dynasty-superflex.php,dynasty-op,dsf,Luke McCaffrey,26328,WR,WAS,347,26.92,326,385,NA,luke-mccaffrey.php,NA,NA,0.6,NA,NA,NA,NA,-24,7,Luke McCaffrey,2026-10-02,WAS
/nfl/rankings/dynasty-superflex.php,dynasty-op,dsf,Chase Roberts,28131,WR,FA,341,30,311,371,NA,chase-roberts.php,NA,NA,0,NA,NA,NA,NA,NA,NA,Chase Roberts,2026-10-02,FA
/nfl/rankings/dynasty-superflex.php,dynasty-op,dsf,Demarcus Robinson,15665,WR,SF,342,30,312,372,NA,demarcus-robinson.php,NA,NA,1.3,NA,NA,NA,NA,NA,8,Demarcus Robinson,2026-10-02,SFO
/nfl/rankings/dynasty-superflex.php,dynasty-op,dsf,Foster Moreau,18397,TE,HOU,342.5,30.5,312,373,NA,foster-moreau.php,NA,NA,1.2,NA,NA,NA,NA,NA,8,Foster Moreau,2026-10-02,HOU
/nfl/rankings/dynasty-superflex.php,dynasty-op,dsf,Elijah Higgins,23119,TE,ARI,343,31,312,374,NA,elijah-higgins.php,NA,NA,0.6,NA,NA,NA,NA,NA,14,Elijah Higgins,2026-10-02,ARI
/nfl/rankings/dynasty-superflex.php,dynasty-op,dsf,Joe Milton III,25967,QB,DAL,313,0,313,313,NA,joe-milton.php,NA,NA,0.6,NA,NA,NA,NA,NA,14,Joe Milton,2026-10-02,DAL
/nfl/rankings/dynasty-superflex.php,dynasty-op,dsf,Bam Knight,24901,RB,ARI,347,33,314,380,NA,zonovan-bam-knight.php,NA,NA,0.7,NA,NA,NA,NA,NA,14,Bam Knight,2026-10-02,ARI
/nfl/rankings/dynasty-superflex.php,dynasty-op,dsf,KaVontae Turpin,18520,WR,DAL,346,31,315,377,NA,kavontae-turpin.php,NA,NA,2.7,NA,NA,NA,NA,NA,14,KaVontae Turpin,2026-10-02,DAL
/nfl/rankings/dynasty-superflex.php,dynasty-op,dsf,Riley Nowakowski,28437,TE,PIT,347,31,316,378,NA,riley-nowakowski.php,NA,NA,0.6,NA,NA,NA,NA,NA,9,Riley Nowakowski,2026-10-02,PIT
/nfl/rankings/dynasty-superflex.php,dynasty-op,dsf,Elijah Moore,20114,WR,PHI,348,31,317,379,NA,elijah-moore.php,NA,NA,1.1,NA,NA,NA,NA,NA,10,Elijah Moore,2026-10-02,PHI
/nfl/rankings/dynasty-superflex.php,dynasty-op,dsf,Tyler Badie,23812,RB,DEN,349.5,32.5,317,382,NA,tyler-badie.php,NA,NA,1,NA,NA,NA,NA,NA,10,Tyler Badie,2026-10-02,DEN
/nfl/rankings/dynasty-superflex.php,dynasty-op,dsf,DeAndre Hopkins,11606,WR,BAL,351.67,27.13,331,390,NA,deandre-hopkins.php,NA,NA,1,NA,NA,NA,NA,NA,13,DeAndre Hopkins,2026-10-02,BAL
/nfl/rankings/dynasty-superflex.php,dynasty-op,dsf,Kalif Raymond,16081,WR,CHI,349.5,31.5,318,381,NA,kalif-raymond.php,NA,NA,42.3,NA,NA,NA,NA,NA,10,Kalif Raymond,2026-10-02,CHI
/nfl/rankings/dynasty-superflex.php,dynasty-op,dsf,Roman Hemby,25387,RB,LV,351.5,31.5,320,383,NA,roman-hemby.php,NA,NA,0,NA,NA,NA,NA,NA,13,Roman Hemby,2026-10-02,LVR
/nfl/rankings/dynasty-superflex.php,dynasty-op,dsf,Josh Oliver,18487,TE,MIN,353,31,322,384,NA,josh-oliver.php,NA,NA,0.6,NA,NA,NA,NA,NA,6,Josh Oliver,2026-10-02,MIN
/nfl/rankings/dynasty-superflex.php,dynasty-op,dsf,Jelani Woods,23829,TE,NYJ,355,32,323,387,NA,jelani-woods.php,NA,NA,3.9,NA,NA,NA,NA,NA,13,Jelani Woods,2026-10-02,NYJ
/nfl/rankings/dynasty-superflex.php,dynasty-op,dsf,Dean Connors,28113,RB,LAR,358,35,323,393,NA,dean-connors.php,NA,NA,1,NA,NA,NA,NA,NA,11,Dean Connors,2026-10-02,LAR
/nfl/rankings/dynasty-superflex.php,dynasty-op,dsf,Tyrell Shavers,25813,WR,BUF,359.5,29.5,330,389,NA,tyrell-shavers.php,NA,NA,1.1,NA,NA,NA,NA,NA,7,Tyrell Shavers,2026-10-02,BUF
/nfl/rankings/dynasty-superflex.php,dynasty-op,dsf,Jared Wiley,26343,TE,KC,361.5,29.5,332,391,NA,jared-wiley.php,NA,NA,1,NA,NA,NA,NA,NA,5,Jared Wiley,2026-10-02,KCC
/nfl/rankings/dynasty-superflex.php,dynasty-op,dsf,Theo Wease Jr.,27222,WR,LAC,362,30,332,392,NA,theo-wease-jr.php,NA,NA,1,NA,NA,NA,NA,NA,7,Theo Wease,2026-10-02,LAC
/nfl/rankings/dynasty-superflex.php,dynasty-op,dsf,CJ Donaldson,25396,RB,NO,366,30,336,396,NA,cj-donaldson.php,NA,NA,2.3,NA,NA,NA,NA,NA,8,CJ Donaldson,2026-10-02,NOS
/nfl/rankings/dynasty-superflex.php,dynasty-op,dsf,Adam Trautman,19423,TE,DEN,365.5,28.5,337,394,NA,adam-trautman.php,NA,NA,0.6,NA,NA,NA,NA,NA,10,Adam Trautman,2026-10-02,DEN
/nfl/rankings/dynasty-superflex.php,dynasty-op,dsf,Josh Cuevas,28155,TE,BAL,367,28,339,395,NA,josh-cuevas.php,NA,NA,1.1,NA,NA,NA,NA,NA,13,Josh Cuevas,2026-10-02,BAL
/nfl/rankings/dynasty-superflex.php,dynasty-op,dsf,Kareem Hunt,16425,RB,FA,370,30,340,400,NA,kareem-hunt.php,NA,NA,0.9,NA,NA,NA,NA,NA,NA,Kareem Hunt,2026-10-02,FA
/nfl/rankings/dynasty-superflex.php,dynasty-op,dsf,Efton Chism III,27445,WR,NE,371.5,25.5,346,397,NA,efton-chismi.php,NA,NA,0.6,NA,NA,NA,NA,NA,11,Efton Chism,2026-10-02,NEP
/nfl/rankings/dynasty-superflex.php,dynasty-op,dsf,Will Kacmarek,28403,TE,MIA,398,0,398,398,NA,will-kacmarek.php,NA,NA,0.7,NA,NA,NA,NA,NA,6,Will Kacmarek,2026-10-02,MIA
/nfl/rankings/dynasty-superflex.php,dynasty-op,dsf,Carsen Ryan,28399,TE,CLE,399,0,399,399,NA,carsen-ryan.php,NA,NA,1.1,NA,NA,NA,NA,NA,11,Carsen Ryan,2026-10-02,CLE
/nfl/rankings/dynasty-superflex.php,dynasty-op,dsf,Nick Westbrook-Ikhine,19747,WR,IND,401,0,401,401,NA,nick-westbrook.php,NA,NA,1,NA,NA,NA,NA,NA,13,Nick Westbrook-Ikhine,2026-10-02,IND
/nfl/rankings/dynasty-superflex.php,dynasty-op,dsf,Brock Wright,23341,TE,DET,402,0,402,402,NA,brock-wright.php,NA,NA,0.6,NA,NA,NA,NA,NA,6,Brock Wright,2026-10-02,DET
/nfl/rankings/dynasty-superflex.php,dynasty-op,dsf,Drew Sample,18561,TE,CIN,403,0,403,403,NA,drew-sample.php,NA,NA,0.6,NA,NA,NA,NA,NA,6,Drew Sample,2026-10-02,CIN
/nfl/rankings/dynasty-superflex.php,dynasty-op,dsf,Odell Beckham Jr.,12127,WR,FA,404,0,404,404,NA,odell-beckham.php,NA,NA,2.7,NA,NA,NA,NA,NA,NA,Odell Beckham,2026-10-02,FA
/nfl/rankings/dynasty-superflex.php,dynasty-op,dsf,Daniel Bellinger,24238,TE,TEN,405,0,405,405,NA,daniel-bellinger.php,NA,NA,2.8,NA,NA,NA,NA,NA,9,Daniel Bellinger,2026-10-02,TEN
/nfl/rankings/dynasty-superflex.php,dynasty-op,dsf,Tanner Hudson,17826,TE,CIN,406,0,406,406,NA,tanner-hudson.php,NA,NA,2.3,NA,NA,NA,NA,NA,6,Tanner Hudson,2026-10-02,CIN
/nfl/rankings/dynasty-superflex.php,dynasty-op,dsf,Jaleel McLaughlin,25876,RB,CLE,407,0,407,407,NA,jaleel-mclaughlin.php,NA,NA,0.6,NA,NA,NA,NA,-11,11,Jaleel McLaughlin,2026-10-02,CLE
/nfl/rankings/dynasty-superflex.php,dynasty-op,dsf,Thomas Fidone II,23039,TE,NYG,408,0,408,408,NA,thomas-fidone.php,NA,NA,1,NA,NA,NA,NA,NA,8,Thomas Fidone,2026-10-02,NYG
/nfl/rankings/dynasty-superflex.php,dynasty-op,dsf,Vinny Anthony II,28150,WR,ATL,409,0,409,409,NA,vinny-anthony-ii.php,NA,NA,0,NA,NA,NA,NA,NA,11,Vinny Anthony,2026-10-02,ATL
/nfl/rankings/dynasty-superflex.php,dynasty-op,dsf,Greg Dortch,18585,WR,BUF,410,0,410,410,NA,greg-dortch.php,NA,NA,0.6,NA,NA,NA,NA,NA,7,Greg Dortch,2026-10-02,BUF
/nfl/rankings/dynasty-superflex.php,dynasty-op,dsf,Ashton Dulin,18656,WR,IND,411,0,411,411,NA,ashton-dulin.php,NA,NA,0.7,NA,NA,NA,NA,NA,13,Ashton Dulin,2026-10-02,IND
/nfl/rankings/dynasty-superflex.php,dynasty-op,dsf,Brandon Polk,20027,WR,FA,412,0,412,412,NA,brandon-polk.php,NA,NA,0,NA,NA,NA,NA,NA,NA,Brandon Polk,2026-10-02,FA
/nfl/rankings/dynasty-superflex.php,dynasty-op,dsf,Durham Smythe,17508,TE,BAL,413,0,413,413,NA,durham-smythe.php,NA,NA,0.6,NA,NA,NA,NA,NA,13,Durham Smythe,2026-10-02,BAL
/nfl/rankings/dynasty-superflex.php,dynasty-op,dsf,Reggie Virgil,28141,WR,ARI,414,0,414,414,NA,reggie-virgil.php,NA,NA,1.2,NA,NA,NA,NA,NA,14,Reggie Virgil,2026-10-02,ARI
/nfl/rankings/dynasty-superflex.php,dynasty-op,dsf,Jam Miller,27326,RB,FA,415,0,415,415,NA,jam-miller.php,NA,NA,2.4,NA,NA,NA,NA,NA,NA,Jam Miller,2026-10-02,FA
/nfl/rankings/dynasty-superflex.php,dynasty-op,dsf,Roschon Johnson,25322,RB,CHI,416,0,416,416,NA,roschon-johnson.php,NA,NA,1.3,NA,NA,NA,NA,NA,10,Roschon Johnson,2026-10-02,CHI
/nfl/rankings/dynasty-superflex.php,dynasty-op,dsf,Kaden Wetjen,28435,WR,PIT,417,0,417,417,NA,kaden-wetjen.php,NA,NA,0.7,NA,NA,NA,NA,NA,9,Kaden Wetjen,2026-10-02,PIT
/nfl/rankings/dynasty-superflex.php,dynasty-op,dsf,Luke Schoonmaker,25267,TE,DAL,418,0,418,418,NA,luke-schoonmaker.php,NA,NA,0.8,NA,NA,NA,NA,NA,14,Luke Schoonmaker,2026-10-02,DAL
/nfl/rankings/dynasty-superflex.php,dynasty-op,dsf,Rasheen Ali,25983,RB,BAL,419,0,419,419,NA,rasheen-ali.php,NA,NA,0.6,NA,NA,NA,NA,-12,13,Rasheen Ali,2026-10-02,BAL
/nfl/rankings/dynasty-superflex.php,dynasty-op,dsf,Phil Mafah,22928,RB,NYG,420,0,420,420,NA,phil-mafah.php,NA,NA,1,NA,NA,NA,NA,NA,8,Phil Mafah,2026-10-02,NYG
/nfl/rankings/dynasty-superflex.php,dynasty-op,dsf,Mo Alie-Cox,16579,TE,IND,421,0,421,421,NA,mo-alie-cox.php,NA,NA,0.6,NA,NA,NA,NA,NA,13,Mo Alie-Cox,2026-10-02,IND
/nfl/rankings/dynasty-superflex.php,dynasty-op,dsf,Aaron Anderson,27500,WR,FA,422,0,422,422,NA,aaron-anderson.php,NA,NA,1.2,NA,NA,NA,NA,NA,NA,Aaron Anderson,2026-10-02,FA
/nfl/rankings/dynasty-superflex.php,dynasty-op,dsf,Joe Mixon,16420,RB,FA,423,0,423,423,NA,joe-mixon.php,NA,NA,2.6,NA,NA,NA,NA,-15,NA,Joe Mixon,2026-10-02,FA
/nfl/rankings/dynasty-superflex.php,dynasty-op,dsf,Josh Whyle,22923,TE,GB,424,0,424,424,NA,josh-whyle.php,NA,NA,1.1,NA,NA,NA,NA,NA,11,Josh Whyle,2026-10-02,GBP
/nfl/rankings/dynasty-superflex.php,dynasty-op,dsf,Dae'Quan Wright,28159,TE,FA,425,0,425,425,NA,daequan-wright.php,NA,NA,0,NA,NA,NA,NA,-21,NA,DaeQuan Wright,2026-10-02,FA
/nfl/rankings/dynasty-superflex.php,dynasty-op,dsf,Jeremy McNichols,16445,RB,WAS,426,0,426,426,NA,jeremy-mcnichols.php,NA,NA,1.1,NA,NA,NA,NA,NA,7,Jeremy McNichols,2026-10-02,WAS
/nfl/rankings/dynasty-superflex.php,dynasty-op,dsf,Tyler Conklin,17598,TE,DET,427,0,427,427,NA,tyler-conklin.php,NA,NA,0.6,NA,NA,NA,NA,NA,6,Tyler Conklin,2026-10-02,DET
/nfl/rankings/dynasty-superflex.php,dynasty-op,dsf,Eric McAlister,28134,WR,FA,428,0,428,428,NA,eric-mcalister.php,NA,NA,4,NA,NA,NA,NA,NA,NA,Eric McAlister,2026-10-02,FA
/nfl/rankings/dynasty-superflex.php,dynasty-op,dsf,Jaydn Ott,25394,RB,KC,429,0,429,429,NA,jaydn-ott.php,NA,NA,1,NA,NA,NA,NA,NA,5,Jaydn Ott,2026-10-02,KCC
/nfl/rankings/dynasty-superflex.php,dynasty-op,dsf,Jahdae Walker,27810,WR,CHI,430,0,430,430,NA,jahdae-walker.php,NA,NA,0.8,NA,NA,NA,NA,NA,10,Jahdae Walker,2026-10-02,CHI
/nfl/rankings/dynasty-superflex.php,dynasty-op,dsf,Jimmy Horn Jr.,27294,WR,CLE,431,0,431,431,NA,jimmy-horn-jr.php,NA,NA,0.7,NA,NA,NA,NA,NA,11,Jimmy Horn,2026-10-02,CLE
/nfl/rankings/dynasty-superflex.php,dynasty-op,dsf,Bo Melton,24049,WR,GB,432,0,432,432,NA,bo-melton.php,NA,NA,0.6,NA,NA,NA,NA,NA,11,Bo Melton,2026-10-02,GBP
/nfl/rankings/dynasty-superflex.php,dynasty-op,dsf,Grant Calcaterra,24180,TE,PHI,433,0,433,433,NA,grant-calcaterra.php,NA,NA,1.2,NA,NA,NA,NA,NA,10,Grant Calcaterra,2026-10-02,PHI
/nfl/rankings/dynasty-superflex.php,dynasty-op,dsf,John Michael Gyllenborg,28158,TE,KC,434,0,434,434,NA,john-michael-gyllenborg.php,NA,NA,1.8,NA,NA,NA,NA,NA,5,John Michael Gyllenborg,2026-10-02,KCC
/nfl/rankings/dynasty-superflex.php,dynasty-op,dsf,Jalin Hyatt,25251,WR,NYG,435,0,435,435,NA,jalin-hyatt.php,NA,NA,2.7,NA,NA,NA,NA,NA,8,Jalin Hyatt,2026-10-02,NYG
/nfl/rankings/dynasty-superflex.php,dynasty-op,dsf,Curtis Samuel,16434,WR,FA,436,0,436,436,NA,curtis-samuel.php,NA,NA,2,NA,NA,NA,NA,NA,NA,Curtis Samuel,2026-10-02,FA
/nfl/rankings/dynasty-superflex.php,dynasty-op,dsf,Trey Palmer,25331,WR,NO,437,0,437,437,NA,trey-palmer.php,NA,NA,1.8,NA,NA,NA,NA,NA,8,Trey Palmer,2026-10-02,NOS
/nfl/rankings/dynasty-superflex.php,dynasty-op,dsf,Jacob Cowing,25289,WR,SF,438,0,438,438,NA,jacob-cowing.php,NA,NA,0.6,NA,NA,NA,NA,NA,8,Jacob Cowing,2026-10-02,SFO
/nfl/rankings/dynasty-superflex.php,dynasty-op,dsf,Jeremy Ruckert,23742,TE,NYJ,439,0,439,439,NA,jeremy-ruckert.php,NA,NA,0.6,NA,NA,NA,NA,NA,13,Jeremy Ruckert,2026-10-02,NYJ
/nfl/rankings/dynasty-superflex.php,dynasty-op,dsf,Isaiah Hodgins,19375,WR,PIT,440,0,440,440,NA,isaiah-hodgins.php,NA,NA,0,NA,NA,NA,NA,NA,9,Isaiah Hodgins,2026-10-02,PIT
/nfl/rankings/dynasty-superflex.php,dynasty-op,dsf,Hunter Long,22783,TE,ARI,441,0,441,441,NA,hunter-long.php,NA,NA,1,NA,NA,NA,NA,NA,14,Hunter Long,2026-10-02,ARI
/nfl/rankings/dynasty-superflex.php,dynasty-op,dsf,Julian Hill,25824,TE,NE,442,0,442,442,NA,julian-hill.php,NA,NA,1,NA,NA,NA,NA,NA,11,Julian Hill,2026-10-02,NEP
/nfl/rankings/dynasty-superflex.php,dynasty-op,dsf,Van Jefferson,19483,WR,WAS,443,0,443,443,NA,van-jefferson.php,NA,NA,1.5,NA,NA,NA,NA,NA,7,Van Jefferson,2026-10-02,WAS
/nfl/rankings/dynasty-superflex.php,dynasty-op,dsf,Taysom Hill,17115,TE,FA,444,0,444,444,NA,taysom-hill.php,NA,NA,1.2,NA,NA,NA,NA,NA,NA,Taysom Hill,2026-10-02,FA
/nfl/rankings/dynasty-superflex.php,dynasty-op,dsf,Xavier Restrepo,27066,WR,TEN,445,0,445,445,NA,xavier-restrepo.php,NA,NA,1.1,NA,NA,NA,NA,NA,9,Xavier Restrepo,2026-10-02,TEN
/nfl/rankings/dynasty-superflex.php,dynasty-op,dsf,Jawhar Jordan,26329,RB,HOU,446,0,446,446,NA,jawhar-jordan.php,NA,NA,1,NA,NA,NA,NA,NA,8,Jawhar Jordan,2026-10-02,HOU
/nfl/rankings/dynasty-superflex.php,dynasty-op,dsf,Gabe Davis,19398,WR,FA,447,0,447,447,NA,gabriel-davis.php,NA,NA,1,NA,NA,NA,NA,NA,NA,Gabriel Davis,2026-10-02,FA
/nfl/rankings/dynasty-superflex.php,dynasty-op,dsf,Dameon Pierce,22947,RB,PHI,448,0,448,448,NA,dameon-pierce.php,NA,NA,1.5,NA,NA,NA,NA,NA,10,Dameon Pierce,2026-10-02,PHI
/nfl/rankings/dynasty-superflex.php,dynasty-op,dsf,Tyler Lockett,13971,WR,LV,449,0,449,449,NA,tyler-lockett.php,NA,NA,1,NA,NA,NA,NA,NA,13,Tyler Lockett,2026-10-02,LVR
/nfl/rankings/dynasty-superflex.php,dynasty-op,dsf,Diontae Johnson,18615,WR,FA,450,0,450,450,NA,diontae-johnson.php,NA,NA,1,NA,NA,NA,NA,NA,NA,Diontae Johnson,2026-10-02,FA
/nfl/rankings/dynasty-superflex.php,dynasty-op,dsf,Terion Stewart,28111,RB,FA,451,0,451,451,NA,terion-stewart.php,NA,NA,0,NA,NA,NA,NA,NA,NA,Terion Stewart,2026-10-02,FA
/nfl/rankings/dynasty-superflex.php,dynasty-op,dsf,Brandin Cooks,12122,WR,SF,452,0,452,452,NA,brandin-cooks.php,NA,NA,0.8,NA,NA,NA,NA,NA,8,Brandin Cooks,2026-10-02,SFO
/nfl/rankings/dynasty-superflex.php,dynasty-op,dsf,Jermaine Burton,22956,WR,FA,453,0,453,453,NA,jermaine-burton.php,NA,NA,1.1,NA,NA,NA,NA,NA,NA,Jermaine Burton,2026-10-02,FA
/nfl/rankings/dynasty-superflex.php,dynasty-op,dsf,Dane Key,26015,WR,DEN,454,0,454,454,NA,dane-key.php,NA,NA,1,NA,NA,NA,NA,NA,10,Dane Key,2026-10-02,DEN
/nfl/rankings/dynasty-superflex.php,dynasty-op,dsf,Harrison Wallace III,28143,WR,ARI,455,0,455,455,NA,harrison-wallace-iii.php,NA,NA,0,NA,NA,NA,NA,NA,14,Harrison Wallace,2026-10-02,ARI
/nfl/rankings/dynasty-superflex.php,dynasty-op,dsf,Raheem Mostert,14338,RB,LV,456,0,456,456,NA,raheem-mostert.php,NA,NA,1.1,NA,NA,NA,NA,NA,13,Raheem Mostert,2026-10-02,LVR
/nfl/rankings/dynasty-superflex.php,dynasty-op,dsf,Austin Ekeler,16483,RB,WAS,457,0,457,457,NA,austin-ekeler.php,NA,NA,1.9,NA,NA,NA,NA,NA,7,Austin Ekeler,2026-10-02,WAS
/nfl/rankings/dynasty-superflex.php,dynasty-op,dsf,Antonio Gibson,19624,RB,FA,458,0,458,458,NA,antonio-gibson.php,NA,NA,1.3,NA,NA,NA,NA,NA,NA,Antonio Gibson,2026-10-02,FA
/nfl/rankings/dynasty-superflex.php,dynasty-op,dsf,Ty Chandler,19471,RB,NO,459,0,459,459,NA,ty-chandler.php,NA,NA,1.3,NA,NA,NA,NA,NA,8,Ty Chandler,2026-10-02,NOS
/nfl/rankings/dynasty-superflex.php,dynasty-op,dsf,Miles Sanders,18283,RB,FA,460,0,460,460,NA,miles-sanders.php,NA,NA,1,NA,NA,NA,NA,NA,NA,Miles Sanders,2026-10-02,FA
/nfl/rankings/dynasty-superflex.php,dynasty-op,dsf,Elijah Mitchell,22813,RB,FA,461,0,461,461,NA,elijah-mitchell-rb.php,NA,NA,1.2,NA,NA,NA,NA,NA,NA,Elijah Mitchell,2026-10-02,FA
/nfl/rankings/dynasty-superflex.php,dynasty-op,dsf,Romello Brinson,28152,WR,FA,462,0,462,462,NA,romello-brinson.php,NA,NA,0,NA,NA,NA,NA,NA,NA,Romello Brinson,2026-10-02,FA
/nfl/rankings/dynasty-superflex.php,dynasty-op,dsf,Noah Thomas,28136,WR,CIN,463,0,463,463,NA,noah-thomas.php,NA,NA,1.1,NA,NA,NA,NA,NA,6,Noah Thomas,2026-10-02,CIN
/nfl/rankings/dynasty-superflex.php,dynasty-op,dsf,Trebor Pena,28139,WR,JAC,464,0,464,464,NA,trebor-pena.php,NA,NA,0,NA,NA,NA,NA,NA,7,Trebor Pena,2026-10-02,JAC
/nfl/rankings/dynasty-superflex.php,dynasty-op,dsf,Zack Moss,19263,RB,FA,465,0,465,465,NA,zack-moss.php,NA,NA,1.6,NA,NA,NA,NA,NA,NA,Zack Moss,2026-10-02,FA
/nfl/rankings/dynasty-superflex.php,dynasty-op,dsf,Malachi Corley,26023,WR,CLE,466,0,466,466,NA,malachi-corley.php,NA,NA,1,NA,NA,NA,NA,NA,11,Malachi Corley,2026-10-02,CLE
/nfl/rankings/dynasty-superflex.php,dynasty-op,dsf,Damien Martinez,25976,RB,FA,467,0,467,467,NA,damien-martinez.php,NA,NA,1.3,NA,NA,NA,NA,NA,NA,Damien Martinez,2026-10-02,FA
/nfl/rankings/dynasty-superflex.php,dynasty-op,dsf,Alexander Mattison,18621,RB,FA,468,0,468,468,NA,alexander-mattison.php,NA,NA,1,NA,NA,NA,NA,NA,NA,Alexander Mattison,2026-10-02,FA
/nfl/rankings/dynasty-superflex.php,dynasty-op,dsf,Sincere McCormick,23172,RB,SF,469,0,469,469,NA,sincere-mccormick.php,NA,NA,1,NA,NA,NA,NA,NA,8,Sincere McCormick,2026-10-02,SFO
/nfl/rankings/dynasty-superflex.php,dynasty-op,dsf,Khalil Herbert,22763,RB,ATL,470,0,470,470,NA,khalil-herbert.php,NA,NA,1.2,NA,NA,NA,NA,NA,11,Khalil Herbert,2026-10-02,ATL
/nfl/rankings/dynasty-superflex.php,dynasty-op,dsf,Zamir White,20095,RB,NO,471,0,471,471,NA,zamir-white.php,NA,NA,1.6,NA,NA,NA,NA,NA,8,Zamir White,2026-10-02,NOS
/nfl/rankings/dynasty-superflex.php,dynasty-op,dsf,Noah Whittington,28115,RB,HOU,472,0,472,472,NA,noah-whittington.php,NA,NA,0,NA,NA,NA,NA,NA,8,Noah Whittington,2026-10-02,HOU
/nfl/rankings/dynasty-superflex.php,dynasty-op,dsf,Javon Baker,22885,WR,FA,473,0,473,473,NA,javon-baker.php,NA,NA,1,NA,NA,NA,NA,NA,NA,Javon Baker,2026-10-02,FA
/nfl/rankings/dynasty-superflex.php,dynasty-op,dsf,Daylan Smothers,28085,RB,FA,474,0,474,474,NA,daylan-smothers.php,NA,NA,1.1,NA,NA,NA,NA,NA,NA,Daylan Smothers,2026-10-02,FA
/nfl/rankings/dynasty-superflex.php,dynasty-op,dsf,Jake Bobo,25339,WR,SEA,475,0,475,475,NA,jake-bobo.php,NA,NA,0.6,NA,NA,NA,NA,NA,11,Jake Bobo,2026-10-02,SEA
/nfl/rankings/dynasty-superflex.php,dynasty-op,dsf,Desmond Reid,28110,RB,FA,476,0,476,476,NA,desmond-reid.php,NA,NA,0,NA,NA,NA,NA,NA,NA,Desmond Reid,2026-10-02,FA
/nfl/rankings/dynasty-superflex.php,dynasty-op,dsf,RJ Maryland,27341,TE,FA,477,0,477,477,NA,rj-maryland.php,NA,NA,0,NA,NA,NA,NA,NA,NA,RJ Maryland,2026-10-02,FA
/nfl/rankings/dynasty-superflex.php,dynasty-op,dsf,Isaiah Williams,10977,WR,FA,478,0,478,478,NA,isaiah-williams.php,NA,NA,0,NA,NA,NA,NA,NA,NA,Isaiah Williams,2026-10-02,FA
/nfl/rankings/dynasty-superflex.php,dynasty-op,dsf,Brevin Jordan,20162,TE,HOU,479,0,479,479,NA,brevin-jordan.php,NA,NA,1,NA,NA,NA,NA,NA,8,Brevin Jordan,2026-10-02,HOU
/nfl/rankings/dynasty-superflex.php,dynasty-op,dsf,Davis Allen,23761,TE,LAR,480,0,480,480,NA,davis-allen.php,NA,NA,1,NA,NA,NA,NA,NA,11,Davis Allen,2026-10-02,LAR
/nfl/rankings/dynasty-superflex.php,dynasty-op,dsf,Noah Brown,16443,WR,FA,481,0,481,481,NA,noah-brown.php,NA,NA,1.3,NA,NA,NA,NA,NA,NA,Noah Brown,2026-10-02,FA
/nfl/rankings/dynasty-superflex.php,dynasty-op,dsf,Josh Reynolds,16439,WR,FA,482,0,482,482,NA,josh-reynolds.php,NA,NA,2.1,NA,NA,NA,NA,NA,NA,Josh Reynolds,2026-10-02,FA
/nfl/rankings/dynasty-superflex.php,dynasty-op,dsf,JuJu Smith-Schuster,16427,WR,FA,483,0,483,483,NA,juju-smith-schuster.php,NA,NA,2,NA,NA,NA,NA,NA,NA,JuJu Smith-Schuster,2026-10-02,FA
/nfl/rankings/dynasty-superflex.php,dynasty-op,dsf,Sterling Shepard,15569,WR,NYJ,484,0,484,484,NA,sterling-shepard.php,NA,NA,1.8,NA,NA,NA,NA,NA,13,Sterling Shepard,2026-10-02,NYJ
/nfl/rankings/dynasty-superflex.php,dynasty-op,dsf,Damien Alford,28451,WR,FA,485,0,485,485,NA,damien-alford.php,NA,NA,1.5,NA,NA,NA,NA,NA,NA,Damien Alford,2026-10-02,FA
/nfl/rankings/dynasty-superflex.php,dynasty-op,dsf,Jared Wayne,25495,WR,HOU,486,0,486,486,NA,jared-wayne.php,NA,NA,0,NA,NA,NA,NA,NA,8,Jared Wayne,2026-10-02,HOU
/nfl/rankings/dynasty-superflex.php,dynasty-op,dsf,Kevin Austin Jr.,23049,WR,NO,487,0,487,487,NA,kevin-austin.php,NA,NA,1,NA,NA,NA,NA,NA,8,Kevin Austin,2026-10-02,NOS
/nfl/rankings/dynasty-superflex.php,dynasty-op,dsf,Lil'Jordan Humphrey,18590,WR,DEN,488,0,488,488,NA,liljordan-humphrey.php,NA,NA,1.1,NA,NA,NA,NA,NA,10,LilJordan Humphrey,2026-10-02,DEN
/nfl/rankings/dynasty-superflex.php,dynasty-op,dsf,Jamari Thrash,26162,WR,FA,489,0,489,489,NA,jamari-thrash.php,NA,NA,1.1,NA,NA,NA,NA,NA,NA,Jamari Thrash,2026-10-02,FA
/nfl/rankings/dynasty-superflex.php,dynasty-op,dsf,Marquez Valdes-Scantling,17528,WR,LAC,490,0,490,490,NA,marquez-valdesscantling.php,NA,NA,1.3,NA,NA,NA,NA,NA,7,Marquez Valdes-Scantling,2026-10-02,LAC
/nfl/rankings/dynasty-superflex.php,dynasty-op,dsf,Arian Smith,22965,WR,NYJ,491,0,491,491,NA,arian-smith.php,NA,NA,1.2,NA,NA,NA,NA,NA,13,Arian Smith,2026-10-02,NYJ
/nfl/rankings/dynasty-superflex.php,dynasty-op,dsf,Tim Patrick,16556,WR,NYJ,492,0,492,492,NA,tim-patrick.php,NA,NA,1.8,NA,NA,NA,NA,NA,13,Tim Patrick,2026-10-02,NYJ
/nfl/rankings/dynasty-superflex.php,dynasty-op,dsf,Mitch Tinsley,24370,WR,CIN,493,0,493,493,NA,mitchell-tinsley.php,NA,NA,1,NA,NA,NA,NA,NA,6,Mitch Tinsley,2026-10-02,CIN
/nfl/rankings/dynasty-superflex.php,dynasty-op,dsf,Zay Jones,16431,WR,FA,494,0,494,494,NA,zay-jones.php,NA,NA,1,NA,NA,NA,NA,NA,NA,Zay Jones,2026-10-02,FA
/nfl/rankings/dynasty-superflex.php,dynasty-op,dsf,Darius Cooper,27866,WR,PHI,495,0,495,495,NA,darius-cooper.php,NA,NA,0.6,NA,NA,NA,NA,NA,10,Darius Cooper,2026-10-02,PHI
/nfl/rankings/dynasty-superflex.php,dynasty-op,dsf,Jonathan Mingo,23030,WR,DAL,496,0,496,496,NA,jonathan-mingo.php,NA,NA,0.6,NA,NA,NA,NA,NA,14,Jonathan Mingo,2026-10-02,DAL
/nfl/rankings/dynasty-superflex.php,dynasty-op,dsf,Tyler Johnson,18633,WR,NYJ,497,0,497,497,NA,tyler-johnson.php,NA,NA,1.1,NA,NA,NA,NA,NA,13,Tyler Johnson,2026-10-02,NYJ
/nfl/rankings/dynasty-superflex.php,dynasty-op,dsf,Nick Nash,27263,WR,FA,498,0,498,498,NA,nick-nash.php,NA,NA,1,NA,NA,NA,NA,NA,NA,Nick Nash,2026-10-02,FA
/nfl/rankings/dynasty-superflex.php,dynasty-op,dsf,Tyler Scott,25442,WR,LV,499,0,499,499,NA,tyler-scott-wr.php,NA,NA,1.5,NA,NA,NA,NA,NA,13,Tyler Scott,2026-10-02,LVR
/nfl/rankings/dynasty-superflex.php,dynasty-op,dsf,David Moore,16757,WR,CAR,500,0,500,500,NA,david-moore.php,NA,NA,1.4,NA,NA,NA,NA,NA,5,David Moore,2026-10-02,CAR
/nfl/rankings/dynasty-superflex.php,dynasty-op,dsf,Allen Lazard,17301,WR,FA,501,0,501,501,NA,allen-lazard.php,NA,NA,1,NA,NA,NA,NA,NA,NA,Allen Lazard,2026-10-02,FA
/nfl/rankings/dynasty-superflex.php,dynasty-op,dsf,Cedrick Wilson Jr.,17262,WR,FA,502,0,502,502,NA,cedrick-wilson.php,NA,NA,1.1,NA,NA,NA,NA,NA,NA,Cedrick Wilson,2026-10-02,FA
/nfl/rankings/dynasty-superflex.php,dynasty-op,dsf,Casey Washington,26413,WR,CAR,503,0,503,503,NA,casey-washington.php,NA,NA,0,NA,NA,NA,NA,NA,5,Casey Washington,2026-10-02,CAR
/nfl/rankings/dynasty-superflex.php,dynasty-op,dsf,Chris Moore,15654,WR,BAL,504,0,504,504,NA,chris-moore.php,NA,NA,0.4,NA,NA,NA,NA,NA,13,Chris Moore,2026-10-02,BAL
/nfl/rankings/dynasty-superflex.php,dynasty-op,dsf,Ricky White III,27186,WR,SEA,505,0,505,505,NA,ricky-white-iii.php,NA,NA,1,NA,NA,NA,NA,NA,11,Ricky White,2026-10-02,SEA
/nfl/rankings/dynasty-superflex.php,dynasty-op,dsf,Ray-Ray McCloud III,17530,WR,FA,506,0,506,506,NA,ray-ray-mccloud.php,NA,NA,1,NA,NA,NA,NA,NA,NA,Ray-Ray McCloud,2026-10-02,FA
/nfl/rankings/dynasty-superflex.php,dynasty-op,dsf,Dante Pettis,17264,WR,SF,507,0,507,507,NA,dante-pettis.php,NA,NA,1,NA,NA,NA,NA,NA,8,Dante Pettis,2026-10-02,SFO
/nfl/rankings/dynasty-superflex.php,dynasty-op,dsf,Scotty Miller,18714,WR,FA,508,0,508,508,NA,scott-miller.php,NA,NA,0,NA,NA,NA,NA,NA,NA,Scott Miller,2026-10-02,FA
/nfl/rankings/dynasty-superflex.php,dynasty-op,dsf,Ben Skowronek,22843,WR,PIT,509,0,509,509,NA,ben-skowronek.php,NA,NA,0.1,NA,NA,NA,NA,NA,9,Ben Skowronek,2026-10-02,PIT
/nfl/rankings/dynasty-superflex.php,dynasty-op,dsf,Michael Bandy,23531,WR,DEN,510,0,510,510,NA,michael-bandy.php,NA,NA,1,NA,NA,NA,NA,NA,10,Michael Bandy,2026-10-02,DEN
/nfl/rankings/dynasty-superflex.php,dynasty-op,dsf,Shedrick Jackson,25709,WR,FA,511,0,511,511,NA,shedrick-jackson.php,NA,NA,1,NA,NA,NA,NA,NA,NA,Shedrick Jackson,2026-10-02,FA
/nfl/rankings/dynasty-superflex.php,dynasty-op,dsf,Xavier Smith,25627,WR,LAR,512,0,512,512,NA,xavier-smith.php,NA,NA,0.6,NA,NA,NA,NA,NA,11,Xavier Smith,2026-10-02,LAR
/nfl/rankings/dynasty-superflex.php,dynasty-op,dsf,Johnny Wilson,25295,WR,PHI,513,0,513,513,NA,johnny-wilson.php,NA,NA,1.1,NA,NA,NA,NA,NA,10,Johnny Wilson,2026-10-02,PHI
/nfl/rankings/dynasty-superflex.php,dynasty-op,dsf,David Sills V,18566,WR,TB,514,0,514,514,NA,david-sills.php,NA,NA,0,NA,NA,NA,NA,NA,10,David Sills,2026-10-02,TBB
/nfl/rankings/dynasty-superflex.php,dynasty-op,dsf,Henry Ruggs III,19207,WR,FA,515,0,515,515,NA,henry-ruggs.php,NA,NA,7.6,NA,NA,NA,NA,NA,NA,Henry Ruggs,2026-10-02,FA
/nfl/rankings/dynasty-superflex.php,dynasty-op,dsf,Skyy Moore,23905,WR,GB,516,0,516,516,NA,skyy-moore.php,NA,NA,1.4,NA,NA,NA,NA,NA,11,Skyy Moore,2026-10-02,GBP
/nfl/rankings/dynasty-superflex.php,dynasty-op,dsf,Isaiah Williams,26379,WR,NYJ,517,0,517,517,NA,isaiah-williams-wr.php,NA,NA,1.7,NA,NA,NA,NA,NA,13,Isaiah Williams,2026-10-02,NYJ
/nfl/rankings/dynasty-superflex.php,dynasty-op,dsf,Ainias Smith,23142,WR,FA,518,0,518,518,NA,ainias-smith.php,NA,NA,1,NA,NA,NA,NA,NA,NA,Ainias Smith,2026-10-02,FA
/nfl/rankings/dynasty-superflex.php,dynasty-op,dsf,Justin Watson,17603,WR,FA,519,0,519,519,NA,justin-watson.php,NA,NA,1.8,NA,NA,NA,NA,NA,NA,Justin Watson,2026-10-02,FA
/nfl/rankings/dynasty-overall.php,dynasty-overall,do,Ja'Marr Chase,19788,WR,CIN,1.29,0.45,1,2,NA,jamarr-chase.php,NA,NA,99.8,NA,NA,NA,NA,NA,6,JaMarr Chase,2026-10-02,CIN
/nfl/rankings/dynasty-overall.php,dynasty-overall,do,Jaxon Smith-Njigba,23070,WR,SEA,2.29,0.88,1,4,NA,jaxon-smith-njigba.php,NA,NA,99.8,NA,NA,NA,NA,NA,11,Jaxon Smith-Njigba,2026-10-02,SEA
/nfl/rankings/dynasty-overall.php,dynasty-overall,do,Jahmyr Gibbs,22968,RB,DET,3.57,0.9,2,5,NA,jahmyr-gibbs.php,NA,NA,99.8,NA,NA,NA,NA,1,6,Jahmyr Gibbs,2026-10-02,DET
/nfl/rankings/dynasty-overall.php,dynasty-overall,do,Bijan Robinson,23133,RB,ATL,3.57,0.73,3,5,NA,bijan-robinson.php,NA,NA,99.8,NA,NA,NA,NA,-1,11,Bijan Robinson,2026-10-02,ATL
/nfl/rankings/dynasty-overall.php,dynasty-overall,do,Puka Nacua,23180,WR,LAR,6.14,1.55,4,9,NA,puka-nacua.php,NA,NA,99.8,NA,NA,NA,NA,NA,11,Puka Nacua,2026-10-02,LAR
/nfl/rankings/dynasty-overall.php,dynasty-overall,do,Amon-Ra St. Brown,19799,WR,DET,6.14,0.83,5,7,NA,amonra-stbrown.php,NA,NA,99.8,NA,NA,NA,NA,NA,6,Amon-Ra St Brown,2026-10-02,DET
/nfl/rankings/dynasty-overall.php,dynasty-overall,do,Ashton Jeanty,25989,RB,LV,9.57,2.19,8,13,NA,ashton-jeanty.php,NA,NA,99.7,NA,NA,NA,NA,NA,13,Ashton Jeanty,2026-10-02,LVR
/nfl/rankings/dynasty-overall.php,dynasty-overall,do,Jeremiyah Love,25403,RB,ARI,10.29,1.28,8,12,NA,jeremiyah-love.php,NA,NA,99.2,NA,NA,NA,NA,2,14,Jeremiyah Love,2026-10-02,ARI
/nfl/rankings/dynasty-overall.php,dynasty-overall,do,Malik Nabers,25409,WR,NYG,10.86,1.81,7,13,NA,malik-nabers.php,NA,NA,98.6,NA,NA,NA,NA,3,8,Malik Nabers,2026-10-02,NYG
/nfl/rankings/dynasty-overall.php,dynasty-overall,do,Justin Jefferson,19236,WR,MIN,11.14,5.17,6,23,NA,justin-jefferson.php,NA,NA,99.8,NA,NA,NA,NA,NA,6,Justin Jefferson,2026-10-02,MIN
/nfl/rankings/dynasty-overall.php,dynasty-overall,do,CeeDee Lamb,19202,WR,DAL,11.29,1.98,8,15,NA,ceedee-lamb.php,NA,NA,99.8,NA,NA,NA,NA,-3,14,CeeDee Lamb,2026-10-02,DAL
/nfl/rankings/dynasty-overall.php,dynasty-overall,do,Drake London,23163,WR,ATL,12.14,1.55,10,14,NA,drake-london.php,NA,NA,99.6,NA,NA,NA,NA,NA,11,Drake London,2026-10-02,ATL
/nfl/rankings/dynasty-overall.php,dynasty-overall,do,Brock Bowers,22955,TE,LV,14.29,4.62,9,23,NA,brock-bowers.php,NA,NA,99.6,NA,NA,NA,NA,NA,13,Brock Bowers,2026-10-02,LVR
/nfl/rankings/dynasty-overall.php,dynasty-overall,do,James Cook III,22958,RB,BUF,16.57,2.38,12,20,NA,james-cook.php,NA,NA,99.8,NA,NA,NA,NA,-2,7,James Cook,2026-10-02,BUF
/nfl/rankings/dynasty-overall.php,dynasty-overall,do,Tetairoa McMillan,25417,WR,CAR,17.86,3.18,14,22,NA,tetairoa-mcmillan.php,NA,NA,97.9,NA,NA,NA,NA,NA,5,Tetairoa McMillan,2026-10-02,CAR
/nfl/rankings/dynasty-overall.php,dynasty-overall,do,Chris Olave,20111,WR,NO,18.71,1.98,16,22,NA,chris-olave.php,NA,NA,99.5,NA,NA,NA,NA,3,8,Chris Olave,2026-10-02,NOS
/nfl/rankings/dynasty-overall.php,dynasty-overall,do,Kenneth Walker III,23021,RB,KC,19,5.68,10,27,NA,kenneth-walker-rb.php,NA,NA,99.6,NA,NA,NA,NA,4,5,Kenneth Walker,2026-10-02,KCC
/nfl/rankings/dynasty-overall.php,dynasty-overall,do,Trey McBride,22936,TE,ARI,19.71,4.89,14,30,NA,trey-mcbride.php,NA,NA,99.7,NA,NA,NA,NA,NA,14,Trey McBride,2026-10-02,ARI
/nfl/rankings/dynasty-overall.php,dynasty-overall,do,Jonathan Taylor,19217,RB,IND,19.86,4.12,15,26,NA,jonathan-taylor.php,NA,NA,99.8,NA,NA,NA,NA,NA,13,Jonathan Taylor,2026-10-02,IND
/nfl/rankings/dynasty-overall.php,dynasty-overall,do,Josh Allen,17298,QB,BUF,20.71,2.55,18,25,NA,josh-allen-qb.php,NA,NA,99.8,NA,NA,NA,NA,NA,7,Josh Allen,2026-10-02,BUF
/nfl/rankings/dynasty-overall.php,dynasty-overall,do,George Pickens,22963,WR,DAL,22.14,3.98,17,29,NA,george-pickens.php,NA,NA,99.5,NA,NA,NA,NA,NA,14,George Pickens,2026-10-02,DAL
/nfl/rankings/dynasty-overall.php,dynasty-overall,do,Omarion Hampton,25395,RB,LAC,24.86,8.66,16,40,NA,omarion-hampton.php,NA,NA,99.1,NA,NA,NA,NA,NA,7,Omarion Hampton,2026-10-02,LAC
/nfl/rankings/dynasty-overall.php,dynasty-overall,do,De'Von Achane,23136,RB,MIA,26.43,9.84,14,41,NA,devon-achane.php,NA,NA,72.1,NA,NA,NA,NA,-6,6,DeVon Achane,2026-10-02,MIA
/nfl/rankings/dynasty-overall.php,dynasty-overall,do,Nico Collins,20130,WR,HOU,26.43,4.75,18,31,NA,nico-collins.php,NA,NA,99.1,NA,NA,NA,NA,-3,8,Nico Collins,2026-10-02,HOU
/nfl/rankings/dynasty-overall.php,dynasty-overall,do,Zay Flowers,22916,WR,BAL,27,8.52,14,39,NA,zay-flowers.php,NA,NA,98.8,NA,NA,NA,NA,8,13,Zay Flowers,2026-10-02,BAL
/nfl/rankings/dynasty-overall.php,dynasty-overall,do,Garrett Wilson,23072,WR,NYJ,28.43,5.1,22,36,NA,garrett-wilson.php,NA,NA,98.3,NA,NA,NA,NA,NA,13,Garrett Wilson,2026-10-02,NYJ
/nfl/rankings/dynasty-overall.php,dynasty-overall,do,Emeka Egbuka,23062,WR,TB,28.43,3.96,23,35,NA,emeka-egbuka.php,NA,NA,96.8,NA,NA,NA,NA,-2,10,Emeka Egbuka,2026-10-02,TBB
/nfl/rankings/dynasty-overall.php,dynasty-overall,do,Lamar Jackson,17233,QB,BAL,30,4.84,23,37,NA,lamar-jackson.php,NA,NA,99.8,NA,NA,NA,NA,NA,13,Lamar Jackson,2026-10-02,BAL
/nfl/rankings/dynasty-overall.php,dynasty-overall,do,Carnell Tate,26009,WR,TEN,30.71,3.15,27,37,NA,carnell-tate.php,NA,NA,86.2,NA,NA,NA,NA,-2,9,Carnell Tate,2026-10-02,TEN
/nfl/rankings/dynasty-overall.php,dynasty-overall,do,DeVonta Smith,19222,WR,PHI,33.57,2.38,30,38,NA,devonta-smith.php,NA,NA,99.4,NA,NA,NA,NA,3,10,DeVonta Smith,2026-10-02,PHI
/nfl/rankings/dynasty-overall.php,dynasty-overall,do,Drake Maye,23046,QB,NE,33.86,8.17,20,45,NA,drake-maye.php,NA,NA,88.5,NA,NA,NA,NA,1,11,Drake Maye,2026-10-02,NEP
/nfl/rankings/dynasty-overall.php,dynasty-overall,do,Breece Hall,22982,RB,NYJ,34.57,9.6,21,52,NA,breece-hall.php,NA,NA,98.3,NA,NA,NA,NA,NA,13,Breece Hall,2026-10-02,NYJ
/nfl/rankings/dynasty-overall.php,dynasty-overall,do,Joe Burrow,19196,QB,CIN,35,9.27,26,46,NA,joe-burrow.php,NA,NA,98.3,NA,NA,NA,NA,-1,6,Joe Burrow,2026-10-02,CIN
/nfl/rankings/dynasty-overall.php,dynasty-overall,do,Ladd McConkey,26122,WR,LAC,36.57,5.1,30,47,NA,ladd-mcconkey.php,NA,NA,97.4,NA,NA,NA,NA,NA,7,Ladd McConkey,2026-10-02,LAC
/nfl/rankings/dynasty-overall.php,dynasty-overall,do,Chase Brown,25324,RB,CIN,36.71,4.33,28,43,NA,chase-brown.php,NA,NA,99.5,NA,NA,NA,NA,NA,6,Chase Brown,2026-10-02,CIN
/nfl/rankings/dynasty-overall.php,dynasty-overall,do,Luther Burden III,27016,WR,CHI,37,6.14,32,50,NA,luther-burden-iii.php,NA,NA,92.8,NA,NA,NA,NA,NA,10,Luther Burden,2026-10-02,CHI
/nfl/rankings/dynasty-overall.php,dynasty-overall,do,Caleb Williams,23084,QB,CHI,37.43,6.67,27,46,NA,caleb-williams.php,NA,NA,92.3,NA,NA,NA,NA,NA,10,Caleb Williams,2026-10-02,CHI
/nfl/rankings/dynasty-overall.php,dynasty-overall,do,Tyler Warren,26434,TE,IND,39.29,9.59,19,48,NA,tyler-warren.php,NA,NA,98.7,NA,NA,NA,NA,1,13,Tyler Warren,2026-10-02,IND
/nfl/rankings/dynasty-overall.php,dynasty-overall,do,Jayden Daniels,22902,QB,WAS,41.14,10.55,25,54,NA,jayden-daniels.php,NA,NA,80.9,NA,NA,NA,NA,-1,7,Jayden Daniels,2026-10-02,WAS
/nfl/rankings/dynasty-overall.php,dynasty-overall,do,Colston Loveland,26006,TE,CHI,41.29,5.75,28,47,NA,colston-loveland.php,NA,NA,93.7,NA,NA,NA,NA,-1,10,Colston Loveland,2026-10-02,CHI
/nfl/rankings/dynasty-overall.php,dynasty-overall,do,Christian Watson,23886,WR,GB,41.86,11.53,32,68,NA,christian-watson.php,NA,NA,95.1,NA,NA,NA,NA,11,11,Christian Watson,2026-10-02,GBP
/nfl/rankings/dynasty-overall.php,dynasty-overall,do,Jaylen Waddle,19790,WR,DEN,43.71,8.86,27,55,NA,jaylen-waddle.php,NA,NA,96.9,NA,NA,NA,NA,4,10,Jaylen Waddle,2026-10-02,DEN
/nfl/rankings/dynasty-overall.php,dynasty-overall,do,Tee Higgins,19211,WR,CIN,44,7.65,34,59,NA,tee-higgins.php,NA,NA,98.1,NA,NA,NA,NA,NA,6,Tee Higgins,2026-10-02,CIN
/nfl/rankings/dynasty-overall.php,dynasty-overall,do,Parker Washington,23106,WR,JAC,44.86,15.19,29,76,NA,parker-washington.php,NA,NA,94.3,NA,NA,NA,NA,10,7,Parker Washington,2026-10-02,JAC
/nfl/rankings/dynasty-overall.php,dynasty-overall,do,Patrick Mahomes II,16413,QB,KC,45.86,5.44,36,52,NA,patrick-mahomes.php,NA,NA,93.7,NA,NA,NA,NA,NA,5,Patrick Mahomes,2026-10-02,KCC
/nfl/rankings/dynasty-overall.php,dynasty-overall,do,Jordyn Tyson,26035,WR,NO,46.29,10.29,33,69,NA,jordyn-tyson.php,NA,NA,55.5,NA,NA,NA,NA,-4,8,Jordyn Tyson,2026-10-02,NOS
/nfl/rankings/dynasty-overall.php,dynasty-overall,do,Jameson Williams,23677,WR,DET,50.29,7.78,40,62,NA,jameson-williams.php,NA,NA,93.7,NA,NA,NA,NA,NA,6,Jameson Williams,2026-10-02,DET
/nfl/rankings/dynasty-overall.php,dynasty-overall,do,Rashee Rice,23113,WR,KC,50.43,19.28,32,93,NA,rashee-rice.php,NA,NA,98.8,NA,NA,NA,NA,-13,5,Rashee Rice,2026-10-02,KCC
/nfl/rankings/dynasty-overall.php,dynasty-overall,do,Jalen Hurts,19275,QB,PHI,50.57,7.01,36,56,NA,jalen-hurts.php,NA,NA,98.5,NA,NA,NA,NA,NA,10,Jalen Hurts,2026-10-02,PHI
/nfl/rankings/dynasty-overall.php,dynasty-overall,do,Trevor Lawrence,19780,QB,JAC,50.86,5.87,42,61,NA,trevor-lawrence.php,NA,NA,91.4,NA,NA,NA,NA,NA,7,Trevor Lawrence,2026-10-02,JAC
/nfl/rankings/dynasty-overall.php,dynasty-overall,do,A.J. Brown,18218,WR,NE,52,13.9,33,71,NA,aj-brown.php,NA,NA,97,NA,NA,NA,NA,-6,11,AJ Brown,2026-10-02,NEP
/nfl/rankings/dynasty-overall.php,dynasty-overall,do,Brock Purdy,19797,QB,SF,52,3.3,45,56,NA,brock-purdy.php,NA,NA,92.3,NA,NA,NA,NA,NA,8,Brock Purdy,2026-10-02,SFO
/nfl/rankings/dynasty-overall.php,dynasty-overall,do,Tucker Kraft,25298,TE,GB,52,4.34,47,59,NA,tucker-kraft.php,NA,NA,93.3,NA,NA,NA,NA,NA,11,Tucker Kraft,2026-10-02,GBP
/nfl/rankings/dynasty-overall.php,dynasty-overall,do,Christian McCaffrey,16393,RB,SF,53.14,13.43,23,66,NA,christian-mccaffrey.php,NA,NA,99.8,NA,NA,NA,NA,-3,8,Christian McCaffrey,2026-10-02,SFO
/nfl/rankings/dynasty-overall.php,dynasty-overall,do,Kyren Williams,23059,RB,LAR,56.86,3.87,52,64,NA,kyren-williams.php,NA,NA,99,NA,NA,NA,NA,3,11,Kyren Williams,2026-10-02,LAR
/nfl/rankings/dynasty-overall.php,dynasty-overall,do,Sam LaPorta,22978,TE,DET,57.14,4.39,50,63,NA,sam-laporta.php,NA,NA,97.5,NA,NA,NA,NA,2,6,Sam LaPorta,2026-10-02,DET
/nfl/rankings/dynasty-overall.php,dynasty-overall,do,Harold Fannin Jr.,27050,TE,CLE,57.71,7.28,53,75,NA,harold-fannin-jr.php,NA,NA,92.4,NA,NA,NA,NA,2,11,Harold Fannin,2026-10-02,CLE
/nfl/rankings/dynasty-overall.php,dynasty-overall,do,Rome Odunze,25411,WR,CHI,58.86,12.98,43,79,NA,rome-odunze.php,NA,NA,88.8,NA,NA,NA,NA,-5,10,Rome Odunze,2026-10-02,CHI
/nfl/rankings/dynasty-overall.php,dynasty-overall,do,TreVeyon Henderson,23065,RB,NE,59.29,8.33,52,77,NA,treveyon-henderson.php,NA,NA,92.2,NA,NA,NA,NA,NA,11,TreVeyon Henderson,2026-10-02,NEP
/nfl/rankings/dynasty-overall.php,dynasty-overall,do,Makai Lemon,25420,WR,PHI,60,7.58,50,71,NA,makai-lemon.php,NA,NA,60.1,NA,NA,NA,NA,-3,10,Makai Lemon,2026-10-02,PHI
/nfl/rankings/dynasty-overall.php,dynasty-overall,do,Saquon Barkley,17240,RB,PHI,62.14,3.23,55,65,NA,saquon-barkley.php,NA,NA,99.7,NA,NA,NA,NA,NA,10,Saquon Barkley,2026-10-02,PHI
/nfl/rankings/dynasty-overall.php,dynasty-overall,do,Justin Herbert,18635,QB,LAC,62.14,6.47,56,72,NA,justin-herbert.php,NA,NA,84.7,NA,NA,NA,NA,-2,7,Justin Herbert,2026-10-02,LAC
/nfl/rankings/dynasty-overall.php,dynasty-overall,do,Javonte Williams,22739,RB,DAL,63.57,5.21,52,69,NA,javonte-williams.php,NA,NA,99.2,NA,NA,NA,NA,6,14,Javonte Williams,2026-10-02,DAL
/nfl/rankings/dynasty-overall.php,dynasty-overall,do,Dalton Kincaid,25247,TE,BUF,64.29,9.32,44,76,NA,dalton-kincaid.php,NA,NA,95.1,NA,NA,NA,NA,-2,7,Dalton Kincaid,2026-10-02,BUF
/nfl/rankings/dynasty-overall.php,dynasty-overall,do,Quinshon Judkins,25391,RB,CLE,64.43,14.67,45,80,NA,quinshon-judkins.php,NA,NA,94.7,NA,NA,NA,NA,-4,11,Quinshon Judkins,2026-10-02,CLE
/nfl/rankings/dynasty-overall.php,dynasty-overall,do,Bucky Irving,25981,RB,TB,67.71,3.65,62,74,NA,bucky-irving.php,NA,NA,97,NA,NA,NA,NA,NA,10,Bucky Irving,2026-10-02,TBB
/nfl/rankings/dynasty-overall.php,dynasty-overall,do,Brian Thomas Jr.,23000,WR,JAC,69.14,8.49,59,85,NA,brian-thomas-jr.php,NA,NA,73.8,NA,NA,NA,NA,-4,7,Brian Thomas,2026-10-02,JAC
/nfl/rankings/dynasty-overall.php,dynasty-overall,do,Kenyon Sadiq,26055,TE,NYJ,70.57,5.29,63,78,NA,kenyon-sadiq.php,NA,NA,52.5,NA,NA,NA,NA,NA,13,Kenyon Sadiq,2026-10-02,NYJ
/nfl/rankings/dynasty-overall.php,dynasty-overall,do,KC Concepcion Jr.,27331,WR,CLE,71.43,6.43,59,82,NA,kevin-concepcion.php,NA,NA,63.9,NA,NA,NA,NA,NA,11,KC Concepcion,2026-10-02,CLE
/nfl/rankings/dynasty-overall.php,dynasty-overall,do,DJ Moore,17265,WR,BUF,71.43,3.58,66,77,NA,dj-moore-wr.php,NA,NA,96,NA,NA,NA,NA,5,7,DJ Moore,2026-10-02,BUF
/nfl/rankings/dynasty-overall.php,dynasty-overall,do,Bo Nix,22910,QB,DEN,72.29,9.47,61,91,NA,bo-nix.php,NA,NA,78.2,NA,NA,NA,NA,NA,10,Bo Nix,2026-10-02,DEN
/nfl/rankings/dynasty-overall.php,dynasty-overall,do,Jadarian Price,27329,RB,SEA,73,10.17,53,87,NA,jadarian-price.php,NA,NA,91.9,NA,NA,NA,NA,NA,11,Jadarian Price,2026-10-02,SEA
/nfl/rankings/dynasty-overall.php,dynasty-overall,do,Jaxson Dart,23160,QB,NYG,74,19.27,60,110,NA,jaxson-dart.php,NA,NA,34.7,NA,NA,NA,NA,2,8,Jaxson Dart,2026-10-02,NYG
/nfl/rankings/dynasty-overall.php,dynasty-overall,do,Cam Skattebo,27166,RB,NYG,75.43,9.02,66,90,NA,cam-skattebo.php,NA,NA,98.1,NA,NA,NA,NA,NA,8,Cam Skattebo,2026-10-02,NYG
/nfl/rankings/dynasty-overall.php,dynasty-overall,do,Marvin Harrison Jr.,23064,WR,ARI,77.43,15.22,48,102,NA,marvin-harrison-jr.php,NA,NA,74.8,NA,NA,NA,NA,-8,14,Marvin Harrison,2026-10-02,ARI
/nfl/rankings/dynasty-overall.php,dynasty-overall,do,George Kittle,16499,TE,SF,77.43,4.75,68,84,NA,george-kittle.php,NA,NA,95.8,NA,NA,NA,NA,NA,8,George Kittle,2026-10-02,SFO
/nfl/rankings/dynasty-overall.php,dynasty-overall,do,Travis Etienne Jr.,19231,RB,NO,77.71,8.4,68,88,NA,travis-etienne.php,NA,NA,93.2,NA,NA,NA,NA,-4,8,Travis Etienne,2026-10-02,NOS
/nfl/rankings/dynasty-overall.php,dynasty-overall,do,Bhayshul Tuten,27297,RB,JAC,78.86,6.06,67,86,NA,bhayshul-tuten.php,NA,NA,94.1,NA,NA,NA,NA,NA,7,Bhayshul Tuten,2026-10-02,JAC
/nfl/rankings/dynasty-overall.php,dynasty-overall,do,Derrick Henry,15514,RB,BAL,79.71,9.36,64,88,NA,derrick-henry.php,NA,NA,99.7,NA,NA,NA,NA,NA,13,Derrick Henry,2026-10-02,BAL
/nfl/rankings/dynasty-overall.php,dynasty-overall,do,Denzel Boston,27339,WR,CLE,79.86,18.27,47,103,NA,denzel-boston.php,NA,NA,64,NA,NA,NA,NA,15,11,Denzel Boston,2026-10-02,CLE
/nfl/rankings/dynasty-overall.php,dynasty-overall,do,Terry McLaurin,18466,WR,WAS,81,7.48,74,92,NA,terry-mclaurin.php,NA,NA,94.5,NA,NA,NA,NA,NA,7,Terry McLaurin,2026-10-02,WAS
/nfl/rankings/dynasty-overall.php,dynasty-overall,do,Alec Pierce,23791,WR,IND,81.14,6.29,74,94,NA,alec-pierce.php,NA,NA,70.4,NA,NA,NA,NA,NA,13,Alec Pierce,2026-10-02,IND
/nfl/rankings/dynasty-overall.php,dynasty-overall,do,Kyle Pitts Sr.,20164,TE,ATL,81.43,14.22,73,116,NA,kyle-pitts.php,NA,NA,80,NA,NA,NA,NA,-5,11,Kyle Pitts,2026-10-02,ATL
/nfl/rankings/dynasty-overall.php,dynasty-overall,do,Isaiah Likely,23781,TE,NYG,82.71,14.85,64,116,NA,isaiah-likely.php,NA,NA,88.2,NA,NA,NA,NA,NA,8,Isaiah Likely,2026-10-02,NYG
/nfl/rankings/dynasty-overall.php,dynasty-overall,do,D'Andre Swift,19210,RB,CHI,83.57,7.23,67,90,NA,dandre-swift.php,NA,NA,96.7,NA,NA,NA,NA,NA,10,DAndre Swift,2026-10-02,CHI
/nfl/rankings/dynasty-overall.php,dynasty-overall,do,Dak Prescott,15600,QB,DAL,87,10.32,65,96,NA,dak-prescott.php,NA,NA,95.6,NA,NA,NA,NA,NA,14,Dak Prescott,2026-10-02,DAL
/nfl/rankings/dynasty-overall.php,dynasty-overall,do,DK Metcalf,18219,WR,PIT,87.57,6.88,75,96,NA,dk-metcalf.php,NA,NA,90.9,NA,NA,NA,NA,NA,9,DK Metcalf,2026-10-02,PIT
/nfl/rankings/dynasty-overall.php,dynasty-overall,do,Jordan Addison,23107,WR,MIN,87.71,8.51,76,100,NA,jordan-addison.php,NA,NA,81,NA,NA,NA,NA,-7,6,Jordan Addison,2026-10-02,MIN
/nfl/rankings/dynasty-overall.php,dynasty-overall,do,Josh Downs,24706,WR,IND,88.43,6,79,95,NA,josh-downs.php,NA,NA,84,NA,NA,NA,NA,NA,13,Josh Downs,2026-10-02,IND
/nfl/rankings/dynasty-overall.php,dynasty-overall,do,Michael Wilson,25333,WR,ARI,88.57,5.37,82,99,NA,michael-wilson.php,NA,NA,87.6,NA,NA,NA,NA,NA,14,Michael Wilson,2026-10-02,ARI
/nfl/rankings/dynasty-overall.php,dynasty-overall,do,Tyler Shough,23096,QB,NO,94.29,9.16,84,109,NA,tyler-shough.php,NA,NA,87.3,NA,NA,NA,NA,4,8,Tyler Shough,2026-10-02,NOS
/nfl/rankings/dynasty-overall.php,dynasty-overall,do,Jalen Coker,26403,WR,CAR,94.71,19.63,67,122,NA,jalen-coker.php,NA,NA,89.8,NA,NA,NA,NA,9,5,Jalen Coker,2026-10-02,CAR
/nfl/rankings/dynasty-overall.php,dynasty-overall,do,Davante Adams,12123,WR,LAR,94.71,9.82,83,112,NA,davante-adams.php,NA,NA,97.9,NA,NA,NA,NA,-7,11,Davante Adams,2026-10-02,LAR
/nfl/rankings/dynasty-overall.php,dynasty-overall,do,Jared Goff,15501,QB,DET,96.43,7.67,91,109,NA,jared-goff.php,NA,NA,83.1,NA,NA,NA,NA,NA,6,Jared Goff,2026-10-02,DET
/nfl/rankings/dynasty-overall.php,dynasty-overall,do,Matthew Golden,26024,WR,GB,97.14,22.23,63,124,NA,matthew-golden.php,NA,NA,87.8,NA,NA,NA,NA,16,11,Matthew Golden,2026-10-02,GBP
/nfl/rankings/dynasty-overall.php,dynasty-overall,do,Jaylen Warren,24209,RB,PIT,98.14,4.97,90,108,NA,jaylen-warren.php,NA,NA,93.1,NA,NA,NA,NA,NA,9,Jaylen Warren,2026-10-02,PIT
/nfl/rankings/dynasty-overall.php,dynasty-overall,do,Jordan Love,19246,QB,GB,99.14,9.09,84,109,NA,jordan-love.php,NA,NA,62.7,NA,NA,NA,NA,-2,11,Jordan Love,2026-10-02,GBP
/nfl/rankings/dynasty-overall.php,dynasty-overall,do,Wan'Dale Robinson,22985,WR,TEN,99.57,4.92,92,109,NA,wandale-robinson.php,NA,NA,64.2,NA,NA,NA,NA,NA,9,WanDale Robinson,2026-10-02,TEN
/nfl/rankings/dynasty-overall.php,dynasty-overall,do,Mike Evans,12119,WR,SF,99.57,4.66,93,107,NA,mike-evans.php,NA,NA,94.1,NA,NA,NA,NA,NA,8,Mike Evans,2026-10-02,SFO
/nfl/rankings/dynasty-overall.php,dynasty-overall,do,David Montgomery,18239,RB,HOU,103.29,7.59,90,115,NA,david-montgomery.php,NA,NA,96.4,NA,NA,NA,NA,NA,8,David Montgomery,2026-10-02,HOU
/nfl/rankings/dynasty-overall.php,dynasty-overall,do,Josh Jacobs,18269,RB,GB,107,22.42,71,146,NA,josh-jacobs.php,NA,NA,85.9,NA,NA,NA,NA,-7,11,Josh Jacobs,2026-10-02,GBP
/nfl/rankings/dynasty-overall.php,dynasty-overall,do,Jake Ferguson,22718,TE,DAL,108.14,12.93,89,123,NA,jake-ferguson.php,NA,NA,81.5,NA,NA,NA,NA,NA,14,Jake Ferguson,2026-10-02,DAL
/nfl/rankings/dynasty-overall.php,dynasty-overall,do,Eli Stowers,23144,TE,PHI,109.86,17.23,89,144,NA,eli-stowers.php,NA,NA,4.2,NA,NA,NA,NA,-2,10,Eli Stowers,2026-10-02,PHI
/nfl/rankings/dynasty-overall.php,dynasty-overall,do,Chuba Hubbard,19792,RB,CAR,110.29,12.07,97,134,NA,chuba-hubbard.php,NA,NA,94.7,NA,NA,NA,NA,NA,5,Chuba Hubbard,2026-10-02,CAR
/nfl/rankings/dynasty-overall.php,dynasty-overall,do,Brenton Strange,25345,TE,JAC,110.43,14.14,81,124,NA,brenton-strange.php,NA,NA,33.2,NA,NA,NA,NA,NA,7,Brenton Strange,2026-10-02,JAC
/nfl/rankings/dynasty-overall.php,dynasty-overall,do,Courtland Sutton,17253,WR,DEN,110.57,13.11,96,139,NA,courtland-sutton.php,NA,NA,80.2,NA,NA,NA,NA,-6,10,Courtland Sutton,2026-10-02,DEN
/nfl/rankings/dynasty-overall.php,dynasty-overall,do,Jakobi Meyers,18598,WR,JAC,110.57,11.27,101,134,NA,jakobi-meyers.php,NA,NA,66.4,NA,NA,NA,NA,7,7,Jakobi Meyers,2026-10-02,JAC
/nfl/rankings/dynasty-overall.php,dynasty-overall,do,Blake Corum,23013,RB,LAR,112.43,16.69,88,133,NA,blake-corum.php,NA,NA,78.9,NA,NA,NA,NA,4,11,Blake Corum,2026-10-02,LAR
/nfl/rankings/dynasty-overall.php,dynasty-overall,do,Omar Cooper Jr.,28127,WR,NYJ,112.71,19.17,86,143,NA,omar-cooper-jr.php,NA,NA,13.4,NA,NA,NA,NA,-11,13,Omar Cooper,2026-10-02,NYJ
/nfl/rankings/dynasty-overall.php,dynasty-overall,do,Jayden Reed,23020,WR,GB,113.29,9.75,103,135,NA,jayden-reed.php,NA,NA,45.6,NA,NA,NA,NA,NA,11,Jayden Reed,2026-10-02,GBP
/nfl/rankings/dynasty-overall.php,dynasty-overall,do,Quentin Johnston,23123,WR,LAC,113.43,9.04,102,125,NA,quentin-johnston.php,NA,NA,66.3,NA,NA,NA,NA,NA,7,Quentin Johnston,2026-10-02,LAC
/nfl/rankings/dynasty-overall.php,dynasty-overall,do,Terrance Ferguson,23091,TE,LAR,114.29,23.62,81,144,NA,terrance-ferguson.php,NA,NA,24.6,NA,NA,NA,NA,8,11,Terrance Ferguson,2026-10-02,LAR
/nfl/rankings/dynasty-overall.php,dynasty-overall,do,Michael Pittman Jr.,19278,WR,PIT,114.71,12.39,103,135,NA,michael-pittman.php,NA,NA,75,NA,NA,NA,NA,-14,9,Michael Pittman,2026-10-02,PIT
/nfl/rankings/dynasty-overall.php,dynasty-overall,do,Xavier Worthy,23019,WR,KC,115.29,6.43,105,126,NA,xavier-worthy.php,NA,NA,68.6,NA,NA,NA,NA,-10,5,Xavier Worthy,2026-10-02,KCC
/nfl/rankings/dynasty-overall.php,dynasty-overall,do,Fernando Mendoza,28013,QB,LV,115.57,19.98,84,150,NA,fernando-mendoza.php,NA,NA,15,NA,NA,NA,NA,3,13,Fernando Mendoza,2026-10-02,LVR
/nfl/rankings/dynasty-overall.php,dynasty-overall,do,Romeo Doubs,23794,WR,NE,116.57,16.51,94,151,NA,romeo-doubs.php,NA,NA,63.3,NA,NA,NA,NA,16,11,Romeo Doubs,2026-10-02,NEP
/nfl/rankings/dynasty-overall.php,dynasty-overall,do,Jayden Higgins,27077,WR,HOU,116.71,15.89,103,148,NA,jayden-higgins.php,NA,NA,3.3,NA,NA,NA,NA,NA,8,Jayden Higgins,2026-10-02,HOU
/nfl/rankings/dynasty-overall.php,dynasty-overall,do,Antonio Williams,25418,WR,WAS,118,7.73,108,132,NA,antonio-williams-wr.php,NA,NA,8.5,NA,NA,NA,NA,NA,7,Antonio Williams,2026-10-02,WAS
/nfl/rankings/dynasty-overall.php,dynasty-overall,do,Chris Godwin Jr.,16406,WR,TB,119.14,13.4,102,143,NA,chris-godwin.php,NA,NA,75.5,NA,NA,NA,NA,-8,10,Chris Godwin,2026-10-02,TBB
/nfl/rankings/dynasty-overall.php,dynasty-overall,do,RJ Harvey,27142,RB,DEN,121.29,8.65,104,133,NA,rj-harvey.php,NA,NA,77.7,NA,NA,NA,NA,4,10,RJ Harvey,2026-10-02,DEN
/nfl/rankings/dynasty-overall.php,dynasty-overall,do,Baker Mayfield,17237,QB,TB,124.14,12.23,110,138,NA,baker-mayfield.php,NA,NA,48.8,NA,NA,NA,NA,NA,10,Baker Mayfield,2026-10-02,TBB
/nfl/rankings/dynasty-overall.php,dynasty-overall,do,Kyle Monangai,27131,RB,CHI,126.57,15.86,98,143,NA,kyle-monangai.php,NA,NA,79.5,NA,NA,NA,NA,NA,10,Kyle Monangai,2026-10-02,CHI
/nfl/rankings/dynasty-overall.php,dynasty-overall,do,Bryce Young,22900,QB,CAR,127,12.07,110,141,NA,bryce-young.php,NA,NA,59,NA,NA,NA,NA,-3,5,Bryce Young,2026-10-02,CAR
/nfl/rankings/dynasty-overall.php,dynasty-overall,do,Jonah Coleman,27320,RB,DEN,127.57,17.73,104,156,NA,jonah-coleman.php,NA,NA,36.6,NA,NA,NA,NA,4,10,Jonah Coleman,2026-10-02,DEN
/nfl/rankings/dynasty-overall.php,dynasty-overall,do,Sam Darnold,17236,QB,SEA,127.71,3.84,125,137,NA,sam-darnold.php,NA,NA,49,NA,NA,NA,NA,4,11,Sam Darnold,2026-10-02,SEA
/nfl/rankings/dynasty-overall.php,dynasty-overall,do,Juwan Johnson,19562,TE,NO,128.86,13.16,113,152,NA,juwan-johnson.php,NA,NA,66.3,NA,NA,NA,NA,3,8,Juwan Johnson,2026-10-02,NOS
/nfl/rankings/dynasty-overall.php,dynasty-overall,do,C.J. Stroud,23071,QB,HOU,129.14,9.86,111,141,NA,cj-stroud.php,NA,NA,41.7,NA,NA,NA,NA,NA,8,CJ Stroud,2026-10-02,HOU
/nfl/rankings/dynasty-overall.php,dynasty-overall,do,De'Zhaun Stribling,28138,WR,SF,130.14,38.13,82,192,NA,dezhaun-stribling.php,NA,NA,43.3,NA,NA,NA,NA,NA,8,DeZhaun Stribling,2026-10-02,SFO
/nfl/rankings/dynasty-overall.php,dynasty-overall,do,Ricky Pearsall,26214,WR,SF,132.14,27.02,97,176,NA,ricky-pearsall.php,NA,NA,2.5,NA,NA,NA,NA,NA,8,Ricky Pearsall,2026-10-02,SFO
/nfl/rankings/dynasty-overall.php,dynasty-overall,do,Oronde Gadsden II,25997,TE,LAC,132.86,20.19,117,177,NA,oronde-gadsden-ii.php,NA,NA,18.4,NA,NA,NA,NA,NA,7,Oronde Gadsden,2026-10-02,LAC
/nfl/rankings/dynasty-overall.php,dynasty-overall,do,Khalil Shakir,23748,WR,BUF,133.57,12.13,118,152,NA,khalil-shakir.php,NA,NA,57.5,NA,NA,NA,NA,NA,7,Khalil Shakir,2026-10-02,BUF
/nfl/rankings/dynasty-overall.php,dynasty-overall,do,Stefon Diggs,13981,WR,WAS,134.14,14.9,116,161,NA,stefon-diggs.php,NA,NA,88.1,NA,NA,NA,NA,27,7,Stefon Diggs,2026-10-02,WAS
/nfl/rankings/dynasty-overall.php,dynasty-overall,do,Kyler Murray,18600,QB,MIN,135.14,5.59,126,140,NA,kyler-murray.php,NA,NA,63.9,NA,NA,NA,NA,-3,6,Kyler Murray,2026-10-02,MIN
/nfl/rankings/dynasty-overall.php,dynasty-overall,do,Chig Okonkwo,23982,TE,WAS,135.29,23.28,117,187,NA,chigoziem-okonkwo.php,NA,NA,19.7,NA,NA,NA,NA,4,7,Chigoziem Okonkwo,2026-10-02,WAS
/nfl/rankings/dynasty-overall.php,dynasty-overall,do,Rhamondre Stevenson,22726,RB,NE,137.14,8.39,121,146,NA,rhamondre-stevenson.php,NA,NA,90.6,NA,NA,NA,NA,NA,11,Rhamondre Stevenson,2026-10-02,NEP
/nfl/rankings/dynasty-overall.php,dynasty-overall,do,Matthew Stafford,9451,QB,LAR,138.29,5.75,127,148,NA,matthew-stafford.php,NA,NA,89.9,NA,NA,NA,NA,NA,11,Matthew Stafford,2026-10-02,LAR
/nfl/rankings/dynasty-overall.php,dynasty-overall,do,Mark Andrews,17269,TE,BAL,138.86,13.22,117,158,NA,mark-andrews.php,NA,NA,81,NA,NA,NA,NA,-3,13,Mark Andrews,2026-10-02,BAL
/nfl/rankings/dynasty-overall.php,dynasty-overall,do,Chris Bell,26038,WR,MIA,139.71,41.88,101,238,NA,chris-bell.php,NA,NA,7.8,NA,NA,NA,NA,NA,6,Chris Bell,2026-10-02,MIA
/nfl/rankings/dynasty-overall.php,dynasty-overall,do,Zach Charbonnet,23152,RB,SEA,140,11.05,129,158,NA,zach-charbonnet.php,NA,NA,55.6,NA,NA,NA,NA,8,11,Zach Charbonnet,2026-10-02,SEA
/nfl/rankings/dynasty-overall.php,dynasty-overall,do,Cam Ward,24755,QB,TEN,140.43,2.77,135,144,NA,cam-ward.php,NA,NA,10.4,NA,NA,NA,NA,NA,9,Cam Ward,2026-10-02,TEN
/nfl/rankings/dynasty-overall.php,dynasty-overall,do,Jacory Croskey-Merritt,27316,RB,WAS,143.43,9.42,131,158,NA,jacory-croskeymerritt.php,NA,NA,78.7,NA,NA,NA,NA,NA,7,Jacory Croskey-Merritt,2026-10-02,WAS
/nfl/rankings/dynasty-overall.php,dynasty-overall,do,Tre' Harris,26215,WR,LAC,144.29,23.54,120,174,NA,tre-harris.php,NA,NA,7.3,NA,NA,NA,NA,15,7,Tre Harris,2026-10-02,LAC
/nfl/rankings/dynasty-overall.php,dynasty-overall,do,Dallas Goedert,17270,TE,PHI,144.29,14.53,123,157,NA,dallas-goedert.php,NA,NA,75.6,NA,NA,NA,NA,-6,10,Dallas Goedert,2026-10-02,PHI
/nfl/rankings/dynasty-overall.php,dynasty-overall,do,Rico Dowdle,19647,RB,PIT,146.57,11.13,129,164,NA,rico-dowdle.php,NA,NA,80,NA,NA,NA,NA,-6,9,Rico Dowdle,2026-10-02,PIT
/nfl/rankings/dynasty-overall.php,dynasty-overall,do,Malik Willis,23499,QB,MIA,146.71,8.89,137,166,NA,malik-willis.php,NA,NA,25.4,NA,NA,NA,NA,NA,6,Malik Willis,2026-10-02,MIA
/nfl/rankings/dynasty-overall.php,dynasty-overall,do,Daniel Jones,18232,QB,IND,147.86,2.1,145,151,NA,daniel-jones.php,NA,NA,24.5,NA,NA,NA,NA,NA,13,Daniel Jones,2026-10-02,IND
/nfl/rankings/dynasty-overall.php,dynasty-overall,do,AJ Barner,26335,TE,SEA,151.43,22.43,130,187,NA,aj-barner.php,NA,NA,15.4,NA,NA,NA,NA,NA,11,AJ Barner,2026-10-02,SEA
/nfl/rankings/dynasty-overall.php,dynasty-overall,do,Travis Kelce,11594,TE,KC,153.14,5.69,144,163,NA,travis-kelce.php,NA,NA,95.8,NA,NA,NA,NA,-3,5,Travis Kelce,2026-10-02,KCC
/nfl/rankings/dynasty-overall.php,dynasty-overall,do,Tony Pollard,18705,RB,TEN,153.43,15.5,133,182,NA,tony-pollard.php,NA,NA,87.9,NA,NA,NA,NA,-5,9,Tony Pollard,2026-10-02,TEN
/nfl/rankings/dynasty-overall.php,dynasty-overall,do,Ty Simpson,25368,QB,LAR,153.86,6.08,147,163,NA,ty-simpson.php,NA,NA,3.6,NA,NA,NA,NA,NA,11,Ty Simpson,2026-10-02,LAR
/nfl/rankings/dynasty-overall.php,dynasty-overall,do,Rachaad White,23891,RB,WAS,155.86,13.22,136,181,NA,rachaad-white.php,NA,NA,65.3,NA,NA,NA,NA,NA,7,Rachaad White,2026-10-02,WAS
/nfl/rankings/dynasty-overall.php,dynasty-overall,do,J.K. Dobbins,19245,RB,DEN,156.86,7.3,146,168,NA,jk-dobbins.php,NA,NA,82.4,NA,NA,NA,NA,NA,10,JK Dobbins,2026-10-02,DEN
/nfl/rankings/dynasty-overall.php,dynasty-overall,do,Emmett Johnson,28107,RB,KC,157.43,22.13,120,194,NA,emmett-johnson.php,NA,NA,27.2,NA,NA,NA,NA,12,5,Emmett Johnson,2026-10-02,KCC
/nfl/rankings/dynasty-overall.php,dynasty-overall,do,Jonathon Brooks,26148,RB,CAR,157.43,7.09,148,170,NA,jonathon-brooks.php,NA,NA,52,NA,NA,NA,NA,7,5,Jonathon Brooks,2026-10-02,CAR
/nfl/rankings/dynasty-overall.php,dynasty-overall,do,Jordan Mason,22969,RB,MIN,159.57,2.87,156,165,NA,jordan-mason.php,NA,NA,68.4,NA,NA,NA,NA,NA,6,Jordan Mason,2026-10-02,MIN
/nfl/rankings/dynasty-overall.php,dynasty-overall,do,Kenny Gainwell,23310,RB,TB,159.71,6.43,149,170,NA,kenneth-gainwell.php,NA,NA,61.9,NA,NA,NA,NA,NA,10,Kenny Gainwell,2026-10-02,TBB
/nfl/rankings/dynasty-overall.php,dynasty-overall,do,Michael Penix Jr.,22973,QB,ATL,160.43,10.55,150,182,NA,michael-penix-jr.php,NA,NA,8,NA,NA,NA,NA,NA,11,Michael Penix,2026-10-02,ATL
/nfl/rankings/dynasty-overall.php,dynasty-overall,do,Travis Hunter,26034,WR,JAC,165.29,27.67,128,208,NA,travis-hunter.php,NA,NA,50,NA,NA,NA,NA,NA,7,Travis Hunter,2026-10-02,JAC
/nfl/rankings/dynasty-overall.php,dynasty-overall,do,T.J. Hockenson,18290,TE,MIN,167.29,11.36,153,184,NA,tj-hockenson.php,NA,NA,42.6,NA,NA,NA,NA,NA,6,TJ Hockenson,2026-10-02,MIN
/nfl/rankings/dynasty-overall.php,dynasty-overall,do,Mike Washington Jr.,28108,RB,LV,170.29,9.9,160,187,NA,mike-washington-jr.php,NA,NA,39.6,NA,NA,NA,NA,16,13,Mike Washington,2026-10-02,LVR
/nfl/rankings/dynasty-overall.php,dynasty-overall,do,Hunter Henry,15561,TE,NE,173.57,11.72,154,187,NA,hunter-henry.php,NA,NA,54.8,NA,NA,NA,NA,NA,11,Hunter Henry,2026-10-02,NEP
/nfl/rankings/dynasty-overall.php,dynasty-overall,do,Woody Marks,27520,RB,HOU,175.71,7.5,164,185,NA,woody-marks.php,NA,NA,52.9,NA,NA,NA,NA,-8,8,Woody Marks,2026-10-02,HOU
/nfl/rankings/dynasty-overall.php,dynasty-overall,do,Eli Raridon,28154,TE,NE,176.43,18.2,141,199,NA,eli-raridon.php,NA,NA,1.5,NA,NA,NA,NA,NA,11,Eli Raridon,2026-10-02,NEP
/nfl/rankings/dynasty-overall.php,dynasty-overall,do,Tyler Allgeier,24172,RB,ARI,177.57,14.4,160,200,NA,tyler-allgeier.php,NA,NA,42.6,NA,NA,NA,NA,-10,14,Tyler Allgeier,2026-10-02,ARI
/nfl/rankings/dynasty-overall.php,dynasty-overall,do,Adonai Mitchell,24357,WR,NYJ,141,22.76,108,183,NA,adonai-mitchell.php,NA,NA,37.1,NA,NA,NA,NA,NA,13,Adonai Mitchell,2026-10-02,NYJ
/nfl/rankings/dynasty-overall.php,dynasty-overall,do,Jalen McMillan,23179,WR,TB,181.57,37.88,140,257,NA,jalen-mcmillan.php,NA,NA,11.3,NA,NA,NA,NA,-30,10,Jalen McMillan,2026-10-02,TBB
/nfl/rankings/dynasty-overall.php,dynasty-overall,do,Braelon Allen,24346,RB,NYJ,182,15.97,156,200,NA,braelon-allen.php,NA,NA,71.3,NA,NA,NA,NA,NA,13,Braelon Allen,2026-10-02,NYJ
/nfl/rankings/dynasty-overall.php,dynasty-overall,do,Gunnar Helm,27109,TE,TEN,182.29,6.36,170,189,NA,gunnar-helm.php,NA,NA,3.8,NA,NA,NA,NA,NA,9,Gunnar Helm,2026-10-02,TEN
/nfl/rankings/dynasty-overall.php,dynasty-overall,do,Chris Rodriguez Jr.,22986,RB,JAC,184,16.03,165,217,NA,chris-rodriguez-jr.php,NA,NA,31.6,NA,NA,NA,NA,NA,7,Chris Rodriguez,2026-10-02,JAC
/nfl/rankings/dynasty-overall.php,dynasty-overall,do,Caleb Douglas,28135,WR,MIA,184.14,55.06,133,304,NA,caleb-douglas.php,NA,NA,19.7,NA,NA,NA,NA,NA,6,Caleb Douglas,2026-10-02,MIA
/nfl/rankings/dynasty-overall.php,dynasty-overall,do,Deebo Samuel Sr.,18244,WR,SF,150.33,15.35,134,172,NA,deebo-samuel.php,NA,NA,79.7,NA,NA,NA,NA,NA,8,Deebo Samuel,2026-10-02,SFO
/nfl/rankings/dynasty-overall.php,dynasty-overall,do,Aaron Jones Sr.,16673,RB,MIN,186.43,13.2,163,202,NA,aaron-jones.php,NA,NA,85.3,NA,NA,NA,NA,NA,6,Aaron Jones,2026-10-02,MIN
/nfl/rankings/dynasty-overall.php,dynasty-overall,do,Rashid Shaheed,24687,WR,SEA,153.5,25.53,129,196,NA,rashid-shaheed.php,NA,NA,36.4,NA,NA,NA,NA,NA,11,Rashid Shaheed,2026-10-02,SEA
/nfl/rankings/dynasty-overall.php,dynasty-overall,do,Nicholas Singleton,24343,RB,TEN,189.71,21.74,162,222,NA,nick-singleton.php,NA,NA,8.1,NA,NA,NA,NA,NA,9,Nicholas Singleton,2026-10-02,TEN
/nfl/rankings/dynasty-overall.php,dynasty-overall,do,Tyrone Tracy Jr.,22980,RB,NYG,192.14,20.71,167,225,NA,tyrone-tracy-jr.php,NA,NA,7.5,NA,NA,NA,NA,-11,8,Tyrone Tracy,2026-10-02,NYG
/nfl/rankings/dynasty-overall.php,dynasty-overall,do,Tyjae Spears,25323,RB,TEN,196.29,17.32,179,225,NA,tyjae-spears.php,NA,NA,39.4,NA,NA,NA,NA,-8,9,Tyjae Spears,2026-10-02,TEN
/nfl/rankings/dynasty-overall.php,dynasty-overall,do,Keaton Mitchell,25360,RB,LAC,196.43,20.42,185,245,NA,keaton-mitchell.php,NA,NA,31.1,NA,NA,NA,NA,NA,7,Keaton Mitchell,2026-10-02,LAC
/nfl/rankings/dynasty-overall.php,dynasty-overall,do,Pat Bryant,27211,WR,DEN,163.33,26.19,125,208,NA,pat-bryant.php,NA,NA,9.1,NA,NA,NA,NA,NA,10,Pat Bryant,2026-10-02,DEN
/nfl/rankings/dynasty-overall.php,dynasty-overall,do,Elijah Sarratt,27463,WR,BAL,197.14,16.35,170,226,NA,elijah-sarratt.php,NA,NA,4.1,NA,NA,NA,NA,46,13,Elijah Sarratt,2026-10-02,BAL
/nfl/rankings/dynasty-overall.php,dynasty-overall,do,Tank Bigsby,22908,RB,PHI,197.14,16.36,180,221,NA,tank-bigsby.php,NA,NA,27.6,NA,NA,NA,NA,NA,10,Tank Bigsby,2026-10-02,PHI
/nfl/rankings/dynasty-overall.php,dynasty-overall,do,Dylan Sampson,27102,RB,CLE,198.14,15.55,174,216,NA,dylan-sampson.php,NA,NA,10.2,NA,NA,NA,NA,NA,11,Dylan Sampson,2026-10-02,CLE
/nfl/rankings/dynasty-overall.php,dynasty-overall,do,MarShawn Lloyd,23118,RB,GB,199.86,21.3,168,224,NA,marshawn-lloyd.php,NA,NA,57.4,NA,NA,NA,NA,19,11,MarShawn Lloyd,2026-10-02,GBP
/nfl/rankings/dynasty-overall.php,dynasty-overall,do,Ted Hurst III,28130,WR,TB,167.83,25.53,119,196,NA,ted-hurst.php,NA,NA,4.5,NA,NA,NA,NA,28,10,Ted Hurst,2026-10-02,TBB
/nfl/rankings/dynasty-overall.php,dynasty-overall,do,Kayshon Boutte,22989,WR,HOU,168.33,19.11,136,201,NA,kayshon-boutte.php,NA,NA,18.6,NA,NA,NA,NA,NA,8,Kayshon Boutte,2026-10-02,HOU
/nfl/rankings/dynasty-overall.php,dynasty-overall,do,Dalton Schultz,17349,TE,HOU,168.83,14,155,189,NA,dalton-schultz.php,NA,NA,68.4,NA,NA,NA,NA,3,8,Dalton Schultz,2026-10-02,HOU
/nfl/rankings/dynasty-overall.php,dynasty-overall,do,Troy Franklin,23092,WR,DEN,202.86,40.19,148,277,NA,troy-franklin.php,NA,NA,1.4,NA,NA,NA,NA,NA,10,Troy Franklin,2026-10-02,DEN
/nfl/rankings/dynasty-overall.php,dynasty-overall,do,Jaylin Noel,27122,WR,HOU,171.33,10.08,152,183,NA,jaylin-noel.php,NA,NA,4.6,NA,NA,NA,NA,NA,8,Jaylin Noel,2026-10-02,HOU
/nfl/rankings/dynasty-overall.php,dynasty-overall,do,Max Klare,27993,TE,LAR,204.57,29.86,168,264,NA,max-klare.php,NA,NA,2,NA,NA,NA,NA,-6,11,Max Klare,2026-10-02,LAR
/nfl/rankings/dynasty-overall.php,dynasty-overall,do,Ja'Kobi Lane,27337,WR,BAL,173.17,36.04,124,235,NA,jakobi-lane.php,NA,NA,22.6,NA,NA,NA,NA,-8,13,JaKobi Lane,2026-10-02,BAL
/nfl/rankings/dynasty-overall.php,dynasty-overall,do,Dontayvion Wicks,24354,WR,PHI,173.83,29.76,122,209,NA,dontayvion-wicks.php,NA,NA,34.2,NA,NA,NA,NA,15,10,Dontayvion Wicks,2026-10-02,PHI
/nfl/rankings/dynasty-overall.php,dynasty-overall,do,Germie Bernard,26039,WR,PIT,174,32.46,134,225,NA,germie-bernard.php,NA,NA,5.7,NA,NA,NA,NA,9,9,Germie Bernard,2026-10-02,PIT
/nfl/rankings/dynasty-overall.php,dynasty-overall,do,Geno Smith,11687,QB,NYJ,207,11.53,185,224,NA,geno-smith.php,NA,NA,11.8,NA,NA,NA,NA,NA,13,Geno Smith,2026-10-02,NYJ
/nfl/rankings/dynasty-overall.php,dynasty-overall,do,Mason Taylor,26005,TE,NYJ,208.71,13.74,186,231,NA,mason-taylor.php,NA,NA,1.9,NA,NA,NA,NA,NA,13,Mason Taylor,2026-10-02,NYJ
/nfl/rankings/dynasty-overall.php,dynasty-overall,do,Brian Robinson Jr.,20094,RB,ATL,209.71,5.77,202,219,NA,brian-robinson-jr.php,NA,NA,34.4,NA,NA,NA,NA,-10,11,Brian Robinson,2026-10-02,ATL
/nfl/rankings/dynasty-overall.php,dynasty-overall,do,Oscar Delp,25430,TE,NO,180.33,17.94,154,206,NA,oscar-delp.php,NA,NA,1.2,NA,NA,NA,NA,NA,8,Oscar Delp,2026-10-02,NOS
/nfl/rankings/dynasty-overall.php,dynasty-overall,do,Malachi Fields,27994,WR,NYG,180.83,22.97,146,209,NA,malachi-fields.php,NA,NA,11.6,NA,NA,NA,NA,NA,8,Malachi Fields,2026-10-02,NYG
/nfl/rankings/dynasty-overall.php,dynasty-overall,do,Jauan Jennings,19590,WR,MIN,182,28.76,145,237,NA,jauan-jennings.php,NA,NA,12.3,NA,NA,NA,NA,11,6,Jauan Jennings,2026-10-02,MIN
/nfl/rankings/dynasty-overall.php,dynasty-overall,do,Jacoby Brissett,15642,QB,ARI,213,25.28,167,242,NA,jacoby-brissett.php,NA,NA,12.6,NA,NA,NA,NA,NA,14,Jacoby Brissett,2026-10-02,ARI
/nfl/rankings/dynasty-overall.php,dynasty-overall,do,Jalen Nailor,24177,WR,LV,216.71,31.08,171,274,NA,jalen-nailor.php,NA,NA,18.8,NA,NA,NA,NA,34,13,Jalen Nailor,2026-10-02,LVR
/nfl/rankings/dynasty-overall.php,dynasty-overall,do,Aaron Rodgers,9001,QB,PIT,217.57,31.51,169,262,NA,aaron-rodgers.php,NA,NA,9.9,NA,NA,NA,NA,NA,9,Aaron Rodgers,2026-10-02,PIT
/nfl/rankings/dynasty-overall.php,dynasty-overall,do,Pat Freiermuth,20163,TE,PIT,187.83,5.87,179,199,NA,pat-freiermuth.php,NA,NA,18.3,NA,NA,NA,NA,9,9,Pat Freiermuth,2026-10-02,PIT
/nfl/rankings/dynasty-overall.php,dynasty-overall,do,Shedeur Sanders,25968,QB,CLE,218,23.42,183,262,NA,shedeur-sanders.php,NA,NA,2.6,NA,NA,NA,NA,NA,11,Shedeur Sanders,2026-10-02,CLE
/nfl/rankings/dynasty-overall.php,dynasty-overall,do,Tua Tagovailoa,19198,QB,ATL,220.71,38.37,167,270,NA,tua-tagovailoa.php,NA,NA,4.9,NA,NA,NA,NA,NA,11,Tua Tagovailoa,2026-10-02,ATL
/nfl/rankings/dynasty-overall.php,dynasty-overall,do,Cade Otton,23181,TE,TB,223,27.55,195,284,NA,cade-otton.php,NA,NA,6.8,NA,NA,NA,NA,NA,10,Cade Otton,2026-10-02,TBB
/nfl/rankings/dynasty-overall.php,dynasty-overall,do,Tre Tucker,25337,WR,LV,194,42.21,153,278,NA,tre-tucker.php,NA,NA,45.5,NA,NA,NA,NA,-10,13,Tre Tucker,2026-10-02,LVR
/nfl/rankings/dynasty-overall.php,dynasty-overall,do,Jerry Jeudy,19201,WR,CLE,195.33,32.4,143,236,NA,jerry-jeudy.php,NA,NA,15.6,NA,NA,NA,NA,-22,11,Jerry Jeudy,2026-10-02,CLE
/nfl/rankings/dynasty-overall.php,dynasty-overall,do,Zachariah Branch,25419,WR,ATL,196.67,20.3,174,235,NA,zachariah-branch.php,NA,NA,8.7,NA,NA,NA,NA,13,11,Zachariah Branch,2026-10-02,ATL
/nfl/rankings/dynasty-overall.php,dynasty-overall,do,Kaleb Johnson,27165,RB,GB,225.86,29.98,186,293,NA,kaleb-johnson-rb.php,NA,NA,7.5,NA,NA,NA,NA,NA,11,Kaleb Johnson,2026-10-02,GBP
/nfl/rankings/dynasty-overall.php,dynasty-overall,do,Alvin Kamara,16421,RB,NO,227.29,26.79,200,275,NA,alvin-kamara.php,NA,NA,54.9,NA,NA,NA,NA,-11,8,Alvin Kamara,2026-10-02,NOS
/nfl/rankings/dynasty-overall.php,dynasty-overall,do,Denver Broncos,8090,DST,DEN,228.14,16.53,192,248,NA,denver-defense.php,NA,NA,84.7,NA,NA,NA,NA,1,10,Denver Broncos,2026-10-02,DEN
/nfl/rankings/dynasty-overall.php,dynasty-overall,do,Isaac TeSlaa,27446,WR,DET,206.17,18.67,180,231,NA,isaac-teslaa.php,NA,NA,3.7,NA,NA,NA,NA,NA,6,Isaac TeSlaa,2026-10-02,DET
/nfl/rankings/dynasty-overall.php,dynasty-overall,do,Houston Texans,8120,DST,HOU,233.71,20.2,193,266,NA,houston-defense.php,NA,NA,90.9,NA,NA,NA,NA,-1,8,Houston Texans,2026-10-02,HOU
/nfl/rankings/dynasty-overall.php,dynasty-overall,do,David Njoku,16399,TE,LAC,235.14,45.27,186,311,NA,david-njoku.php,NA,NA,7.3,NA,NA,NA,NA,-8,7,David Njoku,2026-10-02,LAC
/nfl/rankings/dynasty-overall.php,dynasty-overall,do,Ollie Gordon II,25984,RB,MIA,236.14,43.62,191,310,NA,ollie-gordon.php,NA,NA,65.2,NA,NA,NA,NA,8,6,Ollie Gordon,2026-10-02,MIA
/nfl/rankings/dynasty-overall.php,dynasty-overall,do,Kaelon Black,28401,RB,SF,209.83,54.62,156,320,NA,kaelon-black.php,NA,NA,33.9,NA,NA,NA,NA,12,8,Kaelon Black,2026-10-02,SFO
/nfl/rankings/dynasty-overall.php,dynasty-overall,do,Philadelphia Eagles,8230,DST,PHI,238.57,23.92,194,278,NA,philadelphia-defense.php,NA,NA,81.1,NA,NA,NA,NA,2,10,Philadelphia Eagles,2026-10-02,PHI
/nfl/rankings/dynasty-overall.php,dynasty-overall,do,Kaytron Allen,24362,RB,WAS,239.43,40.01,191,306,NA,kaytron-allen.php,NA,NA,4.2,NA,NA,NA,NA,NA,7,Kaytron Allen,2026-10-02,WAS
/nfl/rankings/dynasty-overall.php,dynasty-overall,do,Ryan Flournoy,26398,WR,DAL,213.17,48.15,171,315,NA,ryan-flournoy.php,NA,NA,7,NA,NA,NA,NA,15,14,Ryan Flournoy,2026-10-02,DAL
/nfl/rankings/dynasty-overall.php,dynasty-overall,do,Jack Bech,27224,WR,LV,240,27.66,192,280,NA,jack-bech.php,NA,NA,1.4,NA,NA,NA,NA,10,13,Jack Bech,2026-10-02,LVR
/nfl/rankings/dynasty-overall.php,dynasty-overall,do,Tory Horton,26022,WR,SEA,241.43,49.37,179,350,NA,tory-horton.php,NA,NA,1.8,NA,NA,NA,NA,9,11,Tory Horton,2026-10-02,SEA
/nfl/rankings/dynasty-overall.php,dynasty-overall,do,Deshaun Watson,16398,QB,CLE,245,34.55,177,299,NA,deshaun-watson.php,NA,NA,8.7,NA,NA,NA,NA,NA,11,Deshaun Watson,2026-10-02,CLE
/nfl/rankings/dynasty-overall.php,dynasty-overall,do,J.J. McCarthy,23018,QB,NYG,219.83,26.29,195,267,NA,jj-mccarthy.php,NA,NA,2.6,NA,NA,NA,NA,NA,8,JJ McCarthy,2026-10-02,NYG
/nfl/rankings/dynasty-overall.php,dynasty-overall,do,Devaughn Vele,26409,WR,NO,220.67,40.21,174,280,NA,devaughn-vele.php,NA,NA,45.2,NA,NA,NA,NA,25,8,Devaughn Vele,2026-10-02,NOS
/nfl/rankings/dynasty-overall.php,dynasty-overall,do,Greg Dulcich,23153,TE,MIA,221.17,54.08,164,337,NA,greg-dulcich.php,NA,NA,7,NA,NA,NA,NA,NA,6,Greg Dulcich,2026-10-02,MIA
/nfl/rankings/dynasty-overall.php,dynasty-overall,do,Elic Ayomanor,27059,WR,TEN,223.33,37.77,179,273,NA,elic-ayomanor.php,NA,NA,1.5,NA,NA,NA,NA,-18,9,Elic Ayomanor,2026-10-02,TEN
/nfl/rankings/dynasty-overall.php,dynasty-overall,do,Kyle Williams,27487,WR,NE,224,10.94,209,240,NA,kyle-williams-wr-2025.php,NA,NA,1.6,NA,NA,NA,NA,-10,11,Kyle Williams,2026-10-02,NEP
/nfl/rankings/dynasty-overall.php,dynasty-overall,do,Los Angeles Rams,8280,DST,LAR,249.14,28.5,202,303,NA,los-angeles-rams-defense.php,NA,NA,84.3,NA,NA,NA,NA,NA,11,Los Angeles Rams,2026-10-02,LAR
/nfl/rankings/dynasty-overall.php,dynasty-overall,do,Darnell Mooney,19810,WR,NYG,226.83,16.91,208,254,NA,darnell-mooney.php,NA,NA,3.2,NA,NA,NA,NA,-12,8,Darnell Mooney,2026-10-02,NYG
/nfl/rankings/dynasty-overall.php,dynasty-overall,do,Chimere Dike,27315,WR,TEN,228.17,33.45,183,271,NA,chimere-dike.php,NA,NA,1.5,NA,NA,NA,NA,-15,9,Chimere Dike,2026-10-02,TEN
/nfl/rankings/dynasty-overall.php,dynasty-overall,do,Keon Coleman,26019,WR,BUF,228.83,24.13,211,276,NA,keon-coleman.php,NA,NA,8.7,NA,NA,NA,NA,-13,7,Keon Coleman,2026-10-02,BUF
/nfl/rankings/dynasty-overall.php,dynasty-overall,do,Rashod Bateman,19794,WR,BAL,197,21.83,175,232,NA,rashod-bateman.php,NA,NA,34.5,NA,NA,NA,NA,NA,13,Rashod Bateman,2026-10-02,BAL
/nfl/rankings/dynasty-overall.php,dynasty-overall,do,Isiah Pacheco,24333,RB,DET,255.14,69.93,188,395,NA,isiah-pacheco.php,NA,NA,23.4,NA,NA,NA,NA,-7,6,Isiah Pacheco,2026-10-02,DET
/nfl/rankings/dynasty-overall.php,dynasty-overall,do,Pittsburgh Steelers,8240,DST,PIT,255.14,32.42,203,318,NA,pittsburgh-defense.php,NA,NA,74.5,NA,NA,NA,NA,2,9,Pittsburgh Steelers,2026-10-02,PIT
/nfl/rankings/dynasty-overall.php,dynasty-overall,do,Kimani Vidal,26355,RB,LAC,233,20.11,217,275,NA,kimani-vidal.php,NA,NA,2.2,NA,NA,NA,NA,NA,7,Kimani Vidal,2026-10-02,LAC
/nfl/rankings/dynasty-overall.php,dynasty-overall,do,Brandon Aubrey,26068,K,DAL,237.83,18.59,197,249,NA,brandon-aubrey.php,NA,NA,99.1,NA,NA,NA,NA,NA,14,Brandon Aubrey,2026-10-02,DAL
/nfl/rankings/dynasty-overall.php,dynasty-overall,do,Minnesota Vikings,8170,DST,MIN,264.29,25.04,217,296,NA,minnesota-defense.php,NA,NA,70,NA,NA,NA,NA,NA,6,Minnesota Vikings,2026-10-02,MIN
/nfl/rankings/dynasty-overall.php,dynasty-overall,do,Mac Jones,20156,QB,SF,214.6,28.5,167,246,NA,mac-jones.php,NA,NA,0.9,NA,NA,NA,NA,NA,8,Mac Jones,2026-10-02,SFO
/nfl/rankings/dynasty-overall.php,dynasty-overall,do,Tyreek Hill,15802,WR,FA,246,18.57,225,274,NA,tyreek-hill.php,NA,NA,17.4,NA,NA,NA,NA,18,NA,Tyreek Hill,2026-10-02,FA
/nfl/rankings/dynasty-overall.php,dynasty-overall,do,Jaylen Wright,25987,RB,MIA,246.33,34.42,197,306,NA,jaylen-wright.php,NA,NA,23.1,NA,NA,NA,NA,NA,6,Jaylen Wright,2026-10-02,MIA
/nfl/rankings/dynasty-overall.php,dynasty-overall,do,Bryce Lance,28129,WR,NO,217,21.71,198,257,NA,bryce-lance.php,NA,NA,1,NA,NA,NA,NA,NA,8,Bryce Lance,2026-10-02,NOS
/nfl/rankings/dynasty-overall.php,dynasty-overall,do,Malik Washington,26314,WR,MIA,217.4,34.06,176,280,NA,malik-washington.php,NA,NA,30.2,NA,NA,NA,NA,NA,6,Malik Washington,2026-10-02,MIA
/nfl/rankings/dynasty-overall.php,dynasty-overall,do,Cyrus Allen,28424,WR,KC,217.4,16.52,192,237,NA,cyrus-allen.php,NA,NA,10.6,NA,NA,NA,NA,18,5,Cyrus Allen,2026-10-02,KCC
/nfl/rankings/dynasty-overall.php,dynasty-overall,do,Michael Mayer,23056,TE,LV,219.6,25.64,186,259,NA,michael-mayer.php,NA,NA,8.8,NA,NA,NA,NA,4,13,Michael Mayer,2026-10-02,LVR
/nfl/rankings/dynasty-overall.php,dynasty-overall,do,Chris Brazzell II,28047,WR,CAR,220,30.57,170,265,NA,chris-brazzell-ii.php,NA,NA,1.7,NA,NA,NA,NA,-12,5,Chris Brazzell,2026-10-02,CAR
/nfl/rankings/dynasty-overall.php,dynasty-overall,do,Marvin Mims Jr.,23080,WR,DEN,249.83,17.71,232,283,NA,marvin-mims.php,NA,NA,2.6,NA,NA,NA,NA,NA,10,Marvin Mims,2026-10-02,DEN
/nfl/rankings/dynasty-overall.php,dynasty-overall,do,Cam Little,26475,K,JAC,250.33,31.44,200,308,NA,cam-little.php,NA,NA,86.2,NA,NA,NA,NA,NA,7,Cam Little,2026-10-02,JAC
/nfl/rankings/dynasty-overall.php,dynasty-overall,do,Demond Claiborne,28084,RB,MIN,271.43,41.19,216,342,NA,demond-claiborne.php,NA,NA,3.7,NA,NA,NA,NA,9,6,Demond Claiborne,2026-10-02,MIN
/nfl/rankings/dynasty-overall.php,dynasty-overall,do,Seattle Seahawks,8260,DST,SEA,254.67,44.19,196,314,NA,seattle-defense.php,NA,NA,96.4,NA,NA,NA,NA,-2,11,Seattle Seahawks,2026-10-02,SEA
/nfl/rankings/dynasty-overall.php,dynasty-overall,do,Calvin Ridley,17258,WR,TEN,228.2,40.14,170,293,NA,calvin-ridley.php,NA,NA,6.3,NA,NA,NA,NA,-12,9,Calvin Ridley,2026-10-02,TEN
/nfl/rankings/dynasty-overall.php,dynasty-overall,do,Emanuel Wilson,25885,RB,SEA,256.67,32.47,217,296,NA,emanuel-wilson.php,NA,NA,25.6,NA,NA,NA,NA,NA,11,Emanuel Wilson,2026-10-02,SEA
/nfl/rankings/dynasty-overall.php,dynasty-overall,do,Skyler Bell,28126,WR,BUF,232,22.27,194,254,NA,skyler-bell.php,NA,NA,3,NA,NA,NA,NA,27,7,Skyler Bell,2026-10-02,BUF
/nfl/rankings/dynasty-overall.php,dynasty-overall,do,Kansas City Chiefs,8150,DST,KC,279.86,36.02,224,323,NA,kansas-city-defense.php,NA,NA,48,NA,NA,NA,NA,4,5,Kansas City Chiefs,2026-10-02,KCC
/nfl/rankings/dynasty-overall.php,dynasty-overall,do,Detroit Lions,8100,DST,DET,280.57,46.65,215,347,NA,detroit-defense.php,NA,NA,47.3,NA,NA,NA,NA,6,6,Detroit Lions,2026-10-02,DET
/nfl/rankings/dynasty-overall.php,dynasty-overall,do,Cameron Dicker,23901,K,LAC,261.17,37.95,201,324,NA,cameron-dicker.php,NA,NA,83.3,NA,NA,NA,NA,1,7,Cameron Dicker,2026-10-02,LAC
/nfl/rankings/dynasty-overall.php,dynasty-overall,do,Darnell Washington,22967,TE,PIT,234.2,33.44,206,294,NA,darnell-washington.php,NA,NA,2.5,NA,NA,NA,NA,NA,9,Darnell Washington,2026-10-02,PIT
/nfl/rankings/dynasty-overall.php,dynasty-overall,do,Tank Dell,25361,WR,HOU,236.4,30.73,192,285,NA,nathaniel-dell.php,NA,NA,25.7,NA,NA,NA,NA,-10,8,Tank Dell,2026-10-02,HOU
/nfl/rankings/dynasty-overall.php,dynasty-overall,do,Harrison Butker,16712,K,KC,263.67,39.89,213,342,NA,harrison-butker.php,NA,NA,59.6,NA,NA,NA,NA,2,5,Harrison Butker,2026-10-02,KCC
/nfl/rankings/dynasty-overall.php,dynasty-overall,do,Keenan Allen,11616,WR,IND,237.2,16.44,209,260,NA,keenan-allen.php,NA,NA,40.7,NA,NA,NA,NA,NA,13,Keenan Allen,2026-10-02,IND
/nfl/rankings/dynasty-overall.php,dynasty-overall,do,Ray Davis,26191,RB,BUF,264,32.91,222,312,NA,ray-davis.php,NA,NA,7.4,NA,NA,NA,NA,NA,7,Ray Davis,2026-10-02,BUF
/nfl/rankings/dynasty-overall.php,dynasty-overall,do,Kirk Cousins,11177,QB,LV,242,20.66,205,262,NA,kirk-cousins.php,NA,NA,24.2,NA,NA,NA,NA,NA,13,Kirk Cousins,2026-10-02,LVR
/nfl/rankings/dynasty-overall.php,dynasty-overall,do,Jake Moody,24009,K,FA,245.8,27.18,213,287,NA,jake-moody.php,NA,NA,1.5,NA,NA,NA,NA,4,NA,Jake Moody,2026-10-02,FA
/nfl/rankings/dynasty-overall.php,dynasty-overall,do,Anthony Richardson Sr.,24347,QB,IND,246,25.53,204,283,NA,anthony-richardson.php,NA,NA,1.6,NA,NA,NA,NA,NA,13,Anthony Richardson,2026-10-02,IND
/nfl/rankings/dynasty-overall.php,dynasty-overall,do,Brandon Aiyuk,19252,WR,SF,246.2,84.07,107,368,NA,brandon-aiyuk.php,NA,NA,2.8,NA,NA,NA,NA,-38,8,Brandon Aiyuk,2026-10-02,SFO
/nfl/rankings/dynasty-overall.php,dynasty-overall,do,Chris Boswell,13029,K,PIT,272,30.95,209,300,NA,chris-boswell.php,NA,NA,34.8,NA,NA,NA,NA,2,9,Chris Boswell,2026-10-02,PIT
/nfl/rankings/dynasty-overall.php,dynasty-overall,do,Baltimore Ravens,8020,DST,BAL,290.14,38.5,220,345,NA,baltimore-defense.php,NA,NA,71,NA,NA,NA,NA,3,13,Baltimore Ravens,2026-10-02,BAL
/nfl/rankings/dynasty-overall.php,dynasty-overall,do,Will Reichard,26341,K,MIN,247.4,25.3,206,285,NA,will-reichard.php,NA,NA,51.3,NA,NA,NA,NA,6,6,Will Reichard,2026-10-02,MIN
/nfl/rankings/dynasty-overall.php,dynasty-overall,do,Tyler Loop,27534,K,BAL,247.8,38.23,199,289,NA,tyler-loop.php,NA,NA,66.2,NA,NA,NA,NA,NA,13,Tyler Loop,2026-10-02,BAL
/nfl/rankings/dynasty-overall.php,dynasty-overall,do,Elijah Arroyo,23004,TE,SEA,249.4,38.09,195,301,NA,elijah-arroyo.php,NA,NA,0.9,NA,NA,NA,NA,NA,11,Elijah Arroyo,2026-10-02,SEA
/nfl/rankings/dynasty-overall.php,dynasty-overall,do,Kevin Coleman Jr.,28067,WR,MIA,250.6,39.26,212,325,NA,kevin-coleman-jr.php,NA,NA,1.1,NA,NA,NA,NA,NA,6,Kevin Coleman,2026-10-02,MIA
/nfl/rankings/dynasty-overall.php,dynasty-overall,do,Carson Beck,22953,QB,ARI,255.2,8.45,242,268,NA,carson-beck.php,NA,NA,2.5,NA,NA,NA,NA,NA,14,Carson Beck,2026-10-02,ARI
/nfl/rankings/dynasty-overall.php,dynasty-overall,do,Green Bay Packers,8110,DST,GB,279.67,41.38,212,336,NA,green-bay-defense.php,NA,NA,42.5,NA,NA,NA,NA,NA,11,Green Bay Packers,2026-10-02,GBP
/nfl/rankings/dynasty-overall.php,dynasty-overall,do,Wil Lutz,16026,K,DEN,279.67,36.6,214,339,NA,wil-lutz.php,NA,NA,8.6,NA,NA,NA,NA,3,10,Wil Lutz,2026-10-02,DEN
/nfl/rankings/dynasty-overall.php,dynasty-overall,do,Joshua Karty,26478,K,FA,257,33.18,217,300,NA,joshua-karty.php,NA,NA,1,NA,NA,NA,NA,NA,NA,Joshua Karty,2026-10-02,FA
/nfl/rankings/dynasty-overall.php,dynasty-overall,do,Tyson Bagent,25321,QB,CHI,257.4,10.38,242,269,NA,tyson-bagent.php,NA,NA,1.1,NA,NA,NA,NA,NA,10,Tyson Bagent,2026-10-02,CHI
/nfl/rankings/dynasty-overall.php,dynasty-overall,do,Ka'imi Fairbairn,15756,K,HOU,257.8,32.62,207,309,NA,kaimi-fairbairn.php,NA,NA,91.2,NA,NA,NA,NA,1,8,Kaimi Fairbairn,2026-10-02,HOU
/nfl/rankings/dynasty-overall.php,dynasty-overall,do,Cooper Kupp,16433,WR,SEA,260.4,17.86,243,293,NA,cooper-kupp.php,NA,NA,12.6,NA,NA,NA,NA,-11,11,Cooper Kupp,2026-10-02,SEA
/nfl/rankings/dynasty-overall.php,dynasty-overall,do,Jason Myers,14003,K,SEA,283.83,55.62,199,353,NA,jason-myers.php,NA,NA,90.5,NA,NA,NA,NA,NA,11,Jason Myers,2026-10-02,SEA
/nfl/rankings/dynasty-overall.php,dynasty-overall,do,Evan McPherson,23297,K,CIN,285.83,43.17,210,339,NA,evan-mcpherson.php,NA,NA,63.3,NA,NA,NA,NA,4,6,Evan McPherson,2026-10-02,CIN
/nfl/rankings/dynasty-overall.php,dynasty-overall,do,Justin Fields,19781,QB,KC,264,18.92,241,290,NA,justin-fields.php,NA,NA,0.9,NA,NA,NA,NA,NA,5,Justin Fields,2026-10-02,KCC
/nfl/rankings/dynasty-overall.php,dynasty-overall,do,Chase McLaughlin,19058,K,TB,287.83,40.12,208,326,NA,chase-mclaughlin.php,NA,NA,22.3,NA,NA,NA,NA,NA,10,Chase McLaughlin,2026-10-02,TBB
/nfl/rankings/dynasty-overall.php,dynasty-overall,do,Cole Payton,28302,QB,PHI,266.2,27.48,224,302,NA,cole-payton.php,NA,NA,1.2,NA,NA,NA,NA,NA,10,Cole Payton,2026-10-02,PHI
/nfl/rankings/dynasty-overall.php,dynasty-overall,do,Darius Slayton,18706,WR,IND,266.6,28.54,233,315,NA,darius-slayton.php,NA,NA,1,NA,NA,NA,NA,NA,13,Darius Slayton,2026-10-02,IND
/nfl/rankings/dynasty-overall.php,dynasty-overall,do,Marcus Mariota,13890,QB,WAS,268.2,15.21,247,289,NA,marcus-mariota.php,NA,NA,11.5,NA,NA,NA,NA,NA,7,Marcus Mariota,2026-10-02,WAS
/nfl/rankings/dynasty-overall.php,dynasty-overall,do,Sean Tucker,23679,RB,TB,290.17,34.02,257,357,NA,sean-tucker.php,NA,NA,3.4,NA,NA,NA,NA,NA,10,Sean Tucker,2026-10-02,TBB
/nfl/rankings/dynasty-overall.php,dynasty-overall,do,Seth McGowan,23079,RB,IND,290.83,9.99,269,298,NA,seth-mcgowan.php,NA,NA,1.8,NA,NA,NA,NA,21,13,Seth McGowan,2026-10-02,IND
/nfl/rankings/dynasty-overall.php,dynasty-overall,do,Matt Hibner,28168,TE,BAL,241.75,45.8,163,277,NA,matthew-hibner.php,NA,NA,1.2,NA,NA,NA,NA,NA,13,Matt Hibner,2026-10-02,BAL
/nfl/rankings/dynasty-overall.php,dynasty-overall,do,DeMario Douglas,25304,WR,NE,273,27.22,238,309,NA,demario-douglas.php,NA,NA,2.9,NA,NA,NA,NA,NA,11,Demario Douglas,2026-10-02,NEP
/nfl/rankings/dynasty-overall.php,dynasty-overall,do,Trey Benson,25388,RB,ARI,294.33,34,259,363,NA,trey-benson.php,NA,NA,1,NA,NA,NA,NA,NA,14,Trey Benson,2026-10-02,ARI
/nfl/rankings/dynasty-overall.php,dynasty-overall,do,Evan Engram,16411,TE,DEN,273.8,36.01,223,322,NA,evan-engram.php,NA,NA,4,NA,NA,NA,NA,NA,10,Evan Engram,2026-10-02,DEN
/nfl/rankings/dynasty-overall.php,dynasty-overall,do,Kendre Miller,24360,RB,NO,294.67,37.98,227,336,NA,kendre-miller.php,NA,NA,6.7,NA,NA,NA,NA,NA,8,Kendre Miller,2026-10-02,NOS
/nfl/rankings/dynasty-overall.php,dynasty-overall,do,Brenen Thompson,28133,WR,LAC,274.4,21,236,299,NA,brenen-thompson.php,NA,NA,0.9,NA,NA,NA,NA,NA,7,Brenen Thompson,2026-10-02,LAC
/nfl/rankings/dynasty-overall.php,dynasty-overall,do,Cole Kmet,19229,TE,CHI,275.4,40.41,231,335,NA,cole-kmet.php,NA,NA,1.8,NA,NA,NA,NA,NA,10,Cole Kmet,2026-10-02,CHI
/nfl/rankings/dynasty-overall.php,dynasty-overall,do,Jacksonville Jaguars,8140,DST,JAC,275.8,50.16,198,347,NA,jacksonville-defense.php,NA,NA,65.5,NA,NA,NA,NA,4,7,Jacksonville Jaguars,2026-10-02,JAC
/nfl/rankings/dynasty-overall.php,dynasty-overall,do,Adam Randall,24367,RB,BAL,276.4,44.53,225,347,NA,adam-randall.php,NA,NA,1.4,NA,NA,NA,NA,27,13,Adam Randall,2026-10-02,BAL
/nfl/rankings/dynasty-overall.php,dynasty-overall,do,Colby Parkinson,19372,TE,LAR,277,32.81,245,317,NA,colby-parkinson.php,NA,NA,3.5,NA,NA,NA,NA,6,11,Colby Parkinson,2026-10-02,LAR
/nfl/rankings/dynasty-overall.php,dynasty-overall,do,Jalen Milroe,22884,QB,SEA,277.2,19.16,257,312,NA,jalen-milroe.php,NA,NA,0.6,NA,NA,NA,NA,NA,11,Jalen Milroe,2026-10-02,SEA
/nfl/rankings/dynasty-overall.php,dynasty-overall,do,Theo Johnson,23104,TE,NYG,278.2,42.49,207,319,NA,theo-johnson.php,NA,NA,1.5,NA,NA,NA,NA,-5,8,Theo Johnson,2026-10-02,NYG
/nfl/rankings/dynasty-overall.php,dynasty-overall,do,Tyquan Thornton,22913,WR,KC,279.6,57.22,228,388,NA,tyquan-thornton.php,NA,NA,2.6,NA,NA,NA,NA,15,5,Tyquan Thornton,2026-10-02,KCC
/nfl/rankings/dynasty-overall.php,dynasty-overall,do,Drew Allar,24345,QB,PIT,280.2,14.5,261,303,NA,drew-allar.php,NA,NA,0.8,NA,NA,NA,NA,NA,9,Drew Allar,2026-10-02,PIT
/nfl/rankings/dynasty-overall.php,dynasty-overall,do,Buffalo Bills,8030,DST,BUF,280.4,17.76,250,303,NA,buffalo-defense.php,NA,NA,43.8,NA,NA,NA,NA,11,7,Buffalo Bills,2026-10-02,BUF
/nfl/rankings/dynasty-overall.php,dynasty-overall,do,Taylen Green,28094,QB,CLE,280.6,27.61,256,334,NA,taylen-green.php,NA,NA,3.3,NA,NA,NA,NA,NA,11,Taylen Green,2026-10-02,CLE
/nfl/rankings/dynasty-overall.php,dynasty-overall,do,Jake Bates,26075,K,DET,281.6,38.71,221,342,NA,jake-bates.php,NA,NA,61.5,NA,NA,NA,NA,-5,6,Jake Bates,2026-10-02,DET
/nfl/rankings/dynasty-overall.php,dynasty-overall,do,Sam Roush,28161,TE,CHI,284.4,43.42,221,341,NA,sam-roush.php,NA,NA,0.7,NA,NA,NA,NA,NA,10,Sam Roush,2026-10-02,CHI
/nfl/rankings/dynasty-overall.php,dynasty-overall,do,Hollywood Brown,18226,WR,PHI,284.4,53.18,244,387,NA,marquise-brown.php,NA,NA,1.2,NA,NA,NA,NA,NA,10,Marquise Brown,2026-10-02,PHI
/nfl/rankings/dynasty-overall.php,dynasty-overall,do,Devin Neal,23682,RB,MIN,285.2,34.32,219,319,NA,devin-neal.php,NA,NA,1.2,NA,NA,NA,NA,-26,6,Devin Neal,2026-10-02,MIN
/nfl/rankings/dynasty-overall.php,dynasty-overall,do,New England Patriots,8180,DST,NE,285.2,25.06,244,318,NA,new-england-defense.php,NA,NA,67,NA,NA,NA,NA,2,11,New England Patriots,2026-10-02,NEP
/nfl/rankings/dynasty-overall.php,dynasty-overall,do,San Francisco 49ers,8270,DST,SF,258.25,51.97,205,327,NA,san-francisco-defense.php,NA,NA,39,NA,NA,NA,NA,-11,8,San Francisco 49ers,2026-10-02,SFO
/nfl/rankings/dynasty-overall.php,dynasty-overall,do,Xavier Legette,26136,WR,CAR,287,35.98,248,349,NA,xavier-legette.php,NA,NA,1.3,NA,NA,NA,NA,NA,5,Xavier Legette,2026-10-02,CAR
/nfl/rankings/dynasty-overall.php,dynasty-overall,do,James Conner,16447,RB,ARI,288,40.08,220,336,NA,james-conner.php,NA,NA,9,NA,NA,NA,NA,-11,14,James Conner,2026-10-02,ARI
/nfl/rankings/dynasty-overall.php,dynasty-overall,do,Jameis Winston,13891,QB,NYG,289,40.68,246,338,NA,jameis-winston.php,NA,NA,4.6,NA,NA,NA,NA,NA,8,Jameis Winston,2026-10-02,NYG
/nfl/rankings/dynasty-overall.php,dynasty-overall,do,Cade Klubnik,24361,QB,NYJ,289.6,49.61,246,386,NA,cade-klubnik.php,NA,NA,1.2,NA,NA,NA,NA,NA,13,Cade Klubnik,2026-10-02,NYJ
/nfl/rankings/dynasty-overall.php,dynasty-overall,do,Los Angeles Chargers,8250,DST,LAC,289.6,25.71,266,330,NA,los-angeles-chargers-defense.php,NA,NA,35.4,NA,NA,NA,NA,13,7,Los Angeles Chargers,2026-10-02,LAC
/nfl/rankings/dynasty-overall.php,dynasty-overall,do,Andy Borregales,27291,K,NE,263.25,56.51,212,353,NA,andres-borregales.php,NA,NA,7.5,NA,NA,NA,NA,-4,11,Andy Borregales,2026-10-02,NEP
/nfl/rankings/dynasty-overall.php,dynasty-overall,do,Christian Kirk,17268,WR,SF,290.6,62.14,229,395,NA,christian-kirk.php,NA,NA,2.2,NA,NA,NA,NA,NA,8,Christian Kirk,2026-10-02,SFO
/nfl/rankings/dynasty-overall.php,dynasty-overall,do,Najee Harris,19302,RB,NYG,309.5,28.36,284,359,NA,najee-harris-rb.php,NA,NA,6.8,NA,NA,NA,NA,NA,8,Najee Harris,2026-10-02,NYG
/nfl/rankings/dynasty-overall.php,dynasty-overall,do,Isaiah Davis,25977,RB,NYJ,312.17,35.05,276,383,NA,isaiah-davis.php,NA,NA,3.7,NA,NA,NA,NA,NA,13,Isaiah Davis,2026-10-02,NYJ
/nfl/rankings/dynasty-overall.php,dynasty-overall,do,Mike Gesicki,17272,TE,CIN,297,5.83,288,305,NA,mike-gesicki.php,NA,NA,10.1,NA,NA,NA,NA,6,6,Mike Gesicki,2026-10-02,CIN
/nfl/rankings/dynasty-overall.php,dynasty-overall,do,Chris Brooks,25823,RB,GB,314,37.9,263,380,NA,christopher-brooks.php,NA,NA,7.2,NA,NA,NA,NA,NA,11,Chris Brooks,2026-10-02,GBP
/nfl/rankings/dynasty-overall.php,dynasty-overall,do,Jalen Royals,27076,WR,KC,297.8,14.27,286,325,NA,jalen-royals.php,NA,NA,0.6,NA,NA,NA,NA,NA,5,Jalen Royals,2026-10-02,KCC
/nfl/rankings/dynasty-overall.php,dynasty-overall,do,Charlie Kolar,22756,TE,LAC,298,53.63,207,366,NA,charlie-kolar.php,NA,NA,0.7,NA,NA,NA,NA,6,7,Charlie Kolar,2026-10-02,LAC
/nfl/rankings/dynasty-overall.php,dynasty-overall,do,Konata Mumpfield,27449,WR,LAR,235,45.11,183,293,NA,konata-mumpfield.php,NA,NA,4.2,NA,NA,NA,NA,NA,11,Konata Mumpfield,2026-10-02,LAR
/nfl/rankings/dynasty-overall.php,dynasty-overall,do,Chicago Bears,8050,DST,CHI,235.67,49.09,198,305,NA,chicago-defense.php,NA,NA,34.7,NA,NA,NA,NA,-7,10,Chicago Bears,2026-10-02,CHI
/nfl/rankings/dynasty-overall.php,dynasty-overall,do,Jason Sanders,17533,K,NYJ,277.5,54.54,220,332,NA,jason-sanders.php,NA,NA,0.7,NA,NA,NA,NA,NA,13,Jason Sanders,2026-10-02,NYJ
/nfl/rankings/dynasty-overall.php,dynasty-overall,do,Marlin Klein,28157,TE,HOU,302.8,47.53,221,352,NA,marlin-klein.php,NA,NA,0.6,NA,NA,NA,NA,NA,8,Marlin Klein,2026-10-02,HOU
/nfl/rankings/dynasty-overall.php,dynasty-overall,do,Andrei Iosivas,25335,WR,CIN,303.6,12.55,285,315,NA,andrei-iosivas.php,NA,NA,1,NA,NA,NA,NA,NA,6,Andrei Iosivas,2026-10-02,CIN
/nfl/rankings/dynasty-overall.php,dynasty-overall,do,Jalen Tolbert,23770,WR,MIA,282.75,42.31,213,327,NA,jalen-tolbert.php,NA,NA,1.1,NA,NA,NA,NA,NA,6,Jalen Tolbert,2026-10-02,MIA
/nfl/rankings/dynasty-overall.php,dynasty-overall,do,Daniel Carlson,17420,K,NO,246,38.26,216,300,NA,daniel-carlson.php,NA,NA,3.5,NA,NA,NA,NA,NA,8,Daniel Carlson,2026-10-02,NOS
/nfl/rankings/dynasty-overall.php,dynasty-overall,do,Joshua Palmer,22845,WR,BUF,307,51.17,232,381,NA,josh-palmer.php,NA,NA,2.6,NA,NA,NA,NA,NA,7,Josh Palmer,2026-10-02,BUF
/nfl/rankings/dynasty-overall.php,dynasty-overall,do,Eli Heidenreich,28297,RB,PIT,307,14.07,294,327,NA,eli-heidenreich.php,NA,NA,2.2,NA,NA,NA,NA,NA,9,Eli Heidenreich,2026-10-02,PIT
/nfl/rankings/dynasty-overall.php,dynasty-overall,do,Erick All Jr.,23837,TE,CIN,284.75,24.54,260,319,NA,erick-all.php,NA,NA,0.6,NA,NA,NA,NA,NA,6,Erick All,2026-10-02,CIN
/nfl/rankings/dynasty-overall.php,dynasty-overall,do,Cleveland Browns,8070,DST,CLE,308.2,34.34,255,355,NA,cleveland-defense.php,NA,NA,25.3,NA,NA,NA,NA,2,11,Cleveland Browns,2026-10-02,CLE
/nfl/rankings/dynasty-overall.php,dynasty-overall,do,Will Howard,25972,QB,PIT,309,29.83,268,348,NA,will-howard.php,NA,NA,0.6,NA,NA,NA,NA,-7,9,Will Howard,2026-10-02,PIT
/nfl/rankings/dynasty-overall.php,dynasty-overall,do,Calvin Austin III,23739,WR,NYG,291.25,37.98,227,324,NA,calvin-austin.php,NA,NA,1.5,NA,NA,NA,NA,-14,8,Calvin Austin,2026-10-02,NYG
/nfl/rankings/dynasty-overall.php,dynasty-overall,do,Dallas Cowboys,8080,DST,DAL,258,50.97,219,330,NA,dallas-defense.php,NA,NA,18,NA,NA,NA,NA,-5,14,Dallas Cowboys,2026-10-02,DAL
/nfl/rankings/dynasty-overall.php,dynasty-overall,do,Mack Hollins,16489,WR,NE,314.2,47.79,240,373,NA,mack-hollins.php,NA,NA,5.8,NA,NA,NA,NA,NA,11,Mack Hollins,2026-10-02,NEP
/nfl/rankings/dynasty-overall.php,dynasty-overall,do,Spencer Rattler,23081,QB,NO,294.5,19.22,265,316,NA,spencer-rattler.php,NA,NA,0.6,NA,NA,NA,NA,NA,8,Spencer Rattler,2026-10-02,NOS
/nfl/rankings/dynasty-overall.php,dynasty-overall,do,New Orleans Saints,8190,DST,NO,260.33,66.98,210,355,NA,new-orleans-defense.php,NA,NA,21,NA,NA,NA,NA,-8,8,New Orleans Saints,2026-10-02,NOS
/nfl/rankings/dynasty-overall.php,dynasty-overall,do,Tez Johnson,27147,WR,TB,315.6,54.9,256,382,NA,tez-johnson.php,NA,NA,0.6,NA,NA,NA,NA,-14,10,Tez Johnson,2026-10-02,TBB
/nfl/rankings/dynasty-overall.php,dynasty-overall,do,Darren Waller,14104,TE,CAR,295.75,40.15,255,356,NA,darren-waller.php,NA,NA,28,NA,NA,NA,NA,17,5,Darren Waller,2026-10-02,CAR
/nfl/rankings/dynasty-overall.php,dynasty-overall,do,Ben Sinnott,26310,TE,WAS,316.8,31.07,268,354,NA,ben-sinnott.php,NA,NA,0.6,NA,NA,NA,NA,-14,7,Ben Sinnott,2026-10-02,WAS
/nfl/rankings/dynasty-overall.php,dynasty-overall,do,Jordan James,27310,RB,SF,316.8,38.09,280,390,NA,jordan-james.php,NA,NA,1.3,NA,NA,NA,NA,NA,8,Jordan James,2026-10-02,SFO
/nfl/rankings/dynasty-overall.php,dynasty-overall,do,Joe Milton III,25967,QB,DAL,298.25,49.68,263,384,NA,joe-milton.php,NA,NA,0.6,NA,NA,NA,NA,NA,14,Joe Milton,2026-10-02,DAL
/nfl/rankings/dynasty-overall.php,dynasty-overall,do,Will Shipley,22930,RB,PHI,322,27.71,281,364,NA,will-shipley.php,NA,NA,0.9,NA,NA,NA,NA,NA,10,Will Shipley,2026-10-02,PHI
/nfl/rankings/dynasty-overall.php,dynasty-overall,do,Isaiah Bond,24371,WR,CLE,322.6,55.08,257,392,NA,isaiah-bond.php,NA,NA,0.6,NA,NA,NA,NA,-22,11,Isaiah Bond,2026-10-02,CLE
/nfl/rankings/dynasty-overall.php,dynasty-overall,do,Tanner Koziol,27499,TE,JAC,322.6,23.22,290,352,NA,tanner-koziol.php,NA,NA,1.4,NA,NA,NA,NA,NA,7,Tanner Koziol,2026-10-02,JAC
/nfl/rankings/dynasty-overall.php,dynasty-overall,do,Jarquez Hunter,24335,RB,MIA,305.5,24.05,271,328,NA,jarquez-hunter.php,NA,NA,1,NA,NA,NA,NA,NA,6,Jarquez Hunter,2026-10-02,MIA
/nfl/rankings/dynasty-overall.php,dynasty-overall,do,Jake Elliott,16540,K,PHI,305.5,21.37,285,339,NA,jake-elliott.php,NA,NA,7,NA,NA,NA,NA,NA,10,Jake Elliott,2026-10-02,PHI
/nfl/rankings/dynasty-overall.php,dynasty-overall,do,Ja'Tavion Sanders,24334,TE,CAR,324,51.79,231,373,NA,jatavion-sanders.php,NA,NA,0.6,NA,NA,NA,NA,NA,5,JaTavion Sanders,2026-10-02,CAR
/nfl/rankings/dynasty-overall.php,dynasty-overall,do,Malik Benson,26012,WR,LV,276,35.81,228,314,NA,malik-benson.php,NA,NA,0.6,NA,NA,NA,NA,NA,13,Malik Benson,2026-10-02,LVR
/nfl/rankings/dynasty-overall.php,dynasty-overall,do,Quinn Ewers,23680,QB,JAC,307.25,24.59,266,331,NA,quinn-ewers.php,NA,NA,0.6,NA,NA,NA,NA,-8,7,Quinn Ewers,2026-10-02,JAC
/nfl/rankings/dynasty-overall.php,dynasty-overall,do,Dawson Knox,18631,TE,BUF,326.8,13.78,309,340,NA,dawson-knox.php,NA,NA,1.7,NA,NA,NA,NA,NA,7,Dawson Knox,2026-10-02,BUF
/nfl/rankings/dynasty-overall.php,dynasty-overall,do,Justin Joly,28079,TE,MIA,309.75,29.13,263,341,NA,justin-joly.php,NA,NA,2.5,NA,NA,NA,NA,-6,6,Justin Joly,2026-10-02,MIA
/nfl/rankings/dynasty-overall.php,dynasty-overall,do,New York Giants,8200,DST,NYG,224,3,221,227,NA,new-york-giants-defense.php,NA,NA,15.2,NA,NA,NA,NA,NA,8,New York Giants,2026-10-02,NYG
/nfl/rankings/dynasty-overall.php,dynasty-overall,do,Joe Flacco,9300,QB,CIN,284,8.49,272,290,NA,joe-flacco.php,NA,NA,0.8,NA,NA,NA,NA,NA,6,Joe Flacco,2026-10-02,CIN
/nfl/rankings/dynasty-overall.php,dynasty-overall,do,George Holani,22915,RB,SEA,329.8,30.33,294,385,NA,george-holani.php,NA,NA,4.3,NA,NA,NA,NA,NA,11,George Holani,2026-10-02,SEA
/nfl/rankings/dynasty-overall.php,dynasty-overall,do,Washington Commanders,8310,DST,WAS,314.25,19.92,290,345,NA,washington-defense.php,NA,NA,5.5,NA,NA,NA,NA,3,7,Washington Commanders,2026-10-02,WAS
/nfl/rankings/dynasty-overall.php,dynasty-overall,do,Blake Grupe,25533,K,NYJ,286.67,15.63,271,308,NA,blake-grupe.php,NA,NA,0.6,NA,NA,NA,NA,11,13,Blake Grupe,2026-10-02,NYJ
/nfl/rankings/dynasty-overall.php,dynasty-overall,do,Jahan Dotson,23101,WR,ATL,332.2,41.47,252,372,NA,jahan-dotson.php,NA,NA,1.7,NA,NA,NA,NA,NA,11,Jahan Dotson,2026-10-02,ATL
/nfl/rankings/dynasty-overall.php,dynasty-overall,do,CJ Daniels,28125,WR,LAR,317.25,36.85,283,377,NA,cj-daniels.php,NA,NA,1.3,NA,NA,NA,NA,NA,11,CJ Daniels,2026-10-02,LAR
/nfl/rankings/dynasty-overall.php,dynasty-overall,do,Noah Fant,17527,TE,NO,333.6,18.24,311,356,NA,noah-fant.php,NA,NA,1.6,NA,NA,NA,NA,NA,8,Noah Fant,2026-10-02,NOS
/nfl/rankings/dynasty-overall.php,dynasty-overall,do,Barion Brown,25416,WR,NO,317.75,67.29,208,387,NA,barion-brown.php,NA,NA,1.4,NA,NA,NA,NA,NA,8,Barion Brown,2026-10-02,NOS
/nfl/rankings/dynasty-overall.php,dynasty-overall,do,Savion Williams,27144,WR,GB,333.8,23.16,304,369,NA,savion-williams.php,NA,NA,0.6,NA,NA,NA,NA,NA,11,Savion Williams,2026-10-02,GBP
/nfl/rankings/dynasty-overall.php,dynasty-overall,do,Cedric Tillman,25287,WR,NO,318.5,47.19,240,360,NA,cedric-tillman.php,NA,NA,1,NA,NA,NA,NA,-26,8,Cedric Tillman,2026-10-02,NOS
/nfl/rankings/dynasty-overall.php,dynasty-overall,do,Brashard Smith,27259,RB,KC,334.4,24.67,298,362,NA,brashard-smith.php,NA,NA,1.3,NA,NA,NA,NA,-10,5,Brashard Smith,2026-10-02,KCC
/nfl/rankings/dynasty-overall.php,dynasty-overall,do,Garrett Nussmeier,22998,QB,KC,319.25,38.8,287,383,NA,garrett-nussmeier.php,NA,NA,1.4,NA,NA,NA,NA,NA,5,Garrett Nussmeier,2026-10-02,KCC
/nfl/rankings/dynasty-overall.php,dynasty-overall,do,Jaydon Blue,24344,RB,PHI,322,53,262,389,NA,jaydon-blue.php,NA,NA,1.4,NA,NA,NA,NA,-9,10,Jaydon Blue,2026-10-02,PHI
/nfl/rankings/dynasty-overall.php,dynasty-overall,do,Riley Leonard,25373,QB,IND,339,27.66,316,393,NA,riley-leonard.php,NA,NA,1,NA,NA,NA,NA,NA,13,Riley Leonard,2026-10-02,IND
/nfl/rankings/dynasty-overall.php,dynasty-overall,do,DJ Giddens,27097,RB,IND,339.2,25.72,297,367,NA,dj-giddens.php,NA,NA,0.7,NA,NA,NA,NA,NA,13,DJ Giddens,2026-10-02,IND
/nfl/rankings/dynasty-overall.php,dynasty-overall,do,Trevor Etienne,25393,RB,CAR,325,39.45,272,363,NA,trevor-etienne.php,NA,NA,0.8,NA,NA,NA,NA,NA,5,Trevor Etienne,2026-10-02,CAR
/nfl/rankings/dynasty-overall.php,dynasty-overall,do,Jack Endries,27501,TE,CIN,339.8,14.88,319,360,NA,jack-endries.php,NA,NA,2.4,NA,NA,NA,NA,NA,6,Jack Endries,2026-10-02,CIN
/nfl/rankings/dynasty-overall.php,dynasty-overall,do,Justice Hill,18256,RB,BAL,340,23.03,303,364,NA,justice-hill.php,NA,NA,8.3,NA,NA,NA,NA,NA,13,Justice Hill,2026-10-02,BAL
/nfl/rankings/dynasty-overall.php,dynasty-overall,do,Davis Mills,22799,QB,HOU,302.33,39.97,247,340,NA,davis-mills.php,NA,NA,1.1,NA,NA,NA,NA,NA,8,Davis Mills,2026-10-02,HOU
/nfl/rankings/dynasty-overall.php,dynasty-overall,do,Tyler Higbee,15623,TE,LAR,326.5,14.24,317,351,NA,tyler-higbee.php,NA,NA,2.3,NA,NA,NA,NA,NA,11,Tyler Higbee,2026-10-02,LAR
/nfl/rankings/dynasty-overall.php,dynasty-overall,do,Malik Davis,24205,RB,DAL,341.2,49.62,268,393,NA,malik-davis.php,NA,NA,1.8,NA,NA,NA,NA,-15,14,Malik Davis,2026-10-02,DAL
/nfl/rankings/dynasty-overall.php,dynasty-overall,do,Tutu Atwell,20126,WR,LAR,327.25,51.1,244,382,NA,tutu-atwell.php,NA,NA,0.8,NA,NA,NA,NA,NA,11,Tutu Atwell,2026-10-02,LAR
/nfl/rankings/dynasty-overall.php,dynasty-overall,do,Colbie Young,26037,WR,CIN,306.67,33.01,260,331,NA,colbie-young.php,NA,NA,0.8,NA,NA,NA,NA,NA,6,Colbie Young,2026-10-02,CIN
/nfl/rankings/dynasty-overall.php,dynasty-overall,do,Tahj Brooks,26212,RB,CIN,343.4,27.07,303,379,NA,tahj-brooks.php,NA,NA,0.7,NA,NA,NA,NA,14,6,Tahj Brooks,2026-10-02,CIN
/nfl/rankings/dynasty-overall.php,dynasty-overall,do,Zavion Thomas,28132,WR,CHI,309,47.38,243,352,NA,zavion-thomas.php,NA,NA,1.8,NA,NA,NA,NA,NA,10,Zavion Thomas,2026-10-02,CHI
/nfl/rankings/dynasty-overall.php,dynasty-overall,do,Jonnu Smith,16460,TE,GB,309,26.55,272,333,NA,jonnu-smith.php,NA,NA,0.9,NA,NA,NA,NA,NA,11,Jonnu Smith,2026-10-02,GBP
/nfl/rankings/dynasty-overall.php,dynasty-overall,do,Carson Wentz,15520,QB,MIN,265,5,260,270,NA,carson-wentz.php,NA,NA,1.4,NA,NA,NA,NA,NA,6,Carson Wentz,2026-10-02,MIN
/nfl/rankings/dynasty-overall.php,dynasty-overall,do,Isaac Guerendo,26392,RB,SF,334.25,20.73,301,357,NA,isaac-guerendo.php,NA,NA,0.6,NA,NA,NA,NA,-10,8,Isaac Guerendo,2026-10-02,SFO
/nfl/rankings/dynasty-overall.php,dynasty-overall,do,Raheim Sanders,24351,RB,CLE,313.67,42.13,264,367,NA,raheim-sanders.php,NA,NA,3,NA,NA,NA,NA,NA,11,Raheim Sanders,2026-10-02,CLE
/nfl/rankings/dynasty-overall.php,dynasty-overall,do,Roman Wilson,28896,WR,PIT,275.5,61.5,214,337,NA,roman-wilson-wr.php,NA,NA,3.8,NA,NA,NA,NA,NA,9,Roman Wilson,2026-10-02,PIT
/nfl/rankings/dynasty-overall.php,dynasty-overall,do,Ty Johnson,18406,RB,BUF,349.8,40.83,275,390,NA,ty-johnson.php,NA,NA,1.6,NA,NA,NA,NA,NA,7,Ty Johnson,2026-10-02,BUF
/nfl/rankings/dynasty-overall.php,dynasty-overall,do,Tyler Bass,19760,K,BUF,319,25.78,283,342,NA,tyler-bass.php,NA,NA,13.2,NA,NA,NA,NA,NA,7,Tyler Bass,2026-10-02,BUF
/nfl/rankings/dynasty-overall.php,dynasty-overall,do,Devin Singletary,18280,RB,NYG,338.75,26.17,296,362,NA,devin-singletary.php,NA,NA,7.5,NA,NA,NA,NA,NA,8,Devin Singletary,2026-10-02,NYG
/nfl/rankings/dynasty-overall.php,dynasty-overall,do,Tanner McKee,24740,QB,PHI,319.33,14.06,307,339,NA,tanner-mckee.php,NA,NA,1.3,NA,NA,NA,NA,NA,10,Tanner McKee,2026-10-02,PHI
/nfl/rankings/dynasty-overall.php,dynasty-overall,do,Jake Tonges,24778,TE,SF,351,9.38,336,365,NA,jake-tonges.php,NA,NA,1.4,NA,NA,NA,NA,NA,8,Jake Tonges,2026-10-02,SFO
/nfl/rankings/dynasty-overall.php,dynasty-overall,do,Samaje Perine,16423,RB,CIN,321.33,19.36,295,341,NA,samaje-perine.php,NA,NA,5.9,NA,NA,NA,NA,NA,6,Samaje Perine,2026-10-02,CIN
/nfl/rankings/dynasty-overall.php,dynasty-overall,do,Xavier Hutchinson,25332,WR,HOU,322,29.8,280,346,NA,xavier-hutchinson.php,NA,NA,7.5,NA,NA,NA,NA,NA,8,Xavier Hutchinson,2026-10-02,HOU
/nfl/rankings/dynasty-overall.php,dynasty-overall,do,Jack Strand,28428,QB,ATL,284.5,27.5,257,312,NA,jack-strand.php,NA,NA,0,NA,NA,NA,NA,NA,11,Jack Strand,2026-10-02,ATL
/nfl/rankings/dynasty-overall.php,dynasty-overall,do,J'Mari Taylor,28109,RB,JAC,322.33,30.18,300,365,NA,jmari-taylor.php,NA,NA,2.3,NA,NA,NA,NA,NA,7,JMari Taylor,2026-10-02,JAC
/nfl/rankings/dynasty-overall.php,dynasty-overall,do,Deion Burks,27093,WR,IND,341.5,39.53,277,378,NA,deion-burks.php,NA,NA,2,NA,NA,NA,NA,NA,13,Deion Burks,2026-10-02,IND
/nfl/rankings/dynasty-overall.php,dynasty-overall,do,Harrison Mevis,26638,K,LAR,287.5,21.5,266,309,NA,harrison-mevis.php,NA,NA,65.9,NA,NA,NA,NA,-6,11,Harrison Mevis,2026-10-02,LAR
/nfl/rankings/dynasty-overall.php,dynasty-overall,do,Eddy Pineiro,17575,K,SF,291.5,32.5,259,324,NA,eddy-pineiro.php,NA,NA,55.4,NA,NA,NA,NA,-3,8,Eddy Pineiro,2026-10-02,SFO
/nfl/rankings/dynasty-overall.php,dynasty-overall,do,Cairo Santos,13731,K,CHI,292,34,258,326,NA,cairo-santos.php,NA,NA,24.6,NA,NA,NA,NA,NA,10,Cairo Santos,2026-10-02,CHI
/nfl/rankings/dynasty-overall.php,dynasty-overall,do,Devontez Walker,26011,WR,BAL,328,66.35,238,396,NA,devontez-walker.php,NA,NA,0.6,NA,NA,NA,NA,NA,13,Devontez Walker,2026-10-02,BAL
/nfl/rankings/dynasty-overall.php,dynasty-overall,do,Jordan Whittington,23135,WR,LAR,346.25,15.37,330,371,NA,jordan-whittington.php,NA,NA,0.6,NA,NA,NA,NA,NA,11,Jordan Whittington,2026-10-02,LAR
/nfl/rankings/dynasty-overall.php,dynasty-overall,do,KeAndre Lambert-Smith,24372,WR,LAC,356.8,22.8,329,394,NA,keandre-lambert-smith.php,NA,NA,0.7,NA,NA,NA,NA,NA,7,KeAndre Lambert-Smith,2026-10-02,LAC
/nfl/rankings/dynasty-overall.php,dynasty-overall,do,Trey Lance,20082,QB,LAC,329.67,28.31,291,358,NA,trey-lance.php,NA,NA,0.6,NA,NA,NA,NA,NA,7,Trey Lance,2026-10-02,LAC
/nfl/rankings/dynasty-overall.php,dynasty-overall,do,Mitchell Evans,27138,TE,CAR,357.4,15.72,333,373,NA,mitchell-evans.php,NA,NA,1,NA,NA,NA,NA,NA,5,Mitchell Evans,2026-10-02,CAR
/nfl/rankings/dynasty-overall.php,dynasty-overall,do,Haynes King,23141,QB,CAR,297,43,254,340,NA,haynes-king.php,NA,NA,0,NA,NA,NA,NA,NA,5,Haynes King,2026-10-02,CAR
/nfl/rankings/dynasty-overall.php,dynasty-overall,do,Emari Demercado,25654,RB,DAL,347.5,25.6,304,367,NA,emari-demercado.php,NA,NA,1.3,NA,NA,NA,NA,NA,14,Emari Demercado,2026-10-02,DAL
/nfl/rankings/dynasty-overall.php,dynasty-overall,do,Jerome Ford,22921,RB,FA,331.67,28.71,292,359,NA,jerome-ford.php,NA,NA,3.6,NA,NA,NA,NA,-18,NA,Jerome Ford,2026-10-02,FA
/nfl/rankings/dynasty-overall.php,dynasty-overall,do,Brandon McManus,13274,K,FA,302,0,302,302,NA,brandon-mcmanus.php,NA,NA,1.1,NA,NA,NA,NA,-3,NA,Brandon McManus,2026-10-02,FA
/nfl/rankings/dynasty-overall.php,dynasty-overall,do,John Metchie III,22895,WR,CAR,337.33,26.71,300,361,NA,john-metchie.php,NA,NA,1.3,NA,NA,NA,NA,-15,5,John Metchie,2026-10-02,CAR
/nfl/rankings/dynasty-overall.php,dynasty-overall,do,Jaylin Lane,27454,WR,WAS,352.75,24.59,313,376,NA,jaylin-lane.php,NA,NA,0.6,NA,NA,NA,NA,NA,7,Jaylin Lane,2026-10-02,WAS
/nfl/rankings/dynasty-overall.php,dynasty-overall,do,Michael Trigg,23167,TE,DAL,342.67,27.52,305,370,NA,michael-trigg.php,NA,NA,2.3,NA,NA,NA,NA,12,14,Michael Trigg,2026-10-02,DAL
/nfl/rankings/dynasty-overall.php,dynasty-overall,do,Drew Lock,18225,QB,SEA,315.5,68.5,247,384,NA,drew-lock.php,NA,NA,2.1,NA,NA,NA,NA,NA,11,Drew Lock,2026-10-02,SEA
/nfl/rankings/dynasty-overall.php,dynasty-overall,do,Zach Ertz,11689,TE,PHI,357,17.42,332,381,NA,zach-ertz.php,NA,NA,3.6,NA,NA,NA,NA,-9,10,Zach Ertz,2026-10-02,PHI
/nfl/rankings/dynasty-overall.php,dynasty-overall,do,Mason Rudolph,17234,QB,PIT,318,48,270,366,NA,mason-rudolph.php,NA,NA,0.7,NA,NA,NA,NA,NA,9,Mason Rudolph,2026-10-02,PIT
/nfl/rankings/dynasty-overall.php,dynasty-overall,do,Tai Felton,27182,WR,MIN,319,42,277,361,NA,tai-felton.php,NA,NA,0.6,NA,NA,NA,NA,NA,6,Tai Felton,2026-10-02,MIN
/nfl/rankings/dynasty-overall.php,dynasty-overall,do,Noah Gray,19539,TE,KC,359,11.02,344,375,NA,noah-gray.php,NA,NA,0.6,NA,NA,NA,NA,NA,5,Noah Gray,2026-10-02,KCC
/nfl/rankings/dynasty-overall.php,dynasty-overall,do,Dohnte Meyers,28178,WR,CIN,324,38,286,362,NA,dohnte-meyers.php,NA,NA,1.5,NA,NA,NA,NA,NA,6,Dohnte Meyers,2026-10-02,CIN
/nfl/rankings/dynasty-overall.php,dynasty-overall,do,Tommy Tremble,22795,TE,CAR,349,9.9,335,356,NA,tommy-tremble.php,NA,NA,0.6,NA,NA,NA,NA,NA,5,Tommy Tremble,2026-10-02,CAR
/nfl/rankings/dynasty-overall.php,dynasty-overall,do,Dont'e Thornton Jr.,27288,WR,LV,352.33,16.5,329,364,NA,donte-thornton-jr.php,NA,NA,0.7,NA,NA,NA,NA,-19,13,Donte Thornton,2026-10-02,LVR
/nfl/rankings/dynasty-overall.php,dynasty-overall,do,Dillon Gabriel,23150,QB,CLE,355,22.45,331,385,NA,dillon-gabriel.php,NA,NA,1,NA,NA,NA,NA,-14,11,Dillon Gabriel,2026-10-02,CLE
/nfl/rankings/dynasty-overall.php,dynasty-overall,do,LeQuint Allen Jr.,27285,RB,JAC,373.8,12.67,356,389,NA,lequint-allen-jr.php,NA,NA,0.7,NA,NA,NA,NA,13,7,LeQuint Allen,2026-10-02,JAC
/nfl/rankings/dynasty-overall.php,dynasty-overall,do,Jordan Watkins,27486,WR,SF,358,6.98,349,366,NA,jordan-watkins.php,NA,NA,0.6,NA,NA,NA,NA,NA,8,Jordan Watkins,2026-10-02,SFO
/nfl/rankings/dynasty-overall.php,dynasty-overall,do,Nate Boerkircher,28427,TE,JAC,369.75,13.75,348,386,NA,nate-boerkircher.php,NA,NA,1.7,NA,NA,NA,NA,7,7,Nate Boerkircher,2026-10-02,JAC
/nfl/rankings/dynasty-overall.php,dynasty-overall,do,Luke Musgrave,25282,TE,GB,361,5.72,354,368,NA,luke-musgrave.php,NA,NA,0.8,NA,NA,NA,NA,NA,11,Luke Musgrave,2026-10-02,GBP
/nfl/rankings/dynasty-overall.php,dynasty-overall,do,Josh Cameron,28137,WR,JAC,362.33,11.61,346,372,NA,josh-cameron.php,NA,NA,0.7,NA,NA,NA,NA,NA,7,Josh Cameron,2026-10-02,JAC
/nfl/rankings/dynasty-overall.php,dynasty-overall,do,Seydou Traore,28163,TE,MIA,345,25,320,370,NA,seydou-traore.php,NA,NA,0,NA,NA,NA,NA,-25,6,Seydou Traore,2026-10-02,MIA
/nfl/rankings/dynasty-overall.php,dynasty-overall,do,Eric Rivers Jr.,28128,WR,TB,366,8.29,355,375,NA,eric-rivers.php,NA,NA,1,NA,NA,NA,NA,NA,10,Eric Rivers,2026-10-02,TBB
/nfl/rankings/dynasty-overall.php,dynasty-overall,do,Will Levis,22987,QB,NYJ,366.33,20.07,347,394,NA,will-levis.php,NA,NA,1,NA,NA,NA,NA,NA,13,Will Levis,2026-10-02,NYJ
/nfl/rankings/dynasty-overall.php,dynasty-overall,do,Audric Estime,23054,RB,MIN,374.5,9.6,364,389,NA,audric-estime.php,NA,NA,1.2,NA,NA,NA,NA,-12,6,Audric Estime,2026-10-02,MIN
/nfl/rankings/dynasty-overall.php,dynasty-overall,do,Jeff Caldwell,28425,WR,KC,368.33,8.38,357,377,NA,jeff-caldwell.php,NA,NA,2.1,NA,NA,NA,NA,NA,5,Jeff Caldwell,2026-10-02,KCC
/nfl/rankings/dynasty-overall.php,dynasty-overall,do,J. Michael Sturdivant,26139,WR,GB,358,15,343,373,NA,jmichael-sturdivant.php,NA,NA,0,NA,NA,NA,NA,NA,11,J Michael Sturdivant,2026-10-02,GBP
/nfl/rankings/dynasty-overall.php,dynasty-overall,do,Joe Royer,27312,TE,CLE,372,19.03,346,391,NA,joe-royer.php,NA,NA,2,NA,NA,NA,NA,NA,11,Joe Royer,2026-10-02,CLE
/nfl/rankings/dynasty-overall.php,dynasty-overall,do,Kenny Pickett,22722,QB,CAR,372.67,14.06,359,392,NA,kenny-pickett.php,NA,NA,1,NA,NA,NA,NA,NA,5,Kenny Pickett,2026-10-02,CAR
/nfl/rankings/dynasty-overall.php,dynasty-overall,do,Kendrick Bourne,17066,WR,ARI,373,2.94,369,376,NA,kendrick-bourne.php,NA,NA,1.4,NA,NA,NA,NA,NA,14,Kendrick Bourne,2026-10-02,ARI
/nfl/rankings/dynasty-overall.php,dynasty-overall,do,Tyren Montgomery,28423,WR,TEN,373.67,8.58,363,384,NA,tyren-montgomery.php,NA,NA,0,NA,NA,NA,NA,NA,9,Tyren Montgomery,2026-10-02,TEN
/nfl/rankings/dynasty-overall.php,dynasty-overall,do,Austin Hooper,15581,TE,ATL,375,4.55,369,380,NA,austin-hooper.php,NA,NA,0.9,NA,NA,NA,NA,NA,11,Austin Hooper,2026-10-02,ATL
/nfl/rankings/dynasty-overall.php,dynasty-overall,do,Jaren Kanak,28160,TE,TEN,366,15,351,381,NA,jaren-kanak.php,NA,NA,0,NA,NA,NA,NA,-10,9,Jaren Kanak,2026-10-02,TEN
/nfl/rankings/dynasty-overall.php,dynasty-overall,do,Dallen Bentley,28352,TE,DEN,368.5,14.5,354,383,NA,dallen-bentley.php,NA,NA,1.1,NA,NA,NA,NA,10,10,Dallen Bentley,2026-10-02,DEN
/nfl/rankings/dynasty-overall.php,dynasty-overall,do,Kendrick Law,26044,WR,DET,368.5,7.5,361,376,NA,kendrick-law.php,NA,NA,1.5,NA,NA,NA,NA,NA,6,Kendrick Law,2026-10-02,DET
/nfl/rankings/dynasty-overall.php,dynasty-overall,do,Treylon Burks,22905,WR,WAS,378.33,3.68,374,383,NA,treylon-burks.php,NA,NA,1.7,NA,NA,NA,NA,NA,7,Treylon Burks,2026-10-02,WAS
/nfl/rankings/dynasty-overall.php,dynasty-overall,do,Chase Roberts,28131,WR,FA,371.5,13.5,358,385,NA,chase-roberts.php,NA,NA,0,NA,NA,NA,NA,NA,NA,Chase Roberts,2026-10-02,FA
/nfl/rankings/dynasty-overall.php,dynasty-overall,do,Gardner Minshew II,18562,QB,ARI,372,6,366,378,NA,gardner-minshew.php,NA,NA,0.6,NA,NA,NA,NA,NA,14,Gardner Minshew,2026-10-02,ARI
/nfl/rankings/dynasty-overall.php,dynasty-overall,do,Foster Moreau,18397,TE,HOU,373,14,359,387,NA,foster-moreau.php,NA,NA,1.2,NA,NA,NA,NA,NA,8,Foster Moreau,2026-10-02,HOU
/nfl/rankings/dynasty-overall.php,dynasty-overall,do,Cade Stover,25269,TE,HOU,382.33,6.94,374,391,NA,cade-stover.php,NA,NA,0.6,NA,NA,NA,NA,NA,8,Cade Stover,2026-10-02,HOU
/nfl/rankings/dynasty-overall.php,dynasty-overall,do,Olamide Zaccheaus,18864,WR,ATL,386.25,7.66,379,397,NA,olamide-zaccheaus.php,NA,NA,0.6,NA,NA,NA,NA,NA,11,Olamide Zaccheaus,2026-10-02,ATL
/nfl/rankings/dynasty-overall.php,dynasty-overall,do,Luke McCaffrey,26328,WR,WAS,384,10.68,375,399,NA,luke-mccaffrey.php,NA,NA,0.6,NA,NA,NA,NA,-24,7,Luke McCaffrey,2026-10-02,WAS
/nfl/rankings/dynasty-overall.php,dynasty-overall,do,Bam Knight,24901,RB,ARI,377.5,16.5,361,394,NA,zonovan-bam-knight.php,NA,NA,0.7,NA,NA,NA,NA,NA,14,Bam Knight,2026-10-02,ARI
/nfl/rankings/dynasty-overall.php,dynasty-overall,do,Demarcus Robinson,15665,WR,SF,379,7,372,386,NA,demarcus-robinson.php,NA,NA,1.3,NA,NA,NA,NA,NA,8,Demarcus Robinson,2026-10-02,SFO
/nfl/rankings/dynasty-overall.php,dynasty-overall,do,Dyami Brown,20113,WR,WAS,390,8.75,376,400,NA,dyami-brown.php,NA,NA,0.6,NA,NA,NA,NA,NA,7,Dyami Brown,2026-10-02,WAS
/nfl/rankings/dynasty-overall.php,dynasty-overall,do,Elijah Higgins,23119,TE,ARI,381.5,6.5,375,388,NA,elijah-higgins.php,NA,NA,0.6,NA,NA,NA,NA,NA,14,Elijah Higgins,2026-10-02,ARI
/nfl/rankings/dynasty-overall.php,dynasty-overall,do,DeAndre Hopkins,11606,WR,BAL,389,10.61,381,404,NA,deandre-hopkins.php,NA,NA,1,NA,NA,NA,NA,NA,13,DeAndre Hopkins,2026-10-02,BAL
/nfl/rankings/dynasty-overall.php,dynasty-overall,do,KaVontae Turpin,18520,WR,DAL,383,8,375,391,NA,kavontae-turpin.php,NA,NA,2.7,NA,NA,NA,NA,NA,14,KaVontae Turpin,2026-10-02,DAL
/nfl/rankings/dynasty-overall.php,dynasty-overall,do,Robert Henry Jr.,28404,RB,WAS,389.67,12.23,373,402,NA,robert-henry-jr.php,NA,NA,0,NA,NA,NA,NA,NA,7,Robert Henry,2026-10-02,WAS
/nfl/rankings/dynasty-overall.php,dynasty-overall,do,Josh Oliver,18487,TE,MIN,384.5,13.5,371,398,NA,josh-oliver.php,NA,NA,0.6,NA,NA,NA,NA,NA,6,Josh Oliver,2026-10-02,MIN
/nfl/rankings/dynasty-overall.php,dynasty-overall,do,Elijah Moore,20114,WR,PHI,385,8,377,393,NA,elijah-moore.php,NA,NA,1.1,NA,NA,NA,NA,NA,10,Elijah Moore,2026-10-02,PHI
/nfl/rankings/dynasty-overall.php,dynasty-overall,do,Dean Connors,28113,RB,LAR,389.5,17.5,372,407,NA,dean-connors.php,NA,NA,1,NA,NA,NA,NA,NA,11,Dean Connors,2026-10-02,LAR
/nfl/rankings/dynasty-overall.php,dynasty-overall,do,Riley Nowakowski,28437,TE,PIT,385.5,6.5,379,392,NA,riley-nowakowski.php,NA,NA,0.6,NA,NA,NA,NA,NA,9,Riley Nowakowski,2026-10-02,PIT
/nfl/rankings/dynasty-overall.php,dynasty-overall,do,Kalif Raymond,16081,WR,CHI,386.5,8.5,378,395,NA,kalif-raymond.php,NA,NA,42.3,NA,NA,NA,NA,NA,10,Kalif Raymond,2026-10-02,CHI
/nfl/rankings/dynasty-overall.php,dynasty-overall,do,Tyler Badie,23812,RB,DEN,388,8,380,396,NA,tyler-badie.php,NA,NA,1,NA,NA,NA,NA,NA,10,Tyler Badie,2026-10-02,DEN
/nfl/rankings/dynasty-overall.php,dynasty-overall,do,Jared Wiley,26343,TE,KC,392.5,12.5,380,405,NA,jared-wiley.php,NA,NA,1,NA,NA,NA,NA,NA,5,Jared Wiley,2026-10-02,KCC
/nfl/rankings/dynasty-overall.php,dynasty-overall,do,Roman Hemby,25387,RB,LV,390.5,6.5,384,397,NA,roman-hemby.php,NA,NA,0,NA,NA,NA,NA,NA,13,Roman Hemby,2026-10-02,LVR
/nfl/rankings/dynasty-overall.php,dynasty-overall,do,CJ Donaldson,25396,RB,NO,397.5,12.5,385,410,NA,cj-donaldson.php,NA,NA,2.3,NA,NA,NA,NA,NA,8,CJ Donaldson,2026-10-02,NOS
/nfl/rankings/dynasty-overall.php,dynasty-overall,do,Adam Trautman,19423,TE,DEN,397,11,386,408,NA,adam-trautman.php,NA,NA,0.6,NA,NA,NA,NA,NA,10,Adam Trautman,2026-10-02,DEN
/nfl/rankings/dynasty-overall.php,dynasty-overall,do,Jelani Woods,23829,TE,NYJ,394.5,6.5,388,401,NA,jelani-woods.php,NA,NA,3.9,NA,NA,NA,NA,NA,13,Jelani Woods,2026-10-02,NYJ
/nfl/rankings/dynasty-overall.php,dynasty-overall,do,Josh Cuevas,28155,TE,BAL,398.5,10.5,388,409,NA,josh-cuevas.php,NA,NA,1.1,NA,NA,NA,NA,NA,13,Josh Cuevas,2026-10-02,BAL
/nfl/rankings/dynasty-overall.php,dynasty-overall,do,Kareem Hunt,16425,RB,FA,401.5,12.5,389,414,NA,kareem-hunt.php,NA,NA,0.9,NA,NA,NA,NA,NA,NA,Kareem Hunt,2026-10-02,FA
/nfl/rankings/dynasty-overall.php,dynasty-overall,do,Tyrell Shavers,25813,WR,BUF,397.5,5.5,392,403,NA,tyrell-shavers.php,NA,NA,1.1,NA,NA,NA,NA,NA,7,Tyrell Shavers,2026-10-02,BUF
/nfl/rankings/dynasty-overall.php,dynasty-overall,do,Theo Wease Jr.,27222,WR,LAC,400.5,5.5,395,406,NA,theo-wease-jr.php,NA,NA,1,NA,NA,NA,NA,NA,7,Theo Wease,2026-10-02,LAC
/nfl/rankings/dynasty-overall.php,dynasty-overall,do,Efton Chism III,27445,WR,NE,403.5,7.5,396,411,NA,efton-chismi.php,NA,NA,0.6,NA,NA,NA,NA,NA,11,Efton Chism,2026-10-02,NEP
/nfl/rankings/dynasty-qb.php,dynasty-qb,dp,Josh Allen,17298,QB,BUF,1,0,1,1,NA,josh-allen-qb.php,NA,NA,99.8,NA,NA,NA,NA,NA,7,Josh Allen,2026-10-02,BUF
/nfl/rankings/dynasty-qb.php,dynasty-qb,dp,Lamar Jackson,17233,QB,BAL,3,0.76,2,4,NA,lamar-jackson.php,NA,NA,99.8,NA,NA,NA,NA,NA,13,Lamar Jackson,2026-10-02,BAL
/nfl/rankings/dynasty-qb.php,dynasty-qb,dp,Drake Maye,23046,QB,NE,4,1.2,2,6,NA,drake-maye.php,NA,NA,88.5,NA,NA,NA,NA,1,11,Drake Maye,2026-10-02,NEP
/nfl/rankings/dynasty-qb.php,dynasty-qb,dp,Joe Burrow,19196,QB,CIN,4.71,1.58,3,7,NA,joe-burrow.php,NA,NA,98.3,NA,NA,NA,NA,-1,6,Joe Burrow,2026-10-02,CIN
/nfl/rankings/dynasty-qb.php,dynasty-qb,dp,Caleb Williams,23084,QB,CHI,4.71,1.16,3,7,NA,caleb-williams.php,NA,NA,92.3,NA,NA,NA,NA,NA,10,Caleb Williams,2026-10-02,CHI
/nfl/rankings/dynasty-qb.php,dynasty-qb,dp,Jayden Daniels,22902,QB,WAS,6.14,2.1,2,9,NA,jayden-daniels.php,NA,NA,80.9,NA,NA,NA,NA,-1,7,Jayden Daniels,2026-10-02,WAS
/nfl/rankings/dynasty-qb.php,dynasty-qb,dp,Patrick Mahomes II,16413,QB,KC,6.86,1.12,5,8,NA,patrick-mahomes.php,NA,NA,93.7,NA,NA,NA,NA,NA,5,Patrick Mahomes,2026-10-02,KCC
/nfl/rankings/dynasty-qb.php,dynasty-qb,dp,Jalen Hurts,19275,QB,PHI,8.14,2.03,4,10,NA,jalen-hurts.php,NA,NA,98.5,NA,NA,NA,NA,NA,10,Jalen Hurts,2026-10-02,PHI
/nfl/rankings/dynasty-qb.php,dynasty-qb,dp,Trevor Lawrence,19780,QB,JAC,8.43,1.05,7,10,NA,trevor-lawrence.php,NA,NA,91.4,NA,NA,NA,NA,NA,7,Trevor Lawrence,2026-10-02,JAC
/nfl/rankings/dynasty-qb.php,dynasty-qb,dp,Brock Purdy,19797,QB,SF,9,0.76,8,10,NA,brock-purdy.php,NA,NA,92.3,NA,NA,NA,NA,NA,8,Brock Purdy,2026-10-02,SFO
/nfl/rankings/dynasty-qb.php,dynasty-qb,dp,Justin Herbert,18635,QB,LAC,11.43,1.18,10,13,NA,justin-herbert.php,NA,NA,84.7,NA,NA,NA,NA,-2,7,Justin Herbert,2026-10-02,LAC
/nfl/rankings/dynasty-qb.php,dynasty-qb,dp,Jaxson Dart,23160,QB,NYG,13,2.33,11,17,NA,jaxson-dart.php,NA,NA,34.7,NA,NA,NA,NA,2,8,Jaxson Dart,2026-10-02,NYG
/nfl/rankings/dynasty-qb.php,dynasty-qb,dp,Bo Nix,22910,QB,DEN,13,0.93,12,15,NA,bo-nix.php,NA,NA,78.2,NA,NA,NA,NA,NA,10,Bo Nix,2026-10-02,DEN
/nfl/rankings/dynasty-qb.php,dynasty-qb,dp,Dak Prescott,15600,QB,DAL,14.43,1.68,11,16,NA,dak-prescott.php,NA,NA,95.6,NA,NA,NA,NA,NA,14,Dak Prescott,2026-10-02,DAL
/nfl/rankings/dynasty-qb.php,dynasty-qb,dp,Tyler Shough,23096,QB,NO,15.29,1.03,14,17,NA,tyler-shough.php,NA,NA,87.3,NA,NA,NA,NA,4,8,Tyler Shough,2026-10-02,NOS
/nfl/rankings/dynasty-qb.php,dynasty-qb,dp,Jared Goff,15501,QB,DET,15.57,0.9,15,17,NA,jared-goff.php,NA,NA,83.1,NA,NA,NA,NA,NA,6,Jared Goff,2026-10-02,DET
/nfl/rankings/dynasty-qb.php,dynasty-qb,dp,Jordan Love,19246,QB,GB,16,1.07,14,17,NA,jordan-love.php,NA,NA,62.7,NA,NA,NA,NA,-2,11,Jordan Love,2026-10-02,GBP
/nfl/rankings/dynasty-qb.php,dynasty-qb,dp,Fernando Mendoza,28013,QB,LV,19.43,3.77,14,27,NA,fernando-mendoza.php,NA,NA,15,NA,NA,NA,NA,3,13,Fernando Mendoza,2026-10-02,LVR
/nfl/rankings/dynasty-qb.php,dynasty-qb,dp,Baker Mayfield,17237,QB,TB,20.43,1.4,19,22,NA,baker-mayfield.php,NA,NA,48.8,NA,NA,NA,NA,NA,10,Baker Mayfield,2026-10-02,TBB
/nfl/rankings/dynasty-qb.php,dynasty-qb,dp,Sam Darnold,17236,QB,SEA,20.43,0.73,20,22,NA,sam-darnold.php,NA,NA,49,NA,NA,NA,NA,4,11,Sam Darnold,2026-10-02,SEA
/nfl/rankings/dynasty-qb.php,dynasty-qb,dp,Bryce Young,22900,QB,CAR,21,2.27,18,24,NA,bryce-young.php,NA,NA,59,NA,NA,NA,NA,-3,5,Bryce Young,2026-10-02,CAR
/nfl/rankings/dynasty-qb.php,dynasty-qb,dp,C.J. Stroud,23071,QB,HOU,21.29,2.37,18,25,NA,cj-stroud.php,NA,NA,41.7,NA,NA,NA,NA,NA,8,CJ Stroud,2026-10-02,HOU
/nfl/rankings/dynasty-qb.php,dynasty-qb,dp,Kyler Murray,18600,QB,MIN,22.43,1.29,20,24,NA,kyler-murray.php,NA,NA,63.9,NA,NA,NA,NA,-3,6,Kyler Murray,2026-10-02,MIN
/nfl/rankings/dynasty-qb.php,dynasty-qb,dp,Matthew Stafford,9451,QB,LAR,23.29,1.48,21,26,NA,matthew-stafford.php,NA,NA,89.9,NA,NA,NA,NA,NA,11,Matthew Stafford,2026-10-02,LAR
/nfl/rankings/dynasty-qb.php,dynasty-qb,dp,Cam Ward,24755,QB,TEN,24,1.2,22,25,NA,cam-ward.php,NA,NA,10.4,NA,NA,NA,NA,NA,9,Cam Ward,2026-10-02,TEN
/nfl/rankings/dynasty-qb.php,dynasty-qb,dp,Malik Willis,23499,QB,MIA,25.71,2.19,22,29,NA,malik-willis.php,NA,NA,25.4,NA,NA,NA,NA,NA,6,Malik Willis,2026-10-02,MIA
/nfl/rankings/dynasty-qb.php,dynasty-qb,dp,Daniel Jones,18232,QB,IND,26.57,0.73,26,28,NA,daniel-jones.php,NA,NA,24.5,NA,NA,NA,NA,NA,13,Daniel Jones,2026-10-02,IND
/nfl/rankings/dynasty-qb.php,dynasty-qb,dp,Ty Simpson,25368,QB,LAR,27.86,1.12,26,30,NA,ty-simpson.php,NA,NA,3.6,NA,NA,NA,NA,NA,11,Ty Simpson,2026-10-02,LAR
/nfl/rankings/dynasty-qb.php,dynasty-qb,dp,Michael Penix Jr.,22973,QB,ATL,28.57,1.29,27,31,NA,michael-penix-jr.php,NA,NA,8,NA,NA,NA,NA,NA,11,Michael Penix,2026-10-02,ATL
/nfl/rankings/dynasty-qb.php,dynasty-qb,dp,Geno Smith,11687,QB,NYJ,32.43,1.18,30,34,NA,geno-smith.php,NA,NA,11.8,NA,NA,NA,NA,NA,13,Geno Smith,2026-10-02,NYJ
/nfl/rankings/dynasty-qb.php,dynasty-qb,dp,Shedeur Sanders,25968,QB,CLE,33.29,1.03,32,35,NA,shedeur-sanders.php,NA,NA,2.6,NA,NA,NA,NA,NA,11,Shedeur Sanders,2026-10-02,CLE
/nfl/rankings/dynasty-qb.php,dynasty-qb,dp,Jacoby Brissett,15642,QB,ARI,33.43,1.84,30,36,NA,jacoby-brissett.php,NA,NA,12.6,NA,NA,NA,NA,NA,14,Jacoby Brissett,2026-10-02,ARI
/nfl/rankings/dynasty-qb.php,dynasty-qb,dp,Tua Tagovailoa,19198,QB,ATL,34.71,4.23,30,43,NA,tua-tagovailoa.php,NA,NA,4.9,NA,NA,NA,NA,NA,11,Tua Tagovailoa,2026-10-02,ATL
/nfl/rankings/dynasty-qb.php,dynasty-qb,dp,J.J. McCarthy,23018,QB,NYG,34.71,2.25,31,38,NA,jj-mccarthy.php,NA,NA,2.6,NA,NA,NA,NA,NA,8,JJ McCarthy,2026-10-02,NYG
/nfl/rankings/dynasty-qb.php,dynasty-qb,dp,Aaron Rodgers,9001,QB,PIT,34.86,3.87,30,42,NA,aaron-rodgers.php,NA,NA,9.9,NA,NA,NA,NA,NA,9,Aaron Rodgers,2026-10-02,PIT
/nfl/rankings/dynasty-qb.php,dynasty-qb,dp,Deshaun Watson,16398,QB,CLE,38.71,6.52,31,52,NA,deshaun-watson.php,NA,NA,8.7,NA,NA,NA,NA,NA,11,Deshaun Watson,2026-10-02,CLE
/nfl/rankings/dynasty-qb.php,dynasty-qb,dp,Kirk Cousins,11177,QB,LV,37.5,3.35,32,42,NA,kirk-cousins.php,NA,NA,24.2,NA,NA,NA,NA,NA,13,Kirk Cousins,2026-10-02,LVR
/nfl/rankings/dynasty-qb.php,dynasty-qb,dp,Mac Jones,20156,QB,SF,33.6,2.94,30,37,NA,mac-jones.php,NA,NA,0.9,NA,NA,NA,NA,NA,8,Mac Jones,2026-10-02,SFO
/nfl/rankings/dynasty-qb.php,dynasty-qb,dp,Carson Beck,22953,QB,ARI,40.6,3.07,36,44,NA,carson-beck.php,NA,NA,2.5,NA,NA,NA,NA,NA,14,Carson Beck,2026-10-02,ARI
/nfl/rankings/dynasty-qb.php,dynasty-qb,dp,Anthony Richardson Sr.,24347,QB,IND,41.4,5.43,35,51,NA,anthony-richardson.php,NA,NA,1.6,NA,NA,NA,NA,NA,13,Anthony Richardson,2026-10-02,IND
/nfl/rankings/dynasty-qb.php,dynasty-qb,dp,Tyson Bagent,25321,QB,CHI,42.6,1.62,41,45,NA,tyson-bagent.php,NA,NA,1.1,NA,NA,NA,NA,NA,10,Tyson Bagent,2026-10-02,CHI
/nfl/rankings/dynasty-qb.php,dynasty-qb,dp,Cole Payton,28302,QB,PHI,44.6,7.42,34,54,NA,cole-payton.php,NA,NA,1.2,NA,NA,NA,NA,NA,10,Cole Payton,2026-10-02,PHI
/nfl/rankings/dynasty-qb.php,dynasty-qb,dp,Justin Fields,19781,QB,KC,45.6,4.76,40,51,NA,justin-fields.php,NA,NA,0.9,NA,NA,NA,NA,NA,5,Justin Fields,2026-10-02,KCC
/nfl/rankings/dynasty-qb.php,dynasty-qb,dp,Marcus Mariota,13890,QB,WAS,46.6,2.73,43,50,NA,marcus-mariota.php,NA,NA,11.5,NA,NA,NA,NA,NA,7,Marcus Mariota,2026-10-02,WAS
/nfl/rankings/dynasty-qb.php,dynasty-qb,dp,Jalen Milroe,22884,QB,SEA,47.8,2.93,45,53,NA,jalen-milroe.php,NA,NA,0.6,NA,NA,NA,NA,NA,11,Jalen Milroe,2026-10-02,SEA
/nfl/rankings/dynasty-qb.php,dynasty-qb,dp,Drew Allar,24345,QB,PIT,48.4,4.03,41,53,NA,drew-allar.php,NA,NA,0.8,NA,NA,NA,NA,NA,9,Drew Allar,2026-10-02,PIT
/nfl/rankings/dynasty-qb.php,dynasty-qb,dp,Cade Klubnik,24361,QB,NYJ,48.6,7.55,40,62,NA,cade-klubnik.php,NA,NA,1.2,NA,NA,NA,NA,NA,13,Cade Klubnik,2026-10-02,NYJ
/nfl/rankings/dynasty-qb.php,dynasty-qb,dp,Taylen Green,28094,QB,CLE,48.8,4.35,44,56,NA,taylen-green.php,NA,NA,3.3,NA,NA,NA,NA,NA,11,Taylen Green,2026-10-02,CLE
/nfl/rankings/dynasty-qb.php,dynasty-qb,dp,Jameis Winston,13891,QB,NYG,50.2,5.91,42,57,NA,jameis-winston.php,NA,NA,4.6,NA,NA,NA,NA,NA,8,Jameis Winston,2026-10-02,NYG
/nfl/rankings/dynasty-qb.php,dynasty-qb,dp,Will Howard,25972,QB,PIT,53,5.18,44,59,NA,will-howard.php,NA,NA,0.6,NA,NA,NA,NA,-7,9,Will Howard,2026-10-02,PIT
/nfl/rankings/dynasty-qb.php,dynasty-qb,dp,Spencer Rattler,23081,QB,NO,54.4,6.77,45,66,NA,spencer-rattler.php,NA,NA,0.6,NA,NA,NA,NA,NA,8,Spencer Rattler,2026-10-02,NOS
/nfl/rankings/dynasty-qb.php,dynasty-qb,dp,Quinn Ewers,23680,QB,JAC,55.6,6.22,48,67,NA,quinn-ewers.php,NA,NA,0.6,NA,NA,NA,NA,-8,7,Quinn Ewers,2026-10-02,JAC
/nfl/rankings/dynasty-qb.php,dynasty-qb,dp,Joe Flacco,9300,QB,CIN,56.6,8.64,48,71,NA,joe-flacco.php,NA,NA,0.8,NA,NA,NA,NA,NA,6,Joe Flacco,2026-10-02,CIN
/nfl/rankings/dynasty-qb.php,dynasty-qb,dp,Garrett Nussmeier,22998,QB,KC,57.2,6.55,50,68,NA,garrett-nussmeier.php,NA,NA,1.4,NA,NA,NA,NA,NA,5,Garrett Nussmeier,2026-10-02,KCC
/nfl/rankings/dynasty-qb.php,dynasty-qb,dp,Riley Leonard,25373,QB,IND,57.6,3.01,54,63,NA,riley-leonard.php,NA,NA,1,NA,NA,NA,NA,NA,13,Riley Leonard,2026-10-02,IND
/nfl/rankings/dynasty-qb.php,dynasty-qb,dp,Joe Milton III,25967,QB,DAL,50.5,6.06,47,61,NA,joe-milton.php,NA,NA,0.6,NA,NA,NA,NA,NA,14,Joe Milton,2026-10-02,DAL
/nfl/rankings/dynasty-qb.php,dynasty-qb,dp,Trey Lance,20082,QB,LAC,59.8,4.92,52,66,NA,trey-lance.php,NA,NA,0.6,NA,NA,NA,NA,NA,7,Trey Lance,2026-10-02,LAC
/nfl/rankings/dynasty-qb.php,dynasty-qb,dp,Davis Mills,22799,QB,HOU,54.25,9.76,38,64,NA,davis-mills.php,NA,NA,1.1,NA,NA,NA,NA,NA,8,Davis Mills,2026-10-02,HOU
/nfl/rankings/dynasty-qb.php,dynasty-qb,dp,Dillon Gabriel,23150,QB,CLE,62,4.6,55,69,NA,dillon-gabriel.php,NA,NA,1,NA,NA,NA,NA,-14,11,Dillon Gabriel,2026-10-02,CLE
/nfl/rankings/dynasty-qb.php,dynasty-qb,dp,Mason Rudolph,17234,QB,PIT,63.2,10.19,46,74,NA,mason-rudolph.php,NA,NA,0.7,NA,NA,NA,NA,NA,9,Mason Rudolph,2026-10-02,PIT
/nfl/rankings/dynasty-qb.php,dynasty-qb,dp,Kenny Pickett,22722,QB,CAR,64,3.9,60,71,NA,kenny-pickett.php,NA,NA,1,NA,NA,NA,NA,NA,5,Kenny Pickett,2026-10-02,CAR
/nfl/rankings/dynasty-qb.php,dynasty-qb,dp,Gardner Minshew II,18562,QB,ARI,63,2.24,60,66,NA,gardner-minshew.php,NA,NA,0.6,NA,NA,NA,NA,NA,14,Gardner Minshew,2026-10-02,ARI
/nfl/rankings/dynasty-qb.php,dynasty-qb,dp,Tanner McKee,24740,QB,PHI,55.67,2.05,53,58,NA,tanner-mckee.php,NA,NA,1.3,NA,NA,NA,NA,NA,10,Tanner McKee,2026-10-02,PHI
/nfl/rankings/dynasty-qb.php,dynasty-qb,dp,Carson Wentz,15520,QB,MIN,56.33,14.61,46,77,NA,carson-wentz.php,NA,NA,1.4,NA,NA,NA,NA,NA,6,Carson Wentz,2026-10-02,MIN
/nfl/rankings/dynasty-qb.php,dynasty-qb,dp,Jack Strand,28428,QB,ATL,57.33,15.41,41,78,NA,jack-strand.php,NA,NA,0,NA,NA,NA,NA,NA,11,Jack Strand,2026-10-02,ATL
/nfl/rankings/dynasty-qb.php,dynasty-qb,dp,Tyler Huntley,19297,QB,BAL,66,6.36,56,72,NA,tyler-huntley.php,NA,NA,1.2,NA,NA,NA,NA,NA,13,Tyler Huntley,2026-10-02,BAL
/nfl/rankings/dynasty-qb.php,dynasty-qb,dp,Zach Wilson,22679,QB,NO,66,2.12,63,68,NA,zach-wilson.php,NA,NA,1,NA,NA,NA,NA,NA,8,Zach Wilson,2026-10-02,NOS
/nfl/rankings/dynasty-qb.php,dynasty-qb,dp,Drew Lock,18225,QB,SEA,59.33,16.78,38,79,NA,drew-lock.php,NA,NA,2.1,NA,NA,NA,NA,NA,11,Drew Lock,2026-10-02,SEA
/nfl/rankings/dynasty-qb.php,dynasty-qb,dp,Haynes King,23141,QB,CAR,59.67,16.78,40,81,NA,haynes-king.php,NA,NA,0,NA,NA,NA,NA,NA,5,Haynes King,2026-10-02,CAR
/nfl/rankings/dynasty-qb.php,dynasty-qb,dp,Will Levis,22987,QB,NYJ,60,1.41,59,62,NA,will-levis.php,NA,NA,1,NA,NA,NA,NA,NA,13,Will Levis,2026-10-02,NYJ
/nfl/rankings/dynasty-qb.php,dynasty-qb,dp,Aidan O'Connell,24330,QB,LV,68.5,3.77,63,72,NA,aidan-oconnell.php,NA,NA,1,NA,NA,NA,NA,NA,13,Aidan OConnell,2026-10-02,LVR
/nfl/rankings/dynasty-qb.php,dynasty-qb,dp,Jalon Daniels,26060,QB,TB,64.33,15.15,45,82,NA,jalon-daniels.php,NA,NA,1.6,NA,NA,NA,NA,NA,10,Jalon Daniels,2026-10-02,TBB
/nfl/rankings/dynasty-qb.php,dynasty-qb,dp,Jimmy Garoppolo,12208,QB,LAR,68.33,6.8,59,75,NA,jimmy-garoppolo.php,NA,NA,1.4,NA,NA,NA,NA,NA,11,Jimmy Garoppolo,2026-10-02,LAR
/nfl/rankings/dynasty-qb.php,dynasty-qb,dp,Andy Dalton,9907,QB,PHI,68.67,10.66,55,81,NA,andy-dalton.php,NA,NA,1,NA,NA,NA,NA,NA,10,Andy Dalton,2026-10-02,PHI
/nfl/rankings/dynasty-qb.php,dynasty-qb,dp,Sam Howell,23045,QB,DAL,69.33,0.94,68,70,NA,sam-howell.php,NA,NA,0.6,NA,NA,NA,NA,NA,14,Sam Howell,2026-10-02,DAL
/nfl/rankings/dynasty-qb.php,dynasty-qb,dp,Tyrod Taylor,10007,QB,GB,70.33,1.89,69,73,NA,tyrod-taylor.php,NA,NA,0.6,NA,NA,NA,NA,NA,11,Tyrod Taylor,2026-10-02,GBP
/nfl/rankings/dynasty-qb.php,dynasty-qb,dp,Jarrett Stidham,18604,QB,DEN,70.67,4.03,65,74,NA,jarrett-stidham.php,NA,NA,0.6,NA,NA,NA,NA,NA,10,Jarrett Stidham,2026-10-02,DEN
/nfl/rankings/dynasty-qb.php,dynasty-qb,dp,Jake Browning,18557,QB,FA,64,3,61,67,NA,jake-browning.php,NA,NA,1,NA,NA,NA,NA,NA,NA,Jake Browning,2026-10-02,FA
/nfl/rankings/dynasty-qb.php,dynasty-qb,dp,Kyle McCord,23066,QB,MIA,73.67,10.08,60,84,NA,kyle-mccord.php,NA,NA,1,NA,NA,NA,NA,NA,6,Kyle McCord,2026-10-02,MIA
/nfl/rankings/dynasty-qb.php,dynasty-qb,dp,Mitchell Trubisky,16381,QB,TEN,75.33,5.79,69,83,NA,mitch-trubisky.php,NA,NA,1,NA,NA,NA,NA,NA,9,Mitchell Trubisky,2026-10-02,TEN
/nfl/rankings/dynasty-qb.php,dynasty-qb,dp,Brady Cook,27161,QB,MIA,75.5,0.5,75,76,NA,brady-cook.php,NA,NA,1,NA,NA,NA,NA,NA,6,Brady Cook,2026-10-02,MIA
/nfl/rankings/dynasty-qb.php,dynasty-qb,dp,Nick Mullens,16726,QB,JAC,79,4,75,83,NA,nick-mullens.php,NA,NA,1,NA,NA,NA,NA,NA,7,Nick Mullens,2026-10-02,JAC
/nfl/rankings/dynasty-qb.php,dynasty-qb,dp,Kyle Allen,17869,QB,BUF,81.5,4.5,77,86,NA,kyle-allen.php,NA,NA,0.8,NA,NA,NA,NA,NA,7,Kyle Allen,2026-10-02,BUF
/nfl/rankings/dynasty-qb.php,dynasty-qb,dp,Stetson Bennett IV,23927,QB,LAR,83,7,76,90,NA,stetson-bennett.php,NA,NA,0.6,NA,NA,NA,NA,NA,11,Stetson Bennett,2026-10-02,LAR
/nfl/rankings/dynasty-qb.php,dynasty-qb,dp,Kurtis Rourke,27129,QB,SF,83,5,78,88,NA,kurtis-rourke.php,NA,NA,1,NA,NA,NA,NA,NA,8,Kurtis Rourke,2026-10-02,SFO
/nfl/rankings/dynasty-qb.php,dynasty-qb,dp,Sam Ehlinger,19803,QB,DEN,86.5,2.5,84,89,NA,sam-ehlinger.php,NA,NA,1,NA,NA,NA,NA,NA,10,Sam Ehlinger,2026-10-02,DEN
/nfl/rankings/dynasty-qb.php,dynasty-qb,dp,Tommy DeVito,25746,QB,NE,92,7,85,99,NA,tommy-devito.php,NA,NA,0.9,NA,NA,NA,NA,NA,11,Tommy DeVito,2026-10-02,NEP
/nfl/rankings/dynasty-qb.php,dynasty-qb,dp,Case Keenum,11425,QB,CHI,96.5,10.5,86,107,NA,case-keenum.php,NA,NA,3.9,NA,NA,NA,NA,NA,10,Case Keenum,2026-10-02,CHI
/nfl/rankings/dynasty-qb.php,dynasty-qb,dp,Josh Johnson,9326,QB,CIN,93,5,88,98,NA,josh-johnson.php,NA,NA,1.3,NA,NA,NA,NA,NA,6,Josh Johnson,2026-10-02,CIN
/nfl/rankings/dynasty-qb.php,dynasty-qb,dp,Sean Clifford,20073,QB,CIN,101,11,90,112,NA,sean-clifford.php,NA,NA,1.8,NA,NA,NA,NA,NA,6,Sean Clifford,2026-10-02,CIN
/nfl/rankings/dynasty-rb.php,dynasty-rb,dp,Jahmyr Gibbs,22968,RB,DET,1.33,0.47,1,2,NA,jahmyr-gibbs.php,NA,NA,99.8,NA,NA,NA,NA,1,6,Jahmyr Gibbs,2026-10-02,DET
/nfl/rankings/dynasty-rb.php,dynasty-rb,dp,Bijan Robinson,23133,RB,ATL,1.67,0.47,1,2,NA,bijan-robinson.php,NA,NA,99.8,NA,NA,NA,NA,-1,11,Bijan Robinson,2026-10-02,ATL
/nfl/rankings/dynasty-rb.php,dynasty-rb,dp,Jeremiyah Love,25403,RB,ARI,3.67,0.75,3,5,NA,jeremiyah-love.php,NA,NA,99.2,NA,NA,NA,NA,2,14,Jeremiyah Love,2026-10-02,ARI
/nfl/rankings/dynasty-rb.php,dynasty-rb,dp,Ashton Jeanty,25989,RB,LV,3.67,0.47,3,4,NA,ashton-jeanty.php,NA,NA,99.7,NA,NA,NA,NA,NA,13,Ashton Jeanty,2026-10-02,LVR
/nfl/rankings/dynasty-rb.php,dynasty-rb,dp,Kenneth Walker III,23021,RB,KC,5.17,1.21,3,7,NA,kenneth-walker-rb.php,NA,NA,99.6,NA,NA,NA,NA,4,5,Kenneth Walker,2026-10-02,KCC
/nfl/rankings/dynasty-rb.php,dynasty-rb,dp,James Cook III,22958,RB,BUF,6.17,0.9,5,7,NA,james-cook.php,NA,NA,99.8,NA,NA,NA,NA,-2,7,James Cook,2026-10-02,BUF
/nfl/rankings/dynasty-rb.php,dynasty-rb,dp,Jonathan Taylor,19217,RB,IND,7,1.15,6,9,NA,jonathan-taylor.php,NA,NA,99.8,NA,NA,NA,NA,NA,13,Jonathan Taylor,2026-10-02,IND
/nfl/rankings/dynasty-rb.php,dynasty-rb,dp,Omarion Hampton,25395,RB,LAC,9.17,2.03,6,12,NA,omarion-hampton.php,NA,NA,99.1,NA,NA,NA,NA,NA,7,Omarion Hampton,2026-10-02,LAC
/nfl/rankings/dynasty-rb.php,dynasty-rb,dp,Breece Hall,22982,RB,NYJ,9.33,1.25,7,11,NA,breece-hall.php,NA,NA,98.3,NA,NA,NA,NA,NA,13,Breece Hall,2026-10-02,NYJ
/nfl/rankings/dynasty-rb.php,dynasty-rb,dp,De'Von Achane,23136,RB,MIA,9.5,1.26,8,11,NA,devon-achane.php,NA,NA,72.1,NA,NA,NA,NA,-6,6,DeVon Achane,2026-10-02,MIA
/nfl/rankings/dynasty-rb.php,dynasty-rb,dp,Chase Brown,25324,RB,CIN,9.83,1.07,8,11,NA,chase-brown.php,NA,NA,99.5,NA,NA,NA,NA,NA,6,Chase Brown,2026-10-02,CIN
/nfl/rankings/dynasty-rb.php,dynasty-rb,dp,Kyren Williams,23059,RB,LAR,14.83,2.41,13,20,NA,kyren-williams.php,NA,NA,99,NA,NA,NA,NA,3,11,Kyren Williams,2026-10-02,LAR
/nfl/rankings/dynasty-rb.php,dynasty-rb,dp,TreVeyon Henderson,23065,RB,NE,15.17,3.18,13,22,NA,treveyon-henderson.php,NA,NA,92.2,NA,NA,NA,NA,NA,11,TreVeyon Henderson,2026-10-02,NEP
/nfl/rankings/dynasty-rb.php,dynasty-rb,dp,Christian McCaffrey,16393,RB,SF,15.33,2.92,12,20,NA,christian-mccaffrey.php,NA,NA,99.8,NA,NA,NA,NA,-3,8,Christian McCaffrey,2026-10-02,SFO
/nfl/rankings/dynasty-rb.php,dynasty-rb,dp,Javonte Williams,22739,RB,DAL,15.5,4.35,9,23,NA,javonte-williams.php,NA,NA,99.2,NA,NA,NA,NA,6,14,Javonte Williams,2026-10-02,DAL
/nfl/rankings/dynasty-rb.php,dynasty-rb,dp,Saquon Barkley,17240,RB,PHI,16,1.63,14,19,NA,saquon-barkley.php,NA,NA,99.7,NA,NA,NA,NA,NA,10,Saquon Barkley,2026-10-02,PHI
/nfl/rankings/dynasty-rb.php,dynasty-rb,dp,Bucky Irving,25981,RB,TB,17.67,2.87,14,23,NA,bucky-irving.php,NA,NA,97,NA,NA,NA,NA,NA,10,Bucky Irving,2026-10-02,TBB
/nfl/rankings/dynasty-rb.php,dynasty-rb,dp,Quinshon Judkins,25391,RB,CLE,17.83,4.6,12,24,NA,quinshon-judkins.php,NA,NA,94.7,NA,NA,NA,NA,-4,11,Quinshon Judkins,2026-10-02,CLE
/nfl/rankings/dynasty-rb.php,dynasty-rb,dp,Jadarian Price,27329,RB,SEA,19.5,3.4,13,24,NA,jadarian-price.php,NA,NA,91.9,NA,NA,NA,NA,NA,11,Jadarian Price,2026-10-02,SEA
/nfl/rankings/dynasty-rb.php,dynasty-rb,dp,Bhayshul Tuten,27297,RB,JAC,19.67,1.89,16,22,NA,bhayshul-tuten.php,NA,NA,94.1,NA,NA,NA,NA,NA,7,Bhayshul Tuten,2026-10-02,JAC
/nfl/rankings/dynasty-rb.php,dynasty-rb,dp,Derrick Henry,15514,RB,BAL,20.17,3.58,16,24,NA,derrick-henry.php,NA,NA,99.7,NA,NA,NA,NA,NA,13,Derrick Henry,2026-10-02,BAL
/nfl/rankings/dynasty-rb.php,dynasty-rb,dp,D'Andre Swift,19210,RB,CHI,20.67,3.9,14,25,NA,dandre-swift.php,NA,NA,96.7,NA,NA,NA,NA,NA,10,DAndre Swift,2026-10-02,CHI
/nfl/rankings/dynasty-rb.php,dynasty-rb,dp,Cam Skattebo,27166,RB,NYG,21,3.11,18,27,NA,cam-skattebo.php,NA,NA,98.1,NA,NA,NA,NA,NA,8,Cam Skattebo,2026-10-02,NYG
/nfl/rankings/dynasty-rb.php,dynasty-rb,dp,Travis Etienne Jr.,19231,RB,NO,22.67,4.03,19,31,NA,travis-etienne.php,NA,NA,93.2,NA,NA,NA,NA,-4,8,Travis Etienne,2026-10-02,NOS
/nfl/rankings/dynasty-rb.php,dynasty-rb,dp,Jaylen Warren,24209,RB,PIT,25.17,2.11,21,28,NA,jaylen-warren.php,NA,NA,93.1,NA,NA,NA,NA,NA,9,Jaylen Warren,2026-10-02,PIT
/nfl/rankings/dynasty-rb.php,dynasty-rb,dp,Blake Corum,23013,RB,LAR,27,3.32,23,33,NA,blake-corum.php,NA,NA,78.9,NA,NA,NA,NA,4,11,Blake Corum,2026-10-02,LAR
/nfl/rankings/dynasty-rb.php,dynasty-rb,dp,David Montgomery,18239,RB,HOU,28.33,2.13,25,31,NA,david-montgomery.php,NA,NA,96.4,NA,NA,NA,NA,NA,8,David Montgomery,2026-10-02,HOU
/nfl/rankings/dynasty-rb.php,dynasty-rb,dp,Chuba Hubbard,19792,RB,CAR,29,3.32,25,34,NA,chuba-hubbard.php,NA,NA,94.7,NA,NA,NA,NA,NA,5,Chuba Hubbard,2026-10-02,CAR
/nfl/rankings/dynasty-rb.php,dynasty-rb,dp,RJ Harvey,27142,RB,DEN,29.67,1.97,27,33,NA,rj-harvey.php,NA,NA,77.7,NA,NA,NA,NA,4,10,RJ Harvey,2026-10-02,DEN
/nfl/rankings/dynasty-rb.php,dynasty-rb,dp,Kyle Monangai,27131,RB,CHI,31.33,4.31,25,36,NA,kyle-monangai.php,NA,NA,79.5,NA,NA,NA,NA,NA,10,Kyle Monangai,2026-10-02,CHI
/nfl/rankings/dynasty-rb.php,dynasty-rb,dp,Jonah Coleman,27320,RB,DEN,32.17,4.1,28,40,NA,jonah-coleman.php,NA,NA,36.6,NA,NA,NA,NA,4,10,Jonah Coleman,2026-10-02,DEN
/nfl/rankings/dynasty-rb.php,dynasty-rb,dp,Josh Jacobs,18269,RB,GB,32.67,6.82,26,46,NA,josh-jacobs.php,NA,NA,85.9,NA,NA,NA,NA,-7,11,Josh Jacobs,2026-10-02,GBP
/nfl/rankings/dynasty-rb.php,dynasty-rb,dp,Jacory Croskey-Merritt,27316,RB,WAS,34,3.06,29,39,NA,jacory-croskeymerritt.php,NA,NA,78.7,NA,NA,NA,NA,NA,7,Jacory Croskey-Merritt,2026-10-02,WAS
/nfl/rankings/dynasty-rb.php,dynasty-rb,dp,Zach Charbonnet,23152,RB,SEA,34.17,3.29,30,39,NA,zach-charbonnet.php,NA,NA,55.6,NA,NA,NA,NA,8,11,Zach Charbonnet,2026-10-02,SEA
/nfl/rankings/dynasty-rb.php,dynasty-rb,dp,Rhamondre Stevenson,22726,RB,NE,34.17,2.41,30,37,NA,rhamondre-stevenson.php,NA,NA,90.6,NA,NA,NA,NA,NA,11,Rhamondre Stevenson,2026-10-02,NEP
/nfl/rankings/dynasty-rb.php,dynasty-rb,dp,Emmett Johnson,28107,RB,KC,37.67,7.74,28,51,NA,emmett-johnson.php,NA,NA,27.2,NA,NA,NA,NA,12,5,Emmett Johnson,2026-10-02,KCC
/nfl/rankings/dynasty-rb.php,dynasty-rb,dp,Rico Dowdle,19647,RB,PIT,37.67,4.53,30,44,NA,rico-dowdle.php,NA,NA,80,NA,NA,NA,NA,-6,9,Rico Dowdle,2026-10-02,PIT
/nfl/rankings/dynasty-rb.php,dynasty-rb,dp,Jordan Mason,22969,RB,MIN,40,2.45,35,43,NA,jordan-mason.php,NA,NA,68.4,NA,NA,NA,NA,NA,6,Jordan Mason,2026-10-02,MIN
/nfl/rankings/dynasty-rb.php,dynasty-rb,dp,J.K. Dobbins,19245,RB,DEN,40.33,4.89,31,45,NA,jk-dobbins.php,NA,NA,82.4,NA,NA,NA,NA,NA,10,JK Dobbins,2026-10-02,DEN
/nfl/rankings/dynasty-rb.php,dynasty-rb,dp,Jonathon Brooks,26148,RB,CAR,40.67,5.19,37,52,NA,jonathon-brooks.php,NA,NA,52,NA,NA,NA,NA,7,5,Jonathon Brooks,2026-10-02,CAR
/nfl/rankings/dynasty-rb.php,dynasty-rb,dp,Kenny Gainwell,23310,RB,TB,41.5,5.19,34,51,NA,kenneth-gainwell.php,NA,NA,61.9,NA,NA,NA,NA,NA,10,Kenny Gainwell,2026-10-02,TBB
/nfl/rankings/dynasty-rb.php,dynasty-rb,dp,Tony Pollard,18705,RB,TEN,41.67,6.07,33,51,NA,tony-pollard.php,NA,NA,87.9,NA,NA,NA,NA,-5,9,Tony Pollard,2026-10-02,TEN
/nfl/rankings/dynasty-rb.php,dynasty-rb,dp,Rachaad White,23891,RB,WAS,41.83,6.49,31,52,NA,rachaad-white.php,NA,NA,65.3,NA,NA,NA,NA,NA,7,Rachaad White,2026-10-02,WAS
/nfl/rankings/dynasty-rb.php,dynasty-rb,dp,Mike Washington Jr.,28108,RB,LV,44.5,6.4,39,58,NA,mike-washington-jr.php,NA,NA,39.6,NA,NA,NA,NA,16,13,Mike Washington,2026-10-02,LVR
/nfl/rankings/dynasty-rb.php,dynasty-rb,dp,Woody Marks,27520,RB,HOU,45.67,2.49,42,50,NA,woody-marks.php,NA,NA,52.9,NA,NA,NA,NA,-8,8,Woody Marks,2026-10-02,HOU
/nfl/rankings/dynasty-rb.php,dynasty-rb,dp,Tyler Allgeier,24172,RB,ARI,49.17,3.85,43,54,NA,tyler-allgeier.php,NA,NA,42.6,NA,NA,NA,NA,-10,14,Tyler Allgeier,2026-10-02,ARI
/nfl/rankings/dynasty-rb.php,dynasty-rb,dp,Braelon Allen,24346,RB,NYJ,50,13.15,37,76,NA,braelon-allen.php,NA,NA,71.3,NA,NA,NA,NA,NA,13,Braelon Allen,2026-10-02,NYJ
/nfl/rankings/dynasty-rb.php,dynasty-rb,dp,Aaron Jones Sr.,16673,RB,MIN,50.83,3.02,48,56,NA,aaron-jones.php,NA,NA,85.3,NA,NA,NA,NA,NA,6,Aaron Jones,2026-10-02,MIN
/nfl/rankings/dynasty-rb.php,dynasty-rb,dp,Chris Rodriguez Jr.,22986,RB,JAC,51.5,6.85,44,63,NA,chris-rodriguez-jr.php,NA,NA,31.6,NA,NA,NA,NA,NA,7,Chris Rodriguez,2026-10-02,JAC
/nfl/rankings/dynasty-rb.php,dynasty-rb,dp,Nicholas Singleton,24343,RB,TEN,51.83,5.98,46,61,NA,nick-singleton.php,NA,NA,8.1,NA,NA,NA,NA,NA,9,Nicholas Singleton,2026-10-02,TEN
/nfl/rankings/dynasty-rb.php,dynasty-rb,dp,Dylan Sampson,27102,RB,CLE,53.17,4.52,46,57,NA,dylan-sampson.php,NA,NA,10.2,NA,NA,NA,NA,NA,11,Dylan Sampson,2026-10-02,CLE
/nfl/rankings/dynasty-rb.php,dynasty-rb,dp,MarShawn Lloyd,23118,RB,GB,54.5,7.95,43,63,NA,marshawn-lloyd.php,NA,NA,57.4,NA,NA,NA,NA,19,11,MarShawn Lloyd,2026-10-02,GBP
/nfl/rankings/dynasty-rb.php,dynasty-rb,dp,Tank Bigsby,22908,RB,PHI,54.83,5.7,45,62,NA,tank-bigsby.php,NA,NA,27.6,NA,NA,NA,NA,NA,10,Tank Bigsby,2026-10-02,PHI
/nfl/rankings/dynasty-rb.php,dynasty-rb,dp,Tyjae Spears,25323,RB,TEN,56.17,6.34,47,65,NA,tyjae-spears.php,NA,NA,39.4,NA,NA,NA,NA,-8,9,Tyjae Spears,2026-10-02,TEN
/nfl/rankings/dynasty-rb.php,dynasty-rb,dp,Tyrone Tracy Jr.,22980,RB,NYG,56.67,8.16,47,70,NA,tyrone-tracy-jr.php,NA,NA,7.5,NA,NA,NA,NA,-11,8,Tyrone Tracy,2026-10-02,NYG
/nfl/rankings/dynasty-rb.php,dynasty-rb,dp,Ollie Gordon II,25984,RB,MIA,57.67,7.63,50,70,NA,ollie-gordon.php,NA,NA,65.2,NA,NA,NA,NA,8,6,Ollie Gordon,2026-10-02,MIA
/nfl/rankings/dynasty-rb.php,dynasty-rb,dp,Kaleb Johnson,27165,RB,GB,60,1.83,57,63,NA,kaleb-johnson-rb.php,NA,NA,7.5,NA,NA,NA,NA,NA,11,Kaleb Johnson,2026-10-02,GBP
/nfl/rankings/dynasty-rb.php,dynasty-rb,dp,Kaytron Allen,24362,RB,WAS,62.5,6.75,55,72,NA,kaytron-allen.php,NA,NA,4.2,NA,NA,NA,NA,NA,7,Kaytron Allen,2026-10-02,WAS
/nfl/rankings/dynasty-rb.php,dynasty-rb,dp,Kaelon Black,28401,RB,SF,44.2,8.26,35,56,NA,kaelon-black.php,NA,NA,33.9,NA,NA,NA,NA,12,8,Kaelon Black,2026-10-02,SFO
/nfl/rankings/dynasty-rb.php,dynasty-rb,dp,Demond Claiborne,28084,RB,MIN,68,8.14,58,82,NA,demond-claiborne.php,NA,NA,3.7,NA,NA,NA,NA,9,6,Demond Claiborne,2026-10-02,MIN
/nfl/rankings/dynasty-rb.php,dynasty-rb,dp,Keaton Mitchell,25360,RB,LAC,49.8,2.71,48,55,NA,keaton-mitchell.php,NA,NA,31.1,NA,NA,NA,NA,NA,7,Keaton Mitchell,2026-10-02,LAC
/nfl/rankings/dynasty-rb.php,dynasty-rb,dp,Isiah Pacheco,24333,RB,DET,75,15.06,59,97,NA,isiah-pacheco.php,NA,NA,23.4,NA,NA,NA,NA,-7,6,Isiah Pacheco,2026-10-02,DET
/nfl/rankings/dynasty-rb.php,dynasty-rb,dp,Trey Benson,25388,RB,ARI,75.5,15.15,50,99,NA,trey-benson.php,NA,NA,1,NA,NA,NA,NA,NA,14,Trey Benson,2026-10-02,ARI
/nfl/rankings/dynasty-rb.php,dynasty-rb,dp,Brian Robinson Jr.,20094,RB,ATL,56.8,2.04,54,60,NA,brian-robinson-jr.php,NA,NA,34.4,NA,NA,NA,NA,-10,11,Brian Robinson,2026-10-02,ATL
/nfl/rankings/dynasty-rb.php,dynasty-rb,dp,Jaylen Wright,25987,RB,MIA,59.4,7.79,49,70,NA,jaylen-wright.php,NA,NA,23.1,NA,NA,NA,NA,NA,6,Jaylen Wright,2026-10-02,MIA
/nfl/rankings/dynasty-rb.php,dynasty-rb,dp,Alvin Kamara,16421,RB,NO,60.6,5.61,53,68,NA,alvin-kamara.php,NA,NA,54.9,NA,NA,NA,NA,-11,8,Alvin Kamara,2026-10-02,NOS
/nfl/rankings/dynasty-rb.php,dynasty-rb,dp,Kimani Vidal,26355,RB,LAC,62.6,2.73,59,66,NA,kimani-vidal.php,NA,NA,2.2,NA,NA,NA,NA,NA,7,Kimani Vidal,2026-10-02,LAC
/nfl/rankings/dynasty-rb.php,dynasty-rb,dp,Ray Davis,26191,RB,BUF,66.8,7.68,55,77,NA,ray-davis.php,NA,NA,7.4,NA,NA,NA,NA,NA,7,Ray Davis,2026-10-02,BUF
/nfl/rankings/dynasty-rb.php,dynasty-rb,dp,Emanuel Wilson,25885,RB,SEA,69.6,7.47,63,84,NA,emanuel-wilson.php,NA,NA,25.6,NA,NA,NA,NA,NA,11,Emanuel Wilson,2026-10-02,SEA
/nfl/rankings/dynasty-rb.php,dynasty-rb,dp,Kendre Miller,24360,RB,NO,69.8,8.73,56,79,NA,kendre-miller.php,NA,NA,6.7,NA,NA,NA,NA,NA,8,Kendre Miller,2026-10-02,NOS
/nfl/rankings/dynasty-rb.php,dynasty-rb,dp,Adam Randall,24367,RB,BAL,70,9.78,57,86,NA,adam-randall.php,NA,NA,1.4,NA,NA,NA,NA,27,13,Adam Randall,2026-10-02,BAL
/nfl/rankings/dynasty-rb.php,dynasty-rb,dp,Seth McGowan,23079,RB,IND,70,9.01,58,86,NA,seth-mcgowan.php,NA,NA,1.8,NA,NA,NA,NA,21,13,Seth McGowan,2026-10-02,IND
/nfl/rankings/dynasty-rb.php,dynasty-rb,dp,Sean Tucker,23679,RB,TB,71.4,5.68,64,80,NA,sean-tucker.php,NA,NA,3.4,NA,NA,NA,NA,NA,10,Sean Tucker,2026-10-02,TBB
/nfl/rankings/dynasty-rb.php,dynasty-rb,dp,James Conner,16447,RB,ARI,74.2,11.55,55,91,NA,james-conner.php,NA,NA,9,NA,NA,NA,NA,-11,14,James Conner,2026-10-02,ARI
/nfl/rankings/dynasty-rb.php,dynasty-rb,dp,Chris Brooks,25823,RB,GB,76.4,8.04,64,89,NA,christopher-brooks.php,NA,NA,7.2,NA,NA,NA,NA,NA,11,Chris Brooks,2026-10-02,GBP
/nfl/rankings/dynasty-rb.php,dynasty-rb,dp,Najee Harris,19302,RB,NYG,76.8,5.19,67,81,NA,najee-harris-rb.php,NA,NA,6.8,NA,NA,NA,NA,NA,8,Najee Harris,2026-10-02,NYG
/nfl/rankings/dynasty-rb.php,dynasty-rb,dp,Isaiah Davis,25977,RB,NYJ,76.8,6.4,71,89,NA,isaiah-davis.php,NA,NA,3.7,NA,NA,NA,NA,NA,13,Isaiah Davis,2026-10-02,NYJ
/nfl/rankings/dynasty-rb.php,dynasty-rb,dp,Will Shipley,22930,RB,PHI,81.8,7.52,74,95,NA,will-shipley.php,NA,NA,0.9,NA,NA,NA,NA,NA,10,Will Shipley,2026-10-02,PHI
/nfl/rankings/dynasty-rb.php,dynasty-rb,dp,Jarquez Hunter,24335,RB,MIA,82.6,11.46,66,101,NA,jarquez-hunter.php,NA,NA,1,NA,NA,NA,NA,NA,6,Jarquez Hunter,2026-10-02,MIA
/nfl/rankings/dynasty-rb.php,dynasty-rb,dp,DJ Giddens,27097,RB,IND,83.2,2.48,79,86,NA,dj-giddens.php,NA,NA,0.7,NA,NA,NA,NA,NA,13,DJ Giddens,2026-10-02,IND
/nfl/rankings/dynasty-rb.php,dynasty-rb,dp,Justice Hill,18256,RB,BAL,83.6,6.34,76,95,NA,justice-hill.php,NA,NA,8.3,NA,NA,NA,NA,NA,13,Justice Hill,2026-10-02,BAL
/nfl/rankings/dynasty-rb.php,dynasty-rb,dp,Tahj Brooks,26212,RB,CIN,85.4,2.33,81,87,NA,tahj-brooks.php,NA,NA,0.7,NA,NA,NA,NA,14,6,Tahj Brooks,2026-10-02,CIN
/nfl/rankings/dynasty-rb.php,dynasty-rb,dp,Jaydon Blue,24344,RB,PHI,85.6,14.44,67,99,NA,jaydon-blue.php,NA,NA,1.4,NA,NA,NA,NA,-9,10,Jaydon Blue,2026-10-02,PHI
/nfl/rankings/dynasty-rb.php,dynasty-rb,dp,LeQuint Allen Jr.,27285,RB,JAC,86.4,7.96,76,99,NA,lequint-allen-jr.php,NA,NA,0.7,NA,NA,NA,NA,13,7,LeQuint Allen,2026-10-02,JAC
/nfl/rankings/dynasty-rb.php,dynasty-rb,dp,Brashard Smith,27259,RB,KC,86.6,4.13,83,94,NA,brashard-smith.php,NA,NA,1.3,NA,NA,NA,NA,-10,5,Brashard Smith,2026-10-02,KCC
/nfl/rankings/dynasty-rb.php,dynasty-rb,dp,Raheim Sanders,24351,RB,CLE,86.8,12.12,71,98,NA,raheim-sanders.php,NA,NA,3,NA,NA,NA,NA,NA,11,Raheim Sanders,2026-10-02,CLE
/nfl/rankings/dynasty-rb.php,dynasty-rb,dp,Trevor Etienne,25393,RB,CAR,89.4,9.56,73,97,NA,trevor-etienne.php,NA,NA,0.8,NA,NA,NA,NA,NA,5,Trevor Etienne,2026-10-02,CAR
/nfl/rankings/dynasty-rb.php,dynasty-rb,dp,Ty Johnson,18406,RB,BUF,90.2,3.19,87,96,NA,ty-johnson.php,NA,NA,1.6,NA,NA,NA,NA,NA,7,Ty Johnson,2026-10-02,BUF
/nfl/rankings/dynasty-rb.php,dynasty-rb,dp,Isaac Guerendo,26392,RB,SF,91.8,6.34,84,103,NA,isaac-guerendo.php,NA,NA,0.6,NA,NA,NA,NA,-10,8,Isaac Guerendo,2026-10-02,SFO
/nfl/rankings/dynasty-rb.php,dynasty-rb,dp,Eli Heidenreich,28297,RB,PIT,74.25,2.86,71,78,NA,eli-heidenreich.php,NA,NA,2.2,NA,NA,NA,NA,NA,9,Eli Heidenreich,2026-10-02,PIT
/nfl/rankings/dynasty-rb.php,dynasty-rb,dp,Jordan James,27310,RB,SF,74.5,4.15,70,81,NA,jordan-james.php,NA,NA,1.3,NA,NA,NA,NA,NA,8,Jordan James,2026-10-02,SFO
/nfl/rankings/dynasty-rb.php,dynasty-rb,dp,George Holani,22915,RB,SEA,75,5.92,66,82,NA,george-holani.php,NA,NA,4.3,NA,NA,NA,NA,NA,11,George Holani,2026-10-02,SEA
/nfl/rankings/dynasty-rb.php,dynasty-rb,dp,Devin Neal,23682,RB,MIN,84.75,8.84,79,100,NA,devin-neal.php,NA,NA,1.2,NA,NA,NA,NA,-26,6,Devin Neal,2026-10-02,MIN
/nfl/rankings/dynasty-rb.php,dynasty-rb,dp,Samaje Perine,16423,RB,CIN,91,9.14,77,102,NA,samaje-perine.php,NA,NA,5.9,NA,NA,NA,NA,NA,6,Samaje Perine,2026-10-02,CIN
/nfl/rankings/dynasty-rb.php,dynasty-rb,dp,Malik Davis,24205,RB,DAL,91,2.24,88,94,NA,malik-davis.php,NA,NA,1.8,NA,NA,NA,NA,-15,14,Malik Davis,2026-10-02,DAL
/nfl/rankings/dynasty-rb.php,dynasty-rb,dp,Devin Singletary,18280,RB,NYG,91.25,6.94,81,99,NA,devin-singletary.php,NA,NA,7.5,NA,NA,NA,NA,NA,8,Devin Singletary,2026-10-02,NYG
/nfl/rankings/dynasty-rb.php,dynasty-rb,dp,Audric Estime,23054,RB,MIN,92.75,5.31,85,100,NA,audric-estime.php,NA,NA,1.2,NA,NA,NA,NA,-12,6,Audric Estime,2026-10-02,MIN
/nfl/rankings/dynasty-rb.php,dynasty-rb,dp,Emari Demercado,25654,RB,DAL,95.25,5.26,90,104,NA,emari-demercado.php,NA,NA,1.3,NA,NA,NA,NA,NA,14,Emari Demercado,2026-10-02,DAL
/nfl/rankings/dynasty-rb.php,dynasty-rb,dp,J'Mari Taylor,28109,RB,JAC,96.25,5.63,90,105,NA,jmari-taylor.php,NA,NA,2.3,NA,NA,NA,NA,NA,7,JMari Taylor,2026-10-02,JAC
/nfl/rankings/dynasty-rb.php,dynasty-rb,dp,Roman Hemby,25387,RB,LV,96.75,7.95,87,106,NA,roman-hemby.php,NA,NA,0,NA,NA,NA,NA,NA,13,Roman Hemby,2026-10-02,LVR
/nfl/rankings/dynasty-rb.php,dynasty-rb,dp,Jerome Ford,22921,RB,FA,98,3.74,92,102,NA,jerome-ford.php,NA,NA,3.6,NA,NA,NA,NA,-18,NA,Jerome Ford,2026-10-02,FA
/nfl/rankings/dynasty-rb.php,dynasty-rb,dp,Jaleel McLaughlin,25876,RB,CLE,102.25,6.42,94,109,NA,jaleel-mclaughlin.php,NA,NA,0.6,NA,NA,NA,NA,-11,11,Jaleel McLaughlin,2026-10-02,CLE
/nfl/rankings/dynasty-rb.php,dynasty-rb,dp,Roschon Johnson,25322,RB,CHI,108,6.28,100,117,NA,roschon-johnson.php,NA,NA,1.3,NA,NA,NA,NA,NA,10,Roschon Johnson,2026-10-02,CHI
/nfl/rankings/dynasty-rb.php,dynasty-rb,dp,Bam Knight,24901,RB,ARI,95,9.2,82,102,NA,zonovan-bam-knight.php,NA,NA,0.7,NA,NA,NA,NA,NA,14,Bam Knight,2026-10-02,ARI
/nfl/rankings/dynasty-rb.php,dynasty-rb,dp,Tyler Badie,23812,RB,DEN,99.33,9.98,86,110,NA,tyler-badie.php,NA,NA,1,NA,NA,NA,NA,NA,10,Tyler Badie,2026-10-02,DEN
/nfl/rankings/dynasty-rb.php,dynasty-rb,dp,Robert Henry Jr.,28404,RB,WAS,101.33,6.8,92,108,NA,robert-henry-jr.php,NA,NA,0,NA,NA,NA,NA,NA,7,Robert Henry,2026-10-02,WAS
/nfl/rankings/dynasty-rb.php,dynasty-rb,dp,Jaydn Ott,25394,RB,KC,107.33,8.81,95,115,NA,jaydn-ott.php,NA,NA,1,NA,NA,NA,NA,NA,5,Jaydn Ott,2026-10-02,KCC
/nfl/rankings/dynasty-rb.php,dynasty-rb,dp,Rasheen Ali,25983,RB,BAL,114.67,11.32,103,130,NA,rasheen-ali.php,NA,NA,0.6,NA,NA,NA,NA,-12,13,Rasheen Ali,2026-10-02,BAL
/nfl/rankings/dynasty-rb.php,dynasty-rb,dp,Raheem Mostert,14338,RB,LV,115,10.2,101,125,NA,raheem-mostert.php,NA,NA,1.1,NA,NA,NA,NA,NA,13,Raheem Mostert,2026-10-02,LVR
/nfl/rankings/dynasty-rb.php,dynasty-rb,dp,CJ Donaldson,25396,RB,NO,98,8,90,106,NA,cj-donaldson.php,NA,NA,2.3,NA,NA,NA,NA,NA,8,CJ Donaldson,2026-10-02,NOS
/nfl/rankings/dynasty-rb.php,dynasty-rb,dp,Dean Connors,28113,RB,LAR,98,7,91,105,NA,dean-connors.php,NA,NA,1,NA,NA,NA,NA,NA,11,Dean Connors,2026-10-02,LAR
/nfl/rankings/dynasty-rb.php,dynasty-rb,dp,Kareem Hunt,16425,RB,FA,99,8,91,107,NA,kareem-hunt.php,NA,NA,0.9,NA,NA,NA,NA,NA,NA,Kareem Hunt,2026-10-02,FA
/nfl/rankings/dynasty-rb.php,dynasty-rb,dp,Dylan Laube,26194,RB,LV,128.67,20.76,101,151,NA,dylan-laube.php,NA,NA,0.8,NA,NA,NA,NA,NA,13,Dylan Laube,2026-10-02,LVR
/nfl/rankings/dynasty-rb.php,dynasty-rb,dp,Terion Stewart,28111,RB,FA,106,12,94,118,NA,terion-stewart.php,NA,NA,0,NA,NA,NA,NA,NA,NA,Terion Stewart,2026-10-02,FA
/nfl/rankings/dynasty-rb.php,dynasty-rb,dp,Jam Miller,27326,RB,FA,106.5,2.5,104,109,NA,jam-miller.php,NA,NA,2.4,NA,NA,NA,NA,NA,NA,Jam Miller,2026-10-02,FA
/nfl/rankings/dynasty-rb.php,dynasty-rb,dp,Austin Ekeler,16483,RB,WAS,108.5,11.5,97,120,NA,austin-ekeler.php,NA,NA,1.9,NA,NA,NA,NA,NA,7,Austin Ekeler,2026-10-02,WAS
/nfl/rankings/dynasty-rb.php,dynasty-rb,dp,Joe Mixon,16420,RB,FA,113,0,113,113,NA,joe-mixon.php,NA,NA,2.6,NA,NA,NA,NA,-15,NA,Joe Mixon,2026-10-02,FA
/nfl/rankings/dynasty-rb.php,dynasty-rb,dp,Jeremy McNichols,16445,RB,WAS,114.5,0.5,114,115,NA,jeremy-mcnichols.php,NA,NA,1.1,NA,NA,NA,NA,NA,7,Jeremy McNichols,2026-10-02,WAS
/nfl/rankings/dynasty-rb.php,dynasty-rb,dp,Phil Mafah,22928,RB,NYG,115,3,112,118,NA,phil-mafah.php,NA,NA,1,NA,NA,NA,NA,NA,8,Phil Mafah,2026-10-02,NYG
/nfl/rankings/dynasty-rb.php,dynasty-rb,dp,Antonio Gibson,19624,RB,FA,117.5,3.5,114,121,NA,antonio-gibson.php,NA,NA,1.3,NA,NA,NA,NA,NA,NA,Antonio Gibson,2026-10-02,FA
/nfl/rankings/dynasty-rb.php,dynasty-rb,dp,Dameon Pierce,22947,RB,PHI,119,2,117,121,NA,dameon-pierce.php,NA,NA,1.5,NA,NA,NA,NA,NA,10,Dameon Pierce,2026-10-02,PHI
/nfl/rankings/dynasty-rb.php,dynasty-rb,dp,Desmond Reid,28110,RB,FA,122,11,111,133,NA,desmond-reid.php,NA,NA,0,NA,NA,NA,NA,NA,NA,Desmond Reid,2026-10-02,FA
/nfl/rankings/dynasty-rb.php,dynasty-rb,dp,Damien Martinez,25976,RB,FA,122.5,3.5,119,126,NA,damien-martinez.php,NA,NA,1.3,NA,NA,NA,NA,NA,NA,Damien Martinez,2026-10-02,FA
/nfl/rankings/dynasty-rb.php,dynasty-rb,dp,Miles Sanders,18283,RB,FA,122.5,0.5,122,123,NA,miles-sanders.php,NA,NA,1,NA,NA,NA,NA,NA,NA,Miles Sanders,2026-10-02,FA
/nfl/rankings/dynasty-rb.php,dynasty-rb,dp,Michael Carter,22728,RB,TEN,127,11,116,138,NA,michael-carter-rb.php,NA,NA,1,NA,NA,NA,NA,NA,9,Michael Carter,2026-10-02,TEN
/nfl/rankings/dynasty-rb.php,dynasty-rb,dp,Zamir White,20095,RB,NO,127,3,124,130,NA,zamir-white.php,NA,NA,1.6,NA,NA,NA,NA,NA,8,Zamir White,2026-10-02,NOS
/nfl/rankings/dynasty-rb.php,dynasty-rb,dp,Ty Chandler,19471,RB,NO,127.5,5.5,122,133,NA,ty-chandler.php,NA,NA,1.3,NA,NA,NA,NA,NA,8,Ty Chandler,2026-10-02,NOS
/nfl/rankings/dynasty-rb.php,dynasty-rb,dp,Elijah Mitchell,22813,RB,FA,127.5,3.5,124,131,NA,elijah-mitchell-rb.php,NA,NA,1.2,NA,NA,NA,NA,NA,NA,Elijah Mitchell,2026-10-02,FA
/nfl/rankings/dynasty-rb.php,dynasty-rb,dp,Alexander Mattison,18621,RB,FA,128,1,127,129,NA,alexander-mattison.php,NA,NA,1,NA,NA,NA,NA,NA,NA,Alexander Mattison,2026-10-02,FA
/nfl/rankings/dynasty-rb.php,dynasty-rb,dp,Khalil Herbert,22763,RB,ATL,128,1,127,129,NA,khalil-herbert.php,NA,NA,1.2,NA,NA,NA,NA,NA,11,Khalil Herbert,2026-10-02,ATL
/nfl/rankings/dynasty-rb.php,dynasty-rb,dp,Zack Moss,19263,RB,FA,128.5,3.5,125,132,NA,zack-moss.php,NA,NA,1.6,NA,NA,NA,NA,NA,NA,Zack Moss,2026-10-02,FA
/nfl/rankings/dynasty-rb.php,dynasty-rb,dp,Ameer Abdullah,13924,RB,JAC,130.5,23.5,107,154,NA,ameer-abdullah.php,NA,NA,0.6,NA,NA,NA,NA,NA,7,Ameer Abdullah,2026-10-02,JAC
/nfl/rankings/dynasty-rb.php,dynasty-rb,dp,Hassan Haskins,23798,RB,FA,132.5,12.5,120,145,NA,hassan-haskins.php,NA,NA,1,NA,NA,NA,NA,NA,NA,Hassan Haskins,2026-10-02,FA
/nfl/rankings/dynasty-rb.php,dynasty-rb,dp,Cam Akers,19268,RB,FA,132.5,6.5,126,139,NA,cam-akers.php,NA,NA,1,NA,NA,NA,NA,NA,NA,Cam Akers,2026-10-02,FA
/nfl/rankings/dynasty-rb.php,dynasty-rb,dp,AJ Dillon,19358,RB,CAR,135.5,12.5,123,148,NA,aj-dillon.php,NA,NA,1,NA,NA,NA,NA,NA,5,AJ Dillon,2026-10-02,CAR
/nfl/rankings/dynasty-rb.php,dynasty-rb,dp,Kenny McIntosh,25329,RB,FA,138,1,137,139,NA,kenny-mcintosh.php,NA,NA,1,NA,NA,NA,NA,NA,NA,Kenny McIntosh,2026-10-02,FA
/nfl/rankings/dynasty-rb.php,dynasty-rb,dp,Sincere McCormick,23172,RB,SF,138.5,10.5,128,149,NA,sincere-mccormick.php,NA,NA,1,NA,NA,NA,NA,NA,8,Sincere McCormick,2026-10-02,SFO
/nfl/rankings/dynasty-rb.php,dynasty-rb,dp,Jawhar Jordan,26329,RB,HOU,141,25,116,166,NA,jawhar-jordan.php,NA,NA,1,NA,NA,NA,NA,NA,8,Jawhar Jordan,2026-10-02,HOU
/nfl/rankings/dynasty-rb.php,dynasty-rb,dp,Dare Ogunbowale,16879,RB,HOU,141.5,1.5,140,143,NA,dare-ogunbowale.php,NA,NA,1,NA,NA,NA,NA,NA,8,Dare Ogunbowale,2026-10-02,HOU
/nfl/rankings/dynasty-rb.php,dynasty-rb,dp,Tyler Goodson,22976,RB,DAL,141.5,0.5,141,142,NA,tyler-goodson.php,NA,NA,0.7,NA,NA,NA,NA,NA,14,Tyler Goodson,2026-10-02,DAL
/nfl/rankings/dynasty-rb.php,dynasty-rb,dp,Eric Gray,23075,RB,CLE,147,10,137,157,NA,eric-gray.php,NA,NA,1,NA,NA,NA,NA,NA,11,Eric Gray,2026-10-02,CLE
/nfl/rankings/dynasty-rb.php,dynasty-rb,dp,Evan Hull,25325,RB,ARI,147,0,147,147,NA,evan-hull.php,NA,NA,1.7,NA,NA,NA,NA,NA,14,Evan Hull,2026-10-02,ARI
/nfl/rankings/dynasty-rb.php,dynasty-rb,dp,Craig Reynolds,19074,RB,WAS,149,11,138,160,NA,craig-reynolds.php,NA,NA,1.1,NA,NA,NA,NA,NA,7,Craig Reynolds,2026-10-02,WAS
/nfl/rankings/dynasty-rb.php,dynasty-rb,dp,Gus Edwards,17687,RB,FA,150,1,149,151,NA,gus-edwards.php,NA,NA,1,NA,NA,NA,NA,NA,NA,Gus Edwards,2026-10-02,FA
/nfl/rankings/dynasty-rb.php,dynasty-rb,dp,Jaret Patterson,20155,RB,FA,152,12,140,164,NA,jaret-patterson.php,NA,NA,1.1,NA,NA,NA,NA,NA,NA,Jaret Patterson,2026-10-02,FA
/nfl/rankings/dynasty-rb.php,dynasty-rb,dp,Trey Sermon,19425,RB,ATL,152,2,150,154,NA,trey-sermon.php,NA,NA,1,NA,NA,NA,NA,NA,11,Trey Sermon,2026-10-02,ATL
/nfl/rankings/dynasty-rb.php,dynasty-rb,dp,Patrick Taylor Jr.,19544,RB,FA,128,0,128,128,NA,patrick-taylor.php,NA,NA,1.3,NA,NA,NA,NA,NA,NA,Patrick Taylor,2026-10-02,FA
/nfl/rankings/dynasty-rb.php,dynasty-rb,dp,Marcus Yarns,27293,RB,FA,154,4,150,158,NA,marcus-yarns.php,NA,NA,1,NA,NA,NA,NA,NA,NA,Marcus Yarns,2026-10-02,FA
/nfl/rankings/dynasty-rb.php,dynasty-rb,dp,Carson Steele,26372,RB,PHI,154,2,152,156,NA,carson-steele.php,NA,NA,1.1,NA,NA,NA,NA,NA,10,Carson Steele,2026-10-02,PHI
/nfl/rankings/dynasty-rb.php,dynasty-rb,dp,Noah Whittington,28115,RB,HOU,131,0,131,131,NA,noah-whittington.php,NA,NA,0,NA,NA,NA,NA,NA,8,Noah Whittington,2026-10-02,HOU
/nfl/rankings/dynasty-rb.php,dynasty-rb,dp,Daylan Smothers,28085,RB,FA,132,0,132,132,NA,daylan-smothers.php,NA,NA,1.1,NA,NA,NA,NA,NA,NA,Daylan Smothers,2026-10-02,FA
/nfl/rankings/dynasty-rb.php,dynasty-rb,dp,Rahsul Faison,28112,RB,FA,134,0,134,134,NA,rahsul-faison.php,NA,NA,0,NA,NA,NA,NA,NA,NA,Rahsul Faison,2026-10-02,FA
/nfl/rankings/dynasty-rb.php,dynasty-rb,dp,Mark Fletcher,27325,RB,FA,135,0,135,135,NA,mark-fletcher.php,NA,NA,1,NA,NA,NA,NA,NA,NA,Mark Fletcher,2026-10-02,FA
/nfl/rankings/dynasty-rb.php,dynasty-rb,dp,Julius Chestnut,24689,RB,TEN,172.5,37.5,135,210,NA,julius-chestnut.php,NA,NA,1.2,NA,NA,NA,NA,NA,9,Julius Chestnut,2026-10-02,TEN
/nfl/rankings/dynasty-rb.php,dynasty-rb,dp,Sione Vaki,26309,RB,DET,136,0,136,136,NA,sione-vaki.php,NA,NA,1.1,NA,NA,NA,NA,NA,6,Sione Vaki,2026-10-02,DET
/nfl/rankings/dynasty-rb.php,dynasty-rb,dp,Chip Trayanum,28114,RB,NYJ,136,0,136,136,NA,chip-trayanum.php,NA,NA,1.2,NA,NA,NA,NA,NA,13,Chip Trayanum,2026-10-02,NYJ
/nfl/rankings/dynasty-rb.php,dynasty-rb,dp,Cody Schrader,26216,RB,DEN,159,0,159,159,NA,cody-schrader.php,NA,NA,1,NA,NA,NA,NA,NA,10,Cody Schrader,2026-10-02,DEN
/nfl/rankings/dynasty-rb.php,dynasty-rb,dp,Zavier Scott,25748,RB,CHI,141,0,141,141,NA,zavier-scott.php,NA,NA,1.1,NA,NA,NA,NA,NA,10,Zavier Scott,2026-10-02,CHI
/nfl/rankings/dynasty-rb.php,dynasty-rb,dp,Clyde Edwards-Helaire,19325,RB,FA,160,5,155,165,NA,clyde-edwards-helaire.php,NA,NA,1.1,NA,NA,NA,NA,NA,NA,Clyde Edwards-Helaire,2026-10-02,FA
/nfl/rankings/dynasty-rb.php,dynasty-rb,dp,Keaontay Ingram,23162,RB,FA,162.5,20.5,142,183,NA,keaontay-ingram.php,NA,NA,1,NA,NA,NA,NA,NA,NA,Keaontay Ingram,2026-10-02,FA
/nfl/rankings/dynasty-rb.php,dynasty-rb,dp,Salvon Ahmed,19449,RB,CHI,169.5,26.5,143,196,NA,salvon-ahmed.php,NA,NA,0,NA,NA,NA,NA,NA,10,Salvon Ahmed,2026-10-02,CHI
/nfl/rankings/dynasty-rb.php,dynasty-rb,dp,Terrell Jennings,26964,RB,FA,144,0,144,144,NA,terrell-jennings.php,NA,NA,1,NA,NA,NA,NA,NA,NA,Terrell Jennings,2026-10-02,FA
/nfl/rankings/dynasty-rb.php,dynasty-rb,dp,Travis Homer,18616,RB,PIT,178.5,34.5,144,213,NA,travis-homer.php,NA,NA,0.6,NA,NA,NA,NA,NA,9,Travis Homer,2026-10-02,PIT
/nfl/rankings/dynasty-rb.php,dynasty-rb,dp,DeeJay Dallas,19521,RB,MIN,162,14,148,176,NA,deejay-dallas.php,NA,NA,0.7,NA,NA,NA,NA,NA,6,DeeJay Dallas,2026-10-02,MIN
/nfl/rankings/dynasty-rb.php,dynasty-rb,dp,Israel Abanikanda,24352,RB,DAL,162,10,152,172,NA,israel-abanikanda.php,NA,NA,0.9,NA,NA,NA,NA,NA,14,Israel Abanikanda,2026-10-02,DAL
/nfl/rankings/dynasty-rb.php,dynasty-rb,dp,Cordarrelle Patterson,11613,RB,FA,162,5,157,167,NA,cordarrelle-patterson.php,NA,NA,1,NA,NA,NA,NA,NA,NA,Cordarrelle Patterson,2026-10-02,FA
/nfl/rankings/dynasty-rb.php,dynasty-rb,dp,Kene Nwangwu,23249,RB,NYJ,174,29,145,203,NA,kene-nwangwu.php,NA,NA,0.1,NA,NA,NA,NA,NA,13,Kene Nwangwu,2026-10-02,NYJ
/nfl/rankings/dynasty-rb.php,dynasty-rb,dp,Kalel Mullings,27045,RB,TEN,146,0,146,146,NA,kalel-mullings.php,NA,NA,1,NA,NA,NA,NA,NA,9,Kalel Mullings,2026-10-02,TEN
/nfl/rankings/dynasty-rb.php,dynasty-rb,dp,Deneric Prince,25770,RB,FA,162.5,16.5,146,179,NA,deneric-prince.php,NA,NA,0,NA,NA,NA,NA,NA,NA,Deneric Prince,2026-10-02,FA
/nfl/rankings/dynasty-rb.php,dynasty-rb,dp,Kendall Milton,22962,RB,CIN,163,10,153,173,NA,kendall-milton.php,NA,NA,0,NA,NA,NA,NA,NA,6,Kendall Milton,2026-10-02,CIN
/nfl/rankings/dynasty-rb.php,dynasty-rb,dp,Pierre Strong Jr.,24173,RB,GB,164.5,3.5,161,168,NA,pierre-strong-jr.php,NA,NA,1.1,NA,NA,NA,NA,NA,11,Pierre Strong,2026-10-02,GBP
/nfl/rankings/dynasty-rb.php,dynasty-rb,dp,Deuce Vaughn,22984,RB,FA,165,5,160,170,NA,deuce-vaughn.php,NA,NA,1.8,NA,NA,NA,NA,NA,NA,Deuce Vaughn,2026-10-02,FA
/nfl/rankings/dynasty-rb.php,dynasty-rb,dp,D'Onta Foreman,16407,RB,FA,153,0,153,153,NA,donta-foreman.php,NA,NA,2.7,NA,NA,NA,NA,NA,NA,DOnta Foreman,2026-10-02,FA
/nfl/rankings/dynasty-rb.php,dynasty-rb,dp,Blake Watson,26391,RB,FA,166,8,158,174,NA,blake-watson.php,NA,NA,1.1,NA,NA,NA,NA,NA,NA,Blake Watson,2026-10-02,FA
/nfl/rankings/dynasty-rb.php,dynasty-rb,dp,Donovan Edwards,23014,RB,FA,155,0,155,155,NA,donovan-edwards.php,NA,NA,1,NA,NA,NA,NA,NA,NA,Donovan Edwards,2026-10-02,FA
/nfl/rankings/dynasty-rb.php,dynasty-rb,dp,Darrynton Evans,19418,RB,FA,180,24,156,204,NA,darrynton-evans.php,NA,NA,0,NA,NA,NA,NA,NA,NA,Darrynton Evans,2026-10-02,FA
/nfl/rankings/dynasty-rb.php,dynasty-rb,dp,Montrell Johnson Jr.,27649,RB,FA,161,0,161,161,NA,montrell-johnson-jr.php,NA,NA,1.3,NA,NA,NA,NA,NA,NA,Montrell Johnson,2026-10-02,FA
/nfl/rankings/dynasty-rb.php,dynasty-rb,dp,Frank Gore Jr.,25980,RB,BUF,170,5,165,175,NA,frank-gore-jr.php,NA,NA,1,NA,NA,NA,NA,NA,7,Frank Gore,2026-10-02,BUF
/nfl/rankings/dynasty-rb.php,dynasty-rb,dp,Corey Kiner,22997,RB,NE,162,0,162,162,NA,corey-kiner.php,NA,NA,0.6,NA,NA,NA,NA,NA,11,Corey Kiner,2026-10-02,NEP
/nfl/rankings/dynasty-rb.php,dynasty-rb,dp,Ronnie Rivers,23986,RB,LAR,171,9,162,180,NA,ronnie-rivers.php,NA,NA,0.6,NA,NA,NA,NA,NA,11,Ronnie Rivers,2026-10-02,LAR
/nfl/rankings/dynasty-rb.php,dynasty-rb,dp,Raheem Blackshear,20100,RB,FA,163,0,163,163,NA,raheem-blackshear.php,NA,NA,1.6,NA,NA,NA,NA,NA,NA,Raheem Blackshear,2026-10-02,FA
/nfl/rankings/dynasty-rb.php,dynasty-rb,dp,Keilan Robinson,22896,RB,FA,172.5,9.5,163,182,NA,keilan-robinson.php,NA,NA,0,NA,NA,NA,NA,NA,NA,Keilan Robinson,2026-10-02,FA
/nfl/rankings/dynasty-rb.php,dynasty-rb,dp,Mike Boone,17813,RB,FA,164,0,164,164,NA,mike-boone.php,NA,NA,1,NA,NA,NA,NA,NA,NA,Mike Boone,2026-10-02,FA
/nfl/rankings/dynasty-rb.php,dynasty-rb,dp,Dalvin Cook,16374,RB,FA,166,0,166,166,NA,dalvin-cook.php,NA,NA,1,NA,NA,NA,NA,NA,NA,Dalvin Cook,2026-10-02,FA
/nfl/rankings/dynasty-rb.php,dynasty-rb,dp,Gary Brightwell,23293,RB,FA,187,20,167,207,NA,gary-brightwell.php,NA,NA,0,NA,NA,NA,NA,NA,NA,Gary Brightwell,2026-10-02,FA
/nfl/rankings/dynasty-rb.php,dynasty-rb,dp,Jeff Wilson Jr.,18026,RB,FA,173.5,2.5,171,176,NA,jeffery-wilson.php,NA,NA,1,NA,NA,NA,NA,NA,NA,Jeff Wilson,2026-10-02,FA
/nfl/rankings/dynasty-rb.php,dynasty-rb,dp,D'Ernest Johnson,19111,RB,FA,173.5,1.5,172,175,NA,dernest-johnson.php,NA,NA,1,NA,NA,NA,NA,NA,NA,DErnest Johnson,2026-10-02,FA
/nfl/rankings/dynasty-rb.php,dynasty-rb,dp,Trayveon Williams,18607,RB,FA,188.5,20.5,168,209,NA,trayveon-williams.php,NA,NA,0,NA,NA,NA,NA,NA,NA,Trayveon Williams,2026-10-02,FA
/nfl/rankings/dynasty-rb.php,dynasty-rb,dp,Dillon Johnson,26226,RB,FA,169,0,169,169,NA,dillon-johnson.php,NA,NA,1,NA,NA,NA,NA,NA,NA,Dillon Johnson,2026-10-02,FA
/nfl/rankings/dynasty-rb.php,dynasty-rb,dp,Jashaun Corbin,22948,RB,FA,198,29,169,227,NA,jashaun-corbin.php,NA,NA,0,NA,NA,NA,NA,NA,NA,Jashaun Corbin,2026-10-02,FA
/nfl/rankings/dynasty-rb.php,dynasty-rb,dp,Nyheim Miller-Hines,17297,RB,FA,184.5,14.5,170,199,NA,nyheim-hines.php,NA,NA,0,NA,NA,NA,NA,NA,NA,Nyheim Miller-Hines,2026-10-02,FA
/nfl/rankings/dynasty-rb.php,dynasty-rb,dp,Jermar Jefferson,20088,RB,FA,171,0,171,171,NA,jermar-jefferson.php,NA,NA,1,NA,NA,NA,NA,NA,NA,Jermar Jefferson,2026-10-02,FA
/nfl/rankings/dynasty-rb.php,dynasty-rb,dp,Michael Wiley,26380,RB,FA,186.5,13.5,173,200,NA,michael-wiley-rb.php,NA,NA,0,NA,NA,NA,NA,NA,NA,Michael Wiley,2026-10-02,FA
/nfl/rankings/dynasty-rb.php,dynasty-rb,dp,Lew Nichols III,25443,RB,PIT,196,22,174,218,NA,lew-nichols.php,NA,NA,2,NA,NA,NA,NA,NA,9,Lew Nichols,2026-10-02,PIT
/nfl/rankings/dynasty-rb.php,dynasty-rb,dp,Daijun Edwards,25985,RB,FA,177,0,177,177,NA,daijun-edwards.php,NA,NA,0,NA,NA,NA,NA,NA,NA,Daijun Edwards,2026-10-02,FA
/nfl/rankings/dynasty-rb.php,dynasty-rb,dp,JaMycal Hasty,19627,RB,FA,186,9,177,195,NA,jamycal-hasty.php,NA,NA,1.1,NA,NA,NA,NA,NA,NA,JaMycal Hasty,2026-10-02,FA
/nfl/rankings/dynasty-rb.php,dynasty-rb,dp,Joshua Kelley,19445,RB,FA,178,0,178,178,NA,joshua-kelley.php,NA,NA,0,NA,NA,NA,NA,NA,NA,Joshua Kelley,2026-10-02,FA
/nfl/rankings/dynasty-rb.php,dynasty-rb,dp,Chase Edmonds,17496,RB,WAS,181,3,178,184,NA,chase-edmonds.php,NA,NA,0,NA,NA,NA,NA,NA,7,Chase Edmonds,2026-10-02,WAS
/nfl/rankings/dynasty-rb.php,dynasty-rb,dp,Louis Rees-Zammit,26443,RB,FA,181,0,181,181,NA,louis-rees-zammit.php,NA,NA,1.1,NA,NA,NA,NA,NA,NA,Louis Rees-Zammit,2026-10-02,FA
/nfl/rankings/dynasty-rb.php,dynasty-rb,dp,Kevin Harris,23117,RB,FA,185,0,185,185,NA,kevin-harris.php,NA,NA,1,NA,NA,NA,NA,NA,NA,Kevin Harris,2026-10-02,FA
/nfl/rankings/dynasty-rb.php,dynasty-rb,dp,Jerick McKinnon,12209,RB,FA,186,0,186,186,NA,jerick-mckinnon.php,NA,NA,0,NA,NA,NA,NA,NA,NA,Jerick McKinnon,2026-10-02,FA
/nfl/rankings/dynasty-rb.php,dynasty-rb,dp,Isaiah Spiller,23143,RB,FA,187,0,187,187,NA,isaiah-spiller.php,NA,NA,1,NA,NA,NA,NA,NA,NA,Isaiah Spiller,2026-10-02,FA
/nfl/rankings/dynasty-rb.php,dynasty-rb,dp,Leonard Fournette,16378,RB,FA,188,0,188,188,NA,leonard-fournette.php,NA,NA,0.1,NA,NA,NA,NA,NA,NA,Leonard Fournette,2026-10-02,FA
/nfl/rankings/dynasty-rb.php,dynasty-rb,dp,DeWayne McBride,25265,RB,FA,189,0,189,189,NA,dewayne-mcbride.php,NA,NA,1.8,NA,NA,NA,NA,NA,NA,DeWayne McBride,2026-10-02,FA
/nfl/rankings/dynasty-rb.php,dynasty-rb,dp,Jase McClellan,22894,RB,FA,190,0,190,190,NA,jase-mcclellan.php,NA,NA,1,NA,NA,NA,NA,NA,NA,Jase McClellan,2026-10-02,FA
/nfl/rankings/dynasty-rb.php,dynasty-rb,dp,James Robinson,19631,RB,FA,191,0,191,191,NA,james-robinson.php,NA,NA,0,NA,NA,NA,NA,NA,NA,James Robinson,2026-10-02,FA
/nfl/rankings/dynasty-rb.php,dynasty-rb,dp,Chris Evans,22797,RB,FA,192,0,192,192,NA,chris-evans.php,NA,NA,0,NA,NA,NA,NA,NA,NA,Chris Evans,2026-10-02,FA
/nfl/rankings/dynasty-rb.php,dynasty-rb,dp,Deon Jackson,20097,RB,FA,193,0,193,193,NA,deon-jackson.php,NA,NA,0,NA,NA,NA,NA,NA,NA,Deon Jackson,2026-10-02,FA
/nfl/rankings/dynasty-rb.php,dynasty-rb,dp,Tyrion Davis-Price,22992,RB,FA,194,0,194,194,NA,tyrion-davis-price.php,NA,NA,1,NA,NA,NA,NA,NA,NA,Tyrion Davis-Price,2026-10-02,FA
/nfl/rankings/dynasty-rb.php,dynasty-rb,dp,Matt Breida,17058,RB,FA,197,0,197,197,NA,matt-breida.php,NA,NA,0,NA,NA,NA,NA,NA,NA,Matt Breida,2026-10-02,FA
/nfl/rankings/dynasty-rb.php,dynasty-rb,dp,Royce Freeman,17245,RB,FA,198,0,198,198,NA,royce-freeman.php,NA,NA,0,NA,NA,NA,NA,NA,NA,Royce Freeman,2026-10-02,FA
/nfl/rankings/dynasty-rb.php,dynasty-rb,dp,Eno Benjamin,19361,RB,FA,201,0,201,201,NA,eno-benjamin.php,NA,NA,0,NA,NA,NA,NA,NA,NA,Eno Benjamin,2026-10-02,FA
/nfl/rankings/dynasty-rb.php,dynasty-rb,dp,Ke'Shawn Vaughn,19351,RB,FA,202,0,202,202,NA,keshawn-vaughn.php,NA,NA,0,NA,NA,NA,NA,NA,NA,KeShawn Vaughn,2026-10-02,FA
/nfl/rankings/dynasty-rb.php,dynasty-rb,dp,Myles Gaskin,17251,RB,FA,205,0,205,205,NA,myles-gaskin.php,NA,NA,0,NA,NA,NA,NA,NA,NA,Myles Gaskin,2026-10-02,FA
/nfl/rankings/dynasty-rb.php,dynasty-rb,dp,Dontrell Hilliard,18037,RB,FA,206,0,206,206,NA,dontrell-hilliard.php,NA,NA,0,NA,NA,NA,NA,NA,NA,Dontrell Hilliard,2026-10-02,FA
/nfl/rankings/dynasty-rb.php,dynasty-rb,dp,Melvin Gordon III,13903,RB,FA,208,0,208,208,NA,melvin-gordon.php,NA,NA,0,NA,NA,NA,NA,NA,NA,Melvin Gordon,2026-10-02,FA
/nfl/rankings/dynasty-rb.php,dynasty-rb,dp,Kenyan Drake,15637,RB,FA,211,0,211,211,NA,kenyan-drake.php,NA,NA,1.1,NA,NA,NA,NA,NA,NA,Kenyan Drake,2026-10-02,FA
/nfl/rankings/dynasty-rb.php,dynasty-rb,dp,Marlon Mack,16444,RB,FA,212,0,212,212,NA,marlon-mack.php,NA,NA,0,NA,NA,NA,NA,NA,NA,Marlon Mack,2026-10-02,FA
/nfl/rankings/dynasty-rb.php,dynasty-rb,dp,Snoop Conner,23027,RB,FA,214,0,214,214,NA,snoop-conner.php,NA,NA,0,NA,NA,NA,NA,NA,NA,Snoop Conner,2026-10-02,FA
/nfl/rankings/dynasty-rb.php,dynasty-rb,dp,Emani Bailey,26330,RB,FA,215,0,215,215,NA,emani-bailey.php,NA,NA,0,NA,NA,NA,NA,NA,NA,Emani Bailey,2026-10-02,FA
/nfl/rankings/dynasty-rb.php,dynasty-rb,dp,Brandon Bolden,11410,RB,FA,216,0,216,216,NA,brandon-bolden.php,NA,NA,0,NA,NA,NA,NA,NA,NA,Brandon Bolden,2026-10-02,FA
/nfl/rankings/dynasty-rb.php,dynasty-rb,dp,Mohamed Ibrahim,20153,RB,FA,217,0,217,217,NA,mohamed-ibrahim.php,NA,NA,0,NA,NA,NA,NA,NA,NA,Mohamed Ibrahim,2026-10-02,FA
/nfl/rankings/dynasty-rb.php,dynasty-rb,dp,Miyan Williams,25386,RB,FA,219,0,219,219,NA,miyan-williams.php,NA,NA,0,NA,NA,NA,NA,NA,NA,Miyan Williams,2026-10-02,FA
/nfl/rankings/dynasty-rb.php,dynasty-rb,dp,J.D. McKissic,16230,RB,FA,220,0,220,220,NA,jd-mckissic.php,NA,NA,1,NA,NA,NA,NA,NA,NA,JD McKissic,2026-10-02,FA
/nfl/rankings/dynasty-rb.php,dynasty-rb,dp,Xazavian Valladay,25357,RB,FA,221,0,221,221,NA,xazavian-valladay.php,NA,NA,1.1,NA,NA,NA,NA,NA,NA,Xazavian Valladay,2026-10-02,FA
/nfl/rankings/dynasty-rb.php,dynasty-rb,dp,Tony Jones Jr.,19482,RB,FA,222,0,222,222,NA,tony-jones-rb.php,NA,NA,0,NA,NA,NA,NA,NA,NA,Tony Jones,2026-10-02,FA
/nfl/rankings/dynasty-rb.php,dynasty-rb,dp,J.J. Taylor,19438,RB,FA,223,0,223,223,NA,jj-taylor.php,NA,NA,1,NA,NA,NA,NA,NA,NA,JJ Taylor,2026-10-02,FA
/nfl/rankings/dynasty-rb.php,dynasty-rb,dp,La'Mical Perine,19333,RB,FA,224,0,224,224,NA,lamical-perine.php,NA,NA,0,NA,NA,NA,NA,NA,NA,LaMical Perine,2026-10-02,FA
/nfl/rankings/dynasty-rb.php,dynasty-rb,dp,Anthony McFarland Jr.,19366,RB,FA,225,0,225,225,NA,anthony-mcfarland.php,NA,NA,1.1,NA,NA,NA,NA,NA,NA,Anthony McFarland,2026-10-02,FA
/nfl/rankings/dynasty-rb.php,dynasty-rb,dp,Jake Funk,23190,RB,FA,226,0,226,226,NA,jake-funk.php,NA,NA,0,NA,NA,NA,NA,NA,NA,Jake Funk,2026-10-02,FA
/nfl/rankings/dynasty-rb.php,dynasty-rb,dp,Derrick Gore,19113,RB,FA,228,0,228,228,NA,derrick-gore.php,NA,NA,0,NA,NA,NA,NA,NA,NA,Derrick Gore,2026-10-02,FA
/nfl/rankings/rookies.php,dynasty-rk,drk,Jeremiyah Love,25403,RB,ARI,1,0,1,1,NA,jeremiyah-love.php,NA,NA,99.2,NA,NA,NA,NA,NA,14,Jeremiyah Love,2026-10-02,ARI
/nfl/rankings/rookies.php,dynasty-rk,drk,Carnell Tate,26009,WR,TEN,2.6,0.96,2,5,NA,carnell-tate.php,NA,NA,86.2,NA,NA,NA,NA,NA,9,Carnell Tate,2026-10-02,TEN
/nfl/rankings/rookies.php,dynasty-rk,drk,Jordyn Tyson,26035,WR,NO,3.99,1.88,2,10,NA,jordyn-tyson.php,NA,NA,55.5,NA,NA,NA,NA,NA,8,Jordyn Tyson,2026-10-02,NOS
/nfl/rankings/rookies.php,dynasty-rk,drk,Makai Lemon,25420,WR,PHI,4.32,1.49,2,10,NA,makai-lemon.php,NA,NA,60.1,NA,NA,NA,NA,NA,10,Makai Lemon,2026-10-02,PHI
/nfl/rankings/rookies.php,dynasty-rk,drk,Jadarian Price,27329,RB,SEA,5.12,1.84,2,9,NA,jadarian-price.php,NA,NA,91.9,NA,NA,NA,NA,NA,11,Jadarian Price,2026-10-02,SEA
/nfl/rankings/rookies.php,dynasty-rk,drk,KC Concepcion Jr.,27331,WR,CLE,6.78,2.18,4,14,NA,kevin-concepcion.php,NA,NA,63.9,NA,NA,NA,NA,NA,11,KC Concepcion,2026-10-02,CLE
/nfl/rankings/rookies.php,dynasty-rk,drk,Kenyon Sadiq,26055,TE,NYJ,8.66,2.74,4,18,NA,kenyon-sadiq.php,NA,NA,52.5,NA,NA,NA,NA,NA,13,Kenyon Sadiq,2026-10-02,NYJ
/nfl/rankings/rookies.php,dynasty-rk,drk,Omar Cooper Jr.,28127,WR,NYJ,10.13,3.71,6,27,NA,omar-cooper-jr.php,NA,NA,13.4,NA,NA,NA,NA,NA,13,Omar Cooper,2026-10-02,NYJ
/nfl/rankings/rookies.php,dynasty-rk,drk,Fernando Mendoza,28013,QB,LV,10.15,3.55,2,22,NA,fernando-mendoza.php,NA,NA,15,NA,NA,NA,NA,NA,13,Fernando Mendoza,2026-10-02,LVR
/nfl/rankings/rookies.php,dynasty-rk,drk,Denzel Boston,27339,WR,CLE,10.28,2.94,5,18,NA,denzel-boston.php,NA,NA,64,NA,NA,NA,NA,NA,11,Denzel Boston,2026-10-02,CLE
/nfl/rankings/rookies.php,dynasty-rk,drk,Eli Stowers,23144,TE,PHI,11.28,4.02,6,26,NA,eli-stowers.php,NA,NA,4.2,NA,NA,NA,NA,NA,10,Eli Stowers,2026-10-02,PHI
/nfl/rankings/rookies.php,dynasty-rk,drk,Jonah Coleman,27320,RB,DEN,12.15,4.5,4,22,NA,jonah-coleman.php,NA,NA,36.6,NA,NA,NA,NA,NA,10,Jonah Coleman,2026-10-02,DEN
/nfl/rankings/rookies.php,dynasty-rk,drk,Chris Bell,26038,WR,MIA,17.21,5.86,9,37,NA,chris-bell.php,NA,NA,7.8,NA,NA,NA,NA,NA,6,Chris Bell,2026-10-02,MIA
/nfl/rankings/rookies.php,dynasty-rk,drk,Antonio Williams,25418,WR,WAS,17.44,6.05,7,36,NA,antonio-williams-wr.php,NA,NA,8.5,NA,NA,NA,NA,NA,7,Antonio Williams,2026-10-02,WAS
/nfl/rankings/rookies.php,dynasty-rk,drk,Nicholas Singleton,24343,RB,TEN,17.88,7.29,4,40,NA,nick-singleton.php,NA,NA,8.1,NA,NA,NA,NA,NA,9,Nicholas Singleton,2026-10-02,TEN
/nfl/rankings/rookies.php,dynasty-rk,drk,Germie Bernard,26039,WR,PIT,19.35,5.74,12,36,NA,germie-bernard.php,NA,NA,5.7,NA,NA,NA,NA,NA,9,Germie Bernard,2026-10-02,PIT
/nfl/rankings/rookies.php,dynasty-rk,drk,Emmett Johnson,28107,RB,KC,19.85,6.98,10,36,NA,emmett-johnson.php,NA,NA,27.2,NA,NA,NA,NA,NA,5,Emmett Johnson,2026-10-02,KCC
/nfl/rankings/rookies.php,dynasty-rk,drk,Ty Simpson,25368,QB,LAR,21.5,6.1,9,38,NA,ty-simpson.php,NA,NA,3.6,NA,NA,NA,NA,NA,11,Ty Simpson,2026-10-02,LAR
/nfl/rankings/rookies.php,dynasty-rk,drk,Kaytron Allen,24362,RB,WAS,22.18,6.89,10,41,NA,kaytron-allen.php,NA,NA,4.2,NA,NA,NA,NA,NA,7,Kaytron Allen,2026-10-02,WAS
/nfl/rankings/rookies.php,dynasty-rk,drk,Mike Washington Jr.,28108,RB,LV,23.72,7.75,7,39,NA,mike-washington-jr.php,NA,NA,39.6,NA,NA,NA,NA,NA,13,Mike Washington,2026-10-02,LVR
/nfl/rankings/rookies.php,dynasty-rk,drk,De'Zhaun Stribling,28138,WR,SF,22.3,15.34,5,65,NA,dezhaun-stribling.php,NA,NA,43.3,NA,NA,NA,NA,NA,8,DeZhaun Stribling,2026-10-02,SFO
/nfl/rankings/rookies.php,dynasty-rk,drk,Zachariah Branch,25419,WR,ATL,24.22,7.37,13,45,NA,zachariah-branch.php,NA,NA,8.7,NA,NA,NA,NA,NA,11,Zachariah Branch,2026-10-02,ATL
/nfl/rankings/rookies.php,dynasty-rk,drk,Elijah Sarratt,27463,WR,BAL,24.72,7.34,12,46,NA,elijah-sarratt.php,NA,NA,4.1,NA,NA,NA,NA,NA,13,Elijah Sarratt,2026-10-02,BAL
/nfl/rankings/rookies.php,dynasty-rk,drk,Malachi Fields,27994,WR,NYG,26.81,7.66,11,48,NA,malachi-fields.php,NA,NA,11.6,NA,NA,NA,NA,NA,8,Malachi Fields,2026-10-02,NYG
/nfl/rankings/rookies.php,dynasty-rk,drk,Ja'Kobi Lane,27337,WR,BAL,26.85,8.84,11,48,NA,jakobi-lane.php,NA,NA,22.6,NA,NA,NA,NA,NA,13,JaKobi Lane,2026-10-02,BAL
/nfl/rankings/rookies.php,dynasty-rk,drk,Ted Hurst III,28130,WR,TB,26.93,10.43,12,56,NA,ted-hurst.php,NA,NA,4.5,NA,NA,NA,NA,NA,10,Ted Hurst,2026-10-02,TBB
/nfl/rankings/rookies.php,dynasty-rk,drk,Demond Claiborne,28084,RB,MIN,29.75,7.92,17,53,NA,demond-claiborne.php,NA,NA,3.7,NA,NA,NA,NA,NA,6,Demond Claiborne,2026-10-02,MIN
/nfl/rankings/rookies.php,dynasty-rk,drk,Skyler Bell,28126,WR,BUF,30.79,8.76,15,55,NA,skyler-bell.php,NA,NA,3,NA,NA,NA,NA,NA,7,Skyler Bell,2026-10-02,BUF
/nfl/rankings/rookies.php,dynasty-rk,drk,Max Klare,27993,TE,LAR,31.54,6.23,17,43,NA,max-klare.php,NA,NA,2,NA,NA,NA,NA,NA,11,Max Klare,2026-10-02,LAR
/nfl/rankings/rookies.php,dynasty-rk,drk,Chris Brazzell II,28047,WR,CAR,25.13,10.46,13,79,NA,chris-brazzell-ii.php,NA,NA,1.7,NA,NA,NA,NA,NA,5,Chris Brazzell,2026-10-02,CAR
/nfl/rankings/rookies.php,dynasty-rk,drk,Carson Beck,22953,QB,ARI,33.69,8.82,16,54,NA,carson-beck.php,NA,NA,2.5,NA,NA,NA,NA,NA,14,Carson Beck,2026-10-02,ARI
/nfl/rankings/rookies.php,dynasty-rk,drk,Oscar Delp,25430,TE,NO,36.49,13.77,13,70,NA,oscar-delp.php,NA,NA,1.2,NA,NA,NA,NA,NA,8,Oscar Delp,2026-10-02,NOS
/nfl/rankings/rookies.php,dynasty-rk,drk,Adam Randall,24367,RB,BAL,35.45,8.65,23,67,NA,adam-randall.php,NA,NA,1.4,NA,NA,NA,NA,NA,13,Adam Randall,2026-10-02,BAL
/nfl/rankings/rookies.php,dynasty-rk,drk,Kaelon Black,28401,RB,SF,32.42,12.92,13,74,NA,kaelon-black.php,NA,NA,33.9,NA,NA,NA,NA,NA,8,Kaelon Black,2026-10-02,SFO
/nfl/rankings/rookies.php,dynasty-rk,drk,Drew Allar,24345,QB,PIT,38.76,8.95,21,64,NA,drew-allar.php,NA,NA,0.8,NA,NA,NA,NA,NA,9,Drew Allar,2026-10-02,PIT
/nfl/rankings/rookies.php,dynasty-rk,drk,Bryce Lance,28129,WR,NO,37.48,9.14,18,66,NA,bryce-lance.php,NA,NA,1,NA,NA,NA,NA,NA,8,Bryce Lance,2026-10-02,NOS
/nfl/rankings/rookies.php,dynasty-rk,drk,Justin Joly,28079,TE,MIA,41.75,15.09,19,106,NA,justin-joly.php,NA,NA,2.5,NA,NA,NA,NA,NA,6,Justin Joly,2026-10-02,MIA
/nfl/rankings/rookies.php,dynasty-rk,drk,Seth McGowan,23079,RB,IND,36.81,6.64,21,55,NA,seth-mcgowan.php,NA,NA,1.8,NA,NA,NA,NA,NA,13,Seth McGowan,2026-10-02,IND
/nfl/rankings/rookies.php,dynasty-rk,drk,Eli Raridon,28154,TE,NE,42.44,21.01,16,100,NA,eli-raridon.php,NA,NA,1.5,NA,NA,NA,NA,NA,11,Eli Raridon,2026-10-02,NEP
/nfl/rankings/rookies.php,dynasty-rk,drk,Cade Klubnik,24361,QB,NYJ,45,8.1,28,63,NA,cade-klubnik.php,NA,NA,1.2,NA,NA,NA,NA,NA,13,Cade Klubnik,2026-10-02,NYJ
/nfl/rankings/rookies.php,dynasty-rk,drk,Caleb Douglas,28135,WR,MIA,43.23,17.33,14,94,NA,caleb-douglas.php,NA,NA,19.7,NA,NA,NA,NA,NA,6,Caleb Douglas,2026-10-02,MIA
/nfl/rankings/rookies.php,dynasty-rk,drk,Kevin Coleman Jr.,28067,WR,MIA,45.11,8.79,31,75,NA,kevin-coleman-jr.php,NA,NA,1.1,NA,NA,NA,NA,NA,6,Kevin Coleman,2026-10-02,MIA
/nfl/rankings/rookies.php,dynasty-rk,drk,Brenen Thompson,28133,WR,LAC,47.16,10.22,27,71,NA,brenen-thompson.php,NA,NA,0.9,NA,NA,NA,NA,NA,7,Brenen Thompson,2026-10-02,LAC
/nfl/rankings/rookies.php,dynasty-rk,drk,Garrett Nussmeier,22998,QB,KC,47.71,12.89,21,91,NA,garrett-nussmeier.php,NA,NA,1.4,NA,NA,NA,NA,NA,5,Garrett Nussmeier,2026-10-02,KCC
/nfl/rankings/rookies.php,dynasty-rk,drk,J'Mari Taylor,28109,RB,JAC,45.23,12.25,23,80,NA,jmari-taylor.php,NA,NA,2.3,NA,NA,NA,NA,NA,7,JMari Taylor,2026-10-02,JAC
/nfl/rankings/rookies.php,dynasty-rk,drk,Eli Heidenreich,28297,RB,PIT,44.95,13.69,23,105,NA,eli-heidenreich.php,NA,NA,2.2,NA,NA,NA,NA,NA,9,Eli Heidenreich,2026-10-02,PIT
/nfl/rankings/rookies.php,dynasty-rk,drk,Deion Burks,27093,WR,IND,51.11,10.66,29,74,NA,deion-burks.php,NA,NA,2,NA,NA,NA,NA,NA,13,Deion Burks,2026-10-02,IND
/nfl/rankings/rookies.php,dynasty-rk,drk,Cole Payton,28302,QB,PHI,49.9,12.79,33,97,NA,cole-payton.php,NA,NA,1.2,NA,NA,NA,NA,NA,10,Cole Payton,2026-10-02,PHI
/nfl/rankings/rookies.php,dynasty-rk,drk,Sam Roush,28161,TE,CHI,53.03,14.94,30,107,NA,sam-roush.php,NA,NA,0.7,NA,NA,NA,NA,NA,10,Sam Roush,2026-10-02,CHI
/nfl/rankings/rookies.php,dynasty-rk,drk,Jam Miller,27326,RB,FA,48.05,11.48,26,84,NA,jam-miller.php,NA,NA,2.4,NA,NA,NA,NA,NA,NA,Jam Miller,2026-10-02,FA
/nfl/rankings/rookies.php,dynasty-rk,drk,Taylen Green,28094,QB,CLE,51.4,9.77,31,89,NA,taylen-green.php,NA,NA,3.3,NA,NA,NA,NA,NA,11,Taylen Green,2026-10-02,CLE
/nfl/rankings/rookies.php,dynasty-rk,drk,Cyrus Allen,28424,WR,KC,52.05,20.69,15,93,NA,cyrus-allen.php,NA,NA,10.6,NA,NA,NA,NA,NA,5,Cyrus Allen,2026-10-02,KCC
/nfl/rankings/rookies.php,dynasty-rk,drk,Tanner Koziol,27499,TE,JAC,53.76,13.7,30,99,NA,tanner-koziol.php,NA,NA,1.4,NA,NA,NA,NA,NA,7,Tanner Koziol,2026-10-02,JAC
/nfl/rankings/rookies.php,dynasty-rk,drk,Jack Endries,27501,TE,CIN,57.03,13.76,34,92,NA,jack-endries.php,NA,NA,2.4,NA,NA,NA,NA,NA,6,Jack Endries,2026-10-02,CIN
/nfl/rankings/rookies.php,dynasty-rk,drk,CJ Daniels,28125,WR,LAR,57.04,8.06,28,72,NA,cj-daniels.php,NA,NA,1.3,NA,NA,NA,NA,NA,11,CJ Daniels,2026-10-02,LAR
/nfl/rankings/rookies.php,dynasty-rk,drk,Jaydn Ott,25394,RB,KC,51.38,10.47,32,87,NA,jaydn-ott.php,NA,NA,1,NA,NA,NA,NA,NA,5,Jaydn Ott,2026-10-02,KCC
/nfl/rankings/rookies.php,dynasty-rk,drk,Roman Hemby,25387,RB,LV,51,14.33,25,85,NA,roman-hemby.php,NA,NA,0,NA,NA,NA,NA,NA,13,Roman Hemby,2026-10-02,LVR
/nfl/rankings/rookies.php,dynasty-rk,drk,Marlin Klein,28157,TE,HOU,58.91,20.77,30,119,NA,marlin-klein.php,NA,NA,0.6,NA,NA,NA,NA,NA,8,Marlin Klein,2026-10-02,HOU
/nfl/rankings/rookies.php,dynasty-rk,drk,Barion Brown,25416,WR,NO,59.06,9.8,36,80,NA,barion-brown.php,NA,NA,1.4,NA,NA,NA,NA,NA,8,Barion Brown,2026-10-02,NOS
/nfl/rankings/rookies.php,dynasty-rk,drk,Reggie Virgil,28141,WR,ARI,61.56,9.95,36,88,NA,reggie-virgil.php,NA,NA,1.2,NA,NA,NA,NA,NA,14,Reggie Virgil,2026-10-02,ARI
/nfl/rankings/rookies.php,dynasty-rk,drk,Zavion Thomas,28132,WR,CHI,59.22,19.79,27,107,NA,zavion-thomas.php,NA,NA,1.8,NA,NA,NA,NA,NA,10,Zavion Thomas,2026-10-02,CHI
/nfl/rankings/rookies.php,dynasty-rk,drk,Robert Henry Jr.,28404,RB,WAS,54.88,9.29,40,80,NA,robert-henry-jr.php,NA,NA,0,NA,NA,NA,NA,NA,7,Robert Henry,2026-10-02,WAS
/nfl/rankings/rookies.php,dynasty-rk,drk,Michael Trigg,23167,TE,DAL,61.1,18.82,32,114,NA,michael-trigg.php,NA,NA,2.3,NA,NA,NA,NA,NA,14,Michael Trigg,2026-10-02,DAL
/nfl/rankings/rookies.php,dynasty-rk,drk,Joe Royer,27312,TE,CLE,67.33,16.72,35,98,NA,joe-royer.php,NA,NA,2,NA,NA,NA,NA,NA,11,Joe Royer,2026-10-02,CLE
/nfl/rankings/rookies.php,dynasty-rk,drk,Josh Cameron,28137,WR,JAC,67.65,8,52,89,NA,josh-cameron.php,NA,NA,0.7,NA,NA,NA,NA,NA,7,Josh Cameron,2026-10-02,JAC
/nfl/rankings/rookies.php,dynasty-rk,drk,Malik Benson,26012,WR,LV,64.6,14.8,37,101,NA,malik-benson.php,NA,NA,0.6,NA,NA,NA,NA,NA,13,Malik Benson,2026-10-02,LVR
/nfl/rankings/rookies.php,dynasty-rk,drk,Dean Connors,28113,RB,LAR,64.64,9.67,46,89,NA,dean-connors.php,NA,NA,1,NA,NA,NA,NA,NA,11,Dean Connors,2026-10-02,LAR
/nfl/rankings/rookies.php,dynasty-rk,drk,Kendrick Law,26044,WR,DET,71.1,13.94,46,104,NA,kendrick-law.php,NA,NA,1.5,NA,NA,NA,NA,NA,6,Kendrick Law,2026-10-02,DET
/nfl/rankings/rookies.php,dynasty-rk,drk,Noah Whittington,28115,RB,HOU,66.53,11.43,47,91,NA,noah-whittington.php,NA,NA,0,NA,NA,NA,NA,NA,8,Noah Whittington,2026-10-02,HOU
/nfl/rankings/rookies.php,dynasty-rk,drk,Nate Boerkircher,28427,TE,JAC,70.5,18.04,28,102,NA,nate-boerkircher.php,NA,NA,1.7,NA,NA,NA,NA,NA,7,Nate Boerkircher,2026-10-02,JAC
/nfl/rankings/rookies.php,dynasty-rk,drk,Lewis Bond,28144,WR,HOU,77.24,10.99,48,97,NA,lewis-bond.php,NA,NA,1.1,NA,NA,NA,NA,NA,8,Lewis Bond,2026-10-02,HOU
/nfl/rankings/rookies.php,dynasty-rk,drk,Desmond Reid,28110,RB,FA,64.8,11.32,48,86,NA,desmond-reid.php,NA,NA,0,NA,NA,NA,NA,NA,NA,Desmond Reid,2026-10-02,FA
/nfl/rankings/rookies.php,dynasty-rk,drk,Terion Stewart,28111,RB,FA,62.94,9.32,49,86,NA,terion-stewart.php,NA,NA,0,NA,NA,NA,NA,NA,NA,Terion Stewart,2026-10-02,FA
/nfl/rankings/rookies.php,dynasty-rk,drk,Eric Rivers Jr.,28128,WR,TB,73.97,6.89,58,88,NA,eric-rivers.php,NA,NA,1,NA,NA,NA,NA,NA,10,Eric Rivers,2026-10-02,TBB
/nfl/rankings/rookies.php,dynasty-rk,drk,Eric McAlister,28134,WR,FA,65.24,18.24,37,102,NA,eric-mcalister.php,NA,NA,4,NA,NA,NA,NA,NA,NA,Eric McAlister,2026-10-02,FA
/nfl/rankings/rookies.php,dynasty-rk,drk,Jeff Caldwell,28425,WR,KC,74.7,7.74,57,97,NA,jeff-caldwell.php,NA,NA,2.1,NA,NA,NA,NA,NA,5,Jeff Caldwell,2026-10-02,KCC
/nfl/rankings/rookies.php,dynasty-rk,drk,Matt Hibner,28168,TE,BAL,64.97,16.87,35,106,NA,matthew-hibner.php,NA,NA,1.2,NA,NA,NA,NA,NA,13,Matt Hibner,2026-10-02,BAL
/nfl/rankings/rookies.php,dynasty-rk,drk,Colbie Young,26037,WR,CIN,68.48,14.92,45,107,NA,colbie-young.php,NA,NA,0.8,NA,NA,NA,NA,NA,6,Colbie Young,2026-10-02,CIN
/nfl/rankings/rookies.php,dynasty-rk,drk,Tyren Montgomery,28423,WR,TEN,77.46,8.49,50,90,NA,tyren-montgomery.php,NA,NA,0,NA,NA,NA,NA,NA,9,Tyren Montgomery,2026-10-02,TEN
/nfl/rankings/rookies.php,dynasty-rk,drk,Dallen Bentley,28352,TE,DEN,81.27,15.57,48,104,NA,dallen-bentley.php,NA,NA,1.1,NA,NA,NA,NA,NA,10,Dallen Bentley,2026-10-02,DEN
/nfl/rankings/rookies.php,dynasty-rk,drk,Chip Trayanum,28114,RB,NYJ,73.34,9.01,60,87,NA,chip-trayanum.php,NA,NA,1.2,NA,NA,NA,NA,NA,13,Chip Trayanum,2026-10-02,NYJ
/nfl/rankings/rookies.php,dynasty-rk,drk,Will Kacmarek,28403,TE,MIA,77.47,17.4,39,103,NA,will-kacmarek.php,NA,NA,0.7,NA,NA,NA,NA,NA,6,Will Kacmarek,2026-10-02,MIA
/nfl/rankings/rookies.php,dynasty-rk,drk,Aaron Anderson,27500,WR,FA,77.7,11.33,56,94,NA,aaron-anderson.php,NA,NA,1.2,NA,NA,NA,NA,NA,NA,Aaron Anderson,2026-10-02,FA
/nfl/rankings/rookies.php,dynasty-rk,drk,CJ Donaldson,25396,RB,NO,76.84,16.61,45,117,NA,cj-donaldson.php,NA,NA,2.3,NA,NA,NA,NA,NA,8,CJ Donaldson,2026-10-02,NOS
/nfl/rankings/rookies.php,dynasty-rk,drk,Dane Key,26015,WR,DEN,79.19,10.22,58,97,NA,dane-key.php,NA,NA,1,NA,NA,NA,NA,NA,10,Dane Key,2026-10-02,DEN
/nfl/rankings/rookies.php,dynasty-rk,drk,J. Michael Sturdivant,26139,WR,GB,82.12,11.28,57,99,NA,jmichael-sturdivant.php,NA,NA,0,NA,NA,NA,NA,NA,11,J Michael Sturdivant,2026-10-02,GBP
/nfl/rankings/rookies.php,dynasty-rk,drk,Diego Pavia,28082,QB,FA,70.33,15.93,45,98,NA,diego-pavia.php,NA,NA,1.1,NA,NA,NA,NA,NA,NA,Diego Pavia,2026-10-02,FA
/nfl/rankings/rookies.php,dynasty-rk,drk,Jamal Haynes,27328,RB,FA,73.78,10.03,61,93,NA,jamal-haynes.php,NA,NA,0,NA,NA,NA,NA,NA,NA,Jamal Haynes,2026-10-02,FA
/nfl/rankings/rookies.php,dynasty-rk,drk,Josh Cuevas,28155,TE,BAL,82.7,13.47,55,105,NA,josh-cuevas.php,NA,NA,1.1,NA,NA,NA,NA,NA,13,Josh Cuevas,2026-10-02,BAL
/nfl/rankings/rookies.php,dynasty-rk,drk,Kaden Wetjen,28435,WR,PIT,79.07,15.87,48,118,NA,kaden-wetjen.php,NA,NA,0.7,NA,NA,NA,NA,NA,9,Kaden Wetjen,2026-10-02,PIT
/nfl/rankings/rookies.php,dynasty-rk,drk,Harrison Wallace III,28143,WR,ARI,89.68,6.47,74,104,NA,harrison-wallace-iii.php,NA,NA,0,NA,NA,NA,NA,NA,14,Harrison Wallace,2026-10-02,ARI
/nfl/rankings/rookies.php,dynasty-rk,drk,Chase Roberts,28131,WR,FA,84.29,10.29,71,101,NA,chase-roberts.php,NA,NA,0,NA,NA,NA,NA,NA,NA,Chase Roberts,2026-10-02,FA
/nfl/rankings/rookies.php,dynasty-rk,drk,Rahsul Faison,28112,RB,FA,74.48,12.47,60,100,NA,rahsul-faison.php,NA,NA,0,NA,NA,NA,NA,NA,NA,Rahsul Faison,2026-10-02,FA
/nfl/rankings/rookies.php,dynasty-rk,drk,Jalon Daniels,26060,QB,TB,82.81,17.51,49,118,NA,jalon-daniels.php,NA,NA,1.6,NA,NA,NA,NA,NA,10,Jalon Daniels,2026-10-02,TBB
/nfl/rankings/rookies.php,dynasty-rk,drk,TJ Harden,25992,RB,FA,75.48,12.88,54,100,NA,tj-harden.php,NA,NA,0,NA,NA,NA,NA,NA,NA,TJ Harden,2026-10-02,FA
/nfl/rankings/rookies.php,dynasty-rk,drk,Haynes King,23141,QB,CAR,72.68,19.68,45,116,NA,haynes-king.php,NA,NA,0,NA,NA,NA,NA,NA,5,Haynes King,2026-10-02,CAR
/nfl/rankings/rookies.php,dynasty-rk,drk,Sawyer Robertson,23035,QB,FA,75.77,17.01,50,108,NA,sawyer-robertson.php,NA,NA,0,NA,NA,NA,NA,NA,NA,Sawyer Robertson,2026-10-02,FA
/nfl/rankings/rookies.php,dynasty-rk,drk,Dae'Quan Wright,28159,TE,FA,85.52,12.01,57,99,NA,daequan-wright.php,NA,NA,0,NA,NA,NA,NA,NA,NA,DaeQuan Wright,2026-10-02,FA
/nfl/rankings/rookies.php,dynasty-rk,drk,Luke Altmyer,28093,QB,DET,87.61,14.05,52,107,NA,luke-altmyer.php,NA,NA,0,NA,NA,NA,NA,NA,6,Luke Altmyer,2026-10-02,DET
/nfl/rankings/rookies.php,dynasty-rk,drk,Trebor Pena,28139,WR,JAC,95.46,8.56,79,115,NA,trebor-pena.php,NA,NA,0,NA,NA,NA,NA,NA,7,Trebor Pena,2026-10-02,JAC
/nfl/rankings/rookies.php,dynasty-rk,drk,RJ Maryland,27341,TE,FA,84.05,14.64,60,107,NA,rj-maryland.php,NA,NA,0,NA,NA,NA,NA,NA,NA,RJ Maryland,2026-10-02,FA
/nfl/rankings/rookies.php,dynasty-rk,drk,Emmanuel Henderson Jr.,24379,WR,SEA,87.57,18.01,57,117,NA,emmanuel-henderson.php,NA,NA,1,NA,NA,NA,NA,NA,11,Emmanuel Henderson,2026-10-02,SEA
/nfl/rankings/rookies.php,dynasty-rk,drk,John Michael Gyllenborg,28158,TE,KC,88.15,14.71,56,118,NA,john-michael-gyllenborg.php,NA,NA,1.8,NA,NA,NA,NA,NA,5,John Michael Gyllenborg,2026-10-02,KCC
/nfl/rankings/rookies.php,dynasty-rk,drk,Noah Thomas,28136,WR,CIN,96.39,7.28,81,112,NA,noah-thomas.php,NA,NA,1.1,NA,NA,NA,NA,NA,6,Noah Thomas,2026-10-02,CIN
/nfl/rankings/rookies.php,dynasty-rk,drk,Miller Moss,23165,QB,CHI,84.83,23.36,39,120,NA,miller-moss.php,NA,NA,0,NA,NA,NA,NA,NA,10,Miller Moss,2026-10-02,CHI
/nfl/rankings/rookies.php,dynasty-rk,drk,Riley Nowakowski,28437,TE,PIT,87.41,15.81,54,121,NA,riley-nowakowski.php,NA,NA,0.6,NA,NA,NA,NA,NA,9,Riley Nowakowski,2026-10-02,PIT
/nfl/rankings/rookies.php,dynasty-rk,drk,Rueben Owens II,25402,RB,FA,88,12.27,71,120,NA,rueben-owens-ii.php,NA,NA,0,NA,NA,NA,NA,NA,NA,Rueben Owens,2026-10-02,FA
/nfl/rankings/rookies.php,dynasty-rk,drk,Max Bredeson,28434,RB,MIN,85.8,13.83,55,110,NA,max-bredeson.php,NA,NA,0,NA,NA,NA,NA,NA,6,Max Bredeson,2026-10-02,MIN
/nfl/rankings/rookies.php,dynasty-rk,drk,Jack Velling,26008,TE,ATL,94.47,16.87,69,125,NA,jack-velling.php,NA,NA,0,NA,NA,NA,NA,NA,11,Jack Velling,2026-10-02,ATL
/nfl/rankings/rookies.php,dynasty-rk,drk,Joey Aguilar,28299,QB,JAC,94.94,13.24,63,113,NA,joey-aguilar.php,NA,NA,0,NA,NA,NA,NA,NA,7,Joey Aguilar,2026-10-02,JAC
/nfl/rankings/rookies.php,dynasty-rk,drk,Athan Kaliakmanis,28098,QB,WAS,91.4,14.91,63,111,NA,athan-kaliakmanis.php,NA,NA,0,NA,NA,NA,NA,NA,7,Athan Kaliakmanis,2026-10-02,WAS
/nfl/rankings/rookies.php,dynasty-rk,drk,Vinny Anthony II,28150,WR,ATL,101.17,13.13,85,139,NA,vinny-anthony-ii.php,NA,NA,0,NA,NA,NA,NA,NA,11,Vinny Anthony,2026-10-02,ATL
/nfl/rankings/rookies.php,dynasty-rk,drk,Dillon Bell,28140,WR,MIN,103.74,13.7,82,143,NA,dillon-bell.php,NA,NA,0,NA,NA,NA,NA,NA,6,Dillon Bell,2026-10-02,MIN
/nfl/rankings/rookies.php,dynasty-rk,drk,Behren Morton,23146,QB,NE,95.8,19.35,50,123,NA,behren-morton.php,NA,NA,0,NA,NA,NA,NA,NA,11,Behren Morton,2026-10-02,NEP
/nfl/rankings/rookies.php,dynasty-rk,drk,Jaren Kanak,28160,TE,TEN,84.92,20.43,56,114,NA,jaren-kanak.php,NA,NA,0,NA,NA,NA,NA,NA,9,Jaren Kanak,2026-10-02,TEN
/nfl/rankings/rookies.php,dynasty-rk,drk,Nyck Harbor,27336,WR,FA,95.86,10.22,83,120,NA,nyck-harbor.php,NA,NA,0,NA,NA,NA,NA,NA,NA,Nyck Harbor,2026-10-02,FA
/nfl/rankings/rookies.php,dynasty-rk,drk,Kentrel Bullock,28122,RB,CIN,101.71,15.82,86,138,NA,kentrel-bullock.php,NA,NA,0,NA,NA,NA,NA,NA,6,Kentrel Bullock,2026-10-02,CIN
/nfl/rankings/rookies.php,dynasty-rk,drk,Anthony Smith,28500,WR,DAL,83.11,15.09,57,106,NA,anthony-smith.php,NA,NA,0,NA,NA,NA,NA,NA,14,Anthony Smith,2026-10-02,DAL
/nfl/rankings/rookies.php,dynasty-rk,drk,Conner Weigman,25369,QB,FA,87.22,23.2,46,128,NA,conner-weigman.php,NA,NA,0,NA,NA,NA,NA,NA,NA,Conner Weigman,2026-10-02,FA
/nfl/rankings/rookies.php,dynasty-rk,drk,Seydou Traore,28163,TE,MIA,88.78,17.55,62,114,NA,seydou-traore.php,NA,NA,0,NA,NA,NA,NA,NA,6,Seydou Traore,2026-10-02,MIA
/nfl/rankings/rookies.php,dynasty-rk,drk,L.J. Martin,28106,RB,FA,102.25,12.87,87,130,NA,lj-martin.php,NA,NA,0,NA,NA,NA,NA,NA,NA,LJ Martin,2026-10-02,FA
/nfl/rankings/rookies.php,dynasty-rk,drk,Hank Beatty,28142,WR,FA,104.17,17.42,90,144,NA,hank-beatty.php,NA,NA,0,NA,NA,NA,NA,NA,NA,Hank Beatty,2026-10-02,FA
/nfl/rankings/rookies.php,dynasty-rk,drk,Malik Rutherford,28147,WR,FA,102.27,14.77,89,140,NA,malik-rutherford.php,NA,NA,0,NA,NA,NA,NA,NA,NA,Malik Rutherford,2026-10-02,FA
/nfl/rankings/rookies.php,dynasty-rk,drk,Joe Fagnano,28400,QB,BAL,102.64,16.75,78,129,NA,joe-fagnano.php,NA,NA,0,NA,NA,NA,NA,NA,13,Joe Fagnano,2026-10-02,BAL
/nfl/rankings/rookies.php,dynasty-rk,drk,Chris Hilton Jr.,22995,WR,FA,107.91,15.4,87,145,NA,chris-hilton.php,NA,NA,0,NA,NA,NA,NA,NA,NA,Chris Hilton,2026-10-02,FA
/nfl/rankings/rookies.php,dynasty-rk,drk,Al-Jay Henderson,28118,RB,NYJ,104.9,13.76,81,119,NA,al-jay-henderson.php,NA,NA,0,NA,NA,NA,NA,NA,13,Al-Jay Henderson,2026-10-02,NYJ
/nfl/rankings/rookies.php,dynasty-rk,drk,Malachi Nelson,25379,QB,FA,90.43,21.07,48,113,NA,malachi-nelson.php,NA,NA,0,NA,NA,NA,NA,NA,NA,Malachi Nelson,2026-10-02,FA
/nfl/rankings/rookies.php,dynasty-rk,drk,Jordan Hudson,28426,WR,DAL,109.09,15.62,91,141,NA,jordan-hudson.php,NA,NA,0,NA,NA,NA,NA,NA,14,Jordan Hudson,2026-10-02,DAL
/nfl/rankings/rookies.php,dynasty-rk,drk,Carsen Ryan,28399,TE,CLE,96.43,25.83,67,135,NA,carsen-ryan.php,NA,NA,1.1,NA,NA,NA,NA,NA,11,Carsen Ryan,2026-10-02,CLE
/nfl/rankings/rookies.php,dynasty-rk,drk,Kejon Owens,28431,RB,FA,97.86,19.12,68,123,NA,kejon-owens.php,NA,NA,0,NA,NA,NA,NA,NA,NA,Kejon Owens,2026-10-02,FA
/nfl/rankings/rookies.php,dynasty-rk,drk,Lake McRee,28164,TE,PIT,104.88,16.44,81,136,NA,lake-mcree.php,NA,NA,0,NA,NA,NA,NA,NA,9,Lake McRee,2026-10-02,PIT
/nfl/rankings/rookies.php,dynasty-rk,drk,Brendan Sorsby,28083,QB,FA,69.75,13.77,52,89,NA,brendan-sorsby.php,NA,NA,0,NA,NA,NA,NA,NA,NA,Brendan Sorsby,2026-10-02,FA
/nfl/rankings/rookies.php,dynasty-rk,drk,Arch Manning,25378,QB,FA,88.8,24.59,44,117,NA,arch-manning.php,NA,NA,0,NA,NA,NA,NA,NA,NA,Arch Manning,2026-10-02,FA
/nfl/rankings/rookies.php,dynasty-rk,drk,Caullin Lacy,27311,WR,FA,113,15.11,93,142,NA,caullin-lacy.php,NA,NA,0,NA,NA,NA,NA,NA,NA,Caullin Lacy,2026-10-02,FA
/nfl/rankings/rookies.php,dynasty-rk,drk,Jack Strand,28428,QB,ATL,75.33,10.21,63,88,NA,jack-strand.php,NA,NA,0,NA,NA,NA,NA,NA,11,Jack Strand,2026-10-02,ATL
/nfl/rankings/rookies.php,dynasty-rk,drk,Romello Brinson,28152,WR,FA,114.29,14.02,94,134,NA,romello-brinson.php,NA,NA,0,NA,NA,NA,NA,NA,NA,Romello Brinson,2026-10-02,FA
/nfl/rankings/rookies.php,dynasty-rk,drk,Davon Booth,28121,RB,IND,105,15.97,82,122,NA,davon-booth.php,NA,NA,0,NA,NA,NA,NA,NA,13,Davon Booth,2026-10-02,IND
/nfl/rankings/rookies.php,dynasty-rk,drk,Cash Jones,28124,RB,ATL,96.25,29.54,56,131,NA,cash-jones.php,NA,NA,0,NA,NA,NA,NA,NA,11,Cash Jones,2026-10-02,ATL
/nfl/rankings/rookies.php,dynasty-rk,drk,Jaden Nixon,28429,RB,FA,107,14.06,90,122,NA,jaden-nixon.php,NA,NA,1,NA,NA,NA,NA,NA,NA,Jaden Nixon,2026-10-02,FA
/nfl/rankings/rookies.php,dynasty-rk,drk,Bauer Sharp,28165,TE,TB,110.8,21.55,82,139,NA,bauer-sharp.php,NA,NA,0,NA,NA,NA,NA,NA,10,Bauer Sharp,2026-10-02,TBB
/nfl/rankings/rookies.php,dynasty-rk,drk,Mark Gronowski,28100,QB,FA,104,13.58,89,119,NA,mark-gronowski.php,NA,NA,0,NA,NA,NA,NA,NA,NA,Mark Gronowski,2026-10-02,FA
/nfl/rankings/rookies.php,dynasty-rk,drk,DJ Rogers,28348,TE,DAL,105,26.24,79,136,NA,dj-rogers.php,NA,NA,0,NA,NA,NA,NA,NA,14,DJ Rogers,2026-10-02,DAL
/nfl/rankings/rookies.php,dynasty-rk,drk,Malachi Coleman,26042,WR,FA,113,7.55,106,124,NA,malachi-coleman.php,NA,NA,0,NA,NA,NA,NA,NA,NA,Malachi Coleman,2026-10-02,FA
/nfl/rankings/rookies.php,dynasty-rk,drk,Devonte Ross,28145,WR,FA,87,3,84,90,NA,devonte-ross.php,NA,NA,0,NA,NA,NA,NA,NA,NA,Devonte Ross,2026-10-02,FA
/nfl/rankings/rookies.php,dynasty-rk,drk,Jalen Walthall,28148,WR,FA,122.6,7.68,110,132,NA,jalen-walthall.php,NA,NA,0,NA,NA,NA,NA,NA,NA,Jalen Walthall,2026-10-02,FA
/nfl/rankings/rookies.php,dynasty-rk,drk,Max Tomczak,28151,WR,FA,122.8,10.53,108,140,NA,max-tomczak.php,NA,NA,0,NA,NA,NA,NA,NA,NA,Max Tomczak,2026-10-02,FA
/nfl/rankings/rookies.php,dynasty-rk,drk,LJ Johnson Jr.,25384,RB,FA,101.5,24.5,77,126,NA,lj-johnson-jr.php,NA,NA,0,NA,NA,NA,NA,NA,NA,LJ Johnson,2026-10-02,FA
/nfl/rankings/rookies.php,dynasty-rk,drk,Carson Towt,28448,TE,IND,110,27,83,137,NA,carson-towt.php,NA,NA,0,NA,NA,NA,NA,NA,13,Carson Towt,2026-10-02,IND
/nfl/rankings/rookies.php,dynasty-rk,drk,Lance Mason,28279,TE,FA,122.67,17.61,98,138,NA,lance-mason.php,NA,NA,0,NA,NA,NA,NA,NA,NA,Lance Mason,2026-10-02,FA
/nfl/rankings/dynasty-te.php,dynasty-te,dp,Brock Bowers,22955,TE,LV,1,0,1,1,NA,brock-bowers.php,NA,NA,99.6,NA,NA,NA,NA,NA,13,Brock Bowers,2026-10-02,LVR
/nfl/rankings/dynasty-te.php,dynasty-te,dp,Trey McBride,22936,TE,ARI,2,0,2,2,NA,trey-mcbride.php,NA,NA,99.7,NA,NA,NA,NA,NA,14,Trey McBride,2026-10-02,ARI
/nfl/rankings/dynasty-te.php,dynasty-te,dp,Tyler Warren,26434,TE,IND,3.4,0.49,3,4,NA,tyler-warren.php,NA,NA,98.7,NA,NA,NA,NA,1,13,Tyler Warren,2026-10-02,IND
/nfl/rankings/dynasty-te.php,dynasty-te,dp,Colston Loveland,26006,TE,CHI,3.6,0.49,3,4,NA,colston-loveland.php,NA,NA,93.7,NA,NA,NA,NA,-1,10,Colston Loveland,2026-10-02,CHI
/nfl/rankings/dynasty-te.php,dynasty-te,dp,Tucker Kraft,25298,TE,GB,5.8,0.98,5,7,NA,tucker-kraft.php,NA,NA,93.3,NA,NA,NA,NA,NA,11,Tucker Kraft,2026-10-02,GBP
/nfl/rankings/dynasty-te.php,dynasty-te,dp,Sam LaPorta,22978,TE,DET,6,0.63,5,7,NA,sam-laporta.php,NA,NA,97.5,NA,NA,NA,NA,2,6,Sam LaPorta,2026-10-02,DET
/nfl/rankings/dynasty-te.php,dynasty-te,dp,Harold Fannin Jr.,27050,TE,CLE,7,1.1,6,9,NA,harold-fannin-jr.php,NA,NA,92.4,NA,NA,NA,NA,2,11,Harold Fannin,2026-10-02,CLE
/nfl/rankings/dynasty-te.php,dynasty-te,dp,Dalton Kincaid,25247,TE,BUF,7.6,1.02,6,9,NA,dalton-kincaid.php,NA,NA,95.1,NA,NA,NA,NA,-2,7,Dalton Kincaid,2026-10-02,BUF
/nfl/rankings/dynasty-te.php,dynasty-te,dp,Kenyon Sadiq,26055,TE,NYJ,9,0.63,8,10,NA,kenyon-sadiq.php,NA,NA,52.5,NA,NA,NA,NA,NA,13,Kenyon Sadiq,2026-10-02,NYJ
/nfl/rankings/dynasty-te.php,dynasty-te,dp,Isaiah Likely,23781,TE,NYG,10.8,1.6,8,12,NA,isaiah-likely.php,NA,NA,88.2,NA,NA,NA,NA,NA,8,Isaiah Likely,2026-10-02,NYG
/nfl/rankings/dynasty-te.php,dynasty-te,dp,George Kittle,16499,TE,SF,11.2,0.98,10,13,NA,george-kittle.php,NA,NA,95.8,NA,NA,NA,NA,NA,8,George Kittle,2026-10-02,SFO
/nfl/rankings/dynasty-te.php,dynasty-te,dp,Kyle Pitts Sr.,20164,TE,ATL,11.4,1.85,10,15,NA,kyle-pitts.php,NA,NA,80,NA,NA,NA,NA,-5,11,Kyle Pitts,2026-10-02,ATL
/nfl/rankings/dynasty-te.php,dynasty-te,dp,Terrance Ferguson,23091,TE,LAR,14.8,2.99,12,20,NA,terrance-ferguson.php,NA,NA,24.6,NA,NA,NA,NA,8,11,Terrance Ferguson,2026-10-02,LAR
/nfl/rankings/dynasty-te.php,dynasty-te,dp,Jake Ferguson,22718,TE,DAL,15.4,1.85,13,18,NA,jake-ferguson.php,NA,NA,81.5,NA,NA,NA,NA,NA,14,Jake Ferguson,2026-10-02,DAL
/nfl/rankings/dynasty-te.php,dynasty-te,dp,Eli Stowers,23144,TE,PHI,15.4,2.33,14,20,NA,eli-stowers.php,NA,NA,4.2,NA,NA,NA,NA,-2,10,Eli Stowers,2026-10-02,PHI
/nfl/rankings/dynasty-te.php,dynasty-te,dp,Brenton Strange,25345,TE,JAC,16,1.67,13,18,NA,brenton-strange.php,NA,NA,33.2,NA,NA,NA,NA,NA,7,Brenton Strange,2026-10-02,JAC
/nfl/rankings/dynasty-te.php,dynasty-te,dp,Juwan Johnson,19562,TE,NO,17.6,2.15,15,21,NA,juwan-johnson.php,NA,NA,66.3,NA,NA,NA,NA,3,8,Juwan Johnson,2026-10-02,NOS
/nfl/rankings/dynasty-te.php,dynasty-te,dp,Oronde Gadsden II,25997,TE,LAC,17.6,1.36,16,20,NA,oronde-gadsden-ii.php,NA,NA,18.4,NA,NA,NA,NA,NA,7,Oronde Gadsden,2026-10-02,LAC
/nfl/rankings/dynasty-te.php,dynasty-te,dp,Chig Okonkwo,23982,TE,WAS,19.2,4.58,15,28,NA,chigoziem-okonkwo.php,NA,NA,19.7,NA,NA,NA,NA,4,7,Chigoziem Okonkwo,2026-10-02,WAS
/nfl/rankings/dynasty-te.php,dynasty-te,dp,Mark Andrews,17269,TE,BAL,20.6,1.85,19,24,NA,mark-andrews.php,NA,NA,81,NA,NA,NA,NA,-3,13,Mark Andrews,2026-10-02,BAL
/nfl/rankings/dynasty-te.php,dynasty-te,dp,Dallas Goedert,17270,TE,PHI,21.2,1.72,18,23,NA,dallas-goedert.php,NA,NA,75.6,NA,NA,NA,NA,-6,10,Dallas Goedert,2026-10-02,PHI
/nfl/rankings/dynasty-te.php,dynasty-te,dp,Travis Kelce,11594,TE,KC,22.2,1.47,20,24,NA,travis-kelce.php,NA,NA,95.8,NA,NA,NA,NA,-3,5,Travis Kelce,2026-10-02,KCC
/nfl/rankings/dynasty-te.php,dynasty-te,dp,AJ Barner,26335,TE,SEA,22.6,3.5,19,28,NA,aj-barner.php,NA,NA,15.4,NA,NA,NA,NA,NA,11,AJ Barner,2026-10-02,SEA
/nfl/rankings/dynasty-te.php,dynasty-te,dp,T.J. Hockenson,18290,TE,MIN,24.6,1.85,21,26,NA,tj-hockenson.php,NA,NA,42.6,NA,NA,NA,NA,NA,6,TJ Hockenson,2026-10-02,MIN
/nfl/rankings/dynasty-te.php,dynasty-te,dp,Dalton Schultz,17349,TE,HOU,25.6,2.87,22,30,NA,dalton-schultz.php,NA,NA,68.4,NA,NA,NA,NA,3,8,Dalton Schultz,2026-10-02,HOU
/nfl/rankings/dynasty-te.php,dynasty-te,dp,Hunter Henry,15561,TE,NE,25.8,2.04,23,28,NA,hunter-henry.php,NA,NA,54.8,NA,NA,NA,NA,NA,11,Hunter Henry,2026-10-02,NEP
/nfl/rankings/dynasty-te.php,dynasty-te,dp,Eli Raridon,28154,TE,NE,27.4,2.42,24,31,NA,eli-raridon.php,NA,NA,1.5,NA,NA,NA,NA,NA,11,Eli Raridon,2026-10-02,NEP
/nfl/rankings/dynasty-te.php,dynasty-te,dp,Oscar Delp,25430,TE,NO,27.8,4.26,21,33,NA,oscar-delp.php,NA,NA,1.2,NA,NA,NA,NA,NA,8,Oscar Delp,2026-10-02,NOS
/nfl/rankings/dynasty-te.php,dynasty-te,dp,Gunnar Helm,27109,TE,TEN,28.2,1.6,26,30,NA,gunnar-helm.php,NA,NA,3.8,NA,NA,NA,NA,NA,9,Gunnar Helm,2026-10-02,TEN
/nfl/rankings/dynasty-te.php,dynasty-te,dp,Pat Freiermuth,20163,TE,PIT,29.2,1.6,27,32,NA,pat-freiermuth.php,NA,NA,18.3,NA,NA,NA,NA,9,9,Pat Freiermuth,2026-10-02,PIT
/nfl/rankings/dynasty-te.php,dynasty-te,dp,Greg Dulcich,23153,TE,MIA,31.6,3.38,25,34,NA,greg-dulcich.php,NA,NA,7,NA,NA,NA,NA,NA,6,Greg Dulcich,2026-10-02,MIA
/nfl/rankings/dynasty-te.php,dynasty-te,dp,Max Klare,27993,TE,LAR,31.6,3.32,26,35,NA,max-klare.php,NA,NA,2,NA,NA,NA,NA,-6,11,Max Klare,2026-10-02,LAR
/nfl/rankings/dynasty-te.php,dynasty-te,dp,Michael Mayer,23056,TE,LV,31.8,5.81,24,40,NA,michael-mayer.php,NA,NA,8.8,NA,NA,NA,NA,4,13,Michael Mayer,2026-10-02,LVR
/nfl/rankings/dynasty-te.php,dynasty-te,dp,Mason Taylor,26005,TE,NYJ,33.8,1.72,32,37,NA,mason-taylor.php,NA,NA,1.9,NA,NA,NA,NA,NA,13,Mason Taylor,2026-10-02,NYJ
/nfl/rankings/dynasty-te.php,dynasty-te,dp,Cade Otton,23181,TE,TB,36.4,3.98,31,43,NA,cade-otton.php,NA,NA,6.8,NA,NA,NA,NA,NA,10,Cade Otton,2026-10-02,TBB
/nfl/rankings/dynasty-te.php,dynasty-te,dp,Matt Hibner,28168,TE,BAL,37,6.63,24,42,NA,matthew-hibner.php,NA,NA,1.2,NA,NA,NA,NA,NA,13,Matt Hibner,2026-10-02,BAL
/nfl/rankings/dynasty-te.php,dynasty-te,dp,Elijah Arroyo,23004,TE,SEA,37.6,4.54,31,44,NA,elijah-arroyo.php,NA,NA,0.9,NA,NA,NA,NA,NA,11,Elijah Arroyo,2026-10-02,SEA
/nfl/rankings/dynasty-te.php,dynasty-te,dp,Darnell Washington,22967,TE,PIT,38,3.69,33,43,NA,darnell-washington.php,NA,NA,2.5,NA,NA,NA,NA,NA,9,Darnell Washington,2026-10-02,PIT
/nfl/rankings/dynasty-te.php,dynasty-te,dp,David Njoku,16399,TE,LAC,39,4.6,35,46,NA,david-njoku.php,NA,NA,7.3,NA,NA,NA,NA,-8,7,David Njoku,2026-10-02,LAC
/nfl/rankings/dynasty-te.php,dynasty-te,dp,Colby Parkinson,19372,TE,LAR,41.4,3.88,37,47,NA,colby-parkinson.php,NA,NA,3.5,NA,NA,NA,NA,6,11,Colby Parkinson,2026-10-02,LAR
/nfl/rankings/dynasty-te.php,dynasty-te,dp,Cole Kmet,19229,TE,CHI,43.4,4.96,38,50,NA,cole-kmet.php,NA,NA,1.8,NA,NA,NA,NA,NA,10,Cole Kmet,2026-10-02,CHI
/nfl/rankings/dynasty-te.php,dynasty-te,dp,Evan Engram,16411,TE,DEN,44,3.85,39,49,NA,evan-engram.php,NA,NA,4,NA,NA,NA,NA,NA,10,Evan Engram,2026-10-02,DEN
/nfl/rankings/dynasty-te.php,dynasty-te,dp,Theo Johnson,23104,TE,NYG,44.2,4.07,39,49,NA,theo-johnson.php,NA,NA,1.5,NA,NA,NA,NA,-5,8,Theo Johnson,2026-10-02,NYG
/nfl/rankings/dynasty-te.php,dynasty-te,dp,Charlie Kolar,22756,TE,LAC,44.8,5.71,34,50,NA,charlie-kolar.php,NA,NA,0.7,NA,NA,NA,NA,6,7,Charlie Kolar,2026-10-02,LAC
/nfl/rankings/dynasty-te.php,dynasty-te,dp,Mike Gesicki,17272,TE,CIN,45.2,0.75,44,46,NA,mike-gesicki.php,NA,NA,10.1,NA,NA,NA,NA,6,6,Mike Gesicki,2026-10-02,CIN
/nfl/rankings/dynasty-te.php,dynasty-te,dp,Darren Waller,14104,TE,CAR,48.2,8.54,39,63,NA,darren-waller.php,NA,NA,28,NA,NA,NA,NA,17,5,Darren Waller,2026-10-02,CAR
/nfl/rankings/dynasty-te.php,dynasty-te,dp,Jake Tonges,24778,TE,SF,55,7.95,40,62,NA,jake-tonges.php,NA,NA,1.4,NA,NA,NA,NA,NA,8,Jake Tonges,2026-10-02,SFO
/nfl/rankings/dynasty-te.php,dynasty-te,dp,Justin Joly,28079,TE,MIA,55,9.61,44,73,NA,justin-joly.php,NA,NA,2.5,NA,NA,NA,NA,-6,6,Justin Joly,2026-10-02,MIA
/nfl/rankings/dynasty-te.php,dynasty-te,dp,Ja'Tavion Sanders,24334,TE,CAR,55.4,6.83,43,62,NA,jatavion-sanders.php,NA,NA,0.6,NA,NA,NA,NA,NA,5,JaTavion Sanders,2026-10-02,CAR
/nfl/rankings/dynasty-te.php,dynasty-te,dp,Erick All Jr.,23837,TE,CIN,44.25,3.77,40,48,NA,erick-all.php,NA,NA,0.6,NA,NA,NA,NA,NA,6,Erick All,2026-10-02,CIN
/nfl/rankings/dynasty-te.php,dynasty-te,dp,Sam Roush,28161,TE,CHI,46,6.63,36,52,NA,sam-roush.php,NA,NA,0.7,NA,NA,NA,NA,NA,10,Sam Roush,2026-10-02,CHI
/nfl/rankings/dynasty-te.php,dynasty-te,dp,Marlin Klein,28157,TE,HOU,46.5,7.09,36,56,NA,marlin-klein.php,NA,NA,0.6,NA,NA,NA,NA,NA,8,Marlin Klein,2026-10-02,HOU
/nfl/rankings/dynasty-te.php,dynasty-te,dp,Tanner Koziol,27499,TE,JAC,49.75,4.26,44,56,NA,tanner-koziol.php,NA,NA,1.4,NA,NA,NA,NA,NA,7,Tanner Koziol,2026-10-02,JAC
/nfl/rankings/dynasty-te.php,dynasty-te,dp,Ben Sinnott,26310,TE,WAS,50.25,5.54,42,57,NA,ben-sinnott.php,NA,NA,0.6,NA,NA,NA,NA,-14,7,Ben Sinnott,2026-10-02,WAS
/nfl/rankings/dynasty-te.php,dynasty-te,dp,Dawson Knox,18631,TE,BUF,53.25,3.34,51,59,NA,dawson-knox.php,NA,NA,1.7,NA,NA,NA,NA,NA,7,Dawson Knox,2026-10-02,BUF
/nfl/rankings/dynasty-te.php,dynasty-te,dp,Noah Fant,17527,TE,NO,53.5,4.5,46,58,NA,noah-fant.php,NA,NA,1.6,NA,NA,NA,NA,NA,8,Noah Fant,2026-10-02,NOS
/nfl/rankings/dynasty-te.php,dynasty-te,dp,Tyler Higbee,15623,TE,LAR,55.75,8.47,47,69,NA,tyler-higbee.php,NA,NA,2.3,NA,NA,NA,NA,NA,11,Tyler Higbee,2026-10-02,LAR
/nfl/rankings/dynasty-te.php,dynasty-te,dp,Jack Endries,27501,TE,CIN,56,1.87,54,59,NA,jack-endries.php,NA,NA,2.4,NA,NA,NA,NA,NA,6,Jack Endries,2026-10-02,CIN
/nfl/rankings/dynasty-te.php,dynasty-te,dp,Mitchell Evans,27138,TE,CAR,59.5,2.18,56,62,NA,mitchell-evans.php,NA,NA,1,NA,NA,NA,NA,NA,5,Mitchell Evans,2026-10-02,CAR
/nfl/rankings/dynasty-te.php,dynasty-te,dp,Nate Boerkircher,28427,TE,JAC,63.25,5.4,54,67,NA,nate-boerkircher.php,NA,NA,1.7,NA,NA,NA,NA,7,7,Nate Boerkircher,2026-10-02,JAC
/nfl/rankings/dynasty-te.php,dynasty-te,dp,Joe Royer,27312,TE,CLE,66.25,3.77,60,70,NA,joe-royer.php,NA,NA,2,NA,NA,NA,NA,NA,11,Joe Royer,2026-10-02,CLE
/nfl/rankings/dynasty-te.php,dynasty-te,dp,Luke Musgrave,25282,TE,GB,67.5,3.2,64,72,NA,luke-musgrave.php,NA,NA,0.8,NA,NA,NA,NA,NA,11,Luke Musgrave,2026-10-02,GBP
/nfl/rankings/dynasty-te.php,dynasty-te,dp,Michael Trigg,23167,TE,DAL,68,7,61,75,NA,michael-trigg.php,NA,NA,2.3,NA,NA,NA,NA,12,14,Michael Trigg,2026-10-02,DAL
/nfl/rankings/dynasty-te.php,dynasty-te,dp,Dallen Bentley,28352,TE,DEN,69.25,7.12,57,74,NA,dallen-bentley.php,NA,NA,1.1,NA,NA,NA,NA,10,10,Dallen Bentley,2026-10-02,DEN
/nfl/rankings/dynasty-te.php,dynasty-te,dp,Cade Stover,25269,TE,HOU,71.25,3.63,67,77,NA,cade-stover.php,NA,NA,0.6,NA,NA,NA,NA,NA,8,Cade Stover,2026-10-02,HOU
/nfl/rankings/dynasty-te.php,dynasty-te,dp,Zach Ertz,11689,TE,PHI,59,3.74,55,64,NA,zach-ertz.php,NA,NA,3.6,NA,NA,NA,NA,-9,10,Zach Ertz,2026-10-02,PHI
/nfl/rankings/dynasty-te.php,dynasty-te,dp,Austin Hooper,15581,TE,ATL,73.75,6.98,65,82,NA,austin-hooper.php,NA,NA,0.9,NA,NA,NA,NA,NA,11,Austin Hooper,2026-10-02,ATL
/nfl/rankings/dynasty-te.php,dynasty-te,dp,Noah Gray,19539,TE,KC,59.67,4.71,53,63,NA,noah-gray.php,NA,NA,0.6,NA,NA,NA,NA,NA,5,Noah Gray,2026-10-02,KCC
/nfl/rankings/dynasty-te.php,dynasty-te,dp,Will Kacmarek,28403,TE,MIA,74.25,4.66,68,81,NA,will-kacmarek.php,NA,NA,0.7,NA,NA,NA,NA,NA,6,Will Kacmarek,2026-10-02,MIA
/nfl/rankings/dynasty-te.php,dynasty-te,dp,Josh Oliver,18487,TE,MIN,77.75,8.01,66,88,NA,josh-oliver.php,NA,NA,0.6,NA,NA,NA,NA,NA,6,Josh Oliver,2026-10-02,MIN
/nfl/rankings/dynasty-te.php,dynasty-te,dp,Tommy Tremble,22795,TE,CAR,66.67,9.57,58,80,NA,tommy-tremble.php,NA,NA,0.6,NA,NA,NA,NA,NA,5,Tommy Tremble,2026-10-02,CAR
/nfl/rankings/dynasty-te.php,dynasty-te,dp,Jaren Kanak,28160,TE,TEN,69,6.16,61,76,NA,jaren-kanak.php,NA,NA,0,NA,NA,NA,NA,-10,9,Jaren Kanak,2026-10-02,TEN
/nfl/rankings/dynasty-te.php,dynasty-te,dp,Foster Moreau,18397,TE,HOU,70.33,8.38,59,79,NA,foster-moreau.php,NA,NA,1.2,NA,NA,NA,NA,NA,8,Foster Moreau,2026-10-02,HOU
/nfl/rankings/dynasty-te.php,dynasty-te,dp,John Michael Gyllenborg,28158,TE,KC,82.25,9.09,71,95,NA,john-michael-gyllenborg.php,NA,NA,1.8,NA,NA,NA,NA,NA,5,John Michael Gyllenborg,2026-10-02,KCC
/nfl/rankings/dynasty-te.php,dynasty-te,dp,Elijah Higgins,23119,TE,ARI,71,5.72,63,76,NA,elijah-higgins.php,NA,NA,0.6,NA,NA,NA,NA,NA,14,Elijah Higgins,2026-10-02,ARI
/nfl/rankings/dynasty-te.php,dynasty-te,dp,Jeremy Ruckert,23742,TE,NYJ,83.25,9.6,69,96,NA,jeremy-ruckert.php,NA,NA,0.6,NA,NA,NA,NA,NA,13,Jeremy Ruckert,2026-10-02,NYJ
/nfl/rankings/dynasty-te.php,dynasty-te,dp,Jonnu Smith,16460,TE,GB,50,8,42,58,NA,jonnu-smith.php,NA,NA,0.9,NA,NA,NA,NA,NA,11,Jonnu Smith,2026-10-02,GBP
/nfl/rankings/dynasty-te.php,dynasty-te,dp,Josh Cuevas,28155,TE,BAL,72.67,5.73,66,80,NA,josh-cuevas.php,NA,NA,1.1,NA,NA,NA,NA,NA,13,Josh Cuevas,2026-10-02,BAL
/nfl/rankings/dynasty-te.php,dynasty-te,dp,Seydou Traore,28163,TE,MIA,58.5,7.5,51,66,NA,seydou-traore.php,NA,NA,0,NA,NA,NA,NA,-25,6,Seydou Traore,2026-10-02,MIA
/nfl/rankings/dynasty-te.php,dynasty-te,dp,Jelani Woods,23829,TE,NYJ,80.33,13.27,66,98,NA,jelani-woods.php,NA,NA,3.9,NA,NA,NA,NA,NA,13,Jelani Woods,2026-10-02,NYJ
/nfl/rankings/dynasty-te.php,dynasty-te,dp,Thomas Fidone II,23039,TE,NYG,82.33,6.6,73,87,NA,thomas-fidone.php,NA,NA,1,NA,NA,NA,NA,NA,8,Thomas Fidone,2026-10-02,NYG
/nfl/rankings/dynasty-te.php,dynasty-te,dp,Daniel Bellinger,24238,TE,TEN,83,11.52,68,96,NA,daniel-bellinger.php,NA,NA,2.8,NA,NA,NA,NA,NA,9,Daniel Bellinger,2026-10-02,TEN
/nfl/rankings/dynasty-te.php,dynasty-te,dp,Luke Schoonmaker,25267,TE,DAL,83.67,3.86,80,89,NA,luke-schoonmaker.php,NA,NA,0.8,NA,NA,NA,NA,NA,14,Luke Schoonmaker,2026-10-02,DAL
/nfl/rankings/dynasty-te.php,dynasty-te,dp,Riley Nowakowski,28437,TE,PIT,69.5,5.5,64,75,NA,riley-nowakowski.php,NA,NA,0.6,NA,NA,NA,NA,NA,9,Riley Nowakowski,2026-10-02,PIT
/nfl/rankings/dynasty-te.php,dynasty-te,dp,Jared Wiley,26343,TE,KC,71,7,64,78,NA,jared-wiley.php,NA,NA,1,NA,NA,NA,NA,NA,5,Jared Wiley,2026-10-02,KCC
/nfl/rankings/dynasty-te.php,dynasty-te,dp,Adam Trautman,19423,TE,DEN,72,7,65,79,NA,adam-trautman.php,NA,NA,0.6,NA,NA,NA,NA,NA,10,Adam Trautman,2026-10-02,DEN
/nfl/rankings/dynasty-te.php,dynasty-te,dp,Carsen Ryan,28399,TE,CLE,76.5,5.5,71,82,NA,carsen-ryan.php,NA,NA,1.1,NA,NA,NA,NA,NA,11,Carsen Ryan,2026-10-02,CLE
/nfl/rankings/dynasty-te.php,dynasty-te,dp,Davis Allen,23761,TE,LAR,92.33,10.34,78,102,NA,davis-allen.php,NA,NA,1,NA,NA,NA,NA,NA,11,Davis Allen,2026-10-02,LAR
/nfl/rankings/dynasty-te.php,dynasty-te,dp,Dae'Quan Wright,28159,TE,FA,80,12,68,92,NA,daequan-wright.php,NA,NA,0,NA,NA,NA,NA,-21,NA,DaeQuan Wright,2026-10-02,FA
/nfl/rankings/dynasty-te.php,dynasty-te,dp,Josh Whyle,22923,TE,GB,81,10,71,91,NA,josh-whyle.php,NA,NA,1.1,NA,NA,NA,NA,NA,11,Josh Whyle,2026-10-02,GBP
/nfl/rankings/dynasty-te.php,dynasty-te,dp,Hunter Long,22783,TE,ARI,83.5,13.5,70,97,NA,hunter-long.php,NA,NA,1,NA,NA,NA,NA,NA,14,Hunter Long,2026-10-02,ARI
/nfl/rankings/dynasty-te.php,dynasty-te,dp,Grant Calcaterra,24180,TE,PHI,84,10,74,94,NA,grant-calcaterra.php,NA,NA,1.2,NA,NA,NA,NA,NA,10,Grant Calcaterra,2026-10-02,PHI
/nfl/rankings/dynasty-te.php,dynasty-te,dp,Tanner Hudson,17826,TE,CIN,85,1,84,86,NA,tanner-hudson.php,NA,NA,2.3,NA,NA,NA,NA,NA,6,Tanner Hudson,2026-10-02,CIN
/nfl/rankings/dynasty-te.php,dynasty-te,dp,Tyler Conklin,17598,TE,DET,87,6,81,93,NA,tyler-conklin.php,NA,NA,0.6,NA,NA,NA,NA,NA,6,Tyler Conklin,2026-10-02,DET
/nfl/rankings/dynasty-te.php,dynasty-te,dp,Harrison Bryant,19389,TE,FA,93,15,78,108,NA,harrison-bryant.php,NA,NA,0,NA,NA,NA,NA,NA,NA,Harrison Bryant,2026-10-02,FA
/nfl/rankings/dynasty-te.php,dynasty-te,dp,Kylen Granson,22841,TE,TEN,94.5,11.5,83,106,NA,kylen-granson.php,NA,NA,1.2,NA,NA,NA,NA,NA,9,Kylen Granson,2026-10-02,TEN
/nfl/rankings/dynasty-te.php,dynasty-te,dp,Brock Wright,23341,TE,DET,94.5,11.5,83,106,NA,brock-wright.php,NA,NA,0.6,NA,NA,NA,NA,NA,6,Brock Wright,2026-10-02,DET
/nfl/rankings/dynasty-te.php,dynasty-te,dp,Brevin Jordan,20162,TE,HOU,96.5,4.5,92,101,NA,brevin-jordan.php,NA,NA,1,NA,NA,NA,NA,NA,8,Brevin Jordan,2026-10-02,HOU
/nfl/rankings/dynasty-te.php,dynasty-te,dp,Drew Sample,18561,TE,CIN,97,13,84,110,NA,drew-sample.php,NA,NA,0.6,NA,NA,NA,NA,NA,6,Drew Sample,2026-10-02,CIN
/nfl/rankings/dynasty-te.php,dynasty-te,dp,Stone Smartt,24621,TE,NO,97,8,89,105,NA,stone-smartt.php,NA,NA,1,NA,NA,NA,NA,NA,8,Stone Smartt,2026-10-02,NOS
/nfl/rankings/dynasty-te.php,dynasty-te,dp,Durham Smythe,17508,TE,BAL,99.5,11.5,88,111,NA,durham-smythe.php,NA,NA,0.6,NA,NA,NA,NA,NA,13,Durham Smythe,2026-10-02,BAL
/nfl/rankings/dynasty-te.php,dynasty-te,dp,Mo Alie-Cox,16579,TE,IND,101,11,90,112,NA,mo-alie-cox.php,NA,NA,0.6,NA,NA,NA,NA,NA,13,Mo Alie-Cox,2026-10-02,IND
/nfl/rankings/dynasty-te.php,dynasty-te,dp,Jackson Hawes,27469,TE,BUF,102,2,100,104,NA,jackson-hawes.php,NA,NA,0.6,NA,NA,NA,NA,NA,7,Jackson Hawes,2026-10-02,BUF
/nfl/rankings/dynasty-te.php,dynasty-te,dp,Luke Farrell,19501,TE,SF,103,13,90,116,NA,luke-farrell.php,NA,NA,0.6,NA,NA,NA,NA,NA,8,Luke Farrell,2026-10-02,SFO
/nfl/rankings/dynasty-te.php,dynasty-te,dp,Julian Hill,25824,TE,NE,103,5,98,108,NA,julian-hill.php,NA,NA,1,NA,NA,NA,NA,NA,11,Julian Hill,2026-10-02,NEP
/nfl/rankings/dynasty-te.php,dynasty-te,dp,Tip Reiman,26432,TE,ARI,103.5,9.5,94,113,NA,tip-reiman.php,NA,NA,0,NA,NA,NA,NA,NA,14,Tip Reiman,2026-10-02,ARI
/nfl/rankings/dynasty-te.php,dynasty-te,dp,Lucas Krull,24240,TE,DEN,108,17,91,125,NA,lucas-krull.php,NA,NA,1.8,NA,NA,NA,NA,NA,10,Lucas Krull,2026-10-02,DEN
/nfl/rankings/dynasty-te.php,dynasty-te,dp,Moliki Matavao,23093,TE,NO,107.5,14.5,93,122,NA,moliki-matavao.php,NA,NA,1,NA,NA,NA,NA,NA,8,Moliki Matavao,2026-10-02,NOS
/nfl/rankings/dynasty-te.php,dynasty-te,dp,John Bates,22833,TE,WAS,107,0,107,107,NA,john-bates.php,NA,NA,1.2,NA,NA,NA,NA,NA,7,John Bates,2026-10-02,WAS
/nfl/rankings/dynasty-te.php,dynasty-te,dp,Payne Durham,25346,TE,TB,111.5,12.5,99,124,NA,payne-durham.php,NA,NA,1.1,NA,NA,NA,NA,NA,10,Payne Durham,2026-10-02,TBB
/nfl/rankings/dynasty-te.php,dynasty-te,dp,Drew Ogletree,24561,TE,IND,110,9,101,119,NA,andrew-ogletree.php,NA,NA,1,NA,NA,NA,NA,NA,13,Andrew Ogletree,2026-10-02,IND
/nfl/rankings/dynasty-te.php,dynasty-te,dp,Johnny Mundt,16743,TE,PHI,110,8,102,118,NA,johnny-mundt.php,NA,NA,0.2,NA,NA,NA,NA,NA,10,Johnny Mundt,2026-10-02,PHI
/nfl/rankings/dynasty-te.php,dynasty-te,dp,Brevyn Spann-Ford,26003,TE,DAL,110,7,103,117,NA,brevyn-spann-ford.php,NA,NA,0.1,NA,NA,NA,NA,NA,14,Brevyn Spann-Ford,2026-10-02,DAL
/nfl/rankings/dynasty-te.php,dynasty-te,dp,Will Mallory,23821,TE,IND,110,1,109,111,NA,will-mallory.php,NA,NA,1,NA,NA,NA,NA,NA,13,Will Mallory,2026-10-02,IND
/nfl/rankings/dynasty-te.php,dynasty-te,dp,Eric Saubert,16706,TE,SEA,117,12,105,129,NA,eric-saubert.php,NA,NA,1.6,NA,NA,NA,NA,NA,11,Eric Saubert,2026-10-02,SEA
/nfl/rankings/dynasty-te.php,dynasty-te,dp,Jack Stoll,23193,TE,SF,120,7,113,127,NA,jack-stoll.php,NA,NA,0,NA,NA,NA,NA,NA,8,Jack Stoll,2026-10-02,SFO
/nfl/rankings/dynasty-te.php,dynasty-te,dp,James Mitchell,23174,TE,DAL,122,8,114,130,NA,james-mitchell.php,NA,NA,0,NA,NA,NA,NA,NA,14,James Mitchell,2026-10-02,DAL
/nfl/rankings/dynasty-te.php,dynasty-te,dp,Connor Heyward,24562,TE,LV,123,8,115,131,NA,connor-heyward.php,NA,NA,0,NA,NA,NA,NA,NA,13,Connor Heyward,2026-10-02,LVR
/nfl/rankings/dynasty-te.php,dynasty-te,dp,Ian Thomas,17387,TE,LV,124.5,8.5,116,133,NA,ian-thomas.php,NA,NA,0,NA,NA,NA,NA,NA,13,Ian Thomas,2026-10-02,LVR
/nfl/rankings/dynasty-te.php,dynasty-te,dp,Teagan Quitoriano,24182,TE,ARI,125.5,8.5,117,134,NA,teagan-quitoriano.php,NA,NA,0,NA,NA,NA,NA,NA,14,Teagan Quitoriano,2026-10-02,ARI
/nfl/rankings/dynasty-wr.php,dynasty-wr,dp,Ja'Marr Chase,19788,WR,CIN,1.2,0.4,1,2,NA,jamarr-chase.php,NA,NA,99.8,NA,NA,NA,NA,NA,6,JaMarr Chase,2026-10-02,CIN
/nfl/rankings/dynasty-wr.php,dynasty-wr,dp,Jaxon Smith-Njigba,23070,WR,SEA,1.8,0.4,1,2,NA,jaxon-smith-njigba.php,NA,NA,99.8,NA,NA,NA,NA,NA,11,Jaxon Smith-Njigba,2026-10-02,SEA
/nfl/rankings/dynasty-wr.php,dynasty-wr,dp,Amon-Ra St. Brown,19799,WR,DET,3.6,0.49,3,4,NA,amonra-stbrown.php,NA,NA,99.8,NA,NA,NA,NA,NA,6,Amon-Ra St Brown,2026-10-02,DET
/nfl/rankings/dynasty-wr.php,dynasty-wr,dp,Puka Nacua,23180,WR,LAR,4,0.89,3,5,NA,puka-nacua.php,NA,NA,99.8,NA,NA,NA,NA,NA,11,Puka Nacua,2026-10-02,LAR
/nfl/rankings/dynasty-wr.php,dynasty-wr,dp,Justin Jefferson,19236,WR,MIN,6.2,1.6,5,9,NA,justin-jefferson.php,NA,NA,99.8,NA,NA,NA,NA,NA,6,Justin Jefferson,2026-10-02,MIN
/nfl/rankings/dynasty-wr.php,dynasty-wr,dp,Malik Nabers,25409,WR,NYG,6.4,1.02,5,8,NA,malik-nabers.php,NA,NA,98.6,NA,NA,NA,NA,3,8,Malik Nabers,2026-10-02,NYG
/nfl/rankings/dynasty-wr.php,dynasty-wr,dp,CeeDee Lamb,19202,WR,DAL,7,1.1,6,9,NA,ceedee-lamb.php,NA,NA,99.8,NA,NA,NA,NA,-3,14,CeeDee Lamb,2026-10-02,DAL
/nfl/rankings/dynasty-wr.php,dynasty-wr,dp,Drake London,23163,WR,ATL,7.4,0.8,6,8,NA,drake-london.php,NA,NA,99.6,NA,NA,NA,NA,NA,11,Drake London,2026-10-02,ATL
/nfl/rankings/dynasty-wr.php,dynasty-wr,dp,Chris Olave,20111,WR,NO,10.2,0.4,10,11,NA,chris-olave.php,NA,NA,99.5,NA,NA,NA,NA,3,8,Chris Olave,2026-10-02,NOS
/nfl/rankings/dynasty-wr.php,dynasty-wr,dp,Tetairoa McMillan,25417,WR,CAR,10.4,1.2,9,12,NA,tetairoa-mcmillan.php,NA,NA,97.9,NA,NA,NA,NA,NA,5,Tetairoa McMillan,2026-10-02,CAR
/nfl/rankings/dynasty-wr.php,dynasty-wr,dp,George Pickens,22963,WR,DAL,11.6,1.62,10,14,NA,george-pickens.php,NA,NA,99.5,NA,NA,NA,NA,NA,14,George Pickens,2026-10-02,DAL
/nfl/rankings/dynasty-wr.php,dynasty-wr,dp,Zay Flowers,22916,WR,BAL,12,2.83,9,17,NA,zay-flowers.php,NA,NA,98.8,NA,NA,NA,NA,8,13,Zay Flowers,2026-10-02,BAL
/nfl/rankings/dynasty-wr.php,dynasty-wr,dp,Nico Collins,20130,WR,HOU,13.6,1.62,12,16,NA,nico-collins.php,NA,NA,99.1,NA,NA,NA,NA,-3,8,Nico Collins,2026-10-02,HOU
/nfl/rankings/dynasty-wr.php,dynasty-wr,dp,Emeka Egbuka,23062,WR,TB,15.4,2.58,12,20,NA,emeka-egbuka.php,NA,NA,96.8,NA,NA,NA,NA,-2,10,Emeka Egbuka,2026-10-02,TBB
/nfl/rankings/dynasty-wr.php,dynasty-wr,dp,Garrett Wilson,23072,WR,NYJ,15.4,2.15,12,18,NA,garrett-wilson.php,NA,NA,98.3,NA,NA,NA,NA,NA,13,Garrett Wilson,2026-10-02,NYJ
/nfl/rankings/dynasty-wr.php,dynasty-wr,dp,Carnell Tate,26009,WR,TEN,16,1.41,14,18,NA,carnell-tate.php,NA,NA,86.2,NA,NA,NA,NA,-2,9,Carnell Tate,2026-10-02,TEN
/nfl/rankings/dynasty-wr.php,dynasty-wr,dp,DeVonta Smith,19222,WR,PHI,18,0.89,17,19,NA,devonta-smith.php,NA,NA,99.4,NA,NA,NA,NA,3,10,DeVonta Smith,2026-10-02,PHI
/nfl/rankings/dynasty-wr.php,dynasty-wr,dp,Luther Burden III,27016,WR,CHI,19.2,3.54,16,26,NA,luther-burden-iii.php,NA,NA,92.8,NA,NA,NA,NA,NA,10,Luther Burden,2026-10-02,CHI
/nfl/rankings/dynasty-wr.php,dynasty-wr,dp,Christian Watson,23886,WR,GB,19.8,1.47,17,21,NA,christian-watson.php,NA,NA,95.1,NA,NA,NA,NA,11,11,Christian Watson,2026-10-02,GBP
/nfl/rankings/dynasty-wr.php,dynasty-wr,dp,Parker Washington,23106,WR,JAC,20.2,4.92,14,29,NA,parker-washington.php,NA,NA,94.3,NA,NA,NA,NA,10,7,Parker Washington,2026-10-02,JAC
/nfl/rankings/dynasty-wr.php,dynasty-wr,dp,Ladd McConkey,26122,WR,LAC,20.8,1.6,19,23,NA,ladd-mcconkey.php,NA,NA,97.4,NA,NA,NA,NA,NA,7,Ladd McConkey,2026-10-02,LAC
/nfl/rankings/dynasty-wr.php,dynasty-wr,dp,Tee Higgins,19211,WR,CIN,22.8,2.4,19,25,NA,tee-higgins.php,NA,NA,98.1,NA,NA,NA,NA,NA,6,Tee Higgins,2026-10-02,CIN
/nfl/rankings/dynasty-wr.php,dynasty-wr,dp,Jaylen Waddle,19790,WR,DEN,23.8,1.83,22,26,NA,jaylen-waddle.php,NA,NA,96.9,NA,NA,NA,NA,4,10,Jaylen Waddle,2026-10-02,DEN
/nfl/rankings/dynasty-wr.php,dynasty-wr,dp,Jameson Williams,23677,WR,DET,24.8,1.6,23,27,NA,jameson-williams.php,NA,NA,93.7,NA,NA,NA,NA,NA,6,Jameson Williams,2026-10-02,DET
/nfl/rankings/dynasty-wr.php,dynasty-wr,dp,Jordyn Tyson,26035,WR,NO,25.2,1.94,24,29,NA,jordyn-tyson.php,NA,NA,55.5,NA,NA,NA,NA,-4,8,Jordyn Tyson,2026-10-02,NOS
/nfl/rankings/dynasty-wr.php,dynasty-wr,dp,A.J. Brown,18218,WR,NE,25.8,2.99,22,30,NA,aj-brown.php,NA,NA,97,NA,NA,NA,NA,-6,11,AJ Brown,2026-10-02,NEP
/nfl/rankings/dynasty-wr.php,dynasty-wr,dp,Rashee Rice,23113,WR,KC,27,7.43,18,40,NA,rashee-rice.php,NA,NA,98.8,NA,NA,NA,NA,-13,5,Rashee Rice,2026-10-02,KCC
/nfl/rankings/dynasty-wr.php,dynasty-wr,dp,Makai Lemon,25420,WR,PHI,28.6,1.36,27,31,NA,makai-lemon.php,NA,NA,60.1,NA,NA,NA,NA,-3,10,Makai Lemon,2026-10-02,PHI
/nfl/rankings/dynasty-wr.php,dynasty-wr,dp,Rome Odunze,25411,WR,CHI,30.2,3.12,26,35,NA,rome-odunze.php,NA,NA,88.8,NA,NA,NA,NA,-5,10,Rome Odunze,2026-10-02,CHI
/nfl/rankings/dynasty-wr.php,dynasty-wr,dp,DJ Moore,17265,WR,BUF,31.6,1.02,30,33,NA,dj-moore-wr.php,NA,NA,96,NA,NA,NA,NA,5,7,DJ Moore,2026-10-02,BUF
/nfl/rankings/dynasty-wr.php,dynasty-wr,dp,KC Concepcion Jr.,27331,WR,CLE,31.8,2.71,28,36,NA,kevin-concepcion.php,NA,NA,63.9,NA,NA,NA,NA,NA,11,KC Concepcion,2026-10-02,CLE
/nfl/rankings/dynasty-wr.php,dynasty-wr,dp,Denzel Boston,27339,WR,CLE,32.4,6.05,23,41,NA,denzel-boston.php,NA,NA,64,NA,NA,NA,NA,15,11,Denzel Boston,2026-10-02,CLE
/nfl/rankings/dynasty-wr.php,dynasty-wr,dp,Brian Thomas Jr.,23000,WR,JAC,33.2,2.64,31,38,NA,brian-thomas-jr.php,NA,NA,73.8,NA,NA,NA,NA,-4,7,Brian Thomas,2026-10-02,JAC
/nfl/rankings/dynasty-wr.php,dynasty-wr,dp,Alec Pierce,23791,WR,IND,34.8,1.47,33,37,NA,alec-pierce.php,NA,NA,70.4,NA,NA,NA,NA,NA,13,Alec Pierce,2026-10-02,IND
/nfl/rankings/dynasty-wr.php,dynasty-wr,dp,Terry McLaurin,18466,WR,WAS,35.4,3.01,33,40,NA,terry-mclaurin.php,NA,NA,94.5,NA,NA,NA,NA,NA,7,Terry McLaurin,2026-10-02,WAS
/nfl/rankings/dynasty-wr.php,dynasty-wr,dp,Marvin Harrison Jr.,23064,WR,ARI,37.2,5.11,30,46,NA,marvin-harrison-jr.php,NA,NA,74.8,NA,NA,NA,NA,-8,14,Marvin Harrison,2026-10-02,ARI
/nfl/rankings/dynasty-wr.php,dynasty-wr,dp,DK Metcalf,18219,WR,PIT,38.6,2.06,36,42,NA,dk-metcalf.php,NA,NA,90.9,NA,NA,NA,NA,NA,9,DK Metcalf,2026-10-02,PIT
/nfl/rankings/dynasty-wr.php,dynasty-wr,dp,Josh Downs,24706,WR,IND,39.2,3.06,35,42,NA,josh-downs.php,NA,NA,84,NA,NA,NA,NA,NA,13,Josh Downs,2026-10-02,IND
/nfl/rankings/dynasty-wr.php,dynasty-wr,dp,Michael Wilson,25333,WR,ARI,39.2,2.56,37,44,NA,michael-wilson.php,NA,NA,87.6,NA,NA,NA,NA,NA,14,Michael Wilson,2026-10-02,ARI
/nfl/rankings/dynasty-wr.php,dynasty-wr,dp,Jalen Coker,26403,WR,CAR,40,9.38,29,55,NA,jalen-coker.php,NA,NA,89.8,NA,NA,NA,NA,9,5,Jalen Coker,2026-10-02,CAR
/nfl/rankings/dynasty-wr.php,dynasty-wr,dp,Jordan Addison,23107,WR,MIN,40.6,2.58,38,45,NA,jordan-addison.php,NA,NA,81,NA,NA,NA,NA,-7,6,Jordan Addison,2026-10-02,MIN
/nfl/rankings/dynasty-wr.php,dynasty-wr,dp,Matthew Golden,26024,WR,GB,41.8,11.51,29,57,NA,matthew-golden.php,NA,NA,87.8,NA,NA,NA,NA,16,11,Matthew Golden,2026-10-02,GBP
/nfl/rankings/dynasty-wr.php,dynasty-wr,dp,Davante Adams,12123,WR,LAR,44.4,4.8,39,51,NA,davante-adams.php,NA,NA,97.9,NA,NA,NA,NA,-7,11,Davante Adams,2026-10-02,LAR
/nfl/rankings/dynasty-wr.php,dynasty-wr,dp,Mike Evans,12119,WR,SF,45.4,3.32,40,50,NA,mike-evans.php,NA,NA,94.1,NA,NA,NA,NA,NA,8,Mike Evans,2026-10-02,SFO
/nfl/rankings/dynasty-wr.php,dynasty-wr,dp,Wan'Dale Robinson,22985,WR,TEN,46,2.97,42,51,NA,wandale-robinson.php,NA,NA,64.2,NA,NA,NA,NA,NA,9,WanDale Robinson,2026-10-02,TEN
/nfl/rankings/dynasty-wr.php,dynasty-wr,dp,Romeo Doubs,23794,WR,NE,50,5.25,41,56,NA,romeo-doubs.php,NA,NA,63.3,NA,NA,NA,NA,16,11,Romeo Doubs,2026-10-02,NEP
/nfl/rankings/dynasty-wr.php,dynasty-wr,dp,Jakobi Meyers,18598,WR,JAC,50.4,5.61,46,61,NA,jakobi-meyers.php,NA,NA,66.4,NA,NA,NA,NA,7,7,Jakobi Meyers,2026-10-02,JAC
/nfl/rankings/dynasty-wr.php,dynasty-wr,dp,Courtland Sutton,17253,WR,DEN,50.8,7.36,42,64,NA,courtland-sutton.php,NA,NA,80.2,NA,NA,NA,NA,-6,10,Courtland Sutton,2026-10-02,DEN
/nfl/rankings/dynasty-wr.php,dynasty-wr,dp,Quentin Johnston,23123,WR,LAC,51.6,4.67,45,58,NA,quentin-johnston.php,NA,NA,66.3,NA,NA,NA,NA,NA,7,Quentin Johnston,2026-10-02,LAC
/nfl/rankings/dynasty-wr.php,dynasty-wr,dp,Jayden Higgins,27077,WR,HOU,51.6,4.63,47,59,NA,jayden-higgins.php,NA,NA,3.3,NA,NA,NA,NA,NA,8,Jayden Higgins,2026-10-02,HOU
/nfl/rankings/dynasty-wr.php,dynasty-wr,dp,Jayden Reed,23020,WR,GB,51.8,5.81,46,62,NA,jayden-reed.php,NA,NA,45.6,NA,NA,NA,NA,NA,11,Jayden Reed,2026-10-02,GBP
/nfl/rankings/dynasty-wr.php,dynasty-wr,dp,Antonio Williams,25418,WR,WAS,52.2,2.32,49,56,NA,antonio-williams-wr.php,NA,NA,8.5,NA,NA,NA,NA,NA,7,Antonio Williams,2026-10-02,WAS
/nfl/rankings/dynasty-wr.php,dynasty-wr,dp,Xavier Worthy,23019,WR,KC,52.6,2.06,49,55,NA,xavier-worthy.php,NA,NA,68.6,NA,NA,NA,NA,-10,5,Xavier Worthy,2026-10-02,KCC
/nfl/rankings/dynasty-wr.php,dynasty-wr,dp,Omar Cooper Jr.,28127,WR,NYJ,53.4,8.75,43,64,NA,omar-cooper-jr.php,NA,NA,13.4,NA,NA,NA,NA,-11,13,Omar Cooper,2026-10-02,NYJ
/nfl/rankings/dynasty-wr.php,dynasty-wr,dp,De'Zhaun Stribling,28138,WR,SF,53.8,15.18,36,80,NA,dezhaun-stribling.php,NA,NA,43.3,NA,NA,NA,NA,NA,8,DeZhaun Stribling,2026-10-02,SFO
/nfl/rankings/dynasty-wr.php,dynasty-wr,dp,Michael Pittman Jr.,19278,WR,PIT,55.2,5.19,49,62,NA,michael-pittman.php,NA,NA,75,NA,NA,NA,NA,-14,9,Michael Pittman,2026-10-02,PIT
/nfl/rankings/dynasty-wr.php,dynasty-wr,dp,Chris Godwin Jr.,16406,WR,TB,55.4,6.68,46,64,NA,chris-godwin.php,NA,NA,75.5,NA,NA,NA,NA,-8,10,Chris Godwin,2026-10-02,TBB
/nfl/rankings/dynasty-wr.php,dynasty-wr,dp,Stefon Diggs,13981,WR,WAS,57.8,3.66,53,62,NA,stefon-diggs.php,NA,NA,88.1,NA,NA,NA,NA,27,7,Stefon Diggs,2026-10-02,WAS
/nfl/rankings/dynasty-wr.php,dynasty-wr,dp,Tre' Harris,26215,WR,LAC,60.2,5.88,56,71,NA,tre-harris.php,NA,NA,7.3,NA,NA,NA,NA,15,7,Tre Harris,2026-10-02,LAC
/nfl/rankings/dynasty-wr.php,dynasty-wr,dp,Adonai Mitchell,24357,WR,NYJ,60.8,5.31,51,67,NA,adonai-mitchell.php,NA,NA,37.1,NA,NA,NA,NA,NA,13,Adonai Mitchell,2026-10-02,NYJ
/nfl/rankings/dynasty-wr.php,dynasty-wr,dp,Khalil Shakir,23748,WR,BUF,62.6,4.32,57,68,NA,khalil-shakir.php,NA,NA,57.5,NA,NA,NA,NA,NA,7,Khalil Shakir,2026-10-02,BUF
/nfl/rankings/dynasty-wr.php,dynasty-wr,dp,Ricky Pearsall,26214,WR,SF,64,9.7,50,78,NA,ricky-pearsall.php,NA,NA,2.5,NA,NA,NA,NA,NA,8,Ricky Pearsall,2026-10-02,SFO
/nfl/rankings/dynasty-wr.php,dynasty-wr,dp,Chris Bell,26038,WR,MIA,65,19.17,44,101,NA,chris-bell.php,NA,NA,7.8,NA,NA,NA,NA,NA,6,Chris Bell,2026-10-02,MIA
/nfl/rankings/dynasty-wr.php,dynasty-wr,dp,Deebo Samuel Sr.,18244,WR,SF,66.8,5.53,61,74,NA,deebo-samuel.php,NA,NA,79.7,NA,NA,NA,NA,NA,8,Deebo Samuel,2026-10-02,SFO
/nfl/rankings/dynasty-wr.php,dynasty-wr,dp,Rashid Shaheed,24687,WR,SEA,69.4,10.21,59,84,NA,rashid-shaheed.php,NA,NA,36.4,NA,NA,NA,NA,NA,11,Rashid Shaheed,2026-10-02,SEA
/nfl/rankings/dynasty-wr.php,dynasty-wr,dp,Ted Hurst III,28130,WR,TB,70,9.53,54,84,NA,ted-hurst.php,NA,NA,4.5,NA,NA,NA,NA,28,10,Ted Hurst,2026-10-02,TBB
/nfl/rankings/dynasty-wr.php,dynasty-wr,dp,Pat Bryant,27211,WR,DEN,70.4,10.09,58,87,NA,pat-bryant.php,NA,NA,9.1,NA,NA,NA,NA,NA,10,Pat Bryant,2026-10-02,DEN
/nfl/rankings/dynasty-wr.php,dynasty-wr,dp,Dontayvion Wicks,24354,WR,PHI,71.8,10.19,56,87,NA,dontayvion-wicks.php,NA,NA,34.2,NA,NA,NA,NA,15,10,Dontayvion Wicks,2026-10-02,PHI
/nfl/rankings/dynasty-wr.php,dynasty-wr,dp,Kayshon Boutte,22989,WR,HOU,72.8,7.73,63,86,NA,kayshon-boutte.php,NA,NA,18.6,NA,NA,NA,NA,NA,8,Kayshon Boutte,2026-10-02,HOU
/nfl/rankings/dynasty-wr.php,dynasty-wr,dp,Ja'Kobi Lane,27337,WR,BAL,73,14.62,57,100,NA,jakobi-lane.php,NA,NA,22.6,NA,NA,NA,NA,-8,13,JaKobi Lane,2026-10-02,BAL
/nfl/rankings/dynasty-wr.php,dynasty-wr,dp,Caleb Douglas,28135,WR,MIA,73.4,9.26,61,88,NA,caleb-douglas.php,NA,NA,19.7,NA,NA,NA,NA,NA,6,Caleb Douglas,2026-10-02,MIA
/nfl/rankings/dynasty-wr.php,dynasty-wr,dp,Jaylin Noel,27122,WR,HOU,74.2,5.04,68,81,NA,jaylin-noel.php,NA,NA,4.6,NA,NA,NA,NA,NA,8,Jaylin Noel,2026-10-02,HOU
/nfl/rankings/dynasty-wr.php,dynasty-wr,dp,Malachi Fields,27994,WR,NYG,76.4,8.96,66,88,NA,malachi-fields.php,NA,NA,11.6,NA,NA,NA,NA,NA,8,Malachi Fields,2026-10-02,NYG
/nfl/rankings/dynasty-wr.php,dynasty-wr,dp,Travis Hunter,26034,WR,JAC,77,7.27,69,87,NA,travis-hunter.php,NA,NA,50,NA,NA,NA,NA,NA,7,Travis Hunter,2026-10-02,JAC
/nfl/rankings/dynasty-wr.php,dynasty-wr,dp,Germie Bernard,26039,WR,PIT,78.2,11,60,93,NA,germie-bernard.php,NA,NA,5.7,NA,NA,NA,NA,9,9,Germie Bernard,2026-10-02,PIT
/nfl/rankings/dynasty-wr.php,dynasty-wr,dp,Jauan Jennings,19590,WR,MIN,80,10.62,71,99,NA,jauan-jennings.php,NA,NA,12.3,NA,NA,NA,NA,11,6,Jauan Jennings,2026-10-02,MIN
/nfl/rankings/dynasty-wr.php,dynasty-wr,dp,Rashod Bateman,19794,WR,BAL,80,4.69,76,89,NA,rashod-bateman.php,NA,NA,34.5,NA,NA,NA,NA,NA,13,Rashod Bateman,2026-10-02,BAL
/nfl/rankings/dynasty-wr.php,dynasty-wr,dp,Tre Tucker,25337,WR,LV,81,16.53,68,113,NA,tre-tucker.php,NA,NA,45.5,NA,NA,NA,NA,-10,13,Tre Tucker,2026-10-02,LVR
/nfl/rankings/dynasty-wr.php,dynasty-wr,dp,Elijah Sarratt,27463,WR,BAL,81.8,5.34,72,87,NA,elijah-sarratt.php,NA,NA,4.1,NA,NA,NA,NA,46,13,Elijah Sarratt,2026-10-02,BAL
/nfl/rankings/dynasty-wr.php,dynasty-wr,dp,Ryan Flournoy,26398,WR,DAL,82,6.39,73,89,NA,ryan-flournoy.php,NA,NA,7,NA,NA,NA,NA,15,14,Ryan Flournoy,2026-10-02,DAL
/nfl/rankings/dynasty-wr.php,dynasty-wr,dp,Bryce Lance,28129,WR,NO,82.6,12.85,58,95,NA,bryce-lance.php,NA,NA,1,NA,NA,NA,NA,NA,8,Bryce Lance,2026-10-02,NOS
/nfl/rankings/dynasty-wr.php,dynasty-wr,dp,Jalen McMillan,23179,WR,TB,83.4,12.72,67,105,NA,jalen-mcmillan.php,NA,NA,11.3,NA,NA,NA,NA,-30,10,Jalen McMillan,2026-10-02,TBB
/nfl/rankings/dynasty-wr.php,dynasty-wr,dp,Troy Franklin,23092,WR,DEN,83.8,11.2,66,101,NA,troy-franklin.php,NA,NA,1.4,NA,NA,NA,NA,NA,10,Troy Franklin,2026-10-02,DEN
/nfl/rankings/dynasty-wr.php,dynasty-wr,dp,Jalen Nailor,24177,WR,LV,85.4,7.42,73,93,NA,jalen-nailor.php,NA,NA,18.8,NA,NA,NA,NA,34,13,Jalen Nailor,2026-10-02,LVR
/nfl/rankings/dynasty-wr.php,dynasty-wr,dp,Zachariah Branch,25419,WR,ATL,85.4,6.77,76,97,NA,zachariah-branch.php,NA,NA,8.7,NA,NA,NA,NA,13,11,Zachariah Branch,2026-10-02,ATL
/nfl/rankings/dynasty-wr.php,dynasty-wr,dp,Isaac TeSlaa,27446,WR,DET,86.2,6.43,80,97,NA,isaac-teslaa.php,NA,NA,3.7,NA,NA,NA,NA,NA,6,Isaac TeSlaa,2026-10-02,DET
/nfl/rankings/dynasty-wr.php,dynasty-wr,dp,Jerry Jeudy,19201,WR,CLE,87.2,8.47,79,98,NA,jerry-jeudy.php,NA,NA,15.6,NA,NA,NA,NA,-22,11,Jerry Jeudy,2026-10-02,CLE
/nfl/rankings/dynasty-wr.php,dynasty-wr,dp,Devaughn Vele,26409,WR,NO,89.4,12.61,76,105,NA,devaughn-vele.php,NA,NA,45.2,NA,NA,NA,NA,25,8,Devaughn Vele,2026-10-02,NOS
/nfl/rankings/dynasty-wr.php,dynasty-wr,dp,Chris Brazzell II,28047,WR,CAR,91.8,12.87,69,108,NA,chris-brazzell-ii.php,NA,NA,1.7,NA,NA,NA,NA,-12,5,Chris Brazzell,2026-10-02,CAR
/nfl/rankings/dynasty-wr.php,dynasty-wr,dp,Cyrus Allen,28424,WR,KC,92.4,6.92,82,101,NA,cyrus-allen.php,NA,NA,10.6,NA,NA,NA,NA,18,5,Cyrus Allen,2026-10-02,KCC
/nfl/rankings/dynasty-wr.php,dynasty-wr,dp,Kevin Coleman Jr.,28067,WR,MIA,92.8,10.65,74,105,NA,kevin-coleman-jr.php,NA,NA,1.1,NA,NA,NA,NA,NA,6,Kevin Coleman,2026-10-02,MIA
/nfl/rankings/dynasty-wr.php,dynasty-wr,dp,Kyle Williams,27487,WR,NE,95.4,4.18,88,101,NA,kyle-williams-wr-2025.php,NA,NA,1.6,NA,NA,NA,NA,-10,11,Kyle Williams,2026-10-02,NEP
/nfl/rankings/dynasty-wr.php,dynasty-wr,dp,Malik Washington,26314,WR,MIA,96.2,13.66,78,114,NA,malik-washington.php,NA,NA,30.2,NA,NA,NA,NA,NA,6,Malik Washington,2026-10-02,MIA
/nfl/rankings/dynasty-wr.php,dynasty-wr,dp,Jack Bech,27224,WR,LV,96.2,8.45,82,106,NA,jack-bech.php,NA,NA,1.4,NA,NA,NA,NA,10,13,Jack Bech,2026-10-02,LVR
/nfl/rankings/dynasty-wr.php,dynasty-wr,dp,Elic Ayomanor,27059,WR,TEN,97,12.31,79,111,NA,elic-ayomanor.php,NA,NA,1.5,NA,NA,NA,NA,-18,9,Elic Ayomanor,2026-10-02,TEN
/nfl/rankings/dynasty-wr.php,dynasty-wr,dp,Keon Coleman,26019,WR,BUF,97.2,8.66,89,112,NA,keon-coleman.php,NA,NA,8.7,NA,NA,NA,NA,-13,7,Keon Coleman,2026-10-02,BUF
/nfl/rankings/dynasty-wr.php,dynasty-wr,dp,Darnell Mooney,19810,WR,NYG,97.2,5.34,90,104,NA,darnell-mooney.php,NA,NA,3.2,NA,NA,NA,NA,-12,8,Darnell Mooney,2026-10-02,NYG
/nfl/rankings/dynasty-wr.php,dynasty-wr,dp,Tory Horton,26022,WR,SEA,97.6,5.68,90,104,NA,tory-horton.php,NA,NA,1.8,NA,NA,NA,NA,9,11,Tory Horton,2026-10-02,SEA
/nfl/rankings/dynasty-wr.php,dynasty-wr,dp,Skyler Bell,28126,WR,BUF,97.8,9.06,83,109,NA,skyler-bell.php,NA,NA,3,NA,NA,NA,NA,27,7,Skyler Bell,2026-10-02,BUF
/nfl/rankings/dynasty-wr.php,dynasty-wr,dp,Calvin Ridley,17258,WR,TEN,98,16.04,72,116,NA,calvin-ridley.php,NA,NA,6.3,NA,NA,NA,NA,-12,9,Calvin Ridley,2026-10-02,TEN
/nfl/rankings/dynasty-wr.php,dynasty-wr,dp,Chimere Dike,27315,WR,TEN,98.8,9.74,84,109,NA,chimere-dike.php,NA,NA,1.5,NA,NA,NA,NA,-15,9,Chimere Dike,2026-10-02,TEN
/nfl/rankings/dynasty-wr.php,dynasty-wr,dp,Keenan Allen,11616,WR,IND,101.4,7.26,88,108,NA,keenan-allen.php,NA,NA,40.7,NA,NA,NA,NA,NA,13,Keenan Allen,2026-10-02,IND
/nfl/rankings/dynasty-wr.php,dynasty-wr,dp,Tyquan Thornton,22913,WR,KC,102.2,8.23,93,115,NA,tyquan-thornton.php,NA,NA,2.6,NA,NA,NA,NA,15,5,Tyquan Thornton,2026-10-02,KCC
/nfl/rankings/dynasty-wr.php,dynasty-wr,dp,Tyreek Hill,15802,WR,FA,104,5.1,97,110,NA,tyreek-hill.php,NA,NA,17.4,NA,NA,NA,NA,18,NA,Tyreek Hill,2026-10-02,FA
/nfl/rankings/dynasty-wr.php,dynasty-wr,dp,Tank Dell,25361,WR,HOU,104.6,7.14,94,114,NA,nathaniel-dell.php,NA,NA,25.7,NA,NA,NA,NA,-10,8,Tank Dell,2026-10-02,HOU
/nfl/rankings/dynasty-wr.php,dynasty-wr,dp,Marvin Mims Jr.,23080,WR,DEN,105.4,5.31,97,113,NA,marvin-mims.php,NA,NA,2.6,NA,NA,NA,NA,NA,10,Marvin Mims,2026-10-02,DEN
/nfl/rankings/dynasty-wr.php,dynasty-wr,dp,Brenen Thompson,28133,WR,LAC,106.2,7.65,96,114,NA,brenen-thompson.php,NA,NA,0.9,NA,NA,NA,NA,NA,7,Brenen Thompson,2026-10-02,LAC
/nfl/rankings/dynasty-wr.php,dynasty-wr,dp,DeMario Douglas,25304,WR,NE,106.6,15,78,120,NA,demario-douglas.php,NA,NA,2.9,NA,NA,NA,NA,NA,11,Demario Douglas,2026-10-02,NEP
/nfl/rankings/dynasty-wr.php,dynasty-wr,dp,Mack Hollins,16489,WR,NE,112.4,11.46,96,126,NA,mack-hollins.php,NA,NA,5.8,NA,NA,NA,NA,NA,11,Mack Hollins,2026-10-02,NEP
/nfl/rankings/dynasty-wr.php,dynasty-wr,dp,Jalen Royals,27076,WR,KC,113.6,8.01,98,121,NA,jalen-royals.php,NA,NA,0.6,NA,NA,NA,NA,NA,5,Jalen Royals,2026-10-02,KCC
/nfl/rankings/dynasty-wr.php,dynasty-wr,dp,Xavier Legette,26136,WR,CAR,115,6.07,108,125,NA,xavier-legette.php,NA,NA,1.3,NA,NA,NA,NA,NA,5,Xavier Legette,2026-10-02,CAR
/nfl/rankings/dynasty-wr.php,dynasty-wr,dp,Darius Slayton,18706,WR,IND,115.2,15.82,98,143,NA,darius-slayton.php,NA,NA,1,NA,NA,NA,NA,NA,13,Darius Slayton,2026-10-02,IND
/nfl/rankings/dynasty-wr.php,dynasty-wr,dp,Cooper Kupp,16433,WR,SEA,115.4,13.89,105,142,NA,cooper-kupp.php,NA,NA,12.6,NA,NA,NA,NA,-11,11,Cooper Kupp,2026-10-02,SEA
/nfl/rankings/dynasty-wr.php,dynasty-wr,dp,Christian Kirk,17268,WR,SF,116.4,14.68,95,140,NA,christian-kirk.php,NA,NA,2.2,NA,NA,NA,NA,NA,8,Christian Kirk,2026-10-02,SFO
/nfl/rankings/dynasty-wr.php,dynasty-wr,dp,Tez Johnson,27147,WR,TB,122.4,11.62,107,137,NA,tez-johnson.php,NA,NA,0.6,NA,NA,NA,NA,-14,10,Tez Johnson,2026-10-02,TBB
/nfl/rankings/dynasty-wr.php,dynasty-wr,dp,Isaiah Bond,24371,WR,CLE,123.2,14.44,105,141,NA,isaiah-bond.php,NA,NA,0.6,NA,NA,NA,NA,-22,11,Isaiah Bond,2026-10-02,CLE
/nfl/rankings/dynasty-wr.php,dynasty-wr,dp,Hollywood Brown,18226,WR,PHI,124.6,15.77,107,149,NA,marquise-brown.php,NA,NA,1.2,NA,NA,NA,NA,NA,10,Marquise Brown,2026-10-02,PHI
/nfl/rankings/dynasty-wr.php,dynasty-wr,dp,Jalen Tolbert,23770,WR,MIA,127,21.74,91,152,NA,jalen-tolbert.php,NA,NA,1.1,NA,NA,NA,NA,NA,6,Jalen Tolbert,2026-10-02,MIA
/nfl/rankings/dynasty-wr.php,dynasty-wr,dp,Cedric Tillman,25287,WR,NO,128.2,13.01,109,150,NA,cedric-tillman.php,NA,NA,1,NA,NA,NA,NA,-26,8,Cedric Tillman,2026-10-02,NOS
/nfl/rankings/dynasty-wr.php,dynasty-wr,dp,Brandon Aiyuk,19252,WR,SF,109,12.51,93,128,NA,brandon-aiyuk.php,NA,NA,2.8,NA,NA,NA,NA,-38,8,Brandon Aiyuk,2026-10-02,SFO
/nfl/rankings/dynasty-wr.php,dynasty-wr,dp,Jahan Dotson,23101,WR,ATL,136.8,24.96,108,183,NA,jahan-dotson.php,NA,NA,1.7,NA,NA,NA,NA,NA,11,Jahan Dotson,2026-10-02,ATL
/nfl/rankings/dynasty-wr.php,dynasty-wr,dp,Joshua Palmer,22845,WR,BUF,118.5,14.43,96,136,NA,josh-palmer.php,NA,NA,2.6,NA,NA,NA,NA,NA,7,Josh Palmer,2026-10-02,BUF
/nfl/rankings/dynasty-wr.php,dynasty-wr,dp,Andrei Iosivas,25335,WR,CIN,119.25,1.48,117,121,NA,andrei-iosivas.php,NA,NA,1,NA,NA,NA,NA,NA,6,Andrei Iosivas,2026-10-02,CIN
/nfl/rankings/dynasty-wr.php,dynasty-wr,dp,Calvin Austin III,23739,WR,NYG,120,17.01,95,143,NA,calvin-austin.php,NA,NA,1.5,NA,NA,NA,NA,-14,8,Calvin Austin,2026-10-02,NYG
/nfl/rankings/dynasty-wr.php,dynasty-wr,dp,Barion Brown,25416,WR,NO,120.25,19.68,87,138,NA,barion-brown.php,NA,NA,1.4,NA,NA,NA,NA,NA,8,Barion Brown,2026-10-02,NOS
/nfl/rankings/dynasty-wr.php,dynasty-wr,dp,CJ Daniels,28125,WR,LAR,122.25,8.04,113,134,NA,cj-daniels.php,NA,NA,1.3,NA,NA,NA,NA,NA,11,CJ Daniels,2026-10-02,LAR
/nfl/rankings/dynasty-wr.php,dynasty-wr,dp,Savion Williams,27144,WR,GB,124,3.94,118,129,NA,savion-williams.php,NA,NA,0.6,NA,NA,NA,NA,NA,11,Savion Williams,2026-10-02,GBP
/nfl/rankings/dynasty-wr.php,dynasty-wr,dp,Tutu Atwell,20126,WR,LAR,126.5,15.12,103,145,NA,tutu-atwell.php,NA,NA,0.8,NA,NA,NA,NA,NA,11,Tutu Atwell,2026-10-02,LAR
/nfl/rankings/dynasty-wr.php,dynasty-wr,dp,Konata Mumpfield,27449,WR,LAR,98,15.25,81,118,NA,konata-mumpfield.php,NA,NA,4.2,NA,NA,NA,NA,NA,11,Konata Mumpfield,2026-10-02,LAR
/nfl/rankings/dynasty-wr.php,dynasty-wr,dp,Xavier Hutchinson,25332,WR,HOU,128.25,11.54,112,143,NA,xavier-hutchinson.php,NA,NA,7.5,NA,NA,NA,NA,NA,8,Xavier Hutchinson,2026-10-02,HOU
/nfl/rankings/dynasty-wr.php,dynasty-wr,dp,Jordan Whittington,23135,WR,LAR,133,7.65,124,145,NA,jordan-whittington.php,NA,NA,0.6,NA,NA,NA,NA,NA,11,Jordan Whittington,2026-10-02,LAR
/nfl/rankings/dynasty-wr.php,dynasty-wr,dp,KeAndre Lambert-Smith,24372,WR,LAC,133.75,6.83,122,139,NA,keandre-lambert-smith.php,NA,NA,0.7,NA,NA,NA,NA,NA,7,KeAndre Lambert-Smith,2026-10-02,LAC
/nfl/rankings/dynasty-wr.php,dynasty-wr,dp,Jaylin Lane,27454,WR,WAS,134.25,9.78,119,145,NA,jaylin-lane.php,NA,NA,0.6,NA,NA,NA,NA,NA,7,Jaylin Lane,2026-10-02,WAS
/nfl/rankings/dynasty-wr.php,dynasty-wr,dp,Tai Felton,27182,WR,MIN,135,13.98,111,146,NA,tai-felton.php,NA,NA,0.6,NA,NA,NA,NA,NA,6,Tai Felton,2026-10-02,MIN
/nfl/rankings/dynasty-wr.php,dynasty-wr,dp,Malik Benson,26012,WR,LV,110.67,12.23,94,123,NA,malik-benson.php,NA,NA,0.6,NA,NA,NA,NA,NA,13,Malik Benson,2026-10-02,LVR
/nfl/rankings/dynasty-wr.php,dynasty-wr,dp,Deion Burks,27093,WR,IND,137.75,8.58,129,152,NA,deion-burks.php,NA,NA,2,NA,NA,NA,NA,NA,13,Deion Burks,2026-10-02,IND
/nfl/rankings/dynasty-wr.php,dynasty-wr,dp,John Metchie III,22895,WR,CAR,143,16.08,119,162,NA,john-metchie.php,NA,NA,1.3,NA,NA,NA,NA,-15,5,John Metchie,2026-10-02,CAR
/nfl/rankings/dynasty-wr.php,dynasty-wr,dp,Dont'e Thornton Jr.,27288,WR,LV,143.25,4.55,136,148,NA,donte-thornton-jr.php,NA,NA,0.7,NA,NA,NA,NA,-19,13,Donte Thornton,2026-10-02,LVR
/nfl/rankings/dynasty-wr.php,dynasty-wr,dp,Colbie Young,26037,WR,CIN,119.33,9.18,107,129,NA,colbie-young.php,NA,NA,0.8,NA,NA,NA,NA,NA,6,Colbie Young,2026-10-02,CIN
/nfl/rankings/dynasty-wr.php,dynasty-wr,dp,Zavion Thomas,28132,WR,CHI,144.25,42.92,102,216,NA,zavion-thomas.php,NA,NA,1.8,NA,NA,NA,NA,NA,10,Zavion Thomas,2026-10-02,CHI
/nfl/rankings/dynasty-wr.php,dynasty-wr,dp,Jordan Watkins,27486,WR,SF,144.25,18.44,125,174,NA,jordan-watkins.php,NA,NA,0.6,NA,NA,NA,NA,NA,8,Jordan Watkins,2026-10-02,SFO
/nfl/rankings/dynasty-wr.php,dynasty-wr,dp,Kendrick Bourne,17066,WR,ARI,144.5,7.57,133,154,NA,kendrick-bourne.php,NA,NA,1.4,NA,NA,NA,NA,NA,14,Kendrick Bourne,2026-10-02,ARI
/nfl/rankings/dynasty-wr.php,dynasty-wr,dp,Luke McCaffrey,26328,WR,WAS,144.75,9.34,135,159,NA,luke-mccaffrey.php,NA,NA,0.6,NA,NA,NA,NA,-24,7,Luke McCaffrey,2026-10-02,WAS
/nfl/rankings/dynasty-wr.php,dynasty-wr,dp,Olamide Zaccheaus,18864,WR,ATL,145,5.96,140,155,NA,olamide-zaccheaus.php,NA,NA,0.6,NA,NA,NA,NA,NA,11,Olamide Zaccheaus,2026-10-02,ATL
/nfl/rankings/dynasty-wr.php,dynasty-wr,dp,Treylon Burks,22905,WR,WAS,146,8.28,132,153,NA,treylon-burks.php,NA,NA,1.7,NA,NA,NA,NA,NA,7,Treylon Burks,2026-10-02,WAS
/nfl/rankings/dynasty-wr.php,dynasty-wr,dp,Devontez Walker,26011,WR,BAL,128.67,20.68,100,148,NA,devontez-walker.php,NA,NA,0.6,NA,NA,NA,NA,NA,13,Devontez Walker,2026-10-02,BAL
/nfl/rankings/dynasty-wr.php,dynasty-wr,dp,Josh Cameron,28137,WR,JAC,133.33,8.73,124,145,NA,josh-cameron.php,NA,NA,0.7,NA,NA,NA,NA,NA,7,Josh Cameron,2026-10-02,JAC
/nfl/rankings/dynasty-wr.php,dynasty-wr,dp,Eric Rivers Jr.,28128,WR,TB,135.67,8.81,128,148,NA,eric-rivers.php,NA,NA,1,NA,NA,NA,NA,NA,10,Eric Rivers,2026-10-02,TBB
/nfl/rankings/dynasty-wr.php,dynasty-wr,dp,Jeff Caldwell,28425,WR,KC,137.33,8.99,130,150,NA,jeff-caldwell.php,NA,NA,2.1,NA,NA,NA,NA,NA,5,Jeff Caldwell,2026-10-02,KCC
/nfl/rankings/dynasty-wr.php,dynasty-wr,dp,Tyren Montgomery,28423,WR,TEN,139.67,8.81,132,152,NA,tyren-montgomery.php,NA,NA,0,NA,NA,NA,NA,NA,9,Tyren Montgomery,2026-10-02,TEN
/nfl/rankings/dynasty-wr.php,dynasty-wr,dp,Dyami Brown,20113,WR,WAS,146,9.9,139,160,NA,dyami-brown.php,NA,NA,0.6,NA,NA,NA,NA,NA,7,Dyami Brown,2026-10-02,WAS
/nfl/rankings/dynasty-wr.php,dynasty-wr,dp,DeAndre Hopkins,11606,WR,BAL,146.67,11.12,136,162,NA,deandre-hopkins.php,NA,NA,1,NA,NA,NA,NA,NA,13,DeAndre Hopkins,2026-10-02,BAL
/nfl/rankings/dynasty-wr.php,dynasty-wr,dp,Roman Wilson,28896,WR,PIT,147,52.12,92,217,NA,roman-wilson-wr.php,NA,NA,3.8,NA,NA,NA,NA,NA,9,Roman Wilson,2026-10-02,PIT
/nfl/rankings/dynasty-wr.php,dynasty-wr,dp,Reggie Virgil,28141,WR,ARI,154,12.57,141,171,NA,reggie-virgil.php,NA,NA,1.2,NA,NA,NA,NA,NA,14,Reggie Virgil,2026-10-02,ARI
/nfl/rankings/dynasty-wr.php,dynasty-wr,dp,KaVontae Turpin,18520,WR,DAL,155.33,4.92,149,161,NA,kavontae-turpin.php,NA,NA,2.7,NA,NA,NA,NA,NA,14,KaVontae Turpin,2026-10-02,DAL
/nfl/rankings/dynasty-wr.php,dynasty-wr,dp,Dohnte Meyers,28178,WR,CIN,158.33,43.61,115,218,NA,dohnte-meyers.php,NA,NA,1.5,NA,NA,NA,NA,NA,6,Dohnte Meyers,2026-10-02,CIN
/nfl/rankings/dynasty-wr.php,dynasty-wr,dp,Greg Dortch,18585,WR,BUF,158.33,8.65,147,168,NA,greg-dortch.php,NA,NA,0.6,NA,NA,NA,NA,NA,7,Greg Dortch,2026-10-02,BUF
/nfl/rankings/dynasty-wr.php,dynasty-wr,dp,Jimmy Horn Jr.,27294,WR,CLE,159.67,11.61,150,176,NA,jimmy-horn-jr.php,NA,NA,0.7,NA,NA,NA,NA,NA,11,Jimmy Horn,2026-10-02,CLE
/nfl/rankings/dynasty-wr.php,dynasty-wr,dp,J. Michael Sturdivant,26139,WR,GB,134.5,11.5,123,146,NA,jmichael-sturdivant.php,NA,NA,0,NA,NA,NA,NA,NA,11,J Michael Sturdivant,2026-10-02,GBP
/nfl/rankings/dynasty-wr.php,dynasty-wr,dp,Kendrick Law,26044,WR,DET,138,11,127,149,NA,kendrick-law.php,NA,NA,1.5,NA,NA,NA,NA,NA,6,Kendrick Law,2026-10-02,DET
/nfl/rankings/dynasty-wr.php,dynasty-wr,dp,Chase Roberts,28131,WR,FA,143,10,133,153,NA,chase-roberts.php,NA,NA,0,NA,NA,NA,NA,NA,NA,Chase Roberts,2026-10-02,FA
/nfl/rankings/dynasty-wr.php,dynasty-wr,dp,Demarcus Robinson,15665,WR,SF,150.5,3.5,147,154,NA,demarcus-robinson.php,NA,NA,1.3,NA,NA,NA,NA,NA,8,Demarcus Robinson,2026-10-02,SFO
/nfl/rankings/dynasty-wr.php,dynasty-wr,dp,Efton Chism III,27445,WR,NE,152,12,140,164,NA,efton-chismi.php,NA,NA,0.6,NA,NA,NA,NA,NA,11,Efton Chism,2026-10-02,NEP
/nfl/rankings/dynasty-wr.php,dynasty-wr,dp,Nick Westbrook-Ikhine,19747,WR,IND,154.5,10.5,144,165,NA,nick-westbrook.php,NA,NA,1,NA,NA,NA,NA,NA,13,Nick Westbrook-Ikhine,2026-10-02,IND
/nfl/rankings/dynasty-wr.php,dynasty-wr,dp,Elijah Moore,20114,WR,PHI,157.5,0.5,157,158,NA,elijah-moore.php,NA,NA,1.1,NA,NA,NA,NA,NA,10,Elijah Moore,2026-10-02,PHI
/nfl/rankings/dynasty-wr.php,dynasty-wr,dp,Kalif Raymond,16081,WR,CHI,158.5,0.5,158,159,NA,kalif-raymond.php,NA,NA,42.3,NA,NA,NA,NA,NA,10,Kalif Raymond,2026-10-02,CHI
/nfl/rankings/dynasty-wr.php,dynasty-wr,dp,Kaden Wetjen,28435,WR,PIT,161.5,10.5,151,172,NA,kaden-wetjen.php,NA,NA,0.7,NA,NA,NA,NA,NA,9,Kaden Wetjen,2026-10-02,PIT
/nfl/rankings/dynasty-wr.php,dynasty-wr,dp,Eric McAlister,28134,WR,FA,165,9,156,174,NA,eric-mcalister.php,NA,NA,4,NA,NA,NA,NA,NA,NA,Eric McAlister,2026-10-02,FA
/nfl/rankings/dynasty-wr.php,dynasty-wr,dp,Brandin Cooks,12122,WR,SF,171.5,16.5,155,188,NA,brandin-cooks.php,NA,NA,0.8,NA,NA,NA,NA,NA,8,Brandin Cooks,2026-10-02,SFO
/nfl/rankings/dynasty-wr.php,dynasty-wr,dp,Jake Bobo,25339,WR,SEA,173,24,149,197,NA,jake-bobo.php,NA,NA,0.6,NA,NA,NA,NA,NA,11,Jake Bobo,2026-10-02,SEA
/nfl/rankings/dynasty-wr.php,dynasty-wr,dp,Xavier Restrepo,27066,WR,TEN,175.5,8.5,167,184,NA,xavier-restrepo.php,NA,NA,1.1,NA,NA,NA,NA,NA,9,Xavier Restrepo,2026-10-02,TEN
/nfl/rankings/dynasty-wr.php,dynasty-wr,dp,Malachi Corley,26023,WR,CLE,176,19,157,195,NA,malachi-corley.php,NA,NA,1,NA,NA,NA,NA,NA,11,Malachi Corley,2026-10-02,CLE
/nfl/rankings/dynasty-wr.php,dynasty-wr,dp,Ashton Dulin,18656,WR,IND,177,8,169,185,NA,ashton-dulin.php,NA,NA,0.7,NA,NA,NA,NA,NA,13,Ashton Dulin,2026-10-02,IND
/nfl/rankings/dynasty-wr.php,dynasty-wr,dp,Van Jefferson,19483,WR,WAS,177,6,171,183,NA,van-jefferson.php,NA,NA,1.5,NA,NA,NA,NA,NA,7,Van Jefferson,2026-10-02,WAS
/nfl/rankings/dynasty-wr.php,dynasty-wr,dp,Tyler Lockett,13971,WR,LV,177.5,8.5,169,186,NA,tyler-lockett.php,NA,NA,1,NA,NA,NA,NA,NA,13,Tyler Lockett,2026-10-02,LVR
/nfl/rankings/dynasty-wr.php,dynasty-wr,dp,Isaiah Hodgins,19375,WR,PIT,177.5,4.5,173,182,NA,isaiah-hodgins.php,NA,NA,0,NA,NA,NA,NA,NA,9,Isaiah Hodgins,2026-10-02,PIT
/nfl/rankings/dynasty-wr.php,dynasty-wr,dp,Jacob Cowing,25289,WR,SF,178,3,175,181,NA,jacob-cowing.php,NA,NA,0.6,NA,NA,NA,NA,NA,8,Jacob Cowing,2026-10-02,SFO
/nfl/rankings/dynasty-wr.php,dynasty-wr,dp,Jalin Hyatt,25251,WR,NYG,178,0,178,178,NA,jalin-hyatt.php,NA,NA,2.7,NA,NA,NA,NA,NA,8,Jalin Hyatt,2026-10-02,NYG
/nfl/rankings/dynasty-wr.php,dynasty-wr,dp,Bo Melton,24049,WR,GB,178.5,1.5,177,180,NA,bo-melton.php,NA,NA,0.6,NA,NA,NA,NA,NA,11,Bo Melton,2026-10-02,GBP
/nfl/rankings/dynasty-wr.php,dynasty-wr,dp,Marquez Valdes-Scantling,17528,WR,LAC,179.5,28.5,151,208,NA,marquez-valdesscantling.php,NA,NA,1.3,NA,NA,NA,NA,NA,7,Marquez Valdes-Scantling,2026-10-02,LAC
/nfl/rankings/dynasty-wr.php,dynasty-wr,dp,Noah Brown,16443,WR,FA,181,18,163,199,NA,noah-brown.php,NA,NA,1.3,NA,NA,NA,NA,NA,NA,Noah Brown,2026-10-02,FA
/nfl/rankings/dynasty-wr.php,dynasty-wr,dp,Josh Reynolds,16439,WR,FA,182.5,17.5,165,200,NA,josh-reynolds.php,NA,NA,2.1,NA,NA,NA,NA,NA,NA,Josh Reynolds,2026-10-02,FA
/nfl/rankings/dynasty-wr.php,dynasty-wr,dp,Sterling Shepard,15569,WR,NYJ,183,19,164,202,NA,sterling-shepard.php,NA,NA,1.8,NA,NA,NA,NA,NA,13,Sterling Shepard,2026-10-02,NYJ
/nfl/rankings/dynasty-wr.php,dynasty-wr,dp,JuJu Smith-Schuster,16427,WR,FA,183.5,17.5,166,201,NA,juju-smith-schuster.php,NA,NA,2,NA,NA,NA,NA,NA,NA,JuJu Smith-Schuster,2026-10-02,FA
/nfl/rankings/dynasty-wr.php,dynasty-wr,dp,Curtis Samuel,16434,WR,FA,185,6,179,191,NA,curtis-samuel.php,NA,NA,2,NA,NA,NA,NA,NA,NA,Curtis Samuel,2026-10-02,FA
/nfl/rankings/dynasty-wr.php,dynasty-wr,dp,Arian Smith,22965,WR,NYJ,188.5,20.5,168,209,NA,arian-smith.php,NA,NA,1.2,NA,NA,NA,NA,NA,13,Arian Smith,2026-10-02,NYJ
/nfl/rankings/dynasty-wr.php,dynasty-wr,dp,Tim Patrick,16556,WR,NYJ,190,20,170,210,NA,tim-patrick.php,NA,NA,1.8,NA,NA,NA,NA,NA,13,Tim Patrick,2026-10-02,NYJ
/nfl/rankings/dynasty-wr.php,dynasty-wr,dp,Diontae Johnson,18615,WR,FA,191,4,187,195,NA,diontae-johnson.php,NA,NA,1,NA,NA,NA,NA,NA,NA,Diontae Johnson,2026-10-02,FA
/nfl/rankings/dynasty-wr.php,dynasty-wr,dp,Jermaine Burton,22956,WR,FA,191.5,2.5,189,194,NA,jermaine-burton.php,NA,NA,1.1,NA,NA,NA,NA,NA,NA,Jermaine Burton,2026-10-02,FA
/nfl/rankings/dynasty-wr.php,dynasty-wr,dp,Javon Baker,22885,WR,FA,193,3,190,196,NA,javon-baker.php,NA,NA,1,NA,NA,NA,NA,NA,NA,Javon Baker,2026-10-02,FA
/nfl/rankings/dynasty-wr.php,dynasty-wr,dp,Zay Jones,16431,WR,FA,196.5,15.5,181,212,NA,zay-jones.php,NA,NA,1,NA,NA,NA,NA,NA,NA,Zay Jones,2026-10-02,FA
/nfl/rankings/dynasty-wr.php,dynasty-wr,dp,Dominic Lovett,26013,WR,DET,208,32,176,240,NA,dominic-lovett.php,NA,NA,1,NA,NA,NA,NA,NA,6,Dominic Lovett,2026-10-02,DET
/nfl/rankings/dynasty-wr.php,dynasty-wr,dp,Johnny Wilson,25295,WR,PHI,204,27,177,231,NA,johnny-wilson.php,NA,NA,1.1,NA,NA,NA,NA,NA,10,Johnny Wilson,2026-10-02,PHI
/nfl/rankings/dynasty-wr.php,dynasty-wr,dp,Ainias Smith,23142,WR,FA,207.5,28.5,179,236,NA,ainias-smith.php,NA,NA,1,NA,NA,NA,NA,NA,NA,Ainias Smith,2026-10-02,FA
/nfl/rankings/dynasty-wr.php,dynasty-wr,dp,Tylan Wallace,19801,WR,CLE,213,31,182,244,NA,tylan-wallace.php,NA,NA,1,NA,NA,NA,NA,NA,11,Tylan Wallace,2026-10-02,CLE
/nfl/rankings/dynasty-wr.php,dynasty-wr,dp,Jonathan Mingo,23030,WR,DAL,201,13,188,214,NA,jonathan-mingo.php,NA,NA,0.6,NA,NA,NA,NA,NA,14,Jonathan Mingo,2026-10-02,DAL
/nfl/rankings/dynasty-wr.php,dynasty-wr,dp,Derius Davis,25334,WR,LAC,214.5,30.5,184,245,NA,derius-davis.php,NA,NA,1,NA,NA,NA,NA,NA,7,Derius Davis,2026-10-02,LAC
/nfl/rankings/dynasty-wr.php,dynasty-wr,dp,David Moore,16757,WR,CAR,202,16,186,218,NA,david-moore.php,NA,NA,1.4,NA,NA,NA,NA,NA,5,David Moore,2026-10-02,CAR
/nfl/rankings/dynasty-wr.php,dynasty-wr,dp,Jamari Thrash,26162,WR,FA,202.5,4.5,198,207,NA,jamari-thrash.php,NA,NA,1.1,NA,NA,NA,NA,NA,NA,Jamari Thrash,2026-10-02,FA
/nfl/rankings/dynasty-wr.php,dynasty-wr,dp,Skyy Moore,23905,WR,GB,210.5,23.5,187,234,NA,skyy-moore.php,NA,NA,1.4,NA,NA,NA,NA,NA,11,Skyy Moore,2026-10-02,GBP
/nfl/rankings/dynasty-wr.php,dynasty-wr,dp,Charlie Jones,25336,WR,NYG,213.5,24.5,189,238,NA,charlie-jones.php,NA,NA,1.2,NA,NA,NA,NA,NA,8,Charlie Jones,2026-10-02,NYG
/nfl/rankings/dynasty-wr.php,dynasty-wr,dp,Allen Lazard,17301,WR,FA,205.5,13.5,192,219,NA,allen-lazard.php,NA,NA,1,NA,NA,NA,NA,NA,NA,Allen Lazard,2026-10-02,FA
/nfl/rankings/dynasty-wr.php,dynasty-wr,dp,Ray-Ray McCloud III,17530,WR,FA,208.5,15.5,193,224,NA,ray-ray-mccloud.php,NA,NA,1,NA,NA,NA,NA,NA,NA,Ray-Ray McCloud,2026-10-02,FA
/nfl/rankings/dynasty-wr.php,dynasty-wr,dp,Hunter Renfrow,18345,WR,FA,218.5,22.5,196,241,NA,hunter-renfrow.php,NA,NA,1.5,NA,NA,NA,NA,NA,NA,Hunter Renfrow,2026-10-02,FA
/nfl/rankings/dynasty-wr.php,dynasty-wr,dp,Tyler Johnson,18633,WR,NYJ,208,7,201,215,NA,tyler-johnson.php,NA,NA,1.1,NA,NA,NA,NA,NA,13,Tyler Johnson,2026-10-02,NYJ
/nfl/rankings/dynasty-wr.php,dynasty-wr,dp,Braxton Berrios,17289,WR,NYG,222.5,25.5,197,248,NA,braxton-berrios.php,NA,NA,0.6,NA,NA,NA,NA,NA,8,Braxton Berrios,2026-10-02,NYG
/nfl/rankings/dynasty-wr.php,dynasty-wr,dp,Velus Jones Jr.,24214,WR,SEA,226,27,199,253,NA,velus-jonesjr.php,NA,NA,1.6,NA,NA,NA,NA,NA,11,Velus Jones,2026-10-02,SEA
/nfl/rankings/dynasty-wr.php,dynasty-wr,dp,Justin Watson,17603,WR,FA,218.5,18.5,200,237,NA,justin-watson.php,NA,NA,1.8,NA,NA,NA,NA,NA,NA,Justin Watson,2026-10-02,FA
/nfl/rankings/dynasty-wr.php,dynasty-wr,dp,Tyler Scott,25442,WR,LV,210.5,6.5,204,217,NA,tyler-scott-wr.php,NA,NA,1.5,NA,NA,NA,NA,NA,13,Tyler Scott,2026-10-02,LVR
/nfl/rankings/dynasty-wr.php,dynasty-wr,dp,Cedrick Wilson Jr.,17262,WR,FA,211,9,202,220,NA,cedrick-wilson.php,NA,NA,1.1,NA,NA,NA,NA,NA,NA,Cedrick Wilson,2026-10-02,FA
/nfl/rankings/dynasty-wr.php,dynasty-wr,dp,K.J. Osborn,19708,WR,TEN,222.5,19.5,203,242,NA,kj-osborn.php,NA,NA,2.6,NA,NA,NA,NA,NA,9,KJ Osborn,2026-10-02,TEN
/nfl/rankings/dynasty-wr.php,dynasty-wr,dp,Xavier Gipson,25758,WR,PHI,229.5,24.5,205,254,NA,xavier-gipson.php,NA,NA,1.1,NA,NA,NA,NA,NA,10,Xavier Gipson,2026-10-02,PHI
/nfl/rankings/dynasty-wr.php,dynasty-wr,dp,Tahj Washington,26397,WR,FA,226,20,206,246,NA,tahj-washington.php,NA,NA,1,NA,NA,NA,NA,NA,NA,Tahj Washington,2026-10-02,FA
/nfl/rankings/dynasty-wr.php,dynasty-wr,dp,Devin Duvernay,19270,WR,ARI,231,24,207,255,NA,devin-duvernay.php,NA,NA,0.6,NA,NA,NA,NA,NA,14,Devin Duvernay,2026-10-02,ARI
/nfl/rankings/dynasty-wr.php,dynasty-wr,dp,Jason Brownlee,25754,WR,FA,232.5,24.5,208,257,NA,jason-brownlee.php,NA,NA,0,NA,NA,NA,NA,NA,NA,Jason Brownlee,2026-10-02,FA
/nfl/rankings/dynasty-wr.php,dynasty-wr,dp,Ben Skowronek,22843,WR,PIT,218,9,209,227,NA,ben-skowronek.php,NA,NA,0.1,NA,NA,NA,NA,NA,9,Ben Skowronek,2026-10-02,PIT
/nfl/rankings/dynasty-wr.php,dynasty-wr,dp,Bub Means,26354,WR,CLE,224.5,14.5,210,239,NA,bub-means.php,NA,NA,1,NA,NA,NA,NA,NA,11,Bub Means,2026-10-02,CLE
/nfl/rankings/dynasty-wr.php,dynasty-wr,dp,Scotty Miller,18714,WR,FA,218.5,7.5,211,226,NA,scott-miller.php,NA,NA,0,NA,NA,NA,NA,NA,NA,Scott Miller,2026-10-02,FA
/nfl/rankings/dynasty-wr.php,dynasty-wr,dp,Mecole Hardman Jr.,18587,WR,FA,232,20,212,252,NA,mecole-hardman.php,NA,NA,1.1,NA,NA,NA,NA,NA,NA,Mecole Hardman,2026-10-02,FA
/nfl/rankings/dynasty-wr.php,dynasty-wr,dp,Tejhaun Palmer,26411,WR,FA,238,25,213,263,NA,tejhaun-palmer.php,NA,NA,0,NA,NA,NA,NA,NA,NA,Tejhaun Palmer,2026-10-02,FA
/nfl/rankings/dynasty-wr.php,dynasty-wr,dp,Danny Gray,24178,WR,FA,239.5,25.5,214,265,NA,danny-gray.php,NA,NA,0,NA,NA,NA,NA,NA,NA,Danny Gray,2026-10-02,FA
/nfl/rankings/dynasty-wr.php,dynasty-wr,dp,Quez Watkins,19715,WR,FA,232,17,215,249,NA,quez-watkins.php,NA,NA,0,NA,NA,NA,NA,NA,NA,Quez Watkins,2026-10-02,FA
/nfl/rankings/ros-db.php,redraft-db,rp,Kyle Hamilton,23494,DB,BAL,1.33,0.47,1,2,NA,kyle-hamilton.php,NA,NA,75.2,NA,NA,NA,NA,NA,13,Kyle Hamilton,2026-10-02,BAL
/nfl/rankings/ros-db.php,redraft-db,rp,Derwin James Jr.,17310,DB,LAC,2.67,0.94,2,4,NA,derwin-james.php,NA,NA,47.5,NA,NA,NA,NA,NA,7,Derwin James,2026-10-02,LAC
/nfl/rankings/ros-db.php,redraft-db,rp,Quentin Lake,24302,DB,LAR,4.67,2.87,1,8,NA,quentin-lake.php,NA,NA,25.3,NA,NA,NA,NA,1,11,Quentin Lake,2026-10-02,LAR
/nfl/rankings/ros-db.php,redraft-db,rp,Nick Emmanwori,27053,DB,SEA,5,1.41,4,7,NA,nick-emmanwori.php,NA,NA,34.1,NA,NA,NA,NA,-1,11,Nick Emmanwori,2026-10-02,SEA
/nfl/rankings/ros-db.php,redraft-db,rp,Tykee Smith,23751,DB,TB,7,3.74,3,12,NA,tykee-smith.php,NA,NA,35.5,NA,NA,NA,NA,NA,10,Tykee Smith,2026-10-02,TBB
/nfl/rankings/ros-db.php,redraft-db,rp,Jeremy Chinn,19429,DB,LV,7.67,1.7,6,10,NA,jeremy-chinn.php,NA,NA,26.9,NA,NA,NA,NA,NA,13,Jeremy Chinn,2026-10-02,LVR
/nfl/rankings/ros-db.php,redraft-db,rp,Nick Cross,24198,DB,WAS,9,4.9,3,15,NA,nick-cross.php,NA,NA,32.5,NA,NA,NA,NA,NA,7,Nick Cross,2026-10-02,WAS
/nfl/rankings/ros-db.php,redraft-db,rp,Talanoa Hufanga,22817,DB,DEN,9.33,3.3,5,13,NA,talanoa-hufanga.php,NA,NA,34.4,NA,NA,NA,NA,5,10,Talanoa Hufanga,2026-10-02,DEN
/nfl/rankings/ros-db.php,redraft-db,rp,Budda Baker,16733,DB,ARI,11.67,10.87,3,27,NA,budda-baker.php,NA,NA,42.7,NA,NA,NA,NA,NA,14,Budda Baker,2026-10-02,ARI
/nfl/rankings/ros-db.php,redraft-db,rp,Kam Curl,19459,DB,LAR,12,7.12,6,22,NA,kamren-curl.php,NA,NA,29.7,NA,NA,NA,NA,-3,11,Kam Curl,2026-10-02,LAR
/nfl/rankings/ros-db.php,redraft-db,rp,Jordan Battle,23471,DB,CIN,12,2.45,9,15,NA,jordan-battle.php,NA,NA,20,NA,NA,NA,NA,NA,6,Jordan Battle,2026-10-02,CIN
/nfl/rankings/ros-db.php,redraft-db,rp,Antoine Winfield Jr.,19266,DB,TB,14,2.94,10,17,NA,antoine-winfield-s.php,NA,NA,19.1,NA,NA,NA,NA,NA,10,Antoine Winfield,2026-10-02,TBB
/nfl/rankings/ros-db.php,redraft-db,rp,Jessie Bates III,17544,DB,ATL,14,1.41,13,16,NA,jessie-bates-iii.php,NA,NA,12,NA,NA,NA,NA,NA,11,Jessie Bates,2026-10-02,ATL
/nfl/rankings/ros-db.php,redraft-db,rp,Tre'von Moehrig,22699,DB,CAR,15.67,6.6,11,25,NA,trevon-moehrig.php,NA,NA,17.6,NA,NA,NA,NA,NA,5,Trevon Moehrig,2026-10-02,CAR
/nfl/rankings/ros-db.php,redraft-db,rp,Dillon Thieneman,27967,DB,CHI,17,7.48,7,25,NA,dillon-thieneman.php,NA,NA,35.4,NA,NA,NA,NA,3,10,Dillon Thieneman,2026-10-02,CHI
/nfl/rankings/ros-db.php,redraft-db,rp,Kevin Winston Jr.,27035,DB,TEN,17.67,5.19,14,25,NA,kevin-winston-jr.php,NA,NA,7.1,NA,NA,NA,NA,NA,9,Kevin Winston,2026-10-02,TEN
/nfl/rankings/ros-db.php,redraft-db,rp,Xavier Watts,27067,DB,ATL,18,0.82,17,19,NA,xavier-watts.php,NA,NA,19.3,NA,NA,NA,NA,4,11,Xavier Watts,2026-10-02,ATL
/nfl/rankings/ros-db.php,redraft-db,rp,Jalen Pitre,23721,DB,HOU,19.33,2.87,16,23,NA,jalen-pitre.php,NA,NA,14,NA,NA,NA,NA,-3,8,Jalen Pitre,2026-10-02,HOU
/nfl/rankings/ros-db.php,redraft-db,rp,Julian Love,18243,DB,SEA,20.33,2.87,17,24,NA,julian-love.php,NA,NA,23.1,NA,NA,NA,NA,NA,11,Julian Love,2026-10-02,SEA
/nfl/rankings/ros-db.php,redraft-db,rp,Chamarri Conner,25509,DB,KC,21.33,1.89,20,24,NA,chamarri-conner.php,NA,NA,23.8,NA,NA,NA,NA,-4,5,Chamarri Conner,2026-10-02,KCC
/nfl/rankings/ros-db.php,redraft-db,rp,Kevin Byard III,15635,DB,NE,21.67,8.18,14,33,NA,kevin-byard.php,NA,NA,19,NA,NA,NA,NA,NA,11,Kevin Byard,2026-10-02,NEP
/nfl/rankings/ros-db.php,redraft-db,rp,Xavier McKinney,19216,DB,GB,22.33,5.31,16,29,NA,xavier-mckinney.php,NA,NA,20,NA,NA,NA,NA,3,11,Xavier McKinney,2026-10-02,GBP
/nfl/rankings/ros-db.php,redraft-db,rp,Caleb Downs,27950,DB,DAL,24,13.14,9,41,NA,caleb-downs.php,NA,NA,52.4,NA,NA,NA,NA,NA,14,Caleb Downs,2026-10-02,DAL
/nfl/rankings/ros-db.php,redraft-db,rp,Cooper DeJean,26103,DB,PHI,26.67,6.65,21,36,NA,cooper-dejean.php,NA,NA,36.7,NA,NA,NA,NA,NA,10,Cooper DeJean,2026-10-02,PHI
/nfl/rankings/ros-db.php,redraft-db,rp,Brian Branch,25235,DB,DET,27,12.33,11,41,NA,brian-branch.php,NA,NA,18.5,NA,NA,NA,NA,6,6,Brian Branch,2026-10-02,DET
/nfl/rankings/ros-db.php,redraft-db,rp,Evan Williams,26131,DB,GB,27.67,4.78,21,32,NA,evan-williams.php,NA,NA,13,NA,NA,NA,NA,8,11,Evan Williams,2026-10-02,GBP
/nfl/rankings/ros-db.php,redraft-db,rp,Kamari Lassiter,26118,DB,HOU,28.33,11.56,12,37,NA,kamari-lassiter.php,NA,NA,23.2,NA,NA,NA,NA,NA,8,Kamari Lassiter,2026-10-02,HOU
/nfl/rankings/ros-db.php,redraft-db,rp,Minkah Fitzpatrick,17278,DB,NYJ,29,4.9,23,35,NA,minkah-fitzpatrick.php,NA,NA,4.9,NA,NA,NA,NA,NA,13,Minkah Fitzpatrick,2026-10-02,NYJ
/nfl/rankings/ros-db.php,redraft-db,rp,Jaquan Brisker,23719,DB,PIT,29.67,2.36,28,33,NA,jaquan-brisker.php,NA,NA,12.9,NA,NA,NA,NA,-5,9,Jaquan Brisker,2026-10-02,PIT
/nfl/rankings/ros-db.php,redraft-db,rp,Joshua Metellus,19580,DB,MIN,30.67,6.6,26,40,NA,josh-metellus.php,NA,NA,9.7,NA,NA,NA,NA,NA,6,Joshua Metellus,2026-10-02,MIN
/nfl/rankings/ros-db.php,redraft-db,rp,Devon Witherspoon,25243,DB,SEA,31.33,1.89,30,34,NA,devon-witherspoon.php,NA,NA,21.4,NA,NA,NA,NA,NA,11,Devon Witherspoon,2026-10-02,SEA
/nfl/rankings/ros-db.php,redraft-db,rp,Brandon Jones,19248,DB,DEN,33,8.49,27,45,NA,brandon-jones-s.php,NA,NA,6.3,NA,NA,NA,NA,NA,10,Brandon Jones,2026-10-02,DEN
/nfl/rankings/ros-db.php,redraft-db,rp,Amani Hooker,18589,DB,TEN,33.33,18.57,8,52,NA,amani-hooker.php,NA,NA,8.3,NA,NA,NA,NA,-7,9,Amani Hooker,2026-10-02,TEN
/nfl/rankings/ros-db.php,redraft-db,rp,Cole Bishop,26229,DB,BUF,35.33,1.25,34,37,NA,cole-bishop.php,NA,NA,15.6,NA,NA,NA,NA,NA,7,Cole Bishop,2026-10-02,BUF
/nfl/rankings/ros-db.php,redraft-db,rp,Grant Delpit,19203,DB,CLE,39.67,2.62,36,42,NA,grant-delpit.php,NA,NA,5,NA,NA,NA,NA,4,11,Grant Delpit,2026-10-02,CLE
/nfl/rankings/ros-db.php,redraft-db,rp,Alontae Taylor,23747,DB,TEN,40,13.59,21,52,NA,alontae-taylor.php,NA,NA,8.7,NA,NA,NA,NA,5,9,Alontae Taylor,2026-10-02,TEN
/nfl/rankings/ros-db.php,redraft-db,rp,Cam Bynum,22757,DB,IND,40,6.48,34,49,NA,camryn-bynum.php,NA,NA,6,NA,NA,NA,NA,NA,13,Cam Bynum,2026-10-02,IND
/nfl/rankings/ros-db.php,redraft-db,rp,C.J. Gardner-Johnson,18649,DB,BUF,41.33,7.32,31,47,NA,chauncey-gardner-johnson.php,NA,NA,2.6,NA,NA,NA,NA,-8,7,CJ Gardner-Johnson,2026-10-02,BUF
/nfl/rankings/ros-db.php,redraft-db,rp,Tyler Nubin,26117,DB,NYG,41.33,1.7,39,43,NA,tyler-nubin.php,NA,NA,3,NA,NA,NA,NA,NA,8,Tyler Nubin,2026-10-02,NYG
/nfl/rankings/ros-db.php,redraft-db,rp,Andrew Wingard,18576,DB,ARI,43.67,6.65,38,53,NA,andrew-wingard.php,NA,NA,4.4,NA,NA,NA,NA,NA,14,Andrew Wingard,2026-10-02,ARI
/nfl/rankings/ros-db.php,redraft-db,rp,Riley Moss,25459,DB,DEN,45.33,12.36,28,56,NA,riley-moss.php,NA,NA,3.3,NA,NA,NA,NA,NA,10,Riley Moss,2026-10-02,DEN
/nfl/rankings/ros-db.php,redraft-db,rp,DeShon Elliott,17344,DB,PIT,45.67,11.03,32,59,NA,deshon-elliott.php,NA,NA,4.9,NA,NA,NA,NA,NA,9,DeShon Elliott,2026-10-02,PIT
/nfl/rankings/ros-db.php,redraft-db,rp,Jalen Thompson,19108,DB,DAL,46.33,25.49,24,82,NA,jalen-thompson.php,NA,NA,7.5,NA,NA,NA,NA,-10,14,Jalen Thompson,2026-10-02,DAL
/nfl/rankings/ros-db.php,redraft-db,rp,AJ Haulcy,28069,DB,IND,47.67,21.01,18,64,NA,aj-haulcy.php,NA,NA,8.9,NA,NA,NA,NA,NA,13,AJ Haulcy,2026-10-02,IND
/nfl/rankings/ros-db.php,redraft-db,rp,Antonio Johnson,24719,DB,JAC,48.33,5.31,42,55,NA,antonio-johnson-cb.php,NA,NA,1.6,NA,NA,NA,NA,NA,7,Antonio Johnson,2026-10-02,JAC
/nfl/rankings/ros-db.php,redraft-db,rp,Reed Blankenship,22754,DB,HOU,48.67,4.11,44,54,NA,reed-blankenship.php,NA,NA,5.1,NA,NA,NA,NA,17,8,Reed Blankenship,2026-10-02,HOU
/nfl/rankings/ros-db.php,redraft-db,rp,Kamren Kinchens,26109,DB,LAR,48.67,3.68,44,53,NA,kamren-kinchens.php,NA,NA,1.3,NA,NA,NA,NA,NA,11,Kamren Kinchens,2026-10-02,LAR
/nfl/rankings/ros-db.php,redraft-db,rp,Malaki Starks,27017,DB,BAL,49.33,16.82,26,65,NA,malaki-starks.php,NA,NA,27.5,NA,NA,NA,NA,NA,13,Malaki Starks,2026-10-02,BAL
/nfl/rankings/ros-db.php,redraft-db,rp,Marlon Humphrey,16390,DB,BAL,49.33,4.11,44,54,NA,marlon-humphrey.php,NA,NA,5.9,NA,NA,NA,NA,NA,13,Marlon Humphrey,2026-10-02,BAL
/nfl/rankings/ros-db.php,redraft-db,rp,Craig Woodson,27242,DB,NE,49.67,7.41,43,60,NA,craig-woodson.php,NA,NA,2.3,NA,NA,NA,NA,NA,11,Craig Woodson,2026-10-02,NEP
/nfl/rankings/ros-db.php,redraft-db,rp,Dax Hill,24197,DB,CIN,50,5.35,43,56,NA,daxton-hill.php,NA,NA,10.8,NA,NA,NA,NA,NA,6,Daxton Hill,2026-10-02,CIN
/nfl/rankings/ros-db.php,redraft-db,rp,Jalen Ramsey,15491,DB,PIT,51.67,2.62,48,54,NA,jalen-ramsey.php,NA,NA,4.2,NA,NA,NA,NA,-5,9,Jalen Ramsey,2026-10-02,PIT
/nfl/rankings/ros-db.php,redraft-db,rp,Byron Murphy Jr.,18220,DB,MIN,53,5.72,45,58,NA,byron-murphy.php,NA,NA,6.3,NA,NA,NA,NA,NA,6,Byron Murphy,2026-10-02,MIN
/nfl/rankings/ros-db.php,redraft-db,rp,Paulson Adebo,19237,DB,NYG,35,4,31,39,NA,paulson-adebo.php,NA,NA,3.6,NA,NA,NA,NA,24,8,Paulson Adebo,2026-10-02,NYG
/nfl/rankings/ros-db.php,redraft-db,rp,Ji'Ayir Brown,25258,DB,SF,57,4.55,51,62,NA,jiayir-brown.php,NA,NA,1.4,NA,NA,NA,NA,NA,8,JiAyir Brown,2026-10-02,SFO
/nfl/rankings/ros-db.php,redraft-db,rp,Jonas Sanker,27210,DB,NO,57.33,18.7,39,83,NA,jonas-sanker.php,NA,NA,5.2,NA,NA,NA,NA,NA,8,Jonas Sanker,2026-10-02,NOS
/nfl/rankings/ros-db.php,redraft-db,rp,Justin Reid,17320,DB,NO,58,2.45,55,61,NA,justin-reid.php,NA,NA,2.2,NA,NA,NA,NA,NA,8,Justin Reid,2026-10-02,NOS
/nfl/rankings/ros-db.php,redraft-db,rp,Trent McDuffie,23492,DB,LAR,62.67,7.59,55,73,NA,trent-mcduffie.php,NA,NA,14.4,NA,NA,NA,NA,NA,11,Trent McDuffie,2026-10-02,LAR
/nfl/rankings/ros-db.php,redraft-db,rp,Jevon Holland,22690,DB,NYG,63.33,4.19,59,69,NA,jevon-holland.php,NA,NA,12.2,NA,NA,NA,NA,NA,8,Jevon Holland,2026-10-02,NYG
/nfl/rankings/ros-db.php,redraft-db,rp,DaRon Bland,24551,DB,DAL,63.67,9.67,50,71,NA,daron-bland.php,NA,NA,8,NA,NA,NA,NA,7,14,DaRon Bland,2026-10-02,DAL
/nfl/rankings/ros-db.php,redraft-db,rp,Nick Scott,18476,DB,CAR,66.67,7.76,57,76,NA,nick-scott.php,NA,NA,3.3,NA,NA,NA,NA,-7,5,Nick Scott,2026-10-02,CAR
/nfl/rankings/ros-db.php,redraft-db,rp,Tyson Campbell,22706,DB,CLE,67,2.94,64,71,NA,tyson-campbell.php,NA,NA,6,NA,NA,NA,NA,NA,11,Tyson Campbell,2026-10-02,CLE
/nfl/rankings/ros-db.php,redraft-db,rp,Treydan Stukes,28201,DB,LV,67.67,9.46,57,80,NA,treydan-stukes.php,NA,NA,2.1,NA,NA,NA,NA,NA,13,Treydan Stukes,2026-10-02,LVR
/nfl/rankings/ros-db.php,redraft-db,rp,Michael Taaffe,27277,DB,MIA,55,6,49,61,NA,michael-taaffe.php,NA,NA,1.2,NA,NA,NA,NA,NA,6,Michael Taaffe,2026-10-02,MIA
/nfl/rankings/ros-db.php,redraft-db,rp,Upton Stout,27246,DB,SF,70.33,21.25,45,97,NA,upton-stout.php,NA,NA,1.2,NA,NA,NA,NA,23,8,Upton Stout,2026-10-02,SFO
/nfl/rankings/ros-db.php,redraft-db,rp,Bryan Cook,23854,DB,CIN,71.33,4.19,67,77,NA,bryan-cook.php,NA,NA,1.6,NA,NA,NA,NA,NA,6,Bryan Cook,2026-10-02,CIN
/nfl/rankings/ros-db.php,redraft-db,rp,Marcus Jones,23890,DB,NE,71.67,4.78,65,76,NA,marcus-jones.php,NA,NA,23.5,NA,NA,NA,NA,13,11,Marcus Jones,2026-10-02,NEP
/nfl/rankings/ros-db.php,redraft-db,rp,Mike Sainristil,26126,DB,WAS,72,18.49,51,96,NA,mike-sainristil.php,NA,NA,2.9,NA,NA,NA,NA,NA,7,Mike Sainristil,2026-10-02,WAS
/nfl/rankings/ros-db.php,redraft-db,rp,Calen Bullock,26111,DB,HOU,72.33,10.66,60,86,NA,calen-bullock.php,NA,NA,1.6,NA,NA,NA,NA,13,8,Calen Bullock,2026-10-02,HOU
/nfl/rankings/ros-db.php,redraft-db,rp,Ty Okada,25688,DB,SEA,72.67,5.79,65,79,NA,ty-okada.php,NA,NA,1.8,NA,NA,NA,NA,NA,11,Ty Okada,2026-10-02,SEA
/nfl/rankings/ros-db.php,redraft-db,rp,Jeremy Reaves,17766,DB,WAS,73.33,6.13,66,81,NA,jeremy-reaves.php,NA,NA,3.3,NA,NA,NA,NA,NA,7,Jeremy Reaves,2026-10-02,WAS
/nfl/rankings/ros-db.php,redraft-db,rp,Dante Trader Jr.,27090,DB,MIA,60,22,38,82,NA,dante-trader.php,NA,NA,1.6,NA,NA,NA,NA,29,6,Dante Trader,2026-10-02,MIA
/nfl/rankings/ros-db.php,redraft-db,rp,Dane Belton,23914,DB,NYJ,75.67,14.52,63,96,NA,dane-belton.php,NA,NA,13.3,NA,NA,NA,NA,NA,13,Dane Belton,2026-10-02,NYJ
/nfl/rankings/ros-db.php,redraft-db,rp,Kerby Joseph,23800,DB,DET,75.67,12.12,63,92,NA,kerby-joseph.php,NA,NA,2.4,NA,NA,NA,NA,-8,6,Kerby Joseph,2026-10-02,DET
/nfl/rankings/ros-db.php,redraft-db,rp,Christian Gonzalez,25238,DB,NE,75.67,9.29,63,85,NA,christian-gonzalez.php,NA,NA,15,NA,NA,NA,NA,9,11,Christian Gonzalez,2026-10-02,NEP
/nfl/rankings/ros-db.php,redraft-db,rp,Malik Mustapha,26326,DB,SF,77,28.25,38,104,NA,malik-mustapha.php,NA,NA,7.7,NA,NA,NA,NA,21,8,Malik Mustapha,2026-10-02,SFO
/nfl/rankings/ros-db.php,redraft-db,rp,Taron Johnson,17431,DB,LV,76.67,6.6,68,84,NA,taron-johnson.php,NA,NA,2.3,NA,NA,NA,NA,NA,13,Taron Johnson,2026-10-02,LVR
/nfl/rankings/ros-db.php,redraft-db,rp,Chris Johnson,28065,DB,MIA,31,0,31,31,NA,chris-johnson-cb-2.php,NA,NA,3.5,NA,NA,NA,NA,NA,6,Chris Johnson,2026-10-02,MIA
/nfl/rankings/ros-db.php,redraft-db,rp,L'Jarius Sneed,19671,DB,KC,69.5,37.5,32,107,NA,ljarius-sneed.php,NA,NA,1.7,NA,NA,NA,NA,-24,5,LJarius Sneed,2026-10-02,KCC
/nfl/rankings/ros-db.php,redraft-db,rp,Nahshon Wright,23243,DB,NYJ,35,0,35,35,NA,nahshon-wright.php,NA,NA,0.9,NA,NA,NA,NA,NA,13,Nahshon Wright,2026-10-02,NYJ
/nfl/rankings/ros-db.php,redraft-db,rp,Alohi Gilman,19379,DB,KC,79,14.24,59,91,NA,alohi-gilman.php,NA,NA,4,NA,NA,NA,NA,NA,5,Alohi Gilman,2026-10-02,KCC
/nfl/rankings/ros-db.php,redraft-db,rp,Andrew Mukuba,27081,DB,PHI,81,8.83,72,93,NA,andrew-mukuba.php,NA,NA,5.4,NA,NA,NA,NA,9,10,Andrew Mukuba,2026-10-02,PHI
/nfl/rankings/ros-db.php,redraft-db,rp,Harrison Smith,11260,DB,MIN,72,25,47,97,NA,harrison-smith.php,NA,NA,1,NA,NA,NA,NA,NA,6,Harrison Smith,2026-10-02,MIN
/nfl/rankings/ros-db.php,redraft-db,rp,Ronnie Hickman Jr.,25796,DB,CLE,83.67,17.56,62,105,NA,ronnie-hickman.php,NA,NA,2.4,NA,NA,NA,NA,-11,11,Ronnie Hickman,2026-10-02,CLE
/nfl/rankings/ros-db.php,redraft-db,rp,Dru Phillips,26164,DB,NYG,73.5,3.5,70,77,NA,andru-phillips.php,NA,NA,1.1,NA,NA,NA,NA,17,8,Andru Phillips,2026-10-02,NYG
/nfl/rankings/ros-db.php,redraft-db,rp,Keionte Scott,28185,DB,TB,75.5,1.5,74,77,NA,keionte-scott.php,NA,NA,1.6,NA,NA,NA,NA,NA,10,Keionte Scott,2026-10-02,TBB
/nfl/rankings/ros-db.php,redraft-db,rp,Javon Bullard,26121,DB,GB,85,2.94,81,88,NA,javon-bullard.php,NA,NA,1.3,NA,NA,NA,NA,11,11,Javon Bullard,2026-10-02,GBP
/nfl/rankings/ros-db.php,redraft-db,rp,Jourdan Lewis,16632,DB,JAC,78,3,75,81,NA,jourdan-lewis.php,NA,NA,0.8,NA,NA,NA,NA,NA,7,Jourdan Lewis,2026-10-02,JAC
/nfl/rankings/ros-db.php,redraft-db,rp,Zyon McCollum,24498,DB,TB,79,6,73,85,NA,zyon-mccollum.php,NA,NA,3.9,NA,NA,NA,NA,NA,10,Zyon McCollum,2026-10-02,TBB
/nfl/rankings/ros-db.php,redraft-db,rp,Dee Alford,23703,DB,BUF,81.5,5.5,76,87,NA,dee-alford.php,NA,NA,1.1,NA,NA,NA,NA,NA,7,Dee Alford,2026-10-02,BUF
/nfl/rankings/ros-db.php,redraft-db,rp,Nate Wiggins,26100,DB,BAL,88.33,6.24,80,95,NA,nate-wiggins.php,NA,NA,7.3,NA,NA,NA,NA,NA,13,Nate Wiggins,2026-10-02,BAL
/nfl/rankings/ros-db.php,redraft-db,rp,Mike Jackson Sr.,18637,DB,CAR,64,0,64,64,NA,michael-jackson-cb.php,NA,NA,3.4,NA,NA,NA,NA,NA,5,Mike Jackson,2026-10-02,CAR
/nfl/rankings/ros-db.php,redraft-db,rp,Marques Sigle,27477,DB,SF,82.5,0.5,82,83,NA,marques-sigle.php,NA,NA,3.6,NA,NA,NA,NA,-21,8,Marques Sigle,2026-10-02,SFO
/nfl/rankings/ros-db.php,redraft-db,rp,Travis Hunter,26034,WR,JAC,67,0,67,67,NA,travis-hunter.php,NA,NA,50,NA,NA,NA,NA,NA,7,Travis Hunter,2026-10-02,JAC
/nfl/rankings/ros-db.php,redraft-db,rp,Jaylinn Hawkins,19769,DB,BAL,68,0,68,68,NA,jaylinn-hawkins.php,NA,NA,0.7,NA,NA,NA,NA,NA,13,Jaylinn Hawkins,2026-10-02,BAL
/nfl/rankings/ros-db.php,redraft-db,rp,Mansoor Delane,27047,DB,KC,85.5,5.5,80,91,NA,mansoor-delane.php,NA,NA,7.2,NA,NA,NA,NA,16,5,Mansoor Delane,2026-10-02,KCC
/nfl/rankings/ros-db.php,redraft-db,rp,Justin Walley,27313,DB,IND,86,7,79,93,NA,justin-walley.php,NA,NA,0.6,NA,NA,NA,NA,21,13,Justin Walley,2026-10-02,IND
/nfl/rankings/ros-db.php,redraft-db,rp,Keisean Nixon,18495,DB,GB,72,0,72,72,NA,keisean-nixon.php,NA,NA,6.9,NA,NA,NA,NA,NA,11,Keisean Nixon,2026-10-02,GBP
/nfl/rankings/ros-db.php,redraft-db,rp,Genesis Smith,28194,DB,LAC,75,0,75,75,NA,genesis-smith.php,NA,NA,2,NA,NA,NA,NA,NA,7,Genesis Smith,2026-10-02,LAC
/nfl/rankings/ros-db.php,redraft-db,rp,Julian Blackmon,19394,DB,NO,89,14,75,103,NA,julian-blackmon.php,NA,NA,0.9,NA,NA,NA,NA,NA,8,Julian Blackmon,2026-10-02,NOS
/nfl/rankings/ros-db.php,redraft-db,rp,Xavier Woods,16637,DB,CHI,88.5,10.5,78,99,NA,xavier-woods.php,NA,NA,0.7,NA,NA,NA,NA,-14,10,Xavier Woods,2026-10-02,CHI
/nfl/rankings/ros-db.php,redraft-db,rp,Eric Murray,15653,DB,JAC,90,4,86,94,NA,eric-murray.php,NA,NA,1,NA,NA,NA,NA,NA,7,Eric Murray,2026-10-02,JAC
/nfl/rankings/ros-db.php,redraft-db,rp,Tyrique Stevenson Sr.,25263,DB,CHI,83,0,83,83,NA,tyrique-stevenson.php,NA,NA,3.8,NA,NA,NA,NA,-20,10,Tyrique Stevenson,2026-10-02,CHI
/nfl/rankings/ros-db.php,redraft-db,rp,Kendal Daniels,28290,DB,ATL,84,0,84,84,NA,kendal-daniels.php,NA,NA,1.4,NA,NA,NA,NA,-43,11,Kendal Daniels,2026-10-02,ATL
/nfl/rankings/ros-db.php,redraft-db,rp,Andre Cisco,22715,DB,NYJ,85,0,85,85,NA,andre-cisco.php,NA,NA,1.1,NA,NA,NA,NA,NA,13,Andre Cisco,2026-10-02,NYJ
/nfl/rankings/ros-db.php,redraft-db,rp,Ja'Quan McMillian,24819,DB,DEN,93,6,87,99,NA,jaquan-mcmillian.php,NA,NA,1.1,NA,NA,NA,NA,NA,10,JaQuan McMillian,2026-10-02,DEN
/nfl/rankings/ros-db.php,redraft-db,rp,Elijah Molden,22742,DB,LAC,93.5,4.5,89,98,NA,elijah-molden.php,NA,NA,0.6,NA,NA,NA,NA,12,7,Elijah Molden,2026-10-02,LAC
/nfl/rankings/ros-db.php,redraft-db,rp,Jaylen Watson,24291,DB,LAR,88,0,88,88,NA,jaylen-watson.php,NA,NA,1.5,NA,NA,NA,NA,NA,11,Jaylen Watson,2026-10-02,LAR
/nfl/rankings/ros-db.php,redraft-db,rp,Jacob Parrish,27257,DB,TB,88,0,88,88,NA,jacob-parrish.php,NA,NA,1,NA,NA,NA,NA,NA,10,Jacob Parrish,2026-10-02,TBB
/nfl/rankings/ros-db.php,redraft-db,rp,Kool-Aid McKinstry,26098,DB,NO,94.5,0.5,94,95,NA,kool-aid-mckinstry.php,NA,NA,8.6,NA,NA,NA,NA,NA,8,Kool-Aid McKinstry,2026-10-02,NOS
/nfl/rankings/ros-db.php,redraft-db,rp,Joey Porter Jr.,24705,DB,DAL,89,0,89,89,NA,joey-porter-jr.php,NA,NA,1.5,NA,NA,NA,NA,NA,14,Joey Porter,2026-10-02,DAL
/nfl/rankings/ros-db.php,redraft-db,rp,Marcus Epps,18575,DB,PHI,90,0,90,90,NA,marcus-epps.php,NA,NA,2.9,NA,NA,NA,NA,NA,10,Marcus Epps,2026-10-02,PHI
/nfl/rankings/ros-db.php,redraft-db,rp,Cam Lewis,18724,DB,CHI,90,0,90,90,NA,cam-lewis.php,NA,NA,2.6,NA,NA,NA,NA,NA,10,Cam Lewis,2026-10-02,CHI
/nfl/rankings/ros-db.php,redraft-db,rp,Dadrion Taylor-Demerson,26346,DB,ARI,101.5,10.5,91,112,NA,dadrion-taylor-demerson.php,NA,NA,0.8,NA,NA,NA,NA,16,14,Dadrion Taylor-Demerson,2026-10-02,ARI
/nfl/rankings/ros-db.php,redraft-db,rp,James Pierre,19659,DB,MIN,92,0,92,92,NA,james-pierre.php,NA,NA,0.6,NA,NA,NA,NA,NA,6,James Pierre,2026-10-02,MIN
/nfl/rankings/ros-db.php,redraft-db,rp,Hezekiah Masses,28206,DB,LV,92,0,92,92,NA,hezekiah-masses.php,NA,NA,2.8,NA,NA,NA,NA,NA,13,Hezekiah Masses,2026-10-02,LVR
/nfl/rankings/ros-db.php,redraft-db,rp,Josh Jobe,22720,DB,SEA,93,0,93,93,NA,josh-jobe.php,NA,NA,1.6,NA,NA,NA,NA,NA,11,Josh Jobe,2026-10-02,SEA
/nfl/rankings/ros-db.php,redraft-db,rp,Pat Surtain II,23609,DB,DEN,94,0,94,94,NA,patrick-surtain-ii.php,NA,NA,8.2,NA,NA,NA,NA,NA,10,Patrick Surtain,2026-10-02,DEN
/nfl/rankings/ros-db.php,redraft-db,rp,Jason Pinnock,23289,DB,NYG,95,0,95,95,NA,jason-pinnock.php,NA,NA,0.7,NA,NA,NA,NA,NA,8,Jason Pinnock,2026-10-02,NYG
/nfl/rankings/ros-db.php,redraft-db,rp,Sauce Gardner,23472,DB,IND,96,0,96,96,NA,ahmad-gardner.php,NA,NA,2.5,NA,NA,NA,NA,NA,13,Ahmad Gardner,2026-10-02,IND
/nfl/rankings/ros-db.php,redraft-db,rp,Billy Bowman Jr.,27187,DB,ATL,97,0,97,97,NA,billy-bowman-jr.php,NA,NA,1.5,NA,NA,NA,NA,NA,11,Billy Bowman,2026-10-02,ATL
/nfl/rankings/ros-db.php,redraft-db,rp,Malik Hooker,16373,DB,DAL,98,0,98,98,NA,malik-hooker.php,NA,NA,0.7,NA,NA,NA,NA,NA,14,Malik Hooker,2026-10-02,DAL
/nfl/rankings/ros-db.php,redraft-db,rp,Zayne Anderson,23429,LB,MIA,98,0,98,98,NA,zayne-anderson.php,NA,NA,1,NA,NA,NA,NA,-23,6,Zayne Anderson,2026-10-02,MIA
/nfl/rankings/ros-db.php,redraft-db,rp,Derek Stingley Jr.,23498,DB,HOU,99,0,99,99,NA,derek-stingley-jr.php,NA,NA,3.8,NA,NA,NA,NA,NA,8,Derek Stingley,2026-10-02,HOU
/nfl/rankings/ros-db.php,redraft-db,rp,Lathan Ransom,24724,DB,CAR,100,0,100,100,NA,lathan-ransom.php,NA,NA,1,NA,NA,NA,NA,NA,5,Lathan Ransom,2026-10-02,CAR
/nfl/rankings/ros-db.php,redraft-db,rp,Quan Martin,25461,DB,WAS,100,0,100,100,NA,jartavius-martin.php,NA,NA,1.7,NA,NA,NA,NA,NA,7,Jartavius Martin,2026-10-02,WAS
/nfl/rankings/ros-db.php,redraft-db,rp,Hunter Wohler,27240,DB,IND,100,0,100,100,NA,hunter-wohler.php,NA,NA,0.7,NA,NA,NA,NA,-34,13,Hunter Wohler,2026-10-02,IND
/nfl/rankings/ros-db.php,redraft-db,rp,Denzel Ward,17314,DB,CLE,101,0,101,101,NA,denzel-ward.php,NA,NA,1.1,NA,NA,NA,NA,NA,11,Denzel Ward,2026-10-02,CLE
/nfl/rankings/ros-db.php,redraft-db,rp,Riq Woolen,23881,DB,PHI,102,0,102,102,NA,tariq-woolen.php,NA,NA,1.1,NA,NA,NA,NA,NA,10,Tariq Woolen,2026-10-02,PHI
/nfl/rankings/ros-db.php,redraft-db,rp,Geno Stone,19390,DB,BUF,106,0,106,106,NA,geno-stone.php,NA,NA,9.6,NA,NA,NA,NA,NA,7,Geno Stone,2026-10-02,BUF
/nfl/rankings/ros-db.php,redraft-db,rp,Malachi Moore,24708,DB,NYJ,108,0,108,108,NA,malachi-moore.php,NA,NA,5.7,NA,NA,NA,NA,NA,13,Malachi Moore,2026-10-02,NYJ
/nfl/rankings/ros-db.php,redraft-db,rp,Kyle Dugger,19337,DB,CIN,109,0,109,109,NA,kyle-dugger.php,NA,NA,0.7,NA,NA,NA,NA,NA,6,Kyle Dugger,2026-10-02,CIN
/nfl/rankings/ros-db.php,redraft-db,rp,Jalen Huskey,28354,DB,JAC,110,0,110,110,NA,jalen-huskey.php,NA,NA,2.3,NA,NA,NA,NA,NA,7,Jalen Huskey,2026-10-02,JAC
/nfl/rankings/ros-db.php,redraft-db,rp,Isaiah Pola-Mao,23939,DB,LV,111,0,111,111,NA,isaiah-pola-mao.php,NA,NA,8.3,NA,NA,NA,NA,NA,13,Isaiah Pola-Mao,2026-10-02,LVR
/nfl/rankings/ros-db.php,redraft-db,rp,Tony Adams,24902,DB,TEN,113,0,113,113,NA,tony-adams-s.php,NA,NA,0.8,NA,NA,NA,NA,NA,9,Tony Adams,2026-10-02,TEN
/nfl/rankings/ros-db.php,redraft-db,rp,Ronnie Harrison Jr.,17319,DB,MIA,114,0,114,114,NA,ronnie-harrison.php,NA,NA,0.7,NA,NA,NA,NA,NA,6,Ronnie Harrison,2026-10-02,MIA
/nfl/rankings/ros-dl.php,redraft-dl,rp,Will Anderson Jr.,24717,DL,HOU,2,0.82,1,3,NA,will-anderson.php,NA,NA,65.2,NA,NA,NA,NA,2,8,Will Anderson,2026-10-02,HOU
/nfl/rankings/ros-dl.php,redraft-dl,rp,Aidan Hutchinson,22738,DL,DET,3,2.16,1,6,NA,aidan-hutchinson.php,NA,NA,70.6,NA,NA,NA,NA,NA,6,Aidan Hutchinson,2026-10-02,DET
/nfl/rankings/ros-dl.php,redraft-dl,rp,Maxx Crosby,18702,DL,LV,3,0.82,2,4,NA,maxx-crosby.php,NA,NA,70.2,NA,NA,NA,NA,-2,13,Maxx Crosby,2026-10-02,LVR
/nfl/rankings/ros-dl.php,redraft-dl,rp,T.J. Watt,16469,LB,PIT,5.33,1.89,4,8,NA,tj-watt.php,NA,NA,67.2,NA,NA,NA,NA,1,9,TJ Watt,2026-10-02,PIT
/nfl/rankings/ros-dl.php,redraft-dl,rp,Arvell Reese,28053,LB,NYG,6,0.82,5,7,NA,arvell-reese.php,NA,NA,26.6,NA,NA,NA,NA,2,8,Arvell Reese,2026-10-02,NYG
/nfl/rankings/ros-dl.php,redraft-dl,rp,Nick Bosa,18199,DL,SF,7.33,4.78,3,14,NA,nick-bosa.php,NA,NA,46.2,NA,NA,NA,NA,-2,8,Nick Bosa,2026-10-02,SFO
/nfl/rankings/ros-dl.php,redraft-dl,rp,Myles Garrett,16370,DL,LAR,8,5.1,1,13,NA,myles-garrett.php,NA,NA,61.5,NA,NA,NA,NA,2,11,Myles Garrett,2026-10-02,LAR
/nfl/rankings/ros-dl.php,redraft-dl,rp,Danielle Hunter,14036,DL,HOU,8.67,1.7,7,11,NA,danielle-hunter.php,NA,NA,39.7,NA,NA,NA,NA,-2,8,Danielle Hunter,2026-10-02,HOU
/nfl/rankings/ros-dl.php,redraft-dl,rp,Jeffery Simmons,18207,DL,TEN,11.67,3.68,7,16,NA,jeffery-simmons.php,NA,NA,53.4,NA,NA,NA,NA,6,9,Jeffery Simmons,2026-10-02,TEN
/nfl/rankings/ros-dl.php,redraft-dl,rp,Dallas Turner,26097,DL,MIN,11.67,4.5,8,18,NA,dallas-turner.php,NA,NA,38.8,NA,NA,NA,NA,3,6,Dallas Turner,2026-10-02,MIN
/nfl/rankings/ros-dl.php,redraft-dl,rp,Greg Rousseau,19787,DL,BUF,13.33,9.1,5,26,NA,gregory-rousseau.php,NA,NA,61.7,NA,NA,NA,NA,8,7,Gregory Rousseau,2026-10-02,BUF
/nfl/rankings/ros-dl.php,redraft-dl,rp,Byron Young,25449,DL,LAR,13.33,2.05,11,16,NA,byron-young-edge.php,NA,NA,28.3,NA,NA,NA,NA,-2,11,Byron Young,2026-10-02,LAR
/nfl/rankings/ros-dl.php,redraft-dl,rp,Abdul Carter,27022,DL,NYG,14,2.45,11,17,NA,abdul-carter.php,NA,NA,21.4,NA,NA,NA,NA,-2,8,Abdul Carter,2026-10-02,NYG
/nfl/rankings/ros-dl.php,redraft-dl,rp,Josh Hines-Allen,18201,DL,JAC,14.33,3.3,10,18,NA,josh-allen-olb.php,NA,NA,24.4,NA,NA,NA,NA,-2,7,Josh Hines-Allen,2026-10-02,JAC
/nfl/rankings/ros-dl.php,redraft-dl,rp,Nik Bonitto,23763,DL,DEN,15,3.56,12,20,NA,nik-bonitto.php,NA,NA,34.2,NA,NA,NA,NA,NA,10,Nik Bonitto,2026-10-02,DEN
/nfl/rankings/ros-dl.php,redraft-dl,rp,Andrew Van Ginkel,18573,LB,MIN,17,9.42,6,29,NA,andrew-van-ginkel.php,NA,NA,51.6,NA,NA,NA,NA,NA,6,Andrew Van Ginkel,2026-10-02,MIN
/nfl/rankings/ros-dl.php,redraft-dl,rp,Alex Highsmith,19316,LB,PIT,18.67,2.87,15,22,NA,alex-highsmith.php,NA,NA,21.4,NA,NA,NA,NA,5,9,Alex Highsmith,2026-10-02,PIT
/nfl/rankings/ros-dl.php,redraft-dl,rp,Laiatu Latu,26096,DL,IND,19.67,7.93,9,28,NA,laiatu-latu.php,NA,NA,11.2,NA,NA,NA,NA,NA,13,Laiatu Latu,2026-10-02,IND
/nfl/rankings/ros-dl.php,redraft-dl,rp,Tuli Tuipulotu,25364,DL,LAC,19.67,3.68,15,24,NA,tuli-tuipulotu.php,NA,NA,31.2,NA,NA,NA,NA,NA,7,Tuli Tuipulotu,2026-10-02,LAC
/nfl/rankings/ros-dl.php,redraft-dl,rp,Jaelan Phillips,22734,DL,CAR,19.67,3.09,17,24,NA,jaelan-phillips.php,NA,NA,6.2,NA,NA,NA,NA,NA,5,Jaelan Phillips,2026-10-02,CAR
/nfl/rankings/ros-dl.php,redraft-dl,rp,Trey Hendrickson,16719,DL,BAL,20.67,0.47,20,21,NA,trey-hendrickson.php,NA,NA,26.2,NA,NA,NA,NA,NA,13,Trey Hendrickson,2026-10-02,BAL
/nfl/rankings/ros-dl.php,redraft-dl,rp,Micah Parsons,19784,LB,GB,23,8.98,12,34,NA,micah-parsons.php,NA,NA,32.1,NA,NA,NA,NA,NA,11,Micah Parsons,2026-10-02,GBP
/nfl/rankings/ros-dl.php,redraft-dl,rp,Jared Verse,25234,DL,CLE,23,6.68,14,30,NA,jared-verse.php,NA,NA,26.4,NA,NA,NA,NA,NA,11,Jared Verse,2026-10-02,CLE
/nfl/rankings/ros-dl.php,redraft-dl,rp,Chase Young,19195,DL,NO,26.33,1.7,24,28,NA,chase-young.php,NA,NA,12.3,NA,NA,NA,NA,NA,8,Chase Young,2026-10-02,NOS
/nfl/rankings/ros-dl.php,redraft-dl,rp,Montez Sweat,18213,DL,CHI,26.67,3.3,23,31,NA,montez-sweat.php,NA,NA,12.2,NA,NA,NA,NA,NA,10,Montez Sweat,2026-10-02,CHI
/nfl/rankings/ros-dl.php,redraft-dl,rp,DeForest Buckner,15494,DL,IND,29.67,14.52,17,50,NA,deforest-buckner.php,NA,NA,15.9,NA,NA,NA,NA,NA,13,DeForest Buckner,2026-10-02,IND
/nfl/rankings/ros-dl.php,redraft-dl,rp,George Karlaftis III,23501,DL,KC,30,4.55,25,36,NA,george-karlaftis-iii.php,NA,NA,6.2,NA,NA,NA,NA,NA,5,George Karlaftis,2026-10-02,KCC
/nfl/rankings/ros-dl.php,redraft-dl,rp,Aaron Donald,12205,DL,LAR,31,3.74,26,35,NA,aaron-donald.php,NA,NA,19.9,NA,NA,NA,NA,NA,11,Aaron Donald,2026-10-02,LAR
/nfl/rankings/ros-dl.php,redraft-dl,rp,Leonard Williams,13892,DL,SEA,31.67,10.62,19,45,NA,leonard-williams.php,NA,NA,18,NA,NA,NA,NA,NA,11,Leonard Williams,2026-10-02,SEA
/nfl/rankings/ros-dl.php,redraft-dl,rp,David Bailey,27191,DL,NYJ,31.67,8.96,23,44,NA,david-bailey-edge.php,NA,NA,19.3,NA,NA,NA,NA,NA,13,David Bailey,2026-10-02,NYJ
/nfl/rankings/ros-dl.php,redraft-dl,rp,Bradley Chubb,17277,LB,BUF,34.67,3.77,32,40,NA,bradley-chubb.php,NA,NA,7.2,NA,NA,NA,NA,4,7,Bradley Chubb,2026-10-02,BUF
/nfl/rankings/ros-dl.php,redraft-dl,rp,Jonathan Greenard,19276,DL,PHI,34.67,1.7,33,37,NA,jonathan-greenard.php,NA,NA,10.4,NA,NA,NA,NA,NA,10,Jonathan Greenard,2026-10-02,PHI
/nfl/rankings/ros-dl.php,redraft-dl,rp,Odafe Oweh,22714,DL,WAS,35,12.33,19,49,NA,odafe-oweh.php,NA,NA,6.1,NA,NA,NA,NA,NA,7,Odafe Oweh,2026-10-02,WAS
/nfl/rankings/ros-dl.php,redraft-dl,rp,Travon Walker,23724,DL,JAC,35.33,7.54,30,46,NA,travon-walker.php,NA,NA,9.8,NA,NA,NA,NA,NA,7,Travon Walker,2026-10-02,JAC
/nfl/rankings/ros-dl.php,redraft-dl,rp,Yaya Diaby,25264,DL,TB,44,19.3,27,71,NA,yaya-diaby.php,NA,NA,7,NA,NA,NA,NA,4,10,YaYa Diaby,2026-10-02,TBB
/nfl/rankings/ros-dl.php,redraft-dl,rp,Zach Allen,18221,DL,DEN,44,12.03,31,60,NA,zach-allen.php,NA,NA,7,NA,NA,NA,NA,NA,10,Zach Allen,2026-10-02,DEN
/nfl/rankings/ros-dl.php,redraft-dl,rp,Brian Burns,18223,DL,NYG,15.5,5.5,10,21,NA,brian-burns.php,NA,NA,41.3,NA,NA,NA,NA,-29,8,Brian Burns,2026-10-02,NYG
/nfl/rankings/ros-dl.php,redraft-dl,rp,Cameron Heyward,9862,DL,PIT,45,16.08,29,67,NA,cameron-heyward.php,NA,NA,9.1,NA,NA,NA,NA,NA,9,Cameron Heyward,2026-10-02,PIT
/nfl/rankings/ros-dl.php,redraft-dl,rp,Nick Herbig,25464,LB,PIT,46.67,14.66,33,67,NA,nick-herbig.php,NA,NA,5.8,NA,NA,NA,NA,NA,9,Nick Herbig,2026-10-02,PIT
/nfl/rankings/ros-dl.php,redraft-dl,rp,Lukas Van Ness,25291,DL,GB,46.67,13.7,36,66,NA,lukas-van-ness.php,NA,NA,12,NA,NA,NA,NA,18,11,Lukas Van Ness,2026-10-02,GBP
/nfl/rankings/ros-dl.php,redraft-dl,rp,Quinnen Williams,18200,DL,DAL,47.33,7.41,39,57,NA,quinnen-williams.php,NA,NA,10.4,NA,NA,NA,NA,5,14,Quinnen Williams,2026-10-02,DAL
/nfl/rankings/ros-dl.php,redraft-dl,rp,Khalil Mack,12169,LB,LAC,48.33,15.46,35,70,NA,khalil-mack.php,NA,NA,4.7,NA,NA,NA,NA,NA,7,Khalil Mack,2026-10-02,LAC
/nfl/rankings/ros-dl.php,redraft-dl,rp,Derrick Brown,19205,DL,CAR,49,10.98,38,64,NA,derrick-brown.php,NA,NA,8.1,NA,NA,NA,NA,NA,5,Derrick Brown,2026-10-02,CAR
/nfl/rankings/ros-dl.php,redraft-dl,rp,Rashan Gary,18209,LB,DAL,49,6.68,42,58,NA,rashan-gary.php,NA,NA,11.4,NA,NA,NA,NA,NA,14,Rashan Gary,2026-10-02,DAL
/nfl/rankings/ros-dl.php,redraft-dl,rp,Jalen Redmond,25777,DL,MIN,49.67,10.53,39,64,NA,jalen-redmond.php,NA,NA,6.1,NA,NA,NA,NA,NA,6,Jalen Redmond,2026-10-02,MIN
/nfl/rankings/ros-dl.php,redraft-dl,rp,Rueben Bain Jr.,28772,DL,TB,49.67,6.13,42,57,NA,rueben-bain.php,NA,NA,17.4,NA,NA,NA,NA,-6,10,Rueben Bain,2026-10-02,TBB
/nfl/rankings/ros-dl.php,redraft-dl,rp,Mason Graham,27010,DL,CLE,50.33,25.62,27,86,NA,mason-graham.php,NA,NA,14.9,NA,NA,NA,NA,34,11,Mason Graham,2026-10-02,CLE
/nfl/rankings/ros-dl.php,redraft-dl,rp,Kayvon Thibodeaux,23484,DL,NYG,50.67,24.69,25,84,NA,kayvon-thibodeaux.php,NA,NA,8.9,NA,NA,NA,NA,28,8,Kayvon Thibodeaux,2026-10-02,NYG
/nfl/rankings/ros-dl.php,redraft-dl,rp,Boye Mafe,23736,DL,CIN,50.67,0.47,50,51,NA,boye-mafe.php,NA,NA,9.7,NA,NA,NA,NA,NA,6,Boye Mafe,2026-10-02,CIN
/nfl/rankings/ros-dl.php,redraft-dl,rp,DeMarcus Lawrence,12217,DL,SEA,52.33,4.5,47,58,NA,demarcus-lawrence.php,NA,NA,8.6,NA,NA,NA,NA,NA,11,DeMarcus Lawrence,2026-10-02,SEA
/nfl/rankings/ros-dl.php,redraft-dl,rp,Carl Granderson,18295,DL,NO,52.67,13.77,41,72,NA,carl-granderson.php,NA,NA,11.8,NA,NA,NA,NA,NA,8,Carl Granderson,2026-10-02,NOS
/nfl/rankings/ros-dl.php,redraft-dl,rp,Donovan Ezeiruaku,27033,DL,DAL,53.33,7.04,44,61,NA,donovan-ezeiruaku.php,NA,NA,12.1,NA,NA,NA,NA,NA,14,Donovan Ezeiruaku,2026-10-02,DAL
/nfl/rankings/ros-dl.php,redraft-dl,rp,Jermaine Johnson II,23733,DL,TEN,54,5.1,49,61,NA,jermaine-johnson.php,NA,NA,1.8,NA,NA,NA,NA,-8,9,Jermaine Johnson,2026-10-02,TEN
/nfl/rankings/ros-dl.php,redraft-dl,rp,Nnamdi Madubuike,19272,DL,BAL,55,7.87,44,62,NA,justin-madubuike.php,NA,NA,4,NA,NA,NA,NA,NA,13,Nnamdi Madubuike,2026-10-02,BAL
/nfl/rankings/ros-dl.php,redraft-dl,rp,Harold Landry III,17330,LB,NE,55.33,12.76,41,72,NA,harold-landry.php,NA,NA,3.9,NA,NA,NA,NA,NA,11,Harold Landry,2026-10-02,NEP
/nfl/rankings/ros-dl.php,redraft-dl,rp,Kobie Turner,25283,DL,LAR,55.33,5.44,48,61,NA,kobie-turner.php,NA,NA,6.7,NA,NA,NA,NA,-8,11,Kobie Turner,2026-10-02,LAR
/nfl/rankings/ros-dl.php,redraft-dl,rp,Josh Sweat,17363,DL,ARI,56.33,14.84,36,71,NA,josh-sweat.php,NA,NA,2.9,NA,NA,NA,NA,-8,14,Josh Sweat,2026-10-02,ARI
/nfl/rankings/ros-dl.php,redraft-dl,rp,Dexter Lawrence II,18211,DL,CIN,56.67,14.88,37,73,NA,dexter-lawrence.php,NA,NA,7.1,NA,NA,NA,NA,NA,6,Dexter Lawrence,2026-10-02,CIN
/nfl/rankings/ros-dl.php,redraft-dl,rp,Ed Oliver,18202,DL,BUF,57,3.74,53,62,NA,ed-oliver.php,NA,NA,6.1,NA,NA,NA,NA,NA,7,Ed Oliver,2026-10-02,BUF
/nfl/rankings/ros-dl.php,redraft-dl,rp,Chop Robinson,26105,DL,MIA,57.67,15.43,43,79,NA,chop-robinson.php,NA,NA,3.1,NA,NA,NA,NA,NA,6,Chop Robinson,2026-10-02,MIA
/nfl/rankings/ros-dl.php,redraft-dl,rp,Jalen Carter,24703,DL,PHI,62.33,7.32,52,68,NA,jalen-carter.php,NA,NA,15.1,NA,NA,NA,NA,NA,10,Jalen Carter,2026-10-02,PHI
/nfl/rankings/ros-dl.php,redraft-dl,rp,Dre'Mont Jones,18212,DL,NE,64.33,24.93,33,94,NA,dremont-jones.php,NA,NA,1.7,NA,NA,NA,NA,-11,11,DreMont Jones,2026-10-02,NEP
/nfl/rankings/ros-dl.php,redraft-dl,rp,Nolan Smith Jr.,24711,DL,PHI,65,7.79,56,75,NA,nolan-smith.php,NA,NA,3.2,NA,NA,NA,NA,NA,10,Nolan Smith,2026-10-02,PHI
/nfl/rankings/ros-dl.php,redraft-dl,rp,Chris Jones,15620,DL,KC,66.33,6.24,58,73,NA,chris-jones-dl.php,NA,NA,5.6,NA,NA,NA,NA,NA,5,Chris Jones,2026-10-02,KCC
/nfl/rankings/ros-dl.php,redraft-dl,rp,Myles Murphy,24709,DL,CIN,66.67,11.32,55,82,NA,myles-murphy.php,NA,NA,1.5,NA,NA,NA,NA,NA,6,Myles Murphy,2026-10-02,CIN
/nfl/rankings/ros-dl.php,redraft-dl,rp,Kwity Paye,22682,DL,LV,67.67,17.59,47,90,NA,kwity-paye.php,NA,NA,1.8,NA,NA,NA,NA,NA,13,Kwity Paye,2026-10-02,LVR
/nfl/rankings/ros-dl.php,redraft-dl,rp,Will McDonald IV,25254,DL,NYJ,68,20.4,48,96,NA,will-mcdonald-iv.php,NA,NA,2.6,NA,NA,NA,NA,-10,13,Will McDonald,2026-10-02,NYJ
/nfl/rankings/ros-dl.php,redraft-dl,rp,Jalyx Hunt,26337,LB,PHI,68,15.94,48,87,NA,jalyx-hunt.php,NA,NA,4.1,NA,NA,NA,NA,NA,10,Jalyx Hunt,2026-10-02,PHI
/nfl/rankings/ros-dl.php,redraft-dl,rp,Jonathon Cooper,22821,DL,DEN,68.33,6.18,63,77,NA,jonathon-cooper.php,NA,NA,2.1,NA,NA,NA,NA,NA,10,Jonathon Cooper,2026-10-02,DEN
/nfl/rankings/ros-dl.php,redraft-dl,rp,James Pearce Jr.,27018,DL,ATL,69.67,26.71,35,100,NA,james-pearce-jr.php,NA,NA,2.2,NA,NA,NA,NA,NA,11,James Pearce,2026-10-02,ATL
/nfl/rankings/ros-dl.php,redraft-dl,rp,Byron Murphy II,26221,DL,SEA,72.67,21.48,56,103,NA,byron-murphy-ii.php,NA,NA,5,NA,NA,NA,NA,NA,11,Byron Murphy,2026-10-02,SEA
/nfl/rankings/ros-dl.php,redraft-dl,rp,Zach Sieler,17548,DL,MIA,75,24.39,53,109,NA,zach-sieler.php,NA,NA,2.6,NA,NA,NA,NA,NA,6,Zach Sieler,2026-10-02,MIA
/nfl/rankings/ros-dl.php,redraft-dl,rp,K'Lavon Chaisson,19228,DL,WAS,61.5,18.5,43,80,NA,klavon-chaisson.php,NA,NA,1.6,NA,NA,NA,NA,-8,7,KLavon Chaisson,2026-10-02,WAS
/nfl/rankings/ros-dl.php,redraft-dl,rp,Von Miller,9863,LB,DAL,64,15,49,79,NA,von-miller.php,NA,NA,0.9,NA,NA,NA,NA,NA,14,Von Miller,2026-10-02,DAL
/nfl/rankings/ros-dl.php,redraft-dl,rp,Jordan Davis,22761,DL,PHI,83.67,24.31,65,118,NA,jordan-davis.php,NA,NA,5.4,NA,NA,NA,NA,NA,10,Jordan Davis,2026-10-02,PHI
/nfl/rankings/ros-dl.php,redraft-dl,rp,Austin Booker,26313,LB,CHI,70,16,54,86,NA,austin-booker.php,NA,NA,6.1,NA,NA,NA,NA,12,10,Austin Booker,2026-10-02,CHI
/nfl/rankings/ros-dl.php,redraft-dl,rp,Mike Green,27042,LB,BAL,70.5,16.5,54,87,NA,mike-green-dt.php,NA,NA,1.8,NA,NA,NA,NA,NA,13,Mike Green,2026-10-02,BAL
/nfl/rankings/ros-dl.php,redraft-dl,rp,Jonah Elliss,26157,LB,DEN,83,16.99,70,107,NA,jonah-elliss.php,NA,NA,0.8,NA,NA,NA,NA,NA,10,Jonah Elliss,2026-10-02,DEN
/nfl/rankings/ros-dl.php,redraft-dl,rp,Jaishawn Barham,28200,LB,DAL,42,0,42,42,NA,jaishawn-barham.php,NA,NA,7.5,NA,NA,NA,NA,-18,14,Jaishawn Barham,2026-10-02,DAL
/nfl/rankings/ros-dl.php,redraft-dl,rp,Dorance Armstrong Jr.,17315,DL,WAS,73,19,54,92,NA,dorance-armstrong-jr.php,NA,NA,3.8,NA,NA,NA,NA,-9,7,Dorance Armstrong,2026-10-02,WAS
/nfl/rankings/ros-dl.php,redraft-dl,rp,Malachi Lawrence,28203,DL,DAL,73,4,69,77,NA,malachi-lawrence.php,NA,NA,2.7,NA,NA,NA,NA,16,14,Malachi Lawrence,2026-10-02,DAL
/nfl/rankings/ros-dl.php,redraft-dl,rp,Uchenna Nwosu,17448,LB,SEA,90,23.34,73,123,NA,uchenna-nwosu.php,NA,NA,1.8,NA,NA,NA,NA,NA,11,Uchenna Nwosu,2026-10-02,SEA
/nfl/rankings/ros-dl.php,redraft-dl,rp,Jonathan Allen,16371,DL,CIN,85,7.79,76,95,NA,jonathan-allen.php,NA,NA,3.8,NA,NA,NA,NA,NA,6,Jonathan Allen,2026-10-02,CIN
/nfl/rankings/ros-dl.php,redraft-dl,rp,Keldric Faulk,27951,DL,TEN,77.5,3.5,74,81,NA,keldric-faulk.php,NA,NA,7.8,NA,NA,NA,NA,9,9,Keldric Faulk,2026-10-02,TEN
/nfl/rankings/ros-dl.php,redraft-dl,rp,Josh Uche,19257,DL,MIA,85.67,7.04,78,95,NA,josh-uche.php,NA,NA,1.3,NA,NA,NA,NA,14,6,Josh Uche,2026-10-02,MIA
/nfl/rankings/ros-dl.php,redraft-dl,rp,Tavius Robinson,25478,DL,BAL,87.33,22.95,55,106,NA,tavius-robinson.php,NA,NA,1.2,NA,NA,NA,NA,NA,13,Tavius Robinson,2026-10-02,BAL
/nfl/rankings/ros-dl.php,redraft-dl,rp,Arden Key,17279,DL,IND,89.67,15.28,76,111,NA,arden-key.php,NA,NA,0.8,NA,NA,NA,NA,NA,13,Arden Key,2026-10-02,IND
/nfl/rankings/ros-dl.php,redraft-dl,rp,Akheem Mesidor,27078,DL,LAC,59,0,59,59,NA,akheem-mesidor.php,NA,NA,8.1,NA,NA,NA,NA,10,7,Akheem Mesidor,2026-10-02,LAC
/nfl/rankings/ros-dl.php,redraft-dl,rp,Joseph Ossai,22696,DL,NYJ,80.5,2.5,78,83,NA,joseph-ossai.php,NA,NA,0.8,NA,NA,NA,NA,NA,13,Joseph Ossai,2026-10-02,NYJ
/nfl/rankings/ros-dl.php,redraft-dl,rp,Vita Vea,17322,DL,TB,92.67,17.21,80,117,NA,tevita-tuliakiono-tuipulotu-mosese-vahae-fehoko-faletau-vea.php,NA,NA,1.3,NA,NA,NA,NA,NA,10,Vita Vea,2026-10-02,TBB
/nfl/rankings/ros-dl.php,redraft-dl,rp,Walter Nolen III,27030,DL,ARI,82.5,5.5,77,88,NA,walter-nolen.php,NA,NA,1,NA,NA,NA,NA,NA,14,Walter Nolen,2026-10-02,ARI
/nfl/rankings/ros-dl.php,redraft-dl,rp,Malcolm Koonce,22773,DL,LV,83,2,81,85,NA,malcolm-koonce.php,NA,NA,1,NA,NA,NA,NA,23,13,Malcolm Koonce,2026-10-02,LVR
/nfl/rankings/ros-dl.php,redraft-dl,rp,Tommy Togiai,22784,DL,HOU,65,0,65,65,NA,tommy-togiai.php,NA,NA,7,NA,NA,NA,NA,NA,8,Tommy Togiai,2026-10-02,HOU
/nfl/rankings/ros-dl.php,redraft-dl,rp,Calijah Kancey,23865,DL,TB,84,1,83,85,NA,calijah-kancey.php,NA,NA,5.3,NA,NA,NA,NA,NA,10,Calijah Kancey,2026-10-02,TBB
/nfl/rankings/ros-dl.php,redraft-dl,rp,Cameron Jordan,9886,DL,NO,69,0,69,69,NA,cameron-jordan.php,NA,NA,1.8,NA,NA,NA,NA,NA,8,Cameron Jordan,2026-10-02,NOS
/nfl/rankings/ros-dl.php,redraft-dl,rp,Deone Walker,27014,DL,BUF,70,0,70,70,NA,deone-walker.php,NA,NA,2.7,NA,NA,NA,NA,20,7,Deone Walker,2026-10-02,BUF
/nfl/rankings/ros-dl.php,redraft-dl,rp,Keeanu Benton,25432,DL,PIT,71,0,71,71,NA,keeanu-benton.php,NA,NA,1,NA,NA,NA,NA,NA,9,Keeanu Benton,2026-10-02,PIT
/nfl/rankings/ros-dl.php,redraft-dl,rp,Princely Umanmielen,26130,DL,CAR,92,10.2,78,102,NA,princely-umanmielen.php,NA,NA,0.7,NA,NA,NA,NA,NA,5,Princely Umanmielen,2026-10-02,CAR
/nfl/rankings/ros-dl.php,redraft-dl,rp,DJ Wonnum,19355,DL,DET,75,0,75,75,NA,dj-wonnum.php,NA,NA,1.9,NA,NA,NA,NA,15,6,DJ Wonnum,2026-10-02,DET
/nfl/rankings/ros-dl.php,redraft-dl,rp,Braden Fiske,26195,DL,LAR,75,0,75,75,NA,braden-fiske.php,NA,NA,0.7,NA,NA,NA,NA,NA,11,Braden Fiske,2026-10-02,LAR
/nfl/rankings/ros-dl.php,redraft-dl,rp,Za'Darius Smith,14060,LB,ATL,88.5,1.5,87,90,NA,zadarius-smith.php,NA,NA,2,NA,NA,NA,NA,NA,11,ZaDarius Smith,2026-10-02,ATL
/nfl/rankings/ros-dl.php,redraft-dl,rp,Myles Murphy,26571,DL,FA,76,0,76,76,NA,myles-murphy-dt.php,NA,NA,1,NA,NA,NA,NA,NA,NA,Myles Murphy,2026-10-02,FA
/nfl/rankings/ros-dl.php,redraft-dl,rp,Devonte Wyatt,23757,DL,GB,89,1,88,90,NA,devonte-wyatt.php,NA,NA,1.6,NA,NA,NA,NA,NA,11,Devonte Wyatt,2026-10-02,GBP
/nfl/rankings/ros-dl.php,redraft-dl,rp,Zaven Collins,22698,LB,ARI,94,4.24,91,100,NA,zaven-collins.php,NA,NA,1.4,NA,NA,NA,NA,NA,14,Zaven Collins,2026-10-02,ARI
/nfl/rankings/ros-dl.php,redraft-dl,rp,Osa Odighizuwa,22816,DL,SF,79,0,79,79,NA,osa-odighizuwa.php,NA,NA,1.2,NA,NA,NA,NA,-25,8,Osa Odighizuwa,2026-10-02,SFO
/nfl/rankings/ros-dl.php,redraft-dl,rp,Al-Quadin Muhammad,16715,DL,TB,80,0,80,80,NA,al-quadin-muhammad.php,NA,NA,0.7,NA,NA,NA,NA,NA,10,Al-Quadin Muhammad,2026-10-02,TBB
/nfl/rankings/ros-dl.php,redraft-dl,rp,Calais Campbell,10585,DL,BAL,82,0,82,82,NA,calais-campbell.php,NA,NA,2,NA,NA,NA,NA,NA,13,Calais Campbell,2026-10-02,BAL
/nfl/rankings/ros-dl.php,redraft-dl,rp,Milton Williams,23209,DL,NE,92,1,91,93,NA,milton-williams.php,NA,NA,3.3,NA,NA,NA,NA,NA,11,Milton Williams,2026-10-02,NEP
/nfl/rankings/ros-dl.php,redraft-dl,rp,Derrick Harmon,27029,DL,PIT,83,0,83,83,NA,derrick-harmon.php,NA,NA,1,NA,NA,NA,NA,NA,9,Derrick Harmon,2026-10-02,PIT
/nfl/rankings/ros-dl.php,redraft-dl,rp,Samson Ebukam,16734,LB,ATL,93,4,89,97,NA,samson-ebukam.php,NA,NA,0.9,NA,NA,NA,NA,NA,11,Samson Ebukam,2026-10-02,ATL
/nfl/rankings/ros-dl.php,redraft-dl,rp,Derrick Moore,27977,DL,DET,85,0,85,85,NA,derrick-moore.php,NA,NA,1.5,NA,NA,NA,NA,-24,6,Derrick Moore,2026-10-02,DET
/nfl/rankings/ros-dl.php,redraft-dl,rp,Derick Hall,24697,DL,SEA,86,0,86,86,NA,derick-hall.php,NA,NA,1.1,NA,NA,NA,NA,NA,11,Derick Hall,2026-10-02,SEA
/nfl/rankings/ros-dl.php,redraft-dl,rp,Dante Fowler Jr.,14020,DL,SEA,88,0,88,88,NA,dante-fowler.php,NA,NA,0.6,NA,NA,NA,NA,NA,11,Dante Fowler,2026-10-02,SEA
/nfl/rankings/ros-dl.php,redraft-dl,rp,Jadeveon Clowney,12154,DL,HOU,89,0,89,89,NA,jadeveon-clowney.php,NA,NA,1,NA,NA,NA,NA,NA,8,Jadeveon Clowney,2026-10-02,HOU
/nfl/rankings/ros-dl.php,redraft-dl,rp,Isaiah McGuire,25299,DL,CLE,89,0,89,89,NA,isaiah-mcguire.php,NA,NA,0.8,NA,NA,NA,NA,NA,11,Isaiah McGuire,2026-10-02,CLE
/nfl/rankings/ros-dl.php,redraft-dl,rp,Gervon Dexter Sr.,25246,DL,ATL,95.5,3.5,92,99,NA,gervon-dexter-sr.php,NA,NA,1,NA,NA,NA,NA,NA,11,Gervon Dexter,2026-10-02,ATL
/nfl/rankings/ros-dl.php,redraft-dl,rp,Zach Harrison,23485,DL,ATL,92,0,92,92,NA,zach-harrison.php,NA,NA,1.2,NA,NA,NA,NA,NA,11,Zach Harrison,2026-10-02,ATL
/nfl/rankings/ros-dl.php,redraft-dl,rp,Cashius Howell,28017,DL,CIN,93,0,93,93,NA,cashius-howell.php,NA,NA,5.4,NA,NA,NA,NA,NA,6,Cashius Howell,2026-10-02,CIN
/nfl/rankings/ros-dl.php,redraft-dl,rp,Christian Barmore,22691,DL,NE,97.5,0.5,97,98,NA,christian-barmore.php,NA,NA,0.7,NA,NA,NA,NA,-15,11,Christian Barmore,2026-10-02,NEP
/nfl/rankings/ros-dl.php,redraft-dl,rp,Daron Payne,17281,DL,WAS,103.5,10.5,93,114,NA,daron-payne.php,NA,NA,1.4,NA,NA,NA,NA,NA,7,DaRon Payne,2026-10-02,WAS
/nfl/rankings/ros-dl.php,redraft-dl,rp,Kingsley Enagbare,23487,DL,NYJ,94,0,94,94,NA,kingsley-enagbare.php,NA,NA,1.5,NA,NA,NA,NA,NA,13,Kingsley Enagbare,2026-10-02,NYJ
/nfl/rankings/ros-dl.php,redraft-dl,rp,R Mason Thomas,28021,DL,KC,94,0,94,94,NA,r-mason-thomas.php,NA,NA,2.2,NA,NA,NA,NA,NA,5,R Mason Thomas,2026-10-02,KCC
/nfl/rankings/ros-dl.php,redraft-dl,rp,TJ Parker,27948,LB,BUF,95,0,95,95,NA,tj-parker.php,NA,NA,1.3,NA,NA,NA,NA,NA,7,TJ Parker,2026-10-02,BUF
/nfl/rankings/ros-dl.php,redraft-dl,rp,Mykel Williams,27013,DL,SF,96,0,96,96,NA,mykel-williams.php,NA,NA,1.2,NA,NA,NA,NA,-18,8,Mykel Williams,2026-10-02,SFO
/nfl/rankings/ros-dl.php,redraft-dl,rp,Shemar Stewart,27054,DL,CIN,97,0,97,97,NA,shemar-stewart.php,NA,NA,0.6,NA,NA,NA,NA,-16,6,Shemar Stewart,2026-10-02,CIN
/nfl/rankings/ros-dl.php,redraft-dl,rp,Baron Browning,22724,LB,ARI,98,0,98,98,NA,baron-browning.php,NA,NA,0.6,NA,NA,NA,NA,NA,14,Baron Browning,2026-10-02,ARI
/nfl/rankings/ros-dl.php,redraft-dl,rp,Brandon Dorlus,26184,DL,ATL,105.5,7.5,98,113,NA,brandon-dorlus.php,NA,NA,0.6,NA,NA,NA,NA,NA,11,Brandon Dorlus,2026-10-02,ATL
/nfl/rankings/ros-dl.php,redraft-dl,rp,T'Vondre Sweat,26206,DL,NYJ,99,0,99,99,NA,tvondre-sweat.php,NA,NA,0.8,NA,NA,NA,NA,NA,13,TVondre Sweat,2026-10-02,NYJ
/nfl/rankings/ros-dl.php,redraft-dl,rp,Gabe Jacas,27959,LB,NE,99,0,99,99,NA,gabe-jacas.php,NA,NA,1.5,NA,NA,NA,NA,NA,11,Gabe Jacas,2026-10-02,NEP
/nfl/rankings/ros-dl.php,redraft-dl,rp,Tyree Wilson,25237,DL,NO,100,0,100,100,NA,tyree-wilson.php,NA,NA,1.5,NA,NA,NA,NA,NA,8,Tyree Wilson,2026-10-02,NOS
/nfl/rankings/ros-dl.php,redraft-dl,rp,Felix Anudike-Uzomah,25244,DL,KC,101,0,101,101,NA,felix-anudike-uzomah.php,NA,NA,0.7,NA,NA,NA,NA,NA,5,Felix Anudike-Uzomah,2026-10-02,KCC
/nfl/rankings/ros-dl.php,redraft-dl,rp,Jordan Burch,26145,DL,ARI,104,0,104,104,NA,jordan-burch.php,NA,NA,0.6,NA,NA,NA,NA,NA,14,Jordan Burch,2026-10-02,ARI
/nfl/rankings/ros-dl.php,redraft-dl,rp,Sam Williams,23746,DL,CLE,105,0,105,105,NA,sam-williams-dt.php,NA,NA,0.7,NA,NA,NA,NA,-13,11,Sam Williams,2026-10-02,CLE
/nfl/rankings/ros-dl.php,redraft-dl,rp,Elijah Ponder,27734,DL,NE,108,0,108,108,NA,elijah-ponder-de.php,NA,NA,1.5,NA,NA,NA,NA,NA,11,Elijah Ponder,2026-10-02,NEP
/nfl/rankings/ros-dl.php,redraft-dl,rp,Keion White,25281,DL,SF,110,0,110,110,NA,keion-white.php,NA,NA,0.7,NA,NA,NA,NA,NA,8,Keion White,2026-10-02,SFO
/nfl/rankings/ros-dl.php,redraft-dl,rp,John Franklin-Myers,17623,DL,TEN,112,0,112,112,NA,john-franklin-meyers.php,NA,NA,1.2,NA,NA,NA,NA,NA,9,John Franklin-Myers,2026-10-02,TEN
/nfl/rankings/ros-dl.php,redraft-dl,rp,Arik Armstead,13918,DL,JAC,115,0,115,115,NA,arik-armstead.php,NA,NA,0.9,NA,NA,NA,NA,NA,7,Arik Armstead,2026-10-02,JAC
/nfl/rankings/ros-dl.php,redraft-dl,rp,Zion Young,28091,DL,BAL,116,0,116,116,NA,zion-young.php,NA,NA,0.7,NA,NA,NA,NA,NA,13,Zion Young,2026-10-02,BAL
/nfl/rankings/ros-dl.php,redraft-dl,rp,Justin Eboigbe,23782,DL,LAC,119,0,119,119,NA,justin-eboigbe.php,NA,NA,0.7,NA,NA,NA,NA,NA,7,Justin Eboigbe,2026-10-02,LAC
/nfl/rankings/ros-dl.php,redraft-dl,rp,A'Shawn Robinson,15503,DL,TB,120,0,120,120,NA,a-shawn-robinson.php,NA,NA,2.1,NA,NA,NA,NA,NA,10,AShawn Robinson,2026-10-02,TBB
/nfl/rankings/ros-dl.php,redraft-dl,rp,A.J. Epenesa,19204,DL,PHI,121,0,121,121,NA,aj-epenesa.php,NA,NA,0.6,NA,NA,NA,NA,NA,10,AJ Epenesa,2026-10-02,PHI
/nfl/rankings/ros-dl.php,redraft-dl,rp,Dayo Odeyingbo,22883,DL,CHI,122,0,122,122,NA,dayo-odeyingbo.php,NA,NA,1,NA,NA,NA,NA,NA,10,Dayo Odeyingbo,2026-10-02,CHI
/nfl/rankings/ros-dl.php,redraft-dl,rp,Patrick Jones II,23254,DL,CAR,124,0,124,124,NA,patrick-jones-de.php,NA,NA,0.9,NA,NA,NA,NA,NA,5,Patrick Jones,2026-10-02,CAR
/nfl/rankings/ros-dl.php,redraft-dl,rp,Caleb Banks,27965,DL,MIN,125,0,125,125,NA,caleb-banks.php,NA,NA,0.7,NA,NA,NA,NA,NA,6,Caleb Banks,2026-10-02,MIN
/nfl/rankings/ros-dl.php,redraft-dl,rp,Charles Omenihu,18284,DL,WAS,126,0,126,126,NA,charles-omenihu.php,NA,NA,0.7,NA,NA,NA,NA,NA,7,Charles Omenihu,2026-10-02,WAS
/nfl/rankings/ros-dst.php,redraft-dst,rp,Seattle Seahawks,8260,DST,SEA,1.75,1.3,1,5,NA,seattle-defense.php,NA,NA,96.4,NA,NA,NA,NA,NA,11,Seattle Seahawks,2026-10-02,SEA
/nfl/rankings/ros-dst.php,redraft-dst,rp,Houston Texans,8120,DST,HOU,2.25,0.83,1,4,NA,houston-defense.php,NA,NA,90.9,NA,NA,NA,NA,NA,8,Houston Texans,2026-10-02,HOU
/nfl/rankings/ros-dst.php,redraft-dst,rp,Minnesota Vikings,8170,DST,MIN,3.63,1.22,2,6,NA,minnesota-defense.php,NA,NA,70,NA,NA,NA,NA,3,6,Minnesota Vikings,2026-10-02,MIN
/nfl/rankings/ros-dst.php,redraft-dst,rp,Los Angeles Rams,8280,DST,LAR,4.13,1.36,2,6,NA,los-angeles-rams-defense.php,NA,NA,84.3,NA,NA,NA,NA,-1,11,Los Angeles Rams,2026-10-02,LAR
/nfl/rankings/ros-dst.php,redraft-dst,rp,Denver Broncos,8090,DST,DEN,5.63,1.87,3,9,NA,denver-defense.php,NA,NA,84.7,NA,NA,NA,NA,-1,10,Denver Broncos,2026-10-02,DEN
/nfl/rankings/ros-dst.php,redraft-dst,rp,Philadelphia Eagles,8230,DST,PHI,6.63,1.58,4,9,NA,philadelphia-defense.php,NA,NA,81.1,NA,NA,NA,NA,-1,10,Philadelphia Eagles,2026-10-02,PHI
/nfl/rankings/ros-dst.php,redraft-dst,rp,Pittsburgh Steelers,8240,DST,PIT,7.63,2.64,5,13,NA,pittsburgh-defense.php,NA,NA,74.5,NA,NA,NA,NA,NA,9,Pittsburgh Steelers,2026-10-02,PIT
/nfl/rankings/ros-dst.php,redraft-dst,rp,Jacksonville Jaguars,8140,DST,JAC,8.5,0.87,7,10,NA,jacksonville-defense.php,NA,NA,65.5,NA,NA,NA,NA,NA,7,Jacksonville Jaguars,2026-10-02,JAC
/nfl/rankings/ros-dst.php,redraft-dst,rp,Kansas City Chiefs,8150,DST,KC,9.63,2.23,8,15,NA,kansas-city-defense.php,NA,NA,48,NA,NA,NA,NA,2,5,Kansas City Chiefs,2026-10-02,KCC
/nfl/rankings/ros-dst.php,redraft-dst,rp,New England Patriots,8180,DST,NE,10.63,1.32,8,12,NA,new-england-defense.php,NA,NA,67,NA,NA,NA,NA,-3,11,New England Patriots,2026-10-02,NEP
/nfl/rankings/ros-dst.php,redraft-dst,rp,Baltimore Ravens,8020,DST,BAL,11.88,1.96,10,16,NA,baltimore-defense.php,NA,NA,71,NA,NA,NA,NA,-2,13,Baltimore Ravens,2026-10-02,BAL
/nfl/rankings/ros-dst.php,redraft-dst,rp,San Francisco 49ers,8270,DST,SF,12.13,1.36,10,14,NA,san-francisco-defense.php,NA,NA,39,NA,NA,NA,NA,NA,8,San Francisco 49ers,2026-10-02,SFO
/nfl/rankings/ros-dst.php,redraft-dst,rp,Buffalo Bills,8030,DST,BUF,14.88,2.09,13,20,NA,buffalo-defense.php,NA,NA,43.8,NA,NA,NA,NA,NA,7,Buffalo Bills,2026-10-02,BUF
/nfl/rankings/ros-dst.php,redraft-dst,rp,Cincinnati Bengals,8060,DST,CIN,16.13,2.2,14,21,NA,cincinnati-defense.php,NA,NA,17,NA,NA,NA,NA,5,6,Cincinnati Bengals,2026-10-02,CIN
/nfl/rankings/ros-dst.php,redraft-dst,rp,New Orleans Saints,8190,DST,NO,16.63,2.87,12,20,NA,new-orleans-defense.php,NA,NA,21,NA,NA,NA,NA,NA,8,New Orleans Saints,2026-10-02,NOS
/nfl/rankings/ros-dst.php,redraft-dst,rp,Los Angeles Chargers,8250,DST,LAC,16.75,2.68,12,21,NA,los-angeles-chargers-defense.php,NA,NA,35.4,NA,NA,NA,NA,NA,7,Los Angeles Chargers,2026-10-02,LAC
/nfl/rankings/ros-dst.php,redraft-dst,rp,Cleveland Browns,8070,DST,CLE,16.88,3.06,13,24,NA,cleveland-defense.php,NA,NA,25.3,NA,NA,NA,NA,NA,11,Cleveland Browns,2026-10-02,CLE
/nfl/rankings/ros-dst.php,redraft-dst,rp,Green Bay Packers,8110,DST,GB,18,3.67,13,25,NA,green-bay-defense.php,NA,NA,42.5,NA,NA,NA,NA,-4,11,Green Bay Packers,2026-10-02,GBP
/nfl/rankings/ros-dst.php,redraft-dst,rp,Tampa Bay Buccaneers,8290,DST,TB,20.63,3.5,17,29,NA,tampa-bay-defense.php,NA,NA,20.2,NA,NA,NA,NA,NA,10,Tampa Bay Buccaneers,2026-10-02,TBB
/nfl/rankings/ros-dst.php,redraft-dst,rp,Detroit Lions,8100,DST,DET,19.86,2.29,18,25,NA,detroit-defense.php,NA,NA,47.3,NA,NA,NA,NA,NA,6,Detroit Lions,2026-10-02,DET
/nfl/rankings/ros-dst.php,redraft-dst,rp,Las Vegas Raiders,8220,DST,LV,21.75,4.87,12,28,NA,las-vegas-defense.php,NA,NA,16.2,NA,NA,NA,NA,6,13,Las Vegas Raiders,2026-10-02,LVR
/nfl/rankings/ros-dst.php,redraft-dst,rp,Tennessee Titans,8300,DST,TEN,24.63,2.23,20,27,NA,tennessee-defense.php,NA,NA,5.9,NA,NA,NA,NA,NA,9,Tennessee Titans,2026-10-02,TEN
/nfl/rankings/ros-dst.php,redraft-dst,rp,Indianapolis Colts,8130,DST,IND,23.71,2.86,20,29,NA,indianapolis-defense.php,NA,NA,14.8,NA,NA,NA,NA,NA,13,Indianapolis Colts,2026-10-02,IND
/nfl/rankings/ros-dst.php,redraft-dst,rp,New York Jets,8210,DST,NYJ,24.14,3.09,18,27,NA,new-york-jets-defense.php,NA,NA,4,NA,NA,NA,NA,6,13,New York Jets,2026-10-02,NYJ
/nfl/rankings/ros-dst.php,redraft-dst,rp,New York Giants,8200,DST,NYG,24.57,1.84,22,28,NA,new-york-giants-defense.php,NA,NA,15.2,NA,NA,NA,NA,NA,8,New York Giants,2026-10-02,NYG
/nfl/rankings/ros-dst.php,redraft-dst,rp,Dallas Cowboys,8080,DST,DAL,24.86,2.8,22,30,NA,dallas-defense.php,NA,NA,18,NA,NA,NA,NA,NA,14,Dallas Cowboys,2026-10-02,DAL
/nfl/rankings/ros-dst.php,redraft-dst,rp,Carolina Panthers,8040,DST,CAR,25.5,3.82,19,31,NA,carolina-defense.php,NA,NA,10.6,NA,NA,NA,NA,NA,5,Carolina Panthers,2026-10-02,CAR
/nfl/rankings/ros-dst.php,redraft-dst,rp,Atlanta Falcons,8010,DST,ATL,27.14,2.36,22,29,NA,atlanta-defense.php,NA,NA,8.8,NA,NA,NA,NA,-3,11,Atlanta Falcons,2026-10-02,ATL
/nfl/rankings/ros-dst.php,redraft-dst,rp,Chicago Bears,8050,DST,CHI,28.14,1.73,25,31,NA,chicago-defense.php,NA,NA,34.7,NA,NA,NA,NA,-6,10,Chicago Bears,2026-10-02,CHI
/nfl/rankings/ros-dst.php,redraft-dst,rp,Arizona Cardinals,8000,DST,ARI,30,1.67,27,32,NA,arizona-defense.php,NA,NA,4.4,NA,NA,NA,NA,NA,14,Arizona Cardinals,2026-10-02,ARI
/nfl/rankings/ros-dst.php,redraft-dst,rp,Washington Commanders,8310,DST,WAS,30.4,0.49,30,31,NA,washington-defense.php,NA,NA,5.5,NA,NA,NA,NA,NA,7,Washington Commanders,2026-10-02,WAS
/nfl/rankings/ros-dst.php,redraft-dst,rp,Miami Dolphins,8160,DST,MIA,32,0,32,32,NA,miami-defense.php,NA,NA,8,NA,NA,NA,NA,NA,6,Miami Dolphins,2026-10-02,MIA
/nfl/rankings/ros-idp.php,redraft-idp,ro,Will Anderson Jr.,24717,DL,HOU,5.5,2.5,3,8,NA,will-anderson.php,NA,NA,65.2,NA,NA,NA,NA,21,8,Will Anderson,2026-10-02,HOU
/nfl/rankings/ros-idp.php,redraft-idp,ro,Maxx Crosby,18702,DL,LV,12,10,2,22,NA,maxx-crosby.php,NA,NA,70.2,NA,NA,NA,NA,12,13,Maxx Crosby,2026-10-02,LVR
/nfl/rankings/ros-idp.php,redraft-idp,ro,Aidan Hutchinson,22738,DL,DET,21.5,20.5,1,42,NA,aidan-hutchinson.php,NA,NA,70.6,NA,NA,NA,NA,17,6,Aidan Hutchinson,2026-10-02,DET
/nfl/rankings/ros-idp.php,redraft-idp,ro,T.J. Watt,16469,LB,PIT,22,18,4,40,NA,tj-watt.php,NA,NA,67.2,NA,NA,NA,NA,47,9,TJ Watt,2026-10-02,PIT
/nfl/rankings/ros-idp.php,redraft-idp,ro,Greg Rousseau,19787,DL,BUF,28,13,15,41,NA,gregory-rousseau.php,NA,NA,61.7,NA,NA,NA,NA,NA,7,Gregory Rousseau,2026-10-02,BUF
/nfl/rankings/ros-idp.php,redraft-idp,ro,Nick Bosa,18199,DL,SF,28.5,0.5,28,29,NA,nick-bosa.php,NA,NA,46.2,NA,NA,NA,NA,29,8,Nick Bosa,2026-10-02,SFO
/nfl/rankings/ros-idp.php,redraft-idp,ro,Arvell Reese,28053,LB,NYG,29.5,23.5,6,53,NA,arvell-reese.php,NA,NA,26.6,NA,NA,NA,NA,56,8,Arvell Reese,2026-10-02,NYG
/nfl/rankings/ros-idp.php,redraft-idp,ro,Jordyn Brooks,19292,LB,MIA,1,0,1,1,NA,jordyn-brooks.php,NA,NA,71,NA,NA,NA,NA,-7,6,Jordyn Brooks,2026-10-02,MIA
/nfl/rankings/ros-idp.php,redraft-idp,ro,Carson Schwesinger,27236,LB,CLE,2,0,2,2,NA,carson-schwesinger.php,NA,NA,76.4,NA,NA,NA,NA,-5,11,Carson Schwesinger,2026-10-02,CLE
/nfl/rankings/ros-idp.php,redraft-idp,ro,Roquan Smith,17311,LB,BAL,3,0,3,3,NA,roquan-smith.php,NA,NA,88,NA,NA,NA,NA,-7,13,Roquan Smith,2026-10-02,BAL
/nfl/rankings/ros-idp.php,redraft-idp,ro,Jack Campbell,25435,LB,DET,4,0,4,4,NA,jack-campbell.php,NA,NA,85.4,NA,NA,NA,NA,-9,6,Jack Campbell,2026-10-02,DET
/nfl/rankings/ros-idp.php,redraft-idp,ro,Fred Warner,17526,LB,SF,5,0,5,5,NA,fred-warner.php,NA,NA,90.7,NA,NA,NA,NA,-6,8,Fred Warner,2026-10-02,SFO
/nfl/rankings/ros-idp.php,redraft-idp,ro,Danielle Hunter,14036,DL,HOU,37.5,32.5,5,70,NA,danielle-hunter.php,NA,NA,39.7,NA,NA,NA,NA,45,8,Danielle Hunter,2026-10-02,HOU
/nfl/rankings/ros-idp.php,redraft-idp,ro,Ernest Jones IV,23245,LB,SEA,6,0,6,6,NA,ernest-jones.php,NA,NA,48.4,NA,NA,NA,NA,-9,11,Ernest Jones,2026-10-02,SEA
/nfl/rankings/ros-idp.php,redraft-idp,ro,Andrew Van Ginkel,18573,LB,MIN,7,0,7,7,NA,andrew-van-ginkel.php,NA,NA,51.6,NA,NA,NA,NA,91,6,Andrew Van Ginkel,2026-10-02,MIN
/nfl/rankings/ros-idp.php,redraft-idp,ro,Cedric Gray,26168,LB,TEN,7,0,7,7,NA,cedric-gray.php,NA,NA,26.2,NA,NA,NA,NA,-8,9,Cedric Gray,2026-10-02,TEN
/nfl/rankings/ros-idp.php,redraft-idp,ro,Brian Burns,18223,DL,NYG,8,0,8,8,NA,brian-burns.php,NA,NA,41.3,NA,NA,NA,NA,86,8,Brian Burns,2026-10-02,NYG
/nfl/rankings/ros-idp.php,redraft-idp,ro,Nick Bolton,22689,LB,KC,9,0,9,9,NA,nick-bolton.php,NA,NA,80.4,NA,NA,NA,NA,-6,5,Nick Bolton,2026-10-02,KCC
/nfl/rankings/ros-idp.php,redraft-idp,ro,Dallas Turner,26097,DL,MIN,44.5,35.5,9,80,NA,dallas-turner.php,NA,NA,38.8,NA,NA,NA,NA,94,6,Dallas Turner,2026-10-02,MIN
/nfl/rankings/ros-idp.php,redraft-idp,ro,Josh Hines-Allen,18201,DL,JAC,10,0,10,10,NA,josh-allen-olb.php,NA,NA,24.4,NA,NA,NA,NA,85,7,Josh Hines-Allen,2026-10-02,JAC
/nfl/rankings/ros-idp.php,redraft-idp,ro,Zack Baun,19238,LB,PHI,10,0,10,10,NA,zack-baun.php,NA,NA,66,NA,NA,NA,NA,-8,10,Zack Baun,2026-10-02,PHI
/nfl/rankings/ros-idp.php,redraft-idp,ro,Devin Lloyd,23710,LB,CAR,11,0,11,11,NA,devin-lloyd.php,NA,NA,53.8,NA,NA,NA,NA,-12,5,Devin Lloyd,2026-10-02,CAR
/nfl/rankings/ros-idp.php,redraft-idp,ro,Abdul Carter,27022,DL,NYG,11,0,11,11,NA,abdul-carter.php,NA,NA,21.4,NA,NA,NA,NA,81,8,Abdul Carter,2026-10-02,NYG
/nfl/rankings/ros-idp.php,redraft-idp,ro,Laiatu Latu,26096,DL,IND,12,0,12,12,NA,laiatu-latu.php,NA,NA,11.2,NA,NA,NA,NA,83,13,Laiatu Latu,2026-10-02,IND
/nfl/rankings/ros-idp.php,redraft-idp,ro,Josiah Trotter,28077,LB,TB,12,0,12,12,NA,josiah-trotter.php,NA,NA,23,NA,NA,NA,NA,5,10,Josiah Trotter,2026-10-02,TBB
/nfl/rankings/ros-idp.php,redraft-idp,ro,Jaelan Phillips,22734,DL,CAR,13,0,13,13,NA,jaelan-phillips.php,NA,NA,6.2,NA,NA,NA,NA,NA,5,Jaelan Phillips,2026-10-02,CAR
/nfl/rankings/ros-idp.php,redraft-idp,ro,Quay Walker,23729,LB,LV,13,0,13,13,NA,quay-walker.php,NA,NA,38,NA,NA,NA,NA,-11,13,Quay Walker,2026-10-02,LVR
/nfl/rankings/ros-idp.php,redraft-idp,ro,Foyesade Oluokun,17607,LB,JAC,14,0,14,14,NA,foyesade-oluokun.php,NA,NA,67,NA,NA,NA,NA,-21,7,Foyesade Oluokun,2026-10-02,JAC
/nfl/rankings/ros-idp.php,redraft-idp,ro,Jeffery Simmons,18207,DL,TEN,14,0,14,14,NA,jeffery-simmons.php,NA,NA,53.4,NA,NA,NA,NA,NA,9,Jeffery Simmons,2026-10-02,TEN
/nfl/rankings/ros-idp.php,redraft-idp,ro,Blake Cashman,18421,LB,MIN,15,0,15,15,NA,blake-cashman.php,NA,NA,58.1,NA,NA,NA,NA,-21,6,Blake Cashman,2026-10-02,MIN
/nfl/rankings/ros-idp.php,redraft-idp,ro,Nate Landman,24674,LB,LAR,16,0,16,16,NA,nathan-landman.php,NA,NA,36.6,NA,NA,NA,NA,-20,11,Nate Landman,2026-10-02,LAR
/nfl/rankings/ros-idp.php,redraft-idp,ro,Byron Young,25449,DL,LAR,50.5,34.5,16,85,NA,byron-young-edge.php,NA,NA,28.3,NA,NA,NA,NA,57,11,Byron Young,2026-10-02,LAR
/nfl/rankings/ros-idp.php,redraft-idp,ro,Trey Hendrickson,16719,DL,BAL,17,0,17,17,NA,trey-hendrickson.php,NA,NA,26.2,NA,NA,NA,NA,NA,13,Trey Hendrickson,2026-10-02,BAL
/nfl/rankings/ros-idp.php,redraft-idp,ro,Jacob Rodriguez,28195,LB,MIA,17,0,17,17,NA,jacob-rodriguez.php,NA,NA,19.8,NA,NA,NA,NA,-19,6,Jacob Rodriguez,2026-10-02,MIA
/nfl/rankings/ros-idp.php,redraft-idp,ro,Alex Highsmith,19316,LB,PIT,18,0,18,18,NA,alex-highsmith.php,NA,NA,21.4,NA,NA,NA,NA,NA,9,Alex Highsmith,2026-10-02,PIT
/nfl/rankings/ros-idp.php,redraft-idp,ro,Quentin Lake,24302,DB,LAR,18,0,18,18,NA,quentin-lake.php,NA,NA,25.3,NA,NA,NA,NA,-11,11,Quentin Lake,2026-10-02,LAR
/nfl/rankings/ros-idp.php,redraft-idp,ro,Zaire Franklin,17563,LB,GB,19,0,19,19,NA,zaire-franklin.php,NA,NA,21.3,NA,NA,NA,NA,-19,11,Zaire Franklin,2026-10-02,GBP
/nfl/rankings/ros-idp.php,redraft-idp,ro,Myles Garrett,16370,DL,LAR,50.5,31.5,19,82,NA,myles-garrett.php,NA,NA,61.5,NA,NA,NA,NA,30,11,Myles Garrett,2026-10-02,LAR
/nfl/rankings/ros-idp.php,redraft-idp,ro,Nakobe Dean,23702,LB,LV,20,0,20,20,NA,nakobe-dean.php,NA,NA,81.3,NA,NA,NA,NA,-22,13,Nakobe Dean,2026-10-02,LVR
/nfl/rankings/ros-idp.php,redraft-idp,ro,Tuli Tuipulotu,25364,DL,LAC,20,0,20,20,NA,tuli-tuipulotu.php,NA,NA,31.2,NA,NA,NA,NA,NA,7,Tuli Tuipulotu,2026-10-02,LAC
/nfl/rankings/ros-idp.php,redraft-idp,ro,DeForest Buckner,15494,DL,IND,21,0,21,21,NA,deforest-buckner.php,NA,NA,15.9,NA,NA,NA,NA,NA,13,DeForest Buckner,2026-10-02,IND
/nfl/rankings/ros-idp.php,redraft-idp,ro,Robert Spillane,18103,LB,NE,21,0,21,21,NA,robert-spillane.php,NA,NA,25.2,NA,NA,NA,NA,-23,11,Robert Spillane,2026-10-02,NEP
/nfl/rankings/ros-idp.php,redraft-idp,ro,Leonard Williams,13892,DL,SEA,22,0,22,22,NA,leonard-williams.php,NA,NA,18,NA,NA,NA,NA,NA,11,Leonard Williams,2026-10-02,SEA
/nfl/rankings/ros-idp.php,redraft-idp,ro,Edgerrin Cooper,26137,LB,GB,23,0,23,23,NA,edgerrin-cooper.php,NA,NA,38,NA,NA,NA,NA,-23,11,Edgerrin Cooper,2026-10-02,GBP
/nfl/rankings/ros-idp.php,redraft-idp,ro,Nik Bonitto,23763,DL,DEN,55,32,23,87,NA,nik-bonitto.php,NA,NA,34.2,NA,NA,NA,NA,57,10,Nik Bonitto,2026-10-02,DEN
/nfl/rankings/ros-idp.php,redraft-idp,ro,Jared Verse,25234,DL,CLE,24,0,24,24,NA,jared-verse.php,NA,NA,26.4,NA,NA,NA,NA,68,11,Jared Verse,2026-10-02,CLE
/nfl/rankings/ros-idp.php,redraft-idp,ro,Sonny Styles,27216,LB,WAS,24,0,24,24,NA,sonny-styles.php,NA,NA,48.1,NA,NA,NA,NA,-23,7,Sonny Styles,2026-10-02,WAS
/nfl/rankings/ros-idp.php,redraft-idp,ro,Montez Sweat,18213,DL,CHI,25,0,25,25,NA,montez-sweat.php,NA,NA,12.2,NA,NA,NA,NA,NA,10,Montez Sweat,2026-10-02,CHI
/nfl/rankings/ros-idp.php,redraft-idp,ro,Dee Winters,25579,LB,DAL,25,0,25,25,NA,dee-winters.php,NA,NA,4.6,NA,NA,NA,NA,NA,14,Dee Winters,2026-10-02,DAL
/nfl/rankings/ros-idp.php,redraft-idp,ro,Kyle Hamilton,23494,DB,BAL,26,0,26,26,NA,kyle-hamilton.php,NA,NA,75.2,NA,NA,NA,NA,-23,13,Kyle Hamilton,2026-10-02,BAL
/nfl/rankings/ros-idp.php,redraft-idp,ro,George Karlaftis III,23501,DL,KC,26,0,26,26,NA,george-karlaftis-iii.php,NA,NA,6.2,NA,NA,NA,NA,NA,5,George Karlaftis,2026-10-02,KCC
/nfl/rankings/ros-idp.php,redraft-idp,ro,Travon Walker,23724,DL,JAC,27,0,27,27,NA,travon-walker.php,NA,NA,9.8,NA,NA,NA,NA,NA,7,Travon Walker,2026-10-02,JAC
/nfl/rankings/ros-idp.php,redraft-idp,ro,Drake Thomas,25905,LB,SEA,27,0,27,27,NA,drake-thomas.php,NA,NA,8.3,NA,NA,NA,NA,NA,11,Drake Thomas,2026-10-02,SEA
/nfl/rankings/ros-idp.php,redraft-idp,ro,Chase Young,19195,DL,NO,28,0,28,28,NA,chase-young.php,NA,NA,12.3,NA,NA,NA,NA,NA,8,Chase Young,2026-10-02,NOS
/nfl/rankings/ros-idp.php,redraft-idp,ro,Tykee Smith,23751,DB,TB,29,0,29,29,NA,tykee-smith.php,NA,NA,35.5,NA,NA,NA,NA,-22,10,Tykee Smith,2026-10-02,TBB
/nfl/rankings/ros-idp.php,redraft-idp,ro,Derwin James Jr.,17310,DB,LAC,30,0,30,30,NA,derwin-james.php,NA,NA,47.5,NA,NA,NA,NA,-30,7,Derwin James,2026-10-02,LAC
/nfl/rankings/ros-idp.php,redraft-idp,ro,Micah Parsons,19784,LB,GB,58,28,30,86,NA,micah-parsons.php,NA,NA,32.1,NA,NA,NA,NA,42,11,Micah Parsons,2026-10-02,GBP
/nfl/rankings/ros-idp.php,redraft-idp,ro,Cameron Heyward,9862,DL,PIT,31,0,31,31,NA,cameron-heyward.php,NA,NA,9.1,NA,NA,NA,NA,NA,9,Cameron Heyward,2026-10-02,PIT
/nfl/rankings/ros-idp.php,redraft-idp,ro,Talanoa Hufanga,22817,DB,DEN,31,0,31,31,NA,talanoa-hufanga.php,NA,NA,34.4,NA,NA,NA,NA,-15,10,Talanoa Hufanga,2026-10-02,DEN
/nfl/rankings/ros-idp.php,redraft-idp,ro,Zach Allen,18221,DL,DEN,32,0,32,32,NA,zach-allen.php,NA,NA,7,NA,NA,NA,NA,NA,10,Zach Allen,2026-10-02,DEN
/nfl/rankings/ros-idp.php,redraft-idp,ro,Jeremy Chinn,19429,DB,LV,32,0,32,32,NA,jeremy-chinn.php,NA,NA,26.9,NA,NA,NA,NA,-20,13,Jeremy Chinn,2026-10-02,LVR
/nfl/rankings/ros-idp.php,redraft-idp,ro,Aaron Donald,12205,DL,LAR,33,0,33,33,NA,aaron-donald.php,NA,NA,19.9,NA,NA,NA,NA,NA,11,Aaron Donald,2026-10-02,LAR
/nfl/rankings/ros-idp.php,redraft-idp,ro,Jihaad Campbell,27051,LB,PHI,33,0,33,33,NA,jihaad-campbell.php,NA,NA,20.3,NA,NA,NA,NA,-23,10,Jihaad Campbell,2026-10-02,PHI
/nfl/rankings/ros-idp.php,redraft-idp,ro,Nick Emmanwori,27053,DB,SEA,34,0,34,34,NA,nick-emmanwori.php,NA,NA,34.1,NA,NA,NA,NA,-33,11,Nick Emmanwori,2026-10-02,SEA
/nfl/rankings/ros-idp.php,redraft-idp,ro,David Bailey,27191,DL,NYJ,34,0,34,34,NA,david-bailey-edge.php,NA,NA,19.3,NA,NA,NA,NA,NA,13,David Bailey,2026-10-02,NYJ
/nfl/rankings/ros-idp.php,redraft-idp,ro,Jonathan Greenard,19276,DL,PHI,35,0,35,35,NA,jonathan-greenard.php,NA,NA,10.4,NA,NA,NA,NA,NA,10,Jonathan Greenard,2026-10-02,PHI
/nfl/rankings/ros-idp.php,redraft-idp,ro,Kam Curl,19459,DB,LAR,35,0,35,35,NA,kamren-curl.php,NA,NA,29.7,NA,NA,NA,NA,-30,11,Kam Curl,2026-10-02,LAR
/nfl/rankings/ros-idp.php,redraft-idp,ro,Ventrell Miller,23477,LB,JAC,36,0,36,36,NA,ventrell-miller.php,NA,NA,15.8,NA,NA,NA,NA,-9,7,Ventrell Miller,2026-10-02,JAC
/nfl/rankings/ros-idp.php,redraft-idp,ro,Yaya Diaby,25264,DL,TB,36,0,36,36,NA,yaya-diaby.php,NA,NA,7,NA,NA,NA,NA,NA,10,YaYa Diaby,2026-10-02,TBB
/nfl/rankings/ros-idp.php,redraft-idp,ro,Bradley Chubb,17277,LB,BUF,37,0,37,37,NA,bradley-chubb.php,NA,NA,7.2,NA,NA,NA,NA,NA,7,Bradley Chubb,2026-10-02,BUF
/nfl/rankings/ros-idp.php,redraft-idp,ro,Nick Cross,24198,DB,WAS,37,0,37,37,NA,nick-cross.php,NA,NA,32.5,NA,NA,NA,NA,-39,7,Nick Cross,2026-10-02,WAS
/nfl/rankings/ros-idp.php,redraft-idp,ro,Khalil Mack,12169,LB,LAC,38,0,38,38,NA,khalil-mack.php,NA,NA,4.7,NA,NA,NA,NA,NA,7,Khalil Mack,2026-10-02,LAC
/nfl/rankings/ros-idp.php,redraft-idp,ro,Jamien Sherwood,23194,LB,NYJ,38,0,38,38,NA,jamien-sherwood.php,NA,NA,30.8,NA,NA,NA,NA,-50,13,Jamien Sherwood,2026-10-02,NYJ
/nfl/rankings/ros-idp.php,redraft-idp,ro,Antoine Winfield Jr.,19266,DB,TB,39,0,39,39,NA,antoine-winfield-s.php,NA,NA,19.1,NA,NA,NA,NA,-28,10,Antoine Winfield,2026-10-02,TBB
/nfl/rankings/ros-idp.php,redraft-idp,ro,Nick Herbig,25464,LB,PIT,39,0,39,39,NA,nick-herbig.php,NA,NA,5.8,NA,NA,NA,NA,NA,9,Nick Herbig,2026-10-02,PIT
/nfl/rankings/ros-idp.php,redraft-idp,ro,Donovan Ezeiruaku,27033,DL,DAL,40,0,40,40,NA,donovan-ezeiruaku.php,NA,NA,12.1,NA,NA,NA,NA,NA,14,Donovan Ezeiruaku,2026-10-02,DAL
/nfl/rankings/ros-idp.php,redraft-idp,ro,Odafe Oweh,22714,DL,WAS,41,0,41,41,NA,odafe-oweh.php,NA,NA,6.1,NA,NA,NA,NA,NA,7,Odafe Oweh,2026-10-02,WAS
/nfl/rankings/ros-idp.php,redraft-idp,ro,Derrick Brown,19205,DL,CAR,42,0,42,42,NA,derrick-brown.php,NA,NA,8.1,NA,NA,NA,NA,NA,5,Derrick Brown,2026-10-02,CAR
/nfl/rankings/ros-idp.php,redraft-idp,ro,Carl Granderson,18295,DL,NO,43,0,43,43,NA,carl-granderson.php,NA,NA,11.8,NA,NA,NA,NA,NA,8,Carl Granderson,2026-10-02,NOS
/nfl/rankings/ros-idp.php,redraft-idp,ro,Azeez Al-Shaair,18361,LB,HOU,43,0,43,43,NA,azeez-al-shaair.php,NA,NA,22.1,NA,NA,NA,NA,-41,8,Azeez Al-Shaair,2026-10-02,HOU
/nfl/rankings/ros-idp.php,redraft-idp,ro,Tre'von Moehrig,22699,DB,CAR,44,0,44,44,NA,trevon-moehrig.php,NA,NA,17.6,NA,NA,NA,NA,-36,5,Trevon Moehrig,2026-10-02,CAR
/nfl/rankings/ros-idp.php,redraft-idp,ro,Lukas Van Ness,25291,DL,GB,44,0,44,44,NA,lukas-van-ness.php,NA,NA,12,NA,NA,NA,NA,NA,11,Lukas Van Ness,2026-10-02,GBP
/nfl/rankings/ros-idp.php,redraft-idp,ro,Quinnen Williams,18200,DL,DAL,45,0,45,45,NA,quinnen-williams.php,NA,NA,10.4,NA,NA,NA,NA,NA,14,Quinnen Williams,2026-10-02,DAL
/nfl/rankings/ros-idp.php,redraft-idp,ro,Kaden Elliss,18716,LB,NO,45,0,45,45,NA,kaden-elliss.php,NA,NA,16.8,NA,NA,NA,NA,-56,8,Kaden Elliss,2026-10-02,NOS
/nfl/rankings/ros-idp.php,redraft-idp,ro,Kwity Paye,22682,DL,LV,46,0,46,46,NA,kwity-paye.php,NA,NA,1.8,NA,NA,NA,NA,NA,13,Kwity Paye,2026-10-02,LVR
/nfl/rankings/ros-idp.php,redraft-idp,ro,Daiyan Henley,25436,LB,LAC,46,0,46,46,NA,daiyanhenley.php,NA,NA,24.3,NA,NA,NA,NA,-52,7,Daiyan Henley,2026-10-02,LAC
/nfl/rankings/ros-idp.php,redraft-idp,ro,T.J. Edwards,18281,LB,CHI,47,0,47,47,NA,tj-edwards.php,NA,NA,10.8,NA,NA,NA,NA,-45,10,TJ Edwards,2026-10-02,CHI
/nfl/rankings/ros-idp.php,redraft-idp,ro,Kobie Turner,25283,DL,LAR,47,0,47,47,NA,kobie-turner.php,NA,NA,6.7,NA,NA,NA,NA,NA,11,Kobie Turner,2026-10-02,LAR
/nfl/rankings/ros-idp.php,redraft-idp,ro,Boye Mafe,23736,DL,CIN,48,0,48,48,NA,boye-mafe.php,NA,NA,9.7,NA,NA,NA,NA,NA,6,Boye Mafe,2026-10-02,CIN
/nfl/rankings/ros-idp.php,redraft-idp,ro,Kamari Lassiter,26118,DB,HOU,48,0,48,48,NA,kamari-lassiter.php,NA,NA,23.2,NA,NA,NA,NA,-20,8,Kamari Lassiter,2026-10-02,HOU
/nfl/rankings/ros-idp.php,redraft-idp,ro,Payton Wilson,26183,LB,PIT,49,0,49,49,NA,payton-wilson.php,NA,NA,9.1,NA,NA,NA,NA,-53,9,Payton Wilson,2026-10-02,PIT
/nfl/rankings/ros-idp.php,redraft-idp,ro,Rueben Bain Jr.,28772,DL,TB,49,0,49,49,NA,rueben-bain.php,NA,NA,17.4,NA,NA,NA,NA,NA,10,Rueben Bain,2026-10-02,TBB
/nfl/rankings/ros-idp.php,redraft-idp,ro,Quincy Williams,18679,LB,CLE,50,0,50,50,NA,quincy-williams.php,NA,NA,9.6,NA,NA,NA,NA,-45,11,Quincy Williams,2026-10-02,CLE
/nfl/rankings/ros-idp.php,redraft-idp,ro,Chop Robinson,26105,DL,MIA,50,0,50,50,NA,chop-robinson.php,NA,NA,3.1,NA,NA,NA,NA,NA,6,Chop Robinson,2026-10-02,MIA
/nfl/rankings/ros-idp.php,redraft-idp,ro,Jessie Bates III,17544,DB,ATL,51,0,51,51,NA,jessie-bates-iii.php,NA,NA,12,NA,NA,NA,NA,-46,11,Jessie Bates,2026-10-02,ATL
/nfl/rankings/ros-idp.php,redraft-idp,ro,Jermaine Johnson II,23733,DL,TEN,51,0,51,51,NA,jermaine-johnson.php,NA,NA,1.8,NA,NA,NA,NA,NA,9,Jermaine Johnson,2026-10-02,TEN
/nfl/rankings/ros-idp.php,redraft-idp,ro,DeMarcus Lawrence,12217,DL,SEA,52,0,52,52,NA,demarcus-lawrence.php,NA,NA,8.6,NA,NA,NA,NA,NA,11,DeMarcus Lawrence,2026-10-02,SEA
/nfl/rankings/ros-idp.php,redraft-idp,ro,Alex Singleton,14399,LB,DEN,52,0,52,52,NA,alex-singleton.php,NA,NA,41.1,NA,NA,NA,NA,-69,10,Alex Singleton,2026-10-02,DEN
/nfl/rankings/ros-idp.php,redraft-idp,ro,Dorance Armstrong Jr.,17315,DL,WAS,53,0,53,53,NA,dorance-armstrong-jr.php,NA,NA,3.8,NA,NA,NA,NA,NA,7,Dorance Armstrong,2026-10-02,WAS
/nfl/rankings/ros-idp.php,redraft-idp,ro,Rashan Gary,18209,LB,DAL,54,0,54,54,NA,rashan-gary.php,NA,NA,11.4,NA,NA,NA,NA,NA,14,Rashan Gary,2026-10-02,DAL
/nfl/rankings/ros-idp.php,redraft-idp,ro,Kevin Winston Jr.,27035,DB,TEN,54,0,54,54,NA,kevin-winston-jr.php,NA,NA,7.1,NA,NA,NA,NA,-32,9,Kevin Winston,2026-10-02,TEN
/nfl/rankings/ros-idp.php,redraft-idp,ro,Harold Landry III,17330,LB,NE,55,0,55,55,NA,harold-landry.php,NA,NA,3.9,NA,NA,NA,NA,NA,11,Harold Landry,2026-10-02,NEP
/nfl/rankings/ros-idp.php,redraft-idp,ro,Jordan Battle,23471,DB,CIN,55,0,55,55,NA,jordan-battle.php,NA,NA,20,NA,NA,NA,NA,-53,6,Jordan Battle,2026-10-02,CIN
/nfl/rankings/ros-idp.php,redraft-idp,ro,Jalen Pitre,23721,DB,HOU,56,0,56,56,NA,jalen-pitre.php,NA,NA,14,NA,NA,NA,NA,-48,8,Jalen Pitre,2026-10-02,HOU
/nfl/rankings/ros-idp.php,redraft-idp,ro,Jalyx Hunt,26337,LB,PHI,56,0,56,56,NA,jalyx-hunt.php,NA,NA,4.1,NA,NA,NA,NA,NA,10,Jalyx Hunt,2026-10-02,PHI
/nfl/rankings/ros-idp.php,redraft-idp,ro,Julian Love,18243,DB,SEA,57,0,57,57,NA,julian-love.php,NA,NA,23.1,NA,NA,NA,NA,-40,11,Julian Love,2026-10-02,SEA
/nfl/rankings/ros-idp.php,redraft-idp,ro,Byron Murphy II,26221,DL,SEA,57,0,57,57,NA,byron-murphy-ii.php,NA,NA,5,NA,NA,NA,NA,NA,11,Byron Murphy,2026-10-02,SEA
/nfl/rankings/ros-idp.php,redraft-idp,ro,Eric Wilson,16691,LB,MIN,58,0,58,58,NA,eric-wilson.php,NA,NA,8.9,NA,NA,NA,NA,-30,6,Eric Wilson,2026-10-02,MIN
/nfl/rankings/ros-idp.php,redraft-idp,ro,Ed Oliver,18202,DL,BUF,58,0,58,58,NA,ed-oliver.php,NA,NA,6.1,NA,NA,NA,NA,NA,7,Ed Oliver,2026-10-02,BUF
/nfl/rankings/ros-idp.php,redraft-idp,ro,Kevin Byard III,15635,DB,NE,59,0,59,59,NA,kevin-byard.php,NA,NA,19,NA,NA,NA,NA,-50,11,Kevin Byard,2026-10-02,NEP
/nfl/rankings/ros-idp.php,redraft-idp,ro,Zach Sieler,17548,DL,MIA,59,0,59,59,NA,zach-sieler.php,NA,NA,2.6,NA,NA,NA,NA,NA,6,Zach Sieler,2026-10-02,MIA
/nfl/rankings/ros-idp.php,redraft-idp,ro,Jalen Redmond,25777,DL,MIN,60,0,60,60,NA,jalen-redmond.php,NA,NA,6.1,NA,NA,NA,NA,NA,6,Jalen Redmond,2026-10-02,MIN
/nfl/rankings/ros-idp.php,redraft-idp,ro,Xavier Watts,27067,DB,ATL,60,0,60,60,NA,xavier-watts.php,NA,NA,19.3,NA,NA,NA,NA,-41,11,Xavier Watts,2026-10-02,ATL
/nfl/rankings/ros-idp.php,redraft-idp,ro,Nnamdi Madubuike,19272,DL,BAL,61,0,61,61,NA,justin-madubuike.php,NA,NA,4,NA,NA,NA,NA,NA,13,Nnamdi Madubuike,2026-10-02,BAL
/nfl/rankings/ros-idp.php,redraft-idp,ro,Chamarri Conner,25509,DB,KC,61,0,61,61,NA,chamarri-conner.php,NA,NA,23.8,NA,NA,NA,NA,-60,5,Chamarri Conner,2026-10-02,KCC
/nfl/rankings/ros-idp.php,redraft-idp,ro,Tremaine Edmunds,17342,LB,NYG,62,0,62,62,NA,tremaine-edmunds.php,NA,NA,18.4,NA,NA,NA,NA,-80,8,Tremaine Edmunds,2026-10-02,NYG
/nfl/rankings/ros-idp.php,redraft-idp,ro,Jordan Davis,22761,DL,PHI,62,0,62,62,NA,jordan-davis.php,NA,NA,5.4,NA,NA,NA,NA,NA,10,Jordan Davis,2026-10-02,PHI
/nfl/rankings/ros-idp.php,redraft-idp,ro,Dre'Mont Jones,18212,DL,NE,63,0,63,63,NA,dremont-jones.php,NA,NA,1.7,NA,NA,NA,NA,NA,11,DreMont Jones,2026-10-02,NEP
/nfl/rankings/ros-idp.php,redraft-idp,ro,Devin Bush Jr.,18237,LB,CHI,63,0,63,63,NA,devin-bush.php,NA,NA,27.4,NA,NA,NA,NA,-72,10,Devin Bush,2026-10-02,CHI
/nfl/rankings/ros-idp.php,redraft-idp,ro,Akeem Davis-Gaither,19261,LB,IND,64,0,64,64,NA,akeem-davis-gaither.php,NA,NA,10.5,NA,NA,NA,NA,-53,13,Akeem Davis-Gaither,2026-10-02,IND
/nfl/rankings/ros-idp.php,redraft-idp,ro,Mason Graham,27010,DL,CLE,64,0,64,64,NA,mason-graham.php,NA,NA,14.9,NA,NA,NA,NA,NA,11,Mason Graham,2026-10-02,CLE
/nfl/rankings/ros-idp.php,redraft-idp,ro,Alontae Taylor,23747,DB,TEN,65,0,65,65,NA,alontae-taylor.php,NA,NA,8.7,NA,NA,NA,NA,NA,9,Alontae Taylor,2026-10-02,TEN
/nfl/rankings/ros-idp.php,redraft-idp,ro,Jalen Carter,24703,DL,PHI,65,0,65,65,NA,jalen-carter.php,NA,NA,15.1,NA,NA,NA,NA,NA,10,Jalen Carter,2026-10-02,PHI
/nfl/rankings/ros-idp.php,redraft-idp,ro,Chris Jones,15620,DL,KC,66,0,66,66,NA,chris-jones-dl.php,NA,NA,5.6,NA,NA,NA,NA,NA,5,Chris Jones,2026-10-02,KCC
/nfl/rankings/ros-idp.php,redraft-idp,ro,Christian Elliss,23367,LB,NE,66,0,66,66,NA,christian-elliss.php,NA,NA,13.2,NA,NA,NA,NA,-46,11,Christian Elliss,2026-10-02,NEP
/nfl/rankings/ros-idp.php,redraft-idp,ro,Josh Sweat,17363,DL,ARI,67,0,67,67,NA,josh-sweat.php,NA,NA,2.9,NA,NA,NA,NA,NA,14,Josh Sweat,2026-10-02,ARI
/nfl/rankings/ros-idp.php,redraft-idp,ro,Barrett Carter,26108,LB,CIN,67,0,67,67,NA,barrett-carter.php,NA,NA,11.6,NA,NA,NA,NA,-84,6,Barrett Carter,2026-10-02,CIN
/nfl/rankings/ros-idp.php,redraft-idp,ro,Will McDonald IV,25254,DL,NYJ,68,0,68,68,NA,will-mcdonald-iv.php,NA,NA,2.6,NA,NA,NA,NA,NA,13,Will McDonald,2026-10-02,NYJ
/nfl/rankings/ros-idp.php,redraft-idp,ro,Demetrius Knight Jr.,27299,LB,CIN,68,0,68,68,NA,demetrius-knight-jr.php,NA,NA,37.5,NA,NA,NA,NA,-65,6,Demetrius Knight,2026-10-02,CIN
/nfl/rankings/ros-idp.php,redraft-idp,ro,Xavier McKinney,19216,DB,GB,69,0,69,69,NA,xavier-mckinney.php,NA,NA,20,NA,NA,NA,NA,-65,11,Xavier McKinney,2026-10-02,GBP
/nfl/rankings/ros-idp.php,redraft-idp,ro,Jonah Elliss,26157,LB,DEN,69,0,69,69,NA,jonah-elliss.php,NA,NA,0.8,NA,NA,NA,NA,NA,10,Jonah Elliss,2026-10-02,DEN
/nfl/rankings/ros-idp.php,redraft-idp,ro,Minkah Fitzpatrick,17278,DB,NYJ,71,0,71,71,NA,minkah-fitzpatrick.php,NA,NA,4.9,NA,NA,NA,NA,-48,13,Minkah Fitzpatrick,2026-10-02,NYJ
/nfl/rankings/ros-idp.php,redraft-idp,ro,Bobby Okereke,18678,LB,CAR,72,0,72,72,NA,bobby-okereke.php,NA,NA,11.3,NA,NA,NA,NA,-58,5,Bobby Okereke,2026-10-02,CAR
/nfl/rankings/ros-idp.php,redraft-idp,ro,Jalen Thompson,19108,DB,DAL,73,0,73,73,NA,jalen-thompson.php,NA,NA,7.5,NA,NA,NA,NA,-47,14,Jalen Thompson,2026-10-02,DAL
/nfl/rankings/ros-idp.php,redraft-idp,ro,Dillon Thieneman,27967,DB,CHI,74,0,74,74,NA,dillon-thieneman.php,NA,NA,35.4,NA,NA,NA,NA,-59,10,Dillon Thieneman,2026-10-02,CHI
/nfl/rankings/ros-idp.php,redraft-idp,ro,Malaki Starks,27017,DB,BAL,75,0,75,75,NA,malaki-starks.php,NA,NA,27.5,NA,NA,NA,NA,-46,13,Malaki Starks,2026-10-02,BAL
/nfl/rankings/ros-idp.php,redraft-idp,ro,Budda Baker,16733,DB,ARI,76,0,76,76,NA,budda-baker.php,NA,NA,42.7,NA,NA,NA,NA,-84,14,Budda Baker,2026-10-02,ARI
/nfl/rankings/ros-idp.php,redraft-idp,ro,Pete Werner,22809,LB,NO,77,0,77,77,NA,pete-werner.php,NA,NA,4.9,NA,NA,NA,NA,-53,8,Pete Werner,2026-10-02,NOS
/nfl/rankings/ros-idp.php,redraft-idp,ro,Riley Moss,25459,DB,DEN,78,0,78,78,NA,riley-moss.php,NA,NA,3.3,NA,NA,NA,NA,-47,10,Riley Moss,2026-10-02,DEN
/nfl/rankings/ros-idp.php,redraft-idp,ro,Brian Branch,25235,DB,DET,79,0,79,79,NA,brian-branch.php,NA,NA,18.5,NA,NA,NA,NA,-47,6,Brian Branch,2026-10-02,DET
/nfl/rankings/ros-idp.php,redraft-idp,ro,Dre Greenlaw,18310,LB,SF,81,0,81,81,NA,dre-greenlaw.php,NA,NA,4.1,NA,NA,NA,NA,-61,8,Dre Greenlaw,2026-10-02,SFO
/nfl/rankings/ros-idp.php,redraft-idp,ro,Jack Gibbens,24690,LB,ARI,83,0,83,83,NA,jack-gibbens.php,NA,NA,6.1,NA,NA,NA,NA,-54,14,Jack Gibbens,2026-10-02,ARI
/nfl/rankings/ros-idp.php,redraft-idp,ro,Dorian Williams,25453,LB,BUF,84,0,84,84,NA,dorian-williams.php,NA,NA,2.3,NA,NA,NA,NA,-45,7,Dorian Williams,2026-10-02,BUF
/nfl/rankings/ros-k.php,redraft-k,rp,Brandon Aubrey,26068,K,DAL,1,0,1,1,NA,brandon-aubrey.php,NA,NA,99.1,NA,NA,NA,NA,NA,14,Brandon Aubrey,2026-10-02,DAL
/nfl/rankings/ros-k.php,redraft-k,rp,Ka'imi Fairbairn,15756,K,HOU,2.6,0.8,2,4,NA,kaimi-fairbairn.php,NA,NA,91.2,NA,NA,NA,NA,NA,8,Kaimi Fairbairn,2026-10-02,HOU
/nfl/rankings/ros-k.php,redraft-k,rp,Cam Little,26475,K,JAC,5,2.53,3,10,NA,cam-little.php,NA,NA,86.2,NA,NA,NA,NA,NA,7,Cam Little,2026-10-02,JAC
/nfl/rankings/ros-k.php,redraft-k,rp,Jason Myers,14003,K,SEA,5.2,1.72,3,8,NA,jason-myers.php,NA,NA,90.5,NA,NA,NA,NA,NA,11,Jason Myers,2026-10-02,SEA
/nfl/rankings/ros-k.php,redraft-k,rp,Eddy Pineiro,17575,K,SF,7.6,3.72,5,15,NA,eddy-pineiro.php,NA,NA,55.4,NA,NA,NA,NA,NA,8,Eddy Pineiro,2026-10-02,SFO
/nfl/rankings/ros-k.php,redraft-k,rp,Evan McPherson,23297,K,CIN,8.2,4.07,3,15,NA,evan-mcpherson.php,NA,NA,63.3,NA,NA,NA,NA,2,6,Evan McPherson,2026-10-02,CIN
/nfl/rankings/ros-k.php,redraft-k,rp,Tyler Loop,27534,K,BAL,9.8,2.23,8,14,NA,tyler-loop.php,NA,NA,66.2,NA,NA,NA,NA,2,13,Tyler Loop,2026-10-02,BAL
/nfl/rankings/ros-k.php,redraft-k,rp,Cameron Dicker,23901,K,LAC,10.4,4.88,5,19,NA,cameron-dicker.php,NA,NA,83.3,NA,NA,NA,NA,-2,7,Cameron Dicker,2026-10-02,LAC
/nfl/rankings/ros-k.php,redraft-k,rp,Harrison Mevis,26638,K,LAR,11.6,3.77,9,19,NA,harrison-mevis.php,NA,NA,65.9,NA,NA,NA,NA,NA,11,Harrison Mevis,2026-10-02,LAR
/nfl/rankings/ros-k.php,redraft-k,rp,Cairo Santos,13731,K,CHI,11.8,4.87,7,21,NA,cairo-santos.php,NA,NA,24.6,NA,NA,NA,NA,NA,10,Cairo Santos,2026-10-02,CHI
/nfl/rankings/ros-k.php,redraft-k,rp,Harrison Butker,16712,K,KC,11.8,2.56,8,16,NA,harrison-butker.php,NA,NA,59.6,NA,NA,NA,NA,NA,5,Harrison Butker,2026-10-02,KCC
/nfl/rankings/ros-k.php,redraft-k,rp,Tyler Bass,19760,K,BUF,13.6,4.22,6,19,NA,tyler-bass.php,NA,NA,13.2,NA,NA,NA,NA,2,7,Tyler Bass,2026-10-02,BUF
/nfl/rankings/ros-k.php,redraft-k,rp,Jake Bates,26075,K,DET,14,2.1,12,17,NA,jake-bates.php,NA,NA,61.5,NA,NA,NA,NA,NA,6,Jake Bates,2026-10-02,DET
/nfl/rankings/ros-k.php,redraft-k,rp,Chase McLaughlin,19058,K,TB,14.4,3.44,11,21,NA,chase-mclaughlin.php,NA,NA,22.3,NA,NA,NA,NA,-5,10,Chase McLaughlin,2026-10-02,TBB
/nfl/rankings/ros-k.php,redraft-k,rp,Will Reichard,26341,K,MIN,15.2,1.83,13,17,NA,will-reichard.php,NA,NA,51.3,NA,NA,NA,NA,NA,6,Will Reichard,2026-10-02,MIN
/nfl/rankings/ros-k.php,redraft-k,rp,Chris Boswell,13029,K,PIT,16.2,5.19,11,26,NA,chris-boswell.php,NA,NA,34.8,NA,NA,NA,NA,NA,9,Chris Boswell,2026-10-02,PIT
/nfl/rankings/ros-k.php,redraft-k,rp,Andy Borregales,27291,K,NE,17.8,2.23,14,20,NA,andres-borregales.php,NA,NA,7.5,NA,NA,NA,NA,4,11,Andy Borregales,2026-10-02,NEP
/nfl/rankings/ros-k.php,redraft-k,rp,Trey Smack,28507,K,GB,18.8,4.4,15,27,NA,trey-smack.php,NA,NA,17,NA,NA,NA,NA,NA,11,Trey Smack,2026-10-02,GBP
/nfl/rankings/ros-k.php,redraft-k,rp,Ryan Fitzgerald,27261,K,CAR,19.4,2.87,14,22,NA,ryan-fitzgerald.php,NA,NA,2.1,NA,NA,NA,NA,NA,5,Ryan Fitzgerald,2026-10-02,CAR
/nfl/rankings/ros-k.php,redraft-k,rp,Wil Lutz,16026,K,DEN,19.6,3.26,17,26,NA,wil-lutz.php,NA,NA,8.6,NA,NA,NA,NA,NA,10,Wil Lutz,2026-10-02,DEN
/nfl/rankings/ros-k.php,redraft-k,rp,Daniel Carlson,17420,K,NO,19.6,1.85,17,22,NA,daniel-carlson.php,NA,NA,3.5,NA,NA,NA,NA,NA,8,Daniel Carlson,2026-10-02,NOS
/nfl/rankings/ros-k.php,redraft-k,rp,Spencer Shrader,26763,K,IND,20.8,3.19,16,24,NA,spencer-shrader.php,NA,NA,21.5,NA,NA,NA,NA,NA,13,Spencer Shrader,2026-10-02,IND
/nfl/rankings/ros-k.php,redraft-k,rp,Matt Gay,18545,K,LV,21.6,6.92,9,29,NA,matt-gay.php,NA,NA,11.6,NA,NA,NA,NA,6,13,Matt Gay,2026-10-02,LVR
/nfl/rankings/ros-k.php,redraft-k,rp,Jake Elliott,16540,K,PHI,22,1.26,20,24,NA,jake-elliott.php,NA,NA,7,NA,NA,NA,NA,-4,10,Jake Elliott,2026-10-02,PHI
/nfl/rankings/ros-k.php,redraft-k,rp,Chad Ryland,25354,K,ARI,24.8,1.72,23,28,NA,chad-ryland.php,NA,NA,1.2,NA,NA,NA,NA,NA,14,Chad Ryland,2026-10-02,ARI
/nfl/rankings/ros-k.php,redraft-k,rp,Nick Folk,9491,K,ATL,25.8,1.72,23,28,NA,nick-folk.php,NA,NA,2.4,NA,NA,NA,NA,NA,11,Nick Folk,2026-10-02,ATL
/nfl/rankings/ros-k.php,redraft-k,rp,Drew Stevens,28175,K,WAS,26.6,2.24,23,29,NA,drew-stevens.php,NA,NA,0.9,NA,NA,NA,NA,NA,7,Drew Stevens,2026-10-02,WAS
/nfl/rankings/ros-k.php,redraft-k,rp,Dominic Zvada,28176,K,NYG,28,1.79,26,31,NA,dominic-zvada.php,NA,NA,1.7,NA,NA,NA,NA,NA,8,Dominic Zvada,2026-10-02,NYG
/nfl/rankings/ros-k.php,redraft-k,rp,Joey Slye,19028,K,TEN,28,1.41,26,30,NA,joey-slye.php,NA,NA,0.8,NA,NA,NA,NA,-3,9,Joey Slye,2026-10-02,TEN
/nfl/rankings/ros-k.php,redraft-k,rp,Jason Sanders,17533,K,NYJ,30.25,3.63,24,33,NA,jason-sanders.php,NA,NA,0.7,NA,NA,NA,NA,NA,13,Jason Sanders,2026-10-02,NYJ
/nfl/rankings/ros-k.php,redraft-k,rp,Andre Szmyt,25713,K,CLE,31.75,2.49,30,36,NA,andre-szmyt.php,NA,NA,0.8,NA,NA,NA,NA,5,11,Andre Szmyt,2026-10-02,CLE
/nfl/rankings/ros-k.php,redraft-k,rp,Riley Patterson,23370,K,MIA,31.5,1.8,29,34,NA,riley-patterson.php,NA,NA,0.8,NA,NA,NA,NA,NA,6,Riley Patterson,2026-10-02,MIA
/nfl/rankings/ros-k.php,redraft-k,rp,Blake Grupe,25533,K,NYJ,30,0,30,30,NA,blake-grupe.php,NA,NA,0.6,NA,NA,NA,NA,NA,13,Blake Grupe,2026-10-02,NYJ
/nfl/rankings/ros-k.php,redraft-k,rp,Zane Gonzalez,16548,K,FA,31,0,31,31,NA,zane-gonzalez.php,NA,NA,3.6,NA,NA,NA,NA,NA,NA,Zane Gonzalez,2026-10-02,FA
/nfl/rankings/ros-k.php,redraft-k,rp,Charlie Smyth,26444,K,NO,32,0,32,32,NA,charlie-smyth.php,NA,NA,0.6,NA,NA,NA,NA,NA,8,Charlie Smyth,2026-10-02,NOS
/nfl/rankings/ros-k.php,redraft-k,rp,Brandon McManus,13274,K,FA,35,0,35,35,NA,brandon-mcmanus.php,NA,NA,1.1,NA,NA,NA,NA,NA,NA,Brandon McManus,2026-10-02,FA
/nfl/rankings/ros-k.php,redraft-k,rp,Jake Moody,24009,K,FA,37,0,37,37,NA,jake-moody.php,NA,NA,1.5,NA,NA,NA,NA,NA,NA,Jake Moody,2026-10-02,FA
/nfl/rankings/ros-k.php,redraft-k,rp,Ben Sauls,27798,K,FA,38,0,38,38,NA,ben-sauls.php,NA,NA,0.6,NA,NA,NA,NA,NA,NA,Ben Sauls,2026-10-02,FA
/nfl/rankings/ros-lb.php,redraft-lb,rp,Roquan Smith,17311,LB,BAL,2.67,0.47,2,3,NA,roquan-smith.php,NA,NA,88,NA,NA,NA,NA,NA,13,Roquan Smith,2026-10-02,BAL
/nfl/rankings/ros-lb.php,redraft-lb,rp,Devin Lloyd,23710,LB,CAR,4.33,4.03,1,10,NA,devin-lloyd.php,NA,NA,53.8,NA,NA,NA,NA,4,5,Devin Lloyd,2026-10-02,CAR
/nfl/rankings/ros-lb.php,redraft-lb,rp,Jordyn Brooks,19292,LB,MIA,5,2.94,1,8,NA,jordyn-brooks.php,NA,NA,71,NA,NA,NA,NA,-1,6,Jordyn Brooks,2026-10-02,MIA
/nfl/rankings/ros-lb.php,redraft-lb,rp,Ernest Jones IV,23245,LB,SEA,5,1.41,3,6,NA,ernest-jones.php,NA,NA,48.4,NA,NA,NA,NA,NA,11,Ernest Jones,2026-10-02,SEA
/nfl/rankings/ros-lb.php,redraft-lb,rp,Jack Campbell,25435,LB,DET,5.33,1.25,4,7,NA,jack-campbell.php,NA,NA,85.4,NA,NA,NA,NA,-2,6,Jack Campbell,2026-10-02,DET
/nfl/rankings/ros-lb.php,redraft-lb,rp,Carson Schwesinger,27236,LB,CLE,7.33,4.5,2,13,NA,carson-schwesinger.php,NA,NA,76.4,NA,NA,NA,NA,-1,11,Carson Schwesinger,2026-10-02,CLE
/nfl/rankings/ros-lb.php,redraft-lb,rp,Fred Warner,17526,LB,SF,7.33,4.03,4,13,NA,fred-warner.php,NA,NA,90.7,NA,NA,NA,NA,2,8,Fred Warner,2026-10-02,SFO
/nfl/rankings/ros-lb.php,redraft-lb,rp,Blake Cashman,18421,LB,MIN,7.67,4.5,4,14,NA,blake-cashman.php,NA,NA,58.1,NA,NA,NA,NA,NA,6,Blake Cashman,2026-10-02,MIN
/nfl/rankings/ros-lb.php,redraft-lb,rp,Jacob Rodriguez,28195,LB,MIA,8.33,6.13,1,16,NA,jacob-rodriguez.php,NA,NA,19.8,NA,NA,NA,NA,NA,6,Jacob Rodriguez,2026-10-02,MIA
/nfl/rankings/ros-lb.php,redraft-lb,rp,Nick Bolton,22689,LB,KC,10,1.63,8,12,NA,nick-bolton.php,NA,NA,80.4,NA,NA,NA,NA,2,5,Nick Bolton,2026-10-02,KCC
/nfl/rankings/ros-lb.php,redraft-lb,rp,Zack Baun,19238,LB,PHI,12.33,2.36,9,14,NA,zack-baun.php,NA,NA,66,NA,NA,NA,NA,2,10,Zack Baun,2026-10-02,PHI
/nfl/rankings/ros-lb.php,redraft-lb,rp,Foyesade Oluokun,17607,LB,JAC,12.67,2.05,10,15,NA,foyesade-oluokun.php,NA,NA,67,NA,NA,NA,NA,-4,7,Foyesade Oluokun,2026-10-02,JAC
/nfl/rankings/ros-lb.php,redraft-lb,rp,Nakobe Dean,23702,LB,LV,15.33,2.49,12,18,NA,nakobe-dean.php,NA,NA,81.3,NA,NA,NA,NA,2,13,Nakobe Dean,2026-10-02,LVR
/nfl/rankings/ros-lb.php,redraft-lb,rp,Nate Landman,24674,LB,LAR,15.67,0.94,15,17,NA,nathan-landman.php,NA,NA,36.6,NA,NA,NA,NA,-3,11,Nate Landman,2026-10-02,LAR
/nfl/rankings/ros-lb.php,redraft-lb,rp,Quay Walker,23729,LB,LV,16.67,3.4,12,20,NA,quay-walker.php,NA,NA,38,NA,NA,NA,NA,NA,13,Quay Walker,2026-10-02,LVR
/nfl/rankings/ros-lb.php,redraft-lb,rp,Josiah Trotter,28077,LB,TB,18.67,5.44,11,23,NA,josiah-trotter.php,NA,NA,23,NA,NA,NA,NA,7,10,Josiah Trotter,2026-10-02,TBB
/nfl/rankings/ros-lb.php,redraft-lb,rp,Alex Singleton,14399,LB,DEN,19,11.31,11,35,NA,alex-singleton.php,NA,NA,41.1,NA,NA,NA,NA,NA,10,Alex Singleton,2026-10-02,DEN
/nfl/rankings/ros-lb.php,redraft-lb,rp,Robert Spillane,18103,LB,NE,19,0,19,19,NA,robert-spillane.php,NA,NA,25.2,NA,NA,NA,NA,NA,11,Robert Spillane,2026-10-02,NEP
/nfl/rankings/ros-lb.php,redraft-lb,rp,Edgerrin Cooper,26137,LB,GB,20.67,0.47,20,21,NA,edgerrin-cooper.php,NA,NA,38,NA,NA,NA,NA,NA,11,Edgerrin Cooper,2026-10-02,GBP
/nfl/rankings/ros-lb.php,redraft-lb,rp,Kaden Elliss,18716,LB,NO,21,6.38,16,30,NA,kaden-elliss.php,NA,NA,16.8,NA,NA,NA,NA,NA,8,Kaden Elliss,2026-10-02,NOS
/nfl/rankings/ros-lb.php,redraft-lb,rp,Jihaad Campbell,27051,LB,PHI,22,2.83,18,24,NA,jihaad-campbell.php,NA,NA,20.3,NA,NA,NA,NA,6,10,Jihaad Campbell,2026-10-02,PHI
/nfl/rankings/ros-lb.php,redraft-lb,rp,Zaire Franklin,17563,LB,GB,26,6.98,17,34,NA,zaire-franklin.php,NA,NA,21.3,NA,NA,NA,NA,NA,11,Zaire Franklin,2026-10-02,GBP
/nfl/rankings/ros-lb.php,redraft-lb,rp,Azeez Al-Shaair,18361,LB,HOU,26.33,2.05,24,29,NA,azeez-al-shaair.php,NA,NA,22.1,NA,NA,NA,NA,6,8,Azeez Al-Shaair,2026-10-02,HOU
/nfl/rankings/ros-lb.php,redraft-lb,rp,Anthony Hill Jr.,27954,LB,TEN,29.33,28.76,9,70,NA,anthony-hill-jr.php,NA,NA,22.3,NA,NA,NA,NA,13,9,Anthony Hill,2026-10-02,TEN
/nfl/rankings/ros-lb.php,redraft-lb,rp,Sonny Styles,27216,LB,WAS,29.33,6.24,21,36,NA,sonny-styles.php,NA,NA,48.1,NA,NA,NA,NA,NA,7,Sonny Styles,2026-10-02,WAS
/nfl/rankings/ros-lb.php,redraft-lb,rp,Tremaine Edmunds,17342,LB,NYG,29.33,6.13,25,38,NA,tremaine-edmunds.php,NA,NA,18.4,NA,NA,NA,NA,NA,8,Tremaine Edmunds,2026-10-02,NYG
/nfl/rankings/ros-lb.php,redraft-lb,rp,Barrett Carter,26108,LB,CIN,29.67,9.18,20,42,NA,barrett-carter.php,NA,NA,11.6,NA,NA,NA,NA,-3,6,Barrett Carter,2026-10-02,CIN
/nfl/rankings/ros-lb.php,redraft-lb,rp,Jamien Sherwood,23194,LB,NYJ,30,2.83,26,32,NA,jamien-sherwood.php,NA,NA,30.8,NA,NA,NA,NA,-7,13,Jamien Sherwood,2026-10-02,NYJ
/nfl/rankings/ros-lb.php,redraft-lb,rp,Daiyan Henley,25436,LB,LAC,30.67,2.05,28,33,NA,daiyanhenley.php,NA,NA,24.3,NA,NA,NA,NA,NA,7,Daiyan Henley,2026-10-02,LAC
/nfl/rankings/ros-lb.php,redraft-lb,rp,Akeem Davis-Gaither,19261,LB,IND,32.33,5.44,28,40,NA,akeem-davis-gaither.php,NA,NA,10.5,NA,NA,NA,NA,8,13,Akeem Davis-Gaither,2026-10-02,IND
/nfl/rankings/ros-lb.php,redraft-lb,rp,Arvell Reese,28053,LB,NYG,32.67,7.72,22,40,NA,arvell-reese.php,NA,NA,26.6,NA,NA,NA,NA,10,8,Arvell Reese,2026-10-02,NYG
/nfl/rankings/ros-lb.php,redraft-lb,rp,Drake Thomas,25905,LB,SEA,33.67,11.12,23,49,NA,drake-thomas.php,NA,NA,8.3,NA,NA,NA,NA,8,11,Drake Thomas,2026-10-02,SEA
/nfl/rankings/ros-lb.php,redraft-lb,rp,T.J. Edwards,18281,LB,CHI,34.33,2.62,32,38,NA,tj-edwards.php,NA,NA,10.8,NA,NA,NA,NA,NA,10,TJ Edwards,2026-10-02,CHI
/nfl/rankings/ros-lb.php,redraft-lb,rp,Terrel Bernard,23772,LB,BUF,35.67,15.84,23,58,NA,terrel-bernard.php,NA,NA,23.4,NA,NA,NA,NA,NA,7,Terrel Bernard,2026-10-02,BUF
/nfl/rankings/ros-lb.php,redraft-lb,rp,Cedric Gray,26168,LB,TEN,36,21.65,7,59,NA,cedric-gray.php,NA,NA,26.2,NA,NA,NA,NA,-17,9,Cedric Gray,2026-10-02,TEN
/nfl/rankings/ros-lb.php,redraft-lb,rp,Demetrius Knight Jr.,27299,LB,CIN,36.33,5.31,30,43,NA,demetrius-knight-jr.php,NA,NA,37.5,NA,NA,NA,NA,NA,6,Demetrius Knight,2026-10-02,CIN
/nfl/rankings/ros-lb.php,redraft-lb,rp,Eric Wilson,16691,LB,MIN,37.67,0.94,37,39,NA,eric-wilson.php,NA,NA,8.9,NA,NA,NA,NA,6,6,Eric Wilson,2026-10-02,MIN
/nfl/rankings/ros-lb.php,redraft-lb,rp,Devin Bush Jr.,18237,LB,CHI,38.67,1.25,37,40,NA,devin-bush.php,NA,NA,27.4,NA,NA,NA,NA,-6,10,Devin Bush,2026-10-02,CHI
/nfl/rankings/ros-lb.php,redraft-lb,rp,T.J. Watt,16469,LB,PIT,39.33,8.73,27,46,NA,tj-watt.php,NA,NA,67.2,NA,NA,NA,NA,-5,9,TJ Watt,2026-10-02,PIT
/nfl/rankings/ros-lb.php,redraft-lb,rp,Christian Elliss,23367,LB,NE,40,1.41,38,41,NA,christian-elliss.php,NA,NA,13.2,NA,NA,NA,NA,6,11,Christian Elliss,2026-10-02,NEP
/nfl/rankings/ros-lb.php,redraft-lb,rp,Payton Wilson,26183,LB,PIT,40.33,5.19,33,44,NA,payton-wilson.php,NA,NA,9.1,NA,NA,NA,NA,-10,9,Payton Wilson,2026-10-02,PIT
/nfl/rankings/ros-lb.php,redraft-lb,rp,Quincy Williams,18679,LB,CLE,41.33,5.44,34,47,NA,quincy-williams.php,NA,NA,9.6,NA,NA,NA,NA,-7,11,Quincy Williams,2026-10-02,CLE
/nfl/rankings/ros-lb.php,redraft-lb,rp,Patrick Queen,19421,LB,PIT,41.67,12.36,31,59,NA,patrick-queen.php,NA,NA,14.5,NA,NA,NA,NA,NA,9,Patrick Queen,2026-10-02,PIT
/nfl/rankings/ros-lb.php,redraft-lb,rp,Demario Davis,11293,LB,NYJ,42.67,14.52,30,63,NA,demario-davis.php,NA,NA,12.4,NA,NA,NA,NA,NA,13,Demario Davis,2026-10-02,NYJ
/nfl/rankings/ros-lb.php,redraft-lb,rp,Divine Deablo,23208,LB,ATL,46.33,14.06,34,66,NA,divine-deablo.php,NA,NA,17.4,NA,NA,NA,NA,NA,11,Divine Deablo,2026-10-02,ATL
/nfl/rankings/ros-lb.php,redraft-lb,rp,Dre Greenlaw,18310,LB,SF,48,0,48,48,NA,dre-greenlaw.php,NA,NA,4.1,NA,NA,NA,NA,NA,8,Dre Greenlaw,2026-10-02,SFO
/nfl/rankings/ros-lb.php,redraft-lb,rp,Ventrell Miller,23477,LB,JAC,49.33,19.22,25,72,NA,ventrell-miller.php,NA,NA,15.8,NA,NA,NA,NA,7,7,Ventrell Miller,2026-10-02,JAC
/nfl/rankings/ros-lb.php,redraft-lb,rp,Mack Wilson Sr.,18251,LB,ARI,49.33,7.59,43,60,NA,mack-wilson.php,NA,NA,6.4,NA,NA,NA,NA,NA,14,Mack Wilson,2026-10-02,ARI
/nfl/rankings/ros-lb.php,redraft-lb,rp,Jack Gibbens,24690,LB,ARI,49.67,0.47,49,50,NA,jack-gibbens.php,NA,NA,6.1,NA,NA,NA,NA,NA,14,Jack Gibbens,2026-10-02,ARI
/nfl/rankings/ros-lb.php,redraft-lb,rp,Bobby Okereke,18678,LB,CAR,50,3.74,45,54,NA,bobby-okereke.php,NA,NA,11.3,NA,NA,NA,NA,NA,5,Bobby Okereke,2026-10-02,CAR
/nfl/rankings/ros-lb.php,redraft-lb,rp,Greg Rousseau,19787,DL,BUF,50.67,16.05,28,63,NA,gregory-rousseau.php,NA,NA,61.7,NA,NA,NA,NA,32,7,Gregory Rousseau,2026-10-02,BUF
/nfl/rankings/ros-lb.php,redraft-lb,rp,Danielle Hunter,14036,DL,HOU,52.67,6.18,44,58,NA,danielle-hunter.php,NA,NA,39.7,NA,NA,NA,NA,-7,8,Danielle Hunter,2026-10-02,HOU
/nfl/rankings/ros-lb.php,redraft-lb,rp,Drue Tranquill,18459,LB,KC,53.33,9.67,46,67,NA,drue-tranquill.php,NA,NA,16.8,NA,NA,NA,NA,NA,5,Drue Tranquill,2026-10-02,KCC
/nfl/rankings/ros-lb.php,redraft-lb,rp,Dallas Turner,26097,DL,MIN,55.33,5.91,47,60,NA,dallas-turner.php,NA,NA,38.8,NA,NA,NA,NA,20,6,Dallas Turner,2026-10-02,MIN
/nfl/rankings/ros-lb.php,redraft-lb,rp,Dee Winters,25579,LB,DAL,56.33,24.28,22,74,NA,dee-winters.php,NA,NA,4.6,NA,NA,NA,NA,NA,14,Dee Winters,2026-10-02,DAL
/nfl/rankings/ros-lb.php,redraft-lb,rp,Alex Anzalone,16720,LB,TB,56.67,4.11,52,62,NA,alex-anzalone.php,NA,NA,9.7,NA,NA,NA,NA,NA,10,Alex Anzalone,2026-10-02,TBB
/nfl/rankings/ros-lb.php,redraft-lb,rp,Frankie Luvu,17963,LB,WAS,57,5.72,52,65,NA,frankie-luvu.php,NA,NA,5.7,NA,NA,NA,NA,NA,7,Frankie Luvu,2026-10-02,WAS
/nfl/rankings/ros-lb.php,redraft-lb,rp,DeMarvion Overshown,25314,LB,DAL,58.33,9.74,50,72,NA,demarvion-overshown.php,NA,NA,7.7,NA,NA,NA,NA,NA,14,DeMarvion Overshown,2026-10-02,DAL
/nfl/rankings/ros-lb.php,redraft-lb,rp,Abdul Carter,27022,DL,NYG,59.67,3.4,55,63,NA,abdul-carter.php,NA,NA,21.4,NA,NA,NA,NA,NA,8,Abdul Carter,2026-10-02,NYG
/nfl/rankings/ros-lb.php,redraft-lb,rp,Myles Garrett,16370,DL,LAR,60,7.87,49,67,NA,myles-garrett.php,NA,NA,61.5,NA,NA,NA,NA,-9,11,Myles Garrett,2026-10-02,LAR
/nfl/rankings/ros-lb.php,redraft-lb,rp,Dorian Williams,25453,LB,BUF,60,11.34,51,76,NA,dorian-williams.php,NA,NA,2.3,NA,NA,NA,NA,NA,7,Dorian Williams,2026-10-02,BUF
/nfl/rankings/ros-lb.php,redraft-lb,rp,Byron Young,25449,DL,LAR,60.67,6.18,52,66,NA,byron-young-edge.php,NA,NA,28.3,NA,NA,NA,NA,NA,11,Byron Young,2026-10-02,LAR
/nfl/rankings/ros-lb.php,redraft-lb,rp,Nik Bonitto,23763,DL,DEN,63.67,6.85,54,69,NA,nik-bonitto.php,NA,NA,34.2,NA,NA,NA,NA,NA,10,Nik Bonitto,2026-10-02,DEN
/nfl/rankings/ros-lb.php,redraft-lb,rp,Derrick Barnes,23210,LB,DET,41.5,0.5,41,42,NA,derrick-barnes.php,NA,NA,16,NA,NA,NA,NA,NA,6,Derrick Barnes,2026-10-02,DET
/nfl/rankings/ros-lb.php,redraft-lb,rp,Pete Werner,22809,LB,NO,67,15.51,46,83,NA,pete-werner.php,NA,NA,4.9,NA,NA,NA,NA,NA,8,Pete Werner,2026-10-02,NOS
/nfl/rankings/ros-lb.php,redraft-lb,rp,Micah Parsons,19784,LB,GB,67.67,11.15,53,80,NA,micah-parsons.php,NA,NA,32.1,NA,NA,NA,NA,NA,11,Micah Parsons,2026-10-02,GBP
/nfl/rankings/ros-lb.php,redraft-lb,rp,Cody Barton,18542,LB,TEN,71.67,7.72,61,79,NA,cody-barton.php,NA,NA,2.5,NA,NA,NA,NA,NA,9,Cody Barton,2026-10-02,TEN
/nfl/rankings/ros-lb.php,redraft-lb,rp,CJ Allen,27970,LB,IND,71.67,6.55,64,80,NA,cj-allen.php,NA,NA,10.9,NA,NA,NA,NA,NA,13,CJ Allen,2026-10-02,IND
/nfl/rankings/ros-lb.php,redraft-lb,rp,Jaishawn Barham,28200,LB,DAL,55,0,55,55,NA,jaishawn-barham.php,NA,NA,7.5,NA,NA,NA,NA,NA,14,Jaishawn Barham,2026-10-02,DAL
/nfl/rankings/ros-lb.php,redraft-lb,rp,Brian Burns,18223,DL,NYG,57,1,56,58,NA,brian-burns.php,NA,NA,41.3,NA,NA,NA,NA,-14,8,Brian Burns,2026-10-02,NYG
/nfl/rankings/ros-lb.php,redraft-lb,rp,Andrew Van Ginkel,18573,LB,MIN,57,0,57,57,NA,andrew-van-ginkel.php,NA,NA,51.6,NA,NA,NA,NA,NA,6,Andrew Van Ginkel,2026-10-02,MIN
/nfl/rankings/ros-lb.php,redraft-lb,rp,Trenton Simpson,24716,LB,BAL,74.33,13.89,57,91,NA,trenton-simpson.php,NA,NA,1.2,NA,NA,NA,NA,NA,13,Trenton Simpson,2026-10-02,BAL
/nfl/rankings/ros-lb.php,redraft-lb,rp,Henry To'oTo'o,23766,LB,HOU,75.67,5.56,68,81,NA,henry-too-too.php,NA,NA,5.2,NA,NA,NA,NA,NA,8,Henry TooToo,2026-10-02,HOU
/nfl/rankings/ros-lb.php,redraft-lb,rp,Teddye Buchanan,27146,LB,BAL,76.67,3.09,74,81,NA,teddye-buchanan.php,NA,NA,2,NA,NA,NA,NA,NA,13,Teddye Buchanan,2026-10-02,BAL
/nfl/rankings/ros-lb.php,redraft-lb,rp,Josh Hines-Allen,18201,DL,JAC,61,1,60,62,NA,josh-allen-olb.php,NA,NA,24.4,NA,NA,NA,NA,NA,7,Josh Hines-Allen,2026-10-02,JAC
/nfl/rankings/ros-lb.php,redraft-lb,rp,Omar Speights,26730,LB,LAR,77,3.74,73,82,NA,omar-speights.php,NA,NA,2.4,NA,NA,NA,NA,NA,11,Omar Speights,2026-10-02,LAR
/nfl/rankings/ros-lb.php,redraft-lb,rp,Jaelan Phillips,22734,DL,CAR,64.5,2.5,62,67,NA,jaelan-phillips.php,NA,NA,6.2,NA,NA,NA,NA,NA,5,Jaelan Phillips,2026-10-02,CAR
/nfl/rankings/ros-lb.php,redraft-lb,rp,Justin Strnad,19520,LB,DEN,79.67,3.09,77,84,NA,justin-strnad.php,NA,NA,1.8,NA,NA,NA,NA,NA,10,Justin Strnad,2026-10-02,DEN
/nfl/rankings/ros-lb.php,redraft-lb,rp,Alex Highsmith,19316,LB,PIT,65.5,0.5,65,66,NA,alex-highsmith.php,NA,NA,21.4,NA,NA,NA,NA,NA,9,Alex Highsmith,2026-10-02,PIT
/nfl/rankings/ros-lb.php,redraft-lb,rp,Trey Hendrickson,16719,DL,BAL,67,2,65,69,NA,trey-hendrickson.php,NA,NA,26.2,NA,NA,NA,NA,NA,13,Trey Hendrickson,2026-10-02,BAL
/nfl/rankings/ros-lb.php,redraft-lb,rp,Tuli Tuipulotu,25364,DL,LAC,69.5,1.5,68,71,NA,tuli-tuipulotu.php,NA,NA,31.2,NA,NA,NA,NA,NA,7,Tuli Tuipulotu,2026-10-02,LAC
/nfl/rankings/ros-lb.php,redraft-lb,rp,Jared Verse,25234,DL,CLE,71.5,1.5,70,73,NA,jared-verse.php,NA,NA,26.4,NA,NA,NA,NA,NA,11,Jared Verse,2026-10-02,CLE
/nfl/rankings/ros-lb.php,redraft-lb,rp,Leo Chenal,23808,LB,WAS,74.5,3.5,71,78,NA,leo-chenal.php,NA,NA,2.3,NA,NA,NA,NA,-15,7,Leo Chenal,2026-10-02,WAS
/nfl/rankings/ros-lb.php,redraft-lb,rp,Kendal Daniels,28290,DB,ATL,80.5,3.5,77,84,NA,kendal-daniels.php,NA,NA,1.4,NA,NA,NA,NA,NA,11,Kendal Daniels,2026-10-02,ATL
/nfl/rankings/ros-lb.php,redraft-lb,rp,Travon Walker,23724,DL,JAC,81,2,79,83,NA,travon-walker.php,NA,NA,9.8,NA,NA,NA,NA,NA,7,Travon Walker,2026-10-02,JAC
/nfl/rankings/ros-lb.php,redraft-lb,rp,Devin White,18204,LB,DET,91,4.24,85,94,NA,devin-white.php,NA,NA,5,NA,NA,NA,NA,NA,6,Devin White,2026-10-02,DET
/nfl/rankings/ros-lb.php,redraft-lb,rp,David Bailey,27191,DL,NYJ,83.5,1.5,82,85,NA,david-bailey-edge.php,NA,NA,19.3,NA,NA,NA,NA,NA,13,David Bailey,2026-10-02,NYJ
/nfl/rankings/ros-lb.php,redraft-lb,rp,SirVocea Dennis,23990,LB,TB,92.67,8.26,81,99,NA,sirvocea-dennis.php,NA,NA,4.8,NA,NA,NA,NA,NA,10,SirVocea Dennis,2026-10-02,TBB
/nfl/rankings/ros-lb.php,redraft-lb,rp,Yaya Diaby,25264,DL,TB,86,0,86,86,NA,yaya-diaby.php,NA,NA,7,NA,NA,NA,NA,NA,10,YaYa Diaby,2026-10-02,TBB
/nfl/rankings/ros-lb.php,redraft-lb,rp,Bryce Boettcher,28255,LB,IND,93.67,5.44,86,98,NA,bryce-boettcher.php,NA,NA,1.1,NA,NA,NA,NA,NA,13,Bryce Boettcher,2026-10-02,IND
/nfl/rankings/ros-lb.php,redraft-lb,rp,Nick Herbig,25464,LB,PIT,87.5,2.5,85,90,NA,nick-herbig.php,NA,NA,5.8,NA,NA,NA,NA,12,9,Nick Herbig,2026-10-02,PIT
/nfl/rankings/ros-lb.php,redraft-lb,rp,Khalil Mack,12169,LB,LAC,87.5,0.5,87,88,NA,khalil-mack.php,NA,NA,4.7,NA,NA,NA,NA,NA,7,Khalil Mack,2026-10-02,LAC
/nfl/rankings/ros-lb.php,redraft-lb,rp,Denzel Perryman,14047,LB,LAC,95,0,95,95,NA,denzel-perryman.php,NA,NA,0.8,NA,NA,NA,NA,NA,7,Denzel Perryman,2026-10-02,LAC
/nfl/rankings/ros-lb.php,redraft-lb,rp,Bradley Chubb,17277,LB,BUF,88.5,1.5,87,90,NA,bradley-chubb.php,NA,NA,7.2,NA,NA,NA,NA,NA,7,Bradley Chubb,2026-10-02,BUF
/nfl/rankings/ros-lb.php,redraft-lb,rp,Tyrel Dodson,18584,LB,CAR,69,0,69,69,NA,tyrel-dodson.php,NA,NA,3.1,NA,NA,NA,NA,NA,5,Tyrel Dodson,2026-10-02,CAR
/nfl/rankings/ros-lb.php,redraft-lb,rp,Jonathan Greenard,19276,DL,PHI,89,0,89,89,NA,jonathan-greenard.php,NA,NA,10.4,NA,NA,NA,NA,NA,10,Jonathan Greenard,2026-10-02,PHI
/nfl/rankings/ros-lb.php,redraft-lb,rp,Kaleb Elarms-Orr,28440,LB,BUF,95.67,3.68,91,100,NA,kaleb-elarmsorr.php,NA,NA,2.8,NA,NA,NA,NA,-10,7,Kaleb Elarms-Orr,2026-10-02,BUF
/nfl/rankings/ros-lb.php,redraft-lb,rp,Christian Rozeboom,19713,LB,TB,89.5,15.5,74,105,NA,christian-rozeboom.php,NA,NA,2,NA,NA,NA,NA,NA,10,Christian Rozeboom,2026-10-02,TBB
/nfl/rankings/ros-lb.php,redraft-lb,rp,Jaylon Carlies,26465,LB,IND,91.5,0.5,91,92,NA,jaylon-carlies.php,NA,NA,0.9,NA,NA,NA,NA,NA,13,Jaylon Carlies,2026-10-02,IND
/nfl/rankings/ros-lb.php,redraft-lb,rp,Christian Harris,23470,LB,ATL,76,0,76,76,NA,christian-harris.php,NA,NA,2.2,NA,NA,NA,NA,NA,11,Christian Harris,2026-10-02,ATL
/nfl/rankings/ros-lb.php,redraft-lb,rp,Tatum Bethune,26489,LB,SF,77,0,77,77,NA,tatum-bethune.php,NA,NA,1.5,NA,NA,NA,NA,NA,8,Tatum Bethune,2026-10-02,SFO
/nfl/rankings/ros-lb.php,redraft-lb,rp,Bobby Wagner,11252,LB,FA,93,0,93,93,NA,bobby-wagner.php,NA,NA,1.7,NA,NA,NA,NA,NA,NA,Bobby Wagner,2026-10-02,FA
/nfl/rankings/ros-lb.php,redraft-lb,rp,Trevin Wallace,26182,LB,NYJ,79,0,79,79,NA,trevin-wallace.php,NA,NA,1.5,NA,NA,NA,NA,NA,13,Trevin Wallace,2026-10-02,NYJ
/nfl/rankings/ros-lb.php,redraft-lb,rp,Isaiah McDuffie,23292,LB,GB,80,0,80,80,NA,isaiah-mcduffie.php,NA,NA,1.3,NA,NA,NA,NA,NA,11,Isaiah McDuffie,2026-10-02,GBP
/nfl/rankings/ros-lb.php,redraft-lb,rp,Tyrice Knight,24112,LB,SEA,94.5,12.5,82,107,NA,tyrice-knight.php,NA,NA,1.1,NA,NA,NA,NA,NA,11,Tyrice Knight,2026-10-02,SEA
/nfl/rankings/ros-lb.php,redraft-lb,rp,Jake Golday,28181,LB,MIN,83,0,83,83,NA,jake-golday.php,NA,NA,3.2,NA,NA,NA,NA,NA,6,Jake Golday,2026-10-02,MIN
/nfl/rankings/ros-lb.php,redraft-lb,rp,Kyle Louis,28227,LB,MIA,84,0,84,84,NA,kyle-louis.php,NA,NA,1,NA,NA,NA,NA,NA,6,Kyle Louis,2026-10-02,MIA
/nfl/rankings/ros-lb.php,redraft-lb,rp,Junior Colson,26127,LB,LAC,87,0,87,87,NA,junior-colson.php,NA,NA,0.6,NA,NA,NA,NA,NA,7,Junior Colson,2026-10-02,LAC
/nfl/rankings/ros-lb.php,redraft-lb,rp,Willie Gay Jr.,19480,LB,MIA,88,0,88,88,NA,willie-gay.php,NA,NA,1.7,NA,NA,NA,NA,17,6,Willie Gay,2026-10-02,MIA
/nfl/rankings/ros-lb.php,redraft-lb,rp,Lukas Van Ness,25291,DL,GB,88,0,88,88,NA,lukas-van-ness.php,NA,NA,12,NA,NA,NA,NA,NA,11,Lukas Van Ness,2026-10-02,GBP
/nfl/rankings/ros-lb.php,redraft-lb,rp,Jack Sanborn,23841,LB,CHI,89,0,89,89,NA,jack-sanborn.php,NA,NA,2,NA,NA,NA,NA,NA,10,Jack Sanborn,2026-10-02,CHI
/nfl/rankings/ros-lb.php,redraft-lb,rp,Cody Simon,27264,LB,ARI,99.5,9.5,90,109,NA,cody-simon.php,NA,NA,1.7,NA,NA,NA,NA,NA,14,Cody Simon,2026-10-02,ARI
/nfl/rankings/ros-lb.php,redraft-lb,rp,Danny Stutsman,27031,LB,NO,99.5,0.5,99,100,NA,danny-stutsman.php,NA,NA,0.7,NA,NA,NA,NA,NA,8,Danny Stutsman,2026-10-02,NOS
/nfl/rankings/ros-lb.php,redraft-lb,rp,Harold Perkins Jr.,27021,LB,ATL,92,0,92,92,NA,harold-perkins-jr.php,NA,NA,1,NA,NA,NA,NA,14,11,Harold Perkins,2026-10-02,ATL
/nfl/rankings/ros-lb.php,redraft-lb,rp,Cole Holcomb,18709,LB,PIT,101,9,92,110,NA,cole-holcomb.php,NA,NA,0.7,NA,NA,NA,NA,NA,9,Cole Holcomb,2026-10-02,PIT
/nfl/rankings/ros-lb.php,redraft-lb,rp,Jeremiah Trotter Jr.,20632,LB,PHI,93,0,93,93,NA,jeremiah-trotter.php,NA,NA,0.8,NA,NA,NA,NA,NA,10,Jeremiah Trotter,2026-10-02,PHI
/nfl/rankings/ros-lb.php,redraft-lb,rp,Shemar James,27260,LB,DAL,94,0,94,94,NA,shemar-james.php,NA,NA,0.9,NA,NA,NA,NA,NA,14,Shemar James,2026-10-02,DAL
/nfl/rankings/ros-lb.php,redraft-lb,rp,Odafe Oweh,22714,DL,WAS,96,0,96,96,NA,odafe-oweh.php,NA,NA,6.1,NA,NA,NA,NA,NA,7,Odafe Oweh,2026-10-02,WAS
/nfl/rankings/ros-lb.php,redraft-lb,rp,Marte Mapu,25528,LB,FA,96,0,96,96,NA,marte-mapu.php,NA,NA,1.2,NA,NA,NA,NA,NA,NA,Marte Mapu,2026-10-02,FA
/nfl/rankings/ros-lb.php,redraft-lb,rp,E.J. Speed,18693,LB,HOU,97,0,97,97,NA,ej-speed.php,NA,NA,0.6,NA,NA,NA,NA,NA,8,EJ Speed,2026-10-02,HOU
/nfl/rankings/ros-lb.php,redraft-lb,rp,Jake Hansen,24004,LB,HOU,97,0,97,97,NA,jake-hansen.php,NA,NA,1,NA,NA,NA,NA,NA,8,Jake Hansen,2026-10-02,HOU
/nfl/rankings/ros-lb.php,redraft-lb,rp,Germaine Pratt,18291,LB,FA,98,0,98,98,NA,germaine-pratt.php,NA,NA,1.5,NA,NA,NA,NA,NA,NA,Germaine Pratt,2026-10-02,FA
/nfl/rankings/ros-lb.php,redraft-lb,rp,Ivan Pace Jr.,25452,LB,MIN,99,0,99,99,NA,ivan-pace-jr.php,NA,NA,1.3,NA,NA,NA,NA,NA,6,Ivan Pace,2026-10-02,MIN
/nfl/rankings/ros-lb.php,redraft-lb,rp,Troy Dye,19269,LB,LAC,100,0,100,100,NA,troy-dye.php,NA,NA,0.9,NA,NA,NA,NA,NA,7,Troy Dye,2026-10-02,LAC
/nfl/rankings/ros-lb.php,redraft-lb,rp,Malcolm Rodriguez,23822,LB,DET,101,0,101,101,NA,malcolm-rodriguez.php,NA,NA,1.3,NA,NA,NA,NA,NA,6,Malcolm Rodriguez,2026-10-02,DET
/nfl/rankings/ros-lb.php,redraft-lb,rp,Justin Jefferson,28472,LB,CLE,101,0,101,101,NA,justin-jefferson-lb.php,NA,NA,1.2,NA,NA,NA,NA,NA,11,Justin Jefferson,2026-10-02,CLE
/nfl/rankings/ros-lb.php,redraft-lb,rp,Darius Muasau,26482,LB,NE,102,0,102,102,NA,darius-muasau.php,NA,NA,0.7,NA,NA,NA,NA,NA,11,Darius Muasau,2026-10-02,NEP
/nfl/rankings/ros-lb.php,redraft-lb,rp,Branson Combs,27685,LB,JAC,102,0,102,102,NA,branson-combs.php,NA,NA,0.8,NA,NA,NA,NA,NA,7,Branson Combs,2026-10-02,JAC
/nfl/rankings/ros-lb.php,redraft-lb,rp,K.J. Britt,22871,LB,NE,103,0,103,103,NA,kj-britt.php,NA,NA,0.6,NA,NA,NA,NA,NA,11,KJ Britt,2026-10-02,NEP
/nfl/rankings/ros-lb.php,redraft-lb,rp,Shaun Dolac,27248,LB,LAR,103,0,103,103,NA,shaun-dolac.php,NA,NA,1.1,NA,NA,NA,NA,NA,11,Shaun Dolac,2026-10-02,LAR
/nfl/rankings/ros-lb.php,redraft-lb,rp,Carl Granderson,18295,DL,NO,104,0,104,104,NA,carl-granderson.php,NA,NA,11.8,NA,NA,NA,NA,NA,8,Carl Granderson,2026-10-02,NOS
/nfl/rankings/ros-lb.php,redraft-lb,rp,Jimmy Rolder,28355,LB,DET,104,0,104,104,NA,jimmy-rolder.php,NA,NA,0.9,NA,NA,NA,NA,NA,6,Jimmy Rolder,2026-10-02,DET
/nfl/rankings/ros-lb.php,redraft-lb,rp,Owen Pappoe,25313,LB,TEN,105,0,105,105,NA,owen-pappoe.php,NA,NA,0.7,NA,NA,NA,NA,NA,9,Owen Pappoe,2026-10-02,TEN
/nfl/rankings/ros-lb.php,redraft-lb,rp,Kayvon Thibodeaux,23484,DL,NYG,106,0,106,106,NA,kayvon-thibodeaux.php,NA,NA,8.9,NA,NA,NA,NA,NA,8,Kayvon Thibodeaux,2026-10-02,NYG
/nfl/rankings/ros-lb.php,redraft-lb,rp,Austin Ajiake,25480,LB,IND,106,0,106,106,NA,austin-ajiake.php,NA,NA,0.6,NA,NA,NA,NA,NA,13,Austin Ajiake,2026-10-02,IND
/nfl/rankings/ros-lb.php,redraft-lb,rp,Patrick O'Connell,25687,LB,SEA,107,0,107,107,NA,patrick-oconnell.php,NA,NA,1,NA,NA,NA,NA,NA,11,Patrick OConnell,2026-10-02,SEA
/nfl/rankings/ros-lb.php,redraft-lb,rp,Oren Burks,17590,LB,CIN,108,0,108,108,NA,oren-burks.php,NA,NA,0.7,NA,NA,NA,NA,NA,6,Oren Burks,2026-10-02,CIN
/nfl/rankings/ros-lb.php,redraft-lb,rp,Malik Harrison,19293,LB,NYG,108,0,108,108,NA,malik-harrison.php,NA,NA,1.2,NA,NA,NA,NA,NA,8,Malik Harrison,2026-10-02,NYG
/nfl/rankings/ros-ppr-overall.php,redraft-overall,ro,Jahmyr Gibbs,22968,RB,DET,1,0,1,1,NA,jahmyr-gibbs.php,NA,NA,99.8,NA,NA,NA,NA,NA,6,Jahmyr Gibbs,2026-10-02,DET
/nfl/rankings/ros-ppr-overall.php,redraft-overall,ro,Bijan Robinson,23133,RB,ATL,3,0,3,3,NA,bijan-robinson.php,NA,NA,99.8,NA,NA,NA,NA,NA,11,Bijan Robinson,2026-10-02,ATL
/nfl/rankings/ros-ppr-overall.php,redraft-overall,ro,Ja'Marr Chase,19788,WR,CIN,4,2,2,6,NA,jamarr-chase.php,NA,NA,99.8,NA,NA,NA,NA,-1,6,JaMarr Chase,2026-10-02,CIN
/nfl/rankings/ros-ppr-overall.php,redraft-overall,ro,Jaxon Smith-Njigba,23070,WR,SEA,4,2,2,6,NA,jaxon-smith-njigba.php,NA,NA,99.8,NA,NA,NA,NA,1,11,Jaxon Smith-Njigba,2026-10-02,SEA
/nfl/rankings/ros-ppr-overall.php,redraft-overall,ro,Kenneth Walker III,23021,RB,KC,5.5,2.06,4,10,NA,kenneth-walker-rb.php,NA,NA,99.6,NA,NA,NA,NA,1,5,Kenneth Walker,2026-10-02,KCC
/nfl/rankings/ros-ppr-overall.php,redraft-overall,ro,Jonathan Taylor,19217,RB,IND,5.67,2.43,4,11,NA,jonathan-taylor.php,NA,NA,99.8,NA,NA,NA,NA,-1,13,Jonathan Taylor,2026-10-02,IND
/nfl/rankings/ros-ppr-overall.php,redraft-overall,ro,Amon-Ra St. Brown,19799,WR,DET,7,0,7,7,NA,amonra-stbrown.php,NA,NA,99.8,NA,NA,NA,NA,NA,6,Amon-Ra St Brown,2026-10-02,DET
/nfl/rankings/ros-ppr-overall.php,redraft-overall,ro,CeeDee Lamb,19202,WR,DAL,9.5,1.12,9,12,NA,ceedee-lamb.php,NA,NA,99.8,NA,NA,NA,NA,-1,14,CeeDee Lamb,2026-10-02,DAL
/nfl/rankings/ros-ppr-overall.php,redraft-overall,ro,Puka Nacua,23180,WR,LAR,9.67,2.36,8,13,NA,puka-nacua.php,NA,NA,99.8,NA,NA,NA,NA,2,11,Puka Nacua,2026-10-02,LAR
/nfl/rankings/ros-ppr-overall.php,redraft-overall,ro,Christian McCaffrey,16393,RB,SF,10.17,0.37,10,11,NA,christian-mccaffrey.php,NA,NA,99.8,NA,NA,NA,NA,NA,8,Christian McCaffrey,2026-10-02,SFO
/nfl/rankings/ros-ppr-overall.php,redraft-overall,ro,Chase Brown,25324,RB,CIN,12,1.41,11,14,NA,chase-brown.php,NA,NA,99.5,NA,NA,NA,NA,NA,6,Chase Brown,2026-10-02,CIN
/nfl/rankings/ros-ppr-overall.php,redraft-overall,ro,Justin Jefferson,19236,WR,MIN,12.17,3.08,8,16,NA,justin-jefferson.php,NA,NA,99.8,NA,NA,NA,NA,NA,6,Justin Jefferson,2026-10-02,MIN
/nfl/rankings/ros-ppr-overall.php,redraft-overall,ro,Chris Olave,20111,WR,NO,12.17,0.37,12,13,NA,chris-olave.php,NA,NA,99.5,NA,NA,NA,NA,-1,8,Chris Olave,2026-10-02,NOS
/nfl/rankings/ros-ppr-overall.php,redraft-overall,ro,James Cook III,22958,RB,BUF,12.67,4.15,5,18,NA,james-cook.php,NA,NA,99.8,NA,NA,NA,NA,NA,7,James Cook,2026-10-02,BUF
/nfl/rankings/ros-ppr-overall.php,redraft-overall,ro,Ashton Jeanty,25989,RB,LV,15.67,1.7,14,18,NA,ashton-jeanty.php,NA,NA,99.7,NA,NA,NA,NA,NA,13,Ashton Jeanty,2026-10-02,LVR
/nfl/rankings/ros-ppr-overall.php,redraft-overall,ro,Derrick Henry,15514,RB,BAL,17.33,1.7,15,19,NA,derrick-henry.php,NA,NA,99.7,NA,NA,NA,NA,NA,13,Derrick Henry,2026-10-02,BAL
/nfl/rankings/ros-ppr-overall.php,redraft-overall,ro,Drake London,23163,WR,ATL,18,3,13,22,NA,drake-london.php,NA,NA,99.6,NA,NA,NA,NA,5,11,Drake London,2026-10-02,ATL
/nfl/rankings/ros-ppr-overall.php,redraft-overall,ro,Zay Flowers,22916,WR,BAL,18.5,2.5,16,22,NA,zay-flowers.php,NA,NA,98.8,NA,NA,NA,NA,NA,13,Zay Flowers,2026-10-02,BAL
/nfl/rankings/ros-ppr-overall.php,redraft-overall,ro,Saquon Barkley,17240,RB,PHI,21.67,4.82,15,28,NA,saquon-barkley.php,NA,NA,99.7,NA,NA,NA,NA,NA,10,Saquon Barkley,2026-10-02,PHI
/nfl/rankings/ros-ppr-overall.php,redraft-overall,ro,Nico Collins,20130,WR,HOU,22.5,6.02,13,31,NA,nico-collins.php,NA,NA,99.1,NA,NA,NA,NA,NA,8,Nico Collins,2026-10-02,HOU
/nfl/rankings/ros-ppr-overall.php,redraft-overall,ro,George Pickens,22963,WR,DAL,23.33,6.75,16,32,NA,george-pickens.php,NA,NA,99.5,NA,NA,NA,NA,-2,14,George Pickens,2026-10-02,DAL
/nfl/rankings/ros-ppr-overall.php,redraft-overall,ro,DeVonta Smith,19222,WR,PHI,23.67,4.57,20,31,NA,devonta-smith.php,NA,NA,99.4,NA,NA,NA,NA,-2,10,DeVonta Smith,2026-10-02,PHI
/nfl/rankings/ros-ppr-overall.php,redraft-overall,ro,Javonte Williams,22739,RB,DAL,24.33,2.69,21,28,NA,javonte-williams.php,NA,NA,99.2,NA,NA,NA,NA,2,14,Javonte Williams,2026-10-02,DAL
/nfl/rankings/ros-ppr-overall.php,redraft-overall,ro,Josh Allen,17298,QB,BUF,25,0,25,25,NA,josh-allen-qb.php,NA,NA,99.8,NA,NA,NA,NA,NA,7,Josh Allen,2026-10-02,BUF
/nfl/rankings/ros-ppr-overall.php,redraft-overall,ro,Lamar Jackson,17233,QB,BAL,27,0,27,27,NA,lamar-jackson.php,NA,NA,99.8,NA,NA,NA,NA,NA,13,Lamar Jackson,2026-10-02,BAL
/nfl/rankings/ros-ppr-overall.php,redraft-overall,ro,Parker Washington,23106,WR,JAC,28,8.94,20,46,NA,parker-washington.php,NA,NA,94.3,NA,NA,NA,NA,NA,7,Parker Washington,2026-10-02,JAC
/nfl/rankings/ros-ppr-overall.php,redraft-overall,ro,Jeremiyah Love,25403,RB,ARI,30,9,21,39,NA,jeremiyah-love.php,NA,NA,99.2,NA,NA,NA,NA,4,14,Jeremiyah Love,2026-10-02,ARI
/nfl/rankings/ros-ppr-overall.php,redraft-overall,ro,D'Andre Swift,19210,RB,CHI,30.67,7.59,23,41,NA,dandre-swift.php,NA,NA,96.7,NA,NA,NA,NA,NA,10,DAndre Swift,2026-10-02,CHI
/nfl/rankings/ros-ppr-overall.php,redraft-overall,ro,Trey McBride,22936,TE,ARI,31,7,24,38,NA,trey-mcbride.php,NA,NA,99.7,NA,NA,NA,NA,-1,14,Trey McBride,2026-10-02,ARI
/nfl/rankings/ros-ppr-overall.php,redraft-overall,ro,Brock Bowers,22955,TE,LV,31,7,24,38,NA,brock-bowers.php,NA,NA,99.6,NA,NA,NA,NA,1,13,Brock Bowers,2026-10-02,LVR
/nfl/rankings/ros-ppr-overall.php,redraft-overall,ro,Garrett Wilson,23072,WR,NYJ,32.5,1.26,31,34,NA,garrett-wilson.php,NA,NA,98.3,NA,NA,NA,NA,NA,13,Garrett Wilson,2026-10-02,NYJ
/nfl/rankings/ros-ppr-overall.php,redraft-overall,ro,Malik Nabers,25409,WR,NYG,32.67,5.93,26,44,NA,malik-nabers.php,NA,NA,98.6,NA,NA,NA,NA,NA,8,Malik Nabers,2026-10-02,NYG
/nfl/rankings/ros-ppr-overall.php,redraft-overall,ro,Jaylen Waddle,19790,WR,DEN,33.17,1.95,31,36,NA,jaylen-waddle.php,NA,NA,96.9,NA,NA,NA,NA,-3,10,Jaylen Waddle,2026-10-02,DEN
/nfl/rankings/ros-ppr-overall.php,redraft-overall,ro,Christian Watson,23886,WR,GB,34,5.03,29,44,NA,christian-watson.php,NA,NA,95.1,NA,NA,NA,NA,3,11,Christian Watson,2026-10-02,GBP
/nfl/rankings/ros-ppr-overall.php,redraft-overall,ro,Kyren Williams,23059,RB,LAR,36,7.64,23,42,NA,kyren-williams.php,NA,NA,99,NA,NA,NA,NA,3,11,Kyren Williams,2026-10-02,LAR
/nfl/rankings/ros-ppr-overall.php,redraft-overall,ro,Omarion Hampton,25395,RB,LAC,36.5,13.44,21,51,NA,omarion-hampton.php,NA,NA,99.1,NA,NA,NA,NA,-3,7,Omarion Hampton,2026-10-02,LAC
/nfl/rankings/ros-ppr-overall.php,redraft-overall,ro,Brock Purdy,19797,QB,SF,37.5,8.02,30,54,NA,brock-purdy.php,NA,NA,92.3,NA,NA,NA,NA,NA,8,Brock Purdy,2026-10-02,SFO
/nfl/rankings/ros-ppr-overall.php,redraft-overall,ro,Tee Higgins,19211,WR,CIN,37.67,2.36,35,40,NA,tee-higgins.php,NA,NA,98.1,NA,NA,NA,NA,NA,6,Tee Higgins,2026-10-02,CIN
/nfl/rankings/ros-ppr-overall.php,redraft-overall,ro,Tetairoa McMillan,25417,WR,CAR,38,3.65,34,44,NA,tetairoa-mcmillan.php,NA,NA,97.9,NA,NA,NA,NA,NA,5,Tetairoa McMillan,2026-10-02,CAR
/nfl/rankings/ros-ppr-overall.php,redraft-overall,ro,Davante Adams,12123,WR,LAR,41.67,11.07,29,58,NA,davante-adams.php,NA,NA,97.9,NA,NA,NA,NA,7,11,Davante Adams,2026-10-02,LAR
/nfl/rankings/ros-ppr-overall.php,redraft-overall,ro,DJ Moore,17265,WR,BUF,42.83,6.52,32,49,NA,dj-moore-wr.php,NA,NA,96,NA,NA,NA,NA,NA,7,DJ Moore,2026-10-02,BUF
/nfl/rankings/ros-ppr-overall.php,redraft-overall,ro,Ladd McConkey,26122,WR,LAC,43.67,4.71,35,48,NA,ladd-mcconkey.php,NA,NA,97.4,NA,NA,NA,NA,NA,7,Ladd McConkey,2026-10-02,LAC
/nfl/rankings/ros-ppr-overall.php,redraft-overall,ro,Breece Hall,22982,RB,NYJ,44,4.58,39,51,NA,breece-hall.php,NA,NA,98.3,NA,NA,NA,NA,NA,13,Breece Hall,2026-10-02,NYJ
/nfl/rankings/ros-ppr-overall.php,redraft-overall,ro,Rashee Rice,23113,WR,KC,44.17,7.38,34,53,NA,rashee-rice.php,NA,NA,98.8,NA,NA,NA,NA,NA,5,Rashee Rice,2026-10-02,KCC
/nfl/rankings/ros-ppr-overall.php,redraft-overall,ro,Bucky Irving,25981,RB,TB,46.17,4.49,42,52,NA,bucky-irving.php,NA,NA,97,NA,NA,NA,NA,NA,10,Bucky Irving,2026-10-02,TBB
/nfl/rankings/ros-ppr-overall.php,redraft-overall,ro,Joe Burrow,19196,QB,CIN,48.33,8.01,37,54,NA,joe-burrow.php,NA,NA,98.3,NA,NA,NA,NA,NA,6,Joe Burrow,2026-10-02,CIN
/nfl/rankings/ros-ppr-overall.php,redraft-overall,ro,Emeka Egbuka,23062,WR,TB,51.33,13.15,36,76,NA,emeka-egbuka.php,NA,NA,96.8,NA,NA,NA,NA,-5,10,Emeka Egbuka,2026-10-02,TBB
/nfl/rankings/ros-ppr-overall.php,redraft-overall,ro,Luther Burden III,27016,WR,CHI,51.67,4.61,45,60,NA,luther-burden-iii.php,NA,NA,92.8,NA,NA,NA,NA,NA,10,Luther Burden,2026-10-02,CHI
/nfl/rankings/ros-ppr-overall.php,redraft-overall,ro,Cam Skattebo,27166,RB,NYG,53,3.16,47,56,NA,cam-skattebo.php,NA,NA,98.1,NA,NA,NA,NA,NA,8,Cam Skattebo,2026-10-02,NYG
/nfl/rankings/ros-ppr-overall.php,redraft-overall,ro,Jalen Hurts,19275,QB,PHI,53.17,16.57,30,70,NA,jalen-hurts.php,NA,NA,98.5,NA,NA,NA,NA,NA,10,Jalen Hurts,2026-10-02,PHI
/nfl/rankings/ros-ppr-overall.php,redraft-overall,ro,Mike Evans,12119,WR,SF,53.17,6.49,46,64,NA,mike-evans.php,NA,NA,94.1,NA,NA,NA,NA,NA,8,Mike Evans,2026-10-02,SFO
/nfl/rankings/ros-ppr-overall.php,redraft-overall,ro,Bhayshul Tuten,27297,RB,JAC,53.67,1.7,52,56,NA,bhayshul-tuten.php,NA,NA,94.1,NA,NA,NA,NA,2,7,Bhayshul Tuten,2026-10-02,JAC
/nfl/rankings/ros-ppr-overall.php,redraft-overall,ro,Trevor Lawrence,19780,QB,JAC,54.33,8.36,37,63,NA,trevor-lawrence.php,NA,NA,91.4,NA,NA,NA,NA,NA,7,Trevor Lawrence,2026-10-02,JAC
/nfl/rankings/ros-ppr-overall.php,redraft-overall,ro,Terry McLaurin,18466,WR,WAS,56.17,4.3,50,61,NA,terry-mclaurin.php,NA,NA,94.5,NA,NA,NA,NA,NA,7,Terry McLaurin,2026-10-02,WAS
/nfl/rankings/ros-ppr-overall.php,redraft-overall,ro,A.J. Brown,18218,WR,NE,56.33,5.91,48,64,NA,aj-brown.php,NA,NA,97,NA,NA,NA,NA,NA,11,AJ Brown,2026-10-02,NEP
/nfl/rankings/ros-ppr-overall.php,redraft-overall,ro,David Montgomery,18239,RB,HOU,56.5,6.05,51,69,NA,david-montgomery.php,NA,NA,96.4,NA,NA,NA,NA,NA,8,David Montgomery,2026-10-02,HOU
/nfl/rankings/ros-ppr-overall.php,redraft-overall,ro,Josh Downs,24706,WR,IND,58.17,9.51,48,68,NA,josh-downs.php,NA,NA,84,NA,NA,NA,NA,NA,13,Josh Downs,2026-10-02,IND
/nfl/rankings/ros-ppr-overall.php,redraft-overall,ro,Jalen Coker,26403,WR,CAR,59.67,8.6,48,72,NA,jalen-coker.php,NA,NA,89.8,NA,NA,NA,NA,NA,5,Jalen Coker,2026-10-02,CAR
/nfl/rankings/ros-ppr-overall.php,redraft-overall,ro,Jameson Williams,23677,WR,DET,60.67,4.23,53,65,NA,jameson-williams.php,NA,NA,93.7,NA,NA,NA,NA,-3,6,Jameson Williams,2026-10-02,DET
/nfl/rankings/ros-ppr-overall.php,redraft-overall,ro,Patrick Mahomes II,16413,QB,KC,60.83,4.1,59,70,NA,patrick-mahomes.php,NA,NA,93.7,NA,NA,NA,NA,NA,5,Patrick Mahomes,2026-10-02,KCC
/nfl/rankings/ros-ppr-overall.php,redraft-overall,ro,Chuba Hubbard,19792,RB,CAR,62.67,21.83,39,95,NA,chuba-hubbard.php,NA,NA,94.7,NA,NA,NA,NA,8,5,Chuba Hubbard,2026-10-02,CAR
/nfl/rankings/ros-ppr-overall.php,redraft-overall,ro,Matthew Golden,26024,WR,GB,64,10.21,46,76,NA,matthew-golden.php,NA,NA,87.8,NA,NA,NA,NA,4,11,Matthew Golden,2026-10-02,GBP
/nfl/rankings/ros-ppr-overall.php,redraft-overall,ro,Quinshon Judkins,25391,RB,CLE,66.5,9.62,57,85,NA,quinshon-judkins.php,NA,NA,94.7,NA,NA,NA,NA,3,11,Quinshon Judkins,2026-10-02,CLE
/nfl/rankings/ros-ppr-overall.php,redraft-overall,ro,Rome Odunze,25411,WR,CHI,67.83,4.71,64,77,NA,rome-odunze.php,NA,NA,88.8,NA,NA,NA,NA,NA,10,Rome Odunze,2026-10-02,CHI
/nfl/rankings/ros-ppr-overall.php,redraft-overall,ro,TreVeyon Henderson,23065,RB,NE,68.17,8.15,62,85,NA,treveyon-henderson.php,NA,NA,92.2,NA,NA,NA,NA,NA,11,TreVeyon Henderson,2026-10-02,NEP
/nfl/rankings/ros-ppr-overall.php,redraft-overall,ro,Stefon Diggs,13981,WR,WAS,68.5,2.93,67,75,NA,stefon-diggs.php,NA,NA,88.1,NA,NA,NA,NA,NA,7,Stefon Diggs,2026-10-02,WAS
/nfl/rankings/ros-ppr-overall.php,redraft-overall,ro,Dak Prescott,15600,QB,DAL,70.17,3.67,63,74,NA,dak-prescott.php,NA,NA,95.6,NA,NA,NA,NA,NA,14,Dak Prescott,2026-10-02,DAL
/nfl/rankings/ros-ppr-overall.php,redraft-overall,ro,Deebo Samuel Sr.,18244,WR,SF,71,4.12,67,77,NA,deebo-samuel.php,NA,NA,79.7,NA,NA,NA,NA,NA,8,Deebo Samuel,2026-10-02,SFO
/nfl/rankings/ros-ppr-overall.php,redraft-overall,ro,Travis Etienne Jr.,19231,RB,NO,71.17,17.85,51,96,NA,travis-etienne.php,NA,NA,93.2,NA,NA,NA,NA,-3,8,Travis Etienne,2026-10-02,NOS
/nfl/rankings/ros-ppr-overall.php,redraft-overall,ro,Jaylen Warren,24209,RB,PIT,71.33,13.84,55,85,NA,jaylen-warren.php,NA,NA,93.1,NA,NA,NA,NA,5,9,Jaylen Warren,2026-10-02,PIT
/nfl/rankings/ros-ppr-overall.php,redraft-overall,ro,DK Metcalf,18219,WR,PIT,71.83,6.67,64,81,NA,dk-metcalf.php,NA,NA,90.9,NA,NA,NA,NA,NA,9,DK Metcalf,2026-10-02,PIT
/nfl/rankings/ros-ppr-overall.php,redraft-overall,ro,Tyler Warren,26434,TE,IND,72.67,14.68,43,88,NA,tyler-warren.php,NA,NA,98.7,NA,NA,NA,NA,NA,13,Tyler Warren,2026-10-02,IND
/nfl/rankings/ros-ppr-overall.php,redraft-overall,ro,Chris Godwin Jr.,16406,WR,TB,73.33,7.27,65,83,NA,chris-godwin.php,NA,NA,75.5,NA,NA,NA,NA,-5,10,Chris Godwin,2026-10-02,TBB
/nfl/rankings/ros-ppr-overall.php,redraft-overall,ro,Carnell Tate,26009,WR,TEN,74.17,7.67,61,87,NA,carnell-tate.php,NA,NA,86.2,NA,NA,NA,NA,NA,9,Carnell Tate,2026-10-02,TEN
/nfl/rankings/ros-ppr-overall.php,redraft-overall,ro,Michael Wilson,25333,WR,ARI,75.67,12.92,60,99,NA,michael-wilson.php,NA,NA,87.6,NA,NA,NA,NA,7,14,Michael Wilson,2026-10-02,ARI
/nfl/rankings/ros-ppr-overall.php,redraft-overall,ro,Jared Goff,15501,QB,DET,76.5,2.5,74,79,NA,jared-goff.php,NA,NA,83.1,NA,NA,NA,NA,NA,6,Jared Goff,2026-10-02,DET
/nfl/rankings/ros-ppr-overall.php,redraft-overall,ro,Rhamondre Stevenson,22726,RB,NE,76.67,11.18,62,95,NA,rhamondre-stevenson.php,NA,NA,90.6,NA,NA,NA,NA,NA,11,Rhamondre Stevenson,2026-10-02,NEP
/nfl/rankings/ros-ppr-overall.php,redraft-overall,ro,Jadarian Price,27329,RB,SEA,78.17,9.89,62,89,NA,jadarian-price.php,NA,NA,91.9,NA,NA,NA,NA,-3,11,Jadarian Price,2026-10-02,SEA
/nfl/rankings/ros-ppr-overall.php,redraft-overall,ro,Denzel Boston,27339,WR,CLE,79.5,11.56,68,103,NA,denzel-boston.php,NA,NA,64,NA,NA,NA,NA,NA,11,Denzel Boston,2026-10-02,CLE
/nfl/rankings/ros-ppr-overall.php,redraft-overall,ro,KC Concepcion Jr.,27331,WR,CLE,79.67,5.19,72,87,NA,kevin-concepcion.php,NA,NA,63.9,NA,NA,NA,NA,NA,11,KC Concepcion,2026-10-02,CLE
/nfl/rankings/ros-ppr-overall.php,redraft-overall,ro,Courtland Sutton,17253,WR,DEN,80.83,6.09,72,90,NA,courtland-sutton.php,NA,NA,80.2,NA,NA,NA,NA,NA,10,Courtland Sutton,2026-10-02,DEN
/nfl/rankings/ros-ppr-overall.php,redraft-overall,ro,Dalton Kincaid,25247,TE,BUF,83.5,21.27,43,109,NA,dalton-kincaid.php,NA,NA,95.1,NA,NA,NA,NA,NA,7,Dalton Kincaid,2026-10-02,BUF
/nfl/rankings/ros-ppr-overall.php,redraft-overall,ro,Colston Loveland,26006,TE,CHI,85.33,22.54,43,109,NA,colston-loveland.php,NA,NA,93.7,NA,NA,NA,NA,-1,10,Colston Loveland,2026-10-02,CHI
/nfl/rankings/ros-ppr-overall.php,redraft-overall,ro,Caleb Williams,23084,QB,CHI,86,13.95,63,105,NA,caleb-williams.php,NA,NA,92.3,NA,NA,NA,NA,NA,10,Caleb Williams,2026-10-02,CHI
/nfl/rankings/ros-ppr-overall.php,redraft-overall,ro,Wan'Dale Robinson,22985,WR,TEN,86,6.56,76,97,NA,wandale-robinson.php,NA,NA,64.2,NA,NA,NA,NA,NA,9,WanDale Robinson,2026-10-02,TEN
/nfl/rankings/ros-ppr-overall.php,redraft-overall,ro,Jakobi Meyers,18598,WR,JAC,87.5,5.85,76,93,NA,jakobi-meyers.php,NA,NA,66.4,NA,NA,NA,NA,5,7,Jakobi Meyers,2026-10-02,JAC
/nfl/rankings/ros-ppr-overall.php,redraft-overall,ro,Jordan Addison,23107,WR,MIN,89.67,7.39,81,97,NA,jordan-addison.php,NA,NA,81,NA,NA,NA,NA,7,6,Jordan Addison,2026-10-02,MIN
/nfl/rankings/ros-ppr-overall.php,redraft-overall,ro,George Kittle,16499,TE,SF,90.33,14,73,107,NA,george-kittle.php,NA,NA,95.8,NA,NA,NA,NA,4,8,George Kittle,2026-10-02,SFO
/nfl/rankings/ros-ppr-overall.php,redraft-overall,ro,Tyler Shough,23096,QB,NO,90.5,11.72,74,101,NA,tyler-shough.php,NA,NA,87.3,NA,NA,NA,NA,NA,8,Tyler Shough,2026-10-02,NOS
/nfl/rankings/ros-ppr-overall.php,redraft-overall,ro,Romeo Doubs,23794,WR,NE,92.33,10.59,82,110,NA,romeo-doubs.php,NA,NA,63.3,NA,NA,NA,NA,NA,11,Romeo Doubs,2026-10-02,NEP
/nfl/rankings/ros-ppr-overall.php,redraft-overall,ro,Sam LaPorta,22978,TE,DET,93.83,6.69,86,107,NA,sam-laporta.php,NA,NA,97.5,NA,NA,NA,NA,-3,6,Sam LaPorta,2026-10-02,DET
/nfl/rankings/ros-ppr-overall.php,redraft-overall,ro,Brian Thomas Jr.,23000,WR,JAC,94.33,16.39,77,122,NA,brian-thomas-jr.php,NA,NA,73.8,NA,NA,NA,NA,NA,7,Brian Thomas,2026-10-02,JAC
/nfl/rankings/ros-ppr-overall.php,redraft-overall,ro,Harold Fannin Jr.,27050,TE,CLE,95.67,5.09,86,100,NA,harold-fannin-jr.php,NA,NA,92.4,NA,NA,NA,NA,2,11,Harold Fannin,2026-10-02,CLE
/nfl/rankings/ros-ppr-overall.php,redraft-overall,ro,Drake Maye,23046,QB,NE,96.5,4.5,92,101,NA,drake-maye.php,NA,NA,88.5,NA,NA,NA,NA,NA,11,Drake Maye,2026-10-02,NEP
/nfl/rankings/ros-ppr-overall.php,redraft-overall,ro,Travis Kelce,11594,TE,KC,97.83,11.25,86,111,NA,travis-kelce.php,NA,NA,95.8,NA,NA,NA,NA,NA,5,Travis Kelce,2026-10-02,KCC
/nfl/rankings/ros-ppr-overall.php,redraft-overall,ro,Matthew Stafford,9451,QB,LAR,98,3,92,101,NA,matthew-stafford.php,NA,NA,89.9,NA,NA,NA,NA,NA,11,Matthew Stafford,2026-10-02,LAR
/nfl/rankings/ros-ppr-overall.php,redraft-overall,ro,Makai Lemon,25420,WR,PHI,99.33,13.5,78,117,NA,makai-lemon.php,NA,NA,60.1,NA,NA,NA,NA,-5,10,Makai Lemon,2026-10-02,PHI
/nfl/rankings/ros-ppr-overall.php,redraft-overall,ro,Quentin Johnston,23123,WR,LAC,99.67,16.72,82,132,NA,quentin-johnston.php,NA,NA,66.3,NA,NA,NA,NA,-5,7,Quentin Johnston,2026-10-02,LAC
/nfl/rankings/ros-ppr-overall.php,redraft-overall,ro,Tucker Kraft,25298,TE,GB,99.67,9.39,88,111,NA,tucker-kraft.php,NA,NA,93.3,NA,NA,NA,NA,-3,11,Tucker Kraft,2026-10-02,GBP
/nfl/rankings/ros-ppr-overall.php,redraft-overall,ro,Adonai Mitchell,24357,WR,NYJ,101.5,10.28,90,122,NA,adonai-mitchell.php,NA,NA,37.1,NA,NA,NA,NA,NA,13,Adonai Mitchell,2026-10-02,NYJ
/nfl/rankings/ros-ppr-overall.php,redraft-overall,ro,Khalil Shakir,23748,WR,BUF,102.67,6.97,91,112,NA,khalil-shakir.php,NA,NA,57.5,NA,NA,NA,NA,NA,7,Khalil Shakir,2026-10-02,BUF
/nfl/rankings/ros-ppr-overall.php,redraft-overall,ro,Jordan Love,19246,QB,GB,103,2.65,98,105,NA,jordan-love.php,NA,NA,62.7,NA,NA,NA,NA,NA,11,Jordan Love,2026-10-02,GBP
/nfl/rankings/ros-ppr-overall.php,redraft-overall,ro,Blake Corum,23013,RB,LAR,103.83,13.07,80,120,NA,blake-corum.php,NA,NA,78.9,NA,NA,NA,NA,NA,11,Blake Corum,2026-10-02,LAR
/nfl/rankings/ros-ppr-overall.php,redraft-overall,ro,Marvin Harrison Jr.,23064,WR,ARI,105.33,24.2,78,142,NA,marvin-harrison-jr.php,NA,NA,74.8,NA,NA,NA,NA,NA,14,Marvin Harrison,2026-10-02,ARI
/nfl/rankings/ros-ppr-overall.php,redraft-overall,ro,Dontayvion Wicks,24354,WR,PHI,106.67,17.88,83,131,NA,dontayvion-wicks.php,NA,NA,34.2,NA,NA,NA,NA,NA,10,Dontayvion Wicks,2026-10-02,PHI
/nfl/rankings/ros-ppr-overall.php,redraft-overall,ro,Bryce Young,22900,QB,CAR,107,3.16,104,113,NA,bryce-young.php,NA,NA,59,NA,NA,NA,NA,NA,5,Bryce Young,2026-10-02,CAR
/nfl/rankings/ros-ppr-overall.php,redraft-overall,ro,Aaron Jones Sr.,16673,RB,MIN,107.83,18.43,85,136,NA,aaron-jones.php,NA,NA,85.3,NA,NA,NA,NA,NA,6,Aaron Jones,2026-10-02,MIN
/nfl/rankings/ros-ppr-overall.php,redraft-overall,ro,Justin Herbert,18635,QB,LAC,108.67,5.65,104,119,NA,justin-herbert.php,NA,NA,84.7,NA,NA,NA,NA,NA,7,Justin Herbert,2026-10-02,LAC
/nfl/rankings/ros-ppr-overall.php,redraft-overall,ro,Bo Nix,22910,QB,DEN,110,3.61,104,114,NA,bo-nix.php,NA,NA,78.2,NA,NA,NA,NA,NA,10,Bo Nix,2026-10-02,DEN
/nfl/rankings/ros-ppr-overall.php,redraft-overall,ro,Xavier Worthy,23019,WR,KC,113,20.62,90,155,NA,xavier-worthy.php,NA,NA,68.6,NA,NA,NA,NA,NA,5,Xavier Worthy,2026-10-02,KCC
/nfl/rankings/ros-ppr-overall.php,redraft-overall,ro,Juwan Johnson,19562,TE,NO,113.67,9.34,100,124,NA,juwan-johnson.php,NA,NA,66.3,NA,NA,NA,NA,NA,8,Juwan Johnson,2026-10-02,NOS
/nfl/rankings/ros-ppr-overall.php,redraft-overall,ro,Alec Pierce,23791,WR,IND,115.83,20.15,84,141,NA,alec-pierce.php,NA,NA,70.4,NA,NA,NA,NA,NA,13,Alec Pierce,2026-10-02,IND
/nfl/rankings/ros-ppr-overall.php,redraft-overall,ro,Jordyn Tyson,26035,WR,NO,117.5,14.01,93,141,NA,jordyn-tyson.php,NA,NA,55.5,NA,NA,NA,NA,NA,8,Jordyn Tyson,2026-10-02,NOS
/nfl/rankings/ros-ppr-overall.php,redraft-overall,ro,Jacory Croskey-Merritt,27316,RB,WAS,118.33,16.05,106,150,NA,jacory-croskeymerritt.php,NA,NA,78.7,NA,NA,NA,NA,NA,7,Jacory Croskey-Merritt,2026-10-02,WAS
/nfl/rankings/ros-ppr-overall.php,redraft-overall,ro,Isaiah Likely,23781,TE,NYG,118.5,1.12,118,121,NA,isaiah-likely.php,NA,NA,88.2,NA,NA,NA,NA,NA,8,Isaiah Likely,2026-10-02,NYG
/nfl/rankings/ros-ppr-overall.php,redraft-overall,ro,Michael Pittman Jr.,19278,WR,PIT,119.17,26.84,81,168,NA,michael-pittman.php,NA,NA,75,NA,NA,NA,NA,NA,9,Michael Pittman,2026-10-02,PIT
/nfl/rankings/ros-ppr-overall.php,redraft-overall,ro,Malik Willis,23499,QB,MIA,122.67,8.58,114,139,NA,malik-willis.php,NA,NA,25.4,NA,NA,NA,NA,NA,6,Malik Willis,2026-10-02,MIA
/nfl/rankings/ros-ppr-overall.php,redraft-overall,ro,Kyle Pitts Sr.,20164,TE,ATL,124,13,109,145,NA,kyle-pitts.php,NA,NA,80,NA,NA,NA,NA,NA,11,Kyle Pitts,2026-10-02,ATL
/nfl/rankings/ros-ppr-overall.php,redraft-overall,ro,Tre Tucker,25337,WR,LV,124.67,17.55,91,140,NA,tre-tucker.php,NA,NA,45.5,NA,NA,NA,NA,NA,13,Tre Tucker,2026-10-02,LVR
/nfl/rankings/ros-ppr-overall.php,redraft-overall,ro,Dallas Goedert,17270,TE,PHI,124.67,8.9,111,137,NA,dallas-goedert.php,NA,NA,75.6,NA,NA,NA,NA,3,10,Dallas Goedert,2026-10-02,PHI
/nfl/rankings/ros-ppr-overall.php,redraft-overall,ro,Kyler Murray,18600,QB,MIN,125,6.71,119,134,NA,kyler-murray.php,NA,NA,63.9,NA,NA,NA,NA,NA,6,Kyler Murray,2026-10-02,MIN
/nfl/rankings/ros-ppr-overall.php,redraft-overall,ro,Jayden Daniels,22902,QB,WAS,125.67,14.19,108,153,NA,jayden-daniels.php,NA,NA,80.9,NA,NA,NA,NA,NA,7,Jayden Daniels,2026-10-02,WAS
/nfl/rankings/ros-ppr-overall.php,redraft-overall,ro,Kyle Monangai,27131,RB,CHI,128.17,19.76,95,149,NA,kyle-monangai.php,NA,NA,79.5,NA,NA,NA,NA,NA,10,Kyle Monangai,2026-10-02,CHI
/nfl/rankings/ros-ppr-overall.php,redraft-overall,ro,Mark Andrews,17269,TE,BAL,128.17,7.95,121,145,NA,mark-andrews.php,NA,NA,81,NA,NA,NA,NA,NA,13,Mark Andrews,2026-10-02,BAL
/nfl/rankings/ros-ppr-overall.php,redraft-overall,ro,Tony Pollard,18705,RB,TEN,129,8.06,120,144,NA,tony-pollard.php,NA,NA,87.9,NA,NA,NA,NA,6,9,Tony Pollard,2026-10-02,TEN
/nfl/rankings/ros-ppr-overall.php,redraft-overall,ro,Keenan Allen,11616,WR,IND,129.17,5.18,126,140,NA,keenan-allen.php,NA,NA,40.7,NA,NA,NA,NA,NA,13,Keenan Allen,2026-10-02,IND
/nfl/rankings/ros-ppr-overall.php,redraft-overall,ro,Devaughn Vele,26409,WR,NO,129.5,43.2,87,221,NA,devaughn-vele.php,NA,NA,45.2,NA,NA,NA,NA,NA,8,Devaughn Vele,2026-10-02,NOS
/nfl/rankings/ros-ppr-overall.php,redraft-overall,ro,Sam Darnold,17236,QB,SEA,131,14.87,114,153,NA,sam-darnold.php,NA,NA,49,NA,NA,NA,NA,NA,11,Sam Darnold,2026-10-02,SEA
/nfl/rankings/ros-ppr-overall.php,redraft-overall,ro,Dalton Schultz,17349,TE,HOU,131.17,8.71,121,143,NA,dalton-schultz.php,NA,NA,68.4,NA,NA,NA,NA,-2,8,Dalton Schultz,2026-10-02,HOU
/nfl/rankings/ros-ppr-overall.php,redraft-overall,ro,Jake Ferguson,22718,TE,DAL,132.5,11.62,123,157,NA,jake-ferguson.php,NA,NA,81.5,NA,NA,NA,NA,-2,14,Jake Ferguson,2026-10-02,DAL
/nfl/rankings/ros-ppr-overall.php,redraft-overall,ro,Pat Bryant,27211,WR,DEN,133.33,17.01,102,155,NA,pat-bryant.php,NA,NA,9.1,NA,NA,NA,NA,NA,10,Pat Bryant,2026-10-02,DEN
/nfl/rankings/ros-ppr-overall.php,redraft-overall,ro,Rico Dowdle,19647,RB,PIT,134.33,29.79,95,178,NA,rico-dowdle.php,NA,NA,80,NA,NA,NA,NA,-5,9,Rico Dowdle,2026-10-02,PIT
/nfl/rankings/ros-ppr-overall.php,redraft-overall,ro,Brenton Strange,25345,TE,JAC,135.67,6.16,128,143,NA,brenton-strange.php,NA,NA,33.2,NA,NA,NA,NA,NA,7,Brenton Strange,2026-10-02,JAC
/nfl/rankings/ros-ppr-overall.php,redraft-overall,ro,J.K. Dobbins,19245,RB,DEN,136,18.72,115,164,NA,jk-dobbins.php,NA,NA,82.4,NA,NA,NA,NA,NA,10,JK Dobbins,2026-10-02,DEN
/nfl/rankings/ros-ppr-overall.php,redraft-overall,ro,C.J. Stroud,23071,QB,HOU,136.67,8.12,129,147,NA,cj-stroud.php,NA,NA,41.7,NA,NA,NA,NA,NA,8,CJ Stroud,2026-10-02,HOU
/nfl/rankings/ros-ppr-overall.php,redraft-overall,ro,Tre' Harris,26215,WR,LAC,136.83,23.1,99,178,NA,tre-harris.php,NA,NA,7.3,NA,NA,NA,NA,NA,7,Tre Harris,2026-10-02,LAC
/nfl/rankings/ros-ppr-overall.php,redraft-overall,ro,Geno Smith,11687,QB,NYJ,137,13.34,114,153,NA,geno-smith.php,NA,NA,11.8,NA,NA,NA,NA,NA,13,Geno Smith,2026-10-02,NYJ
/nfl/rankings/ros-ppr-overall.php,redraft-overall,ro,RJ Harvey,27142,RB,DEN,137.17,10.25,127,150,NA,rj-harvey.php,NA,NA,77.7,NA,NA,NA,NA,NA,10,RJ Harvey,2026-10-02,DEN
/nfl/rankings/ros-ppr-overall.php,redraft-overall,ro,Caleb Douglas,28135,WR,MIA,139.5,12.39,131,166,NA,caleb-douglas.php,NA,NA,19.7,NA,NA,NA,NA,NA,6,Caleb Douglas,2026-10-02,MIA
/nfl/rankings/ros-ppr-overall.php,redraft-overall,ro,Josh Jacobs,18269,RB,GB,140.83,20.1,106,164,NA,josh-jacobs.php,NA,NA,85.9,NA,NA,NA,NA,NA,11,Josh Jacobs,2026-10-02,GBP
/nfl/rankings/ros-ppr-overall.php,redraft-overall,ro,Kayshon Boutte,22989,WR,HOU,143.33,17.95,133,183,NA,kayshon-boutte.php,NA,NA,18.6,NA,NA,NA,NA,NA,8,Kayshon Boutte,2026-10-02,HOU
/nfl/rankings/ros-ppr-overall.php,redraft-overall,ro,Terrance Ferguson,23091,TE,LAR,143.67,5.47,137,152,NA,terrance-ferguson.php,NA,NA,24.6,NA,NA,NA,NA,2,11,Terrance Ferguson,2026-10-02,LAR
/nfl/rankings/ros-ppr-overall.php,redraft-overall,ro,Rashid Shaheed,24687,WR,SEA,143.83,19.42,126,181,NA,rashid-shaheed.php,NA,NA,36.4,NA,NA,NA,NA,NA,11,Rashid Shaheed,2026-10-02,SEA
/nfl/rankings/ros-ppr-overall.php,redraft-overall,ro,Hunter Henry,15561,TE,NE,144.17,6.15,135,152,NA,hunter-henry.php,NA,NA,54.8,NA,NA,NA,NA,NA,11,Hunter Henry,2026-10-02,NEP
/nfl/rankings/ros-ppr-overall.php,redraft-overall,ro,Kenyon Sadiq,26055,TE,NYJ,144.33,17.09,124,163,NA,kenyon-sadiq.php,NA,NA,52.5,NA,NA,NA,NA,3,13,Kenyon Sadiq,2026-10-02,NYJ
/nfl/rankings/ros-ppr-overall.php,redraft-overall,ro,Daniel Jones,18232,QB,IND,146.67,16.25,134,182,NA,daniel-jones.php,NA,NA,24.5,NA,NA,NA,NA,NA,13,Daniel Jones,2026-10-02,IND
/nfl/rankings/ros-ppr-overall.php,redraft-overall,ro,Rashod Bateman,19794,WR,BAL,149.17,9.51,140,166,NA,rashod-bateman.php,NA,NA,34.5,NA,NA,NA,NA,NA,13,Rashod Bateman,2026-10-02,BAL
/nfl/rankings/ros-ppr-overall.php,redraft-overall,ro,Rachaad White,23891,RB,WAS,150.67,22.54,130,199,NA,rachaad-white.php,NA,NA,65.3,NA,NA,NA,NA,NA,7,Rachaad White,2026-10-02,WAS
/nfl/rankings/ros-ppr-overall.php,redraft-overall,ro,Malik Washington,26314,WR,MIA,152.67,31.09,97,195,NA,malik-washington.php,NA,NA,30.2,NA,NA,NA,NA,NA,6,Malik Washington,2026-10-02,MIA
/nfl/rankings/ros-ppr-overall.php,redraft-overall,ro,Houston Texans,8120,DST,HOU,152.67,3.73,151,161,NA,houston-defense.php,NA,NA,90.9,NA,NA,NA,NA,NA,8,Houston Texans,2026-10-02,HOU
/nfl/rankings/ros-ppr-overall.php,redraft-overall,ro,T.J. Hockenson,18290,TE,MIN,153.5,4.03,145,157,NA,tj-hockenson.php,NA,NA,42.6,NA,NA,NA,NA,-3,6,TJ Hockenson,2026-10-02,MIN
/nfl/rankings/ros-ppr-overall.php,redraft-overall,ro,Oronde Gadsden II,25997,TE,LAC,154.33,6.18,145,163,NA,oronde-gadsden-ii.php,NA,NA,18.4,NA,NA,NA,NA,NA,7,Oronde Gadsden,2026-10-02,LAC
/nfl/rankings/ros-ppr-overall.php,redraft-overall,ro,Baker Mayfield,17237,QB,TB,157.67,25.91,134,214,NA,baker-mayfield.php,NA,NA,48.8,NA,NA,NA,NA,NA,10,Baker Mayfield,2026-10-02,TBB
/nfl/rankings/ros-ppr-overall.php,redraft-overall,ro,AJ Barner,26335,TE,SEA,157.83,4.14,152,163,NA,aj-barner.php,NA,NA,15.4,NA,NA,NA,NA,NA,11,AJ Barner,2026-10-02,SEA
/nfl/rankings/ros-ppr-overall.php,redraft-overall,ro,Chig Okonkwo,23982,TE,WAS,158.17,9.58,148,176,NA,chigoziem-okonkwo.php,NA,NA,19.7,NA,NA,NA,NA,NA,7,Chigoziem Okonkwo,2026-10-02,WAS
/nfl/rankings/ros-ppr-overall.php,redraft-overall,ro,Greg Dulcich,23153,TE,MIA,160,9.02,152,176,NA,greg-dulcich.php,NA,NA,7,NA,NA,NA,NA,NA,6,Greg Dulcich,2026-10-02,MIA
/nfl/rankings/ros-ppr-overall.php,redraft-overall,ro,Chris Bell,26038,WR,MIA,161.17,32.45,122,208,NA,chris-bell.php,NA,NA,7.8,NA,NA,NA,NA,NA,6,Chris Bell,2026-10-02,MIA
/nfl/rankings/ros-ppr-overall.php,redraft-overall,ro,Jordan Mason,22969,RB,MIN,161.67,30.58,127,222,NA,jordan-mason.php,NA,NA,68.4,NA,NA,NA,NA,5,6,Jordan Mason,2026-10-02,MIN
/nfl/rankings/ros-ppr-overall.php,redraft-overall,ro,Seattle Seahawks,8260,DST,SEA,162,6.19,151,171,NA,seattle-defense.php,NA,NA,96.4,NA,NA,NA,NA,NA,11,Seattle Seahawks,2026-10-02,SEA
/nfl/rankings/ros-ppr-overall.php,redraft-overall,ro,Jonah Coleman,27320,RB,DEN,163.33,15.64,136,181,NA,jonah-coleman.php,NA,NA,36.6,NA,NA,NA,NA,4,10,Jonah Coleman,2026-10-02,DEN
/nfl/rankings/ros-ppr-overall.php,redraft-overall,ro,Malachi Fields,27994,WR,NYG,163.67,12.94,141,182,NA,malachi-fields.php,NA,NA,11.6,NA,NA,NA,NA,NA,8,Malachi Fields,2026-10-02,NYG
/nfl/rankings/ros-ppr-overall.php,redraft-overall,ro,Pat Freiermuth,20163,TE,PIT,164.5,8.92,154,177,NA,pat-freiermuth.php,NA,NA,18.3,NA,NA,NA,NA,NA,9,Pat Freiermuth,2026-10-02,PIT
/nfl/rankings/ros-ppr-overall.php,redraft-overall,ro,Kenny Gainwell,23310,RB,TB,165.33,28.72,127,222,NA,kenneth-gainwell.php,NA,NA,61.9,NA,NA,NA,NA,NA,10,Kenny Gainwell,2026-10-02,TBB
/nfl/rankings/ros-ppr-overall.php,redraft-overall,ro,De'Zhaun Stribling,28138,WR,SF,165.67,29.01,138,210,NA,dezhaun-stribling.php,NA,NA,43.3,NA,NA,NA,NA,NA,8,DeZhaun Stribling,2026-10-02,SFO
/nfl/rankings/ros-ppr-overall.php,redraft-overall,ro,Kaelon Black,28401,RB,SF,165.67,7.23,156,174,NA,kaelon-black.php,NA,NA,33.9,NA,NA,NA,NA,NA,8,Kaelon Black,2026-10-02,SFO
/nfl/rankings/ros-ppr-overall.php,redraft-overall,ro,Darren Waller,14104,TE,CAR,166.67,22.34,137,205,NA,darren-waller.php,NA,NA,28,NA,NA,NA,NA,3,5,Darren Waller,2026-10-02,CAR
/nfl/rankings/ros-ppr-overall.php,redraft-overall,ro,Jacoby Brissett,15642,QB,ARI,167.5,23.12,147,214,NA,jacoby-brissett.php,NA,NA,12.6,NA,NA,NA,NA,NA,14,Jacoby Brissett,2026-10-02,ARI
/nfl/rankings/ros-ppr-overall.php,redraft-overall,ro,Michael Penix Jr.,22973,QB,ATL,168.67,33.55,139,242,NA,michael-penix-jr.php,NA,NA,8,NA,NA,NA,NA,NA,11,Michael Penix,2026-10-02,ATL
/nfl/rankings/ros-ppr-overall.php,redraft-overall,ro,MarShawn Lloyd,23118,RB,GB,171.67,23.77,136,203,NA,marshawn-lloyd.php,NA,NA,57.4,NA,NA,NA,NA,-5,11,MarShawn Lloyd,2026-10-02,GBP
/nfl/rankings/ros-ppr-overall.php,redraft-overall,ro,Denver Broncos,8090,DST,DEN,171.67,5.37,167,183,NA,denver-defense.php,NA,NA,84.7,NA,NA,NA,NA,NA,10,Denver Broncos,2026-10-02,DEN
/nfl/rankings/ros-ppr-overall.php,redraft-overall,ro,Los Angeles Rams,8280,DST,LAR,172,8.31,161,183,NA,los-angeles-rams-defense.php,NA,NA,84.3,NA,NA,NA,NA,NA,11,Los Angeles Rams,2026-10-02,LAR
/nfl/rankings/ros-ppr-overall.php,redraft-overall,ro,Cade Otton,23181,TE,TB,172.83,10.17,160,189,NA,cade-otton.php,NA,NA,6.8,NA,NA,NA,NA,NA,10,Cade Otton,2026-10-02,TBB
/nfl/rankings/ros-ppr-overall.php,redraft-overall,ro,Mike Washington Jr.,28108,RB,LV,174,12.34,158,199,NA,mike-washington-jr.php,NA,NA,39.6,NA,NA,NA,NA,NA,13,Mike Washington,2026-10-02,LVR
/nfl/rankings/ros-ppr-overall.php,redraft-overall,ro,Jonathon Brooks,26148,RB,CAR,174.33,15.57,150,201,NA,jonathon-brooks.php,NA,NA,52,NA,NA,NA,NA,-9,5,Jonathon Brooks,2026-10-02,CAR
/nfl/rankings/ros-ppr-overall.php,redraft-overall,ro,Gunnar Helm,27109,TE,TEN,174.5,7.63,168,189,NA,gunnar-helm.php,NA,NA,3.8,NA,NA,NA,NA,NA,9,Gunnar Helm,2026-10-02,TEN
/nfl/rankings/ros-ppr-overall.php,redraft-overall,ro,Woody Marks,27520,RB,HOU,174.67,15.56,150,201,NA,woody-marks.php,NA,NA,52.9,NA,NA,NA,NA,NA,8,Woody Marks,2026-10-02,HOU
/nfl/rankings/ros-ppr-overall.php,redraft-overall,ro,Philadelphia Eagles,8230,DST,PHI,174.67,5.96,172,188,NA,philadelphia-defense.php,NA,NA,81.1,NA,NA,NA,NA,NA,10,Philadelphia Eagles,2026-10-02,PHI
/nfl/rankings/ros-ppr-overall.php,redraft-overall,ro,Emmett Johnson,28107,RB,KC,174.83,24.07,149,223,NA,emmett-johnson.php,NA,NA,27.2,NA,NA,NA,NA,7,5,Emmett Johnson,2026-10-02,KCC
/nfl/rankings/ros-ppr-overall.php,redraft-overall,ro,Ted Hurst III,28130,WR,TB,180.83,40.16,117,219,NA,ted-hurst.php,NA,NA,4.5,NA,NA,NA,NA,NA,10,Ted Hurst,2026-10-02,TBB
/nfl/rankings/ros-ppr-overall.php,redraft-overall,ro,Antonio Williams,25418,WR,WAS,181.17,25.24,142,210,NA,antonio-williams-wr.php,NA,NA,8.5,NA,NA,NA,NA,NA,7,Antonio Williams,2026-10-02,WAS
/nfl/rankings/ros-ppr-overall.php,redraft-overall,ro,Keaton Mitchell,25360,RB,LAC,184.33,20.78,165,224,NA,keaton-mitchell.php,NA,NA,31.1,NA,NA,NA,NA,NA,7,Keaton Mitchell,2026-10-02,LAC
/nfl/rankings/ros-ppr-overall.php,redraft-overall,ro,Jaylin Noel,27122,WR,HOU,185.83,6.57,179,195,NA,jaylin-noel.php,NA,NA,4.6,NA,NA,NA,NA,NA,8,Jaylin Noel,2026-10-02,HOU
/nfl/rankings/ros-ppr-overall.php,redraft-overall,ro,Kalif Raymond,16081,WR,CHI,186.33,58.57,102,292,NA,kalif-raymond.php,NA,NA,42.3,NA,NA,NA,NA,16,10,Kalif Raymond,2026-10-02,CHI
/nfl/rankings/ros-ppr-overall.php,redraft-overall,ro,Brandon Aubrey,26068,K,DAL,187,0,187,187,NA,brandon-aubrey.php,NA,NA,99.1,NA,NA,NA,NA,NA,14,Brandon Aubrey,2026-10-02,DAL
/nfl/rankings/ros-ppr-overall.php,redraft-overall,ro,Braelon Allen,24346,RB,NYJ,187.33,30.84,153,230,NA,braelon-allen.php,NA,NA,71.3,NA,NA,NA,NA,10,13,Braelon Allen,2026-10-02,NYJ
/nfl/rankings/ros-ppr-overall.php,redraft-overall,ro,Pittsburgh Steelers,8240,DST,PIT,187.5,4.11,183,194,NA,pittsburgh-defense.php,NA,NA,74.5,NA,NA,NA,NA,NA,9,Pittsburgh Steelers,2026-10-02,PIT
/nfl/rankings/ros-ppr-overall.php,redraft-overall,ro,Tyler Allgeier,24172,RB,ARI,188.67,18.12,170,222,NA,tyler-allgeier.php,NA,NA,42.6,NA,NA,NA,NA,-6,14,Tyler Allgeier,2026-10-02,ARI
/nfl/rankings/ros-ppr-overall.php,redraft-overall,ro,Jacksonville Jaguars,8140,DST,JAC,189.33,1.37,188,191,NA,jacksonville-defense.php,NA,NA,65.5,NA,NA,NA,NA,NA,7,Jacksonville Jaguars,2026-10-02,JAC
/nfl/rankings/ros-ppr-overall.php,redraft-overall,ro,Minnesota Vikings,8170,DST,MIN,190.83,20.96,167,235,NA,minnesota-defense.php,NA,NA,70,NA,NA,NA,NA,NA,6,Minnesota Vikings,2026-10-02,MIN
/nfl/rankings/ros-ppr-overall.php,redraft-overall,ro,Ryan Flournoy,26398,WR,DAL,191.67,31.48,142,219,NA,ryan-flournoy.php,NA,NA,7,NA,NA,NA,NA,8,14,Ryan Flournoy,2026-10-02,DAL
/nfl/rankings/ros-ppr-overall.php,redraft-overall,ro,Ka'imi Fairbairn,15756,K,HOU,193,2.24,192,198,NA,kaimi-fairbairn.php,NA,NA,91.2,NA,NA,NA,NA,NA,8,Kaimi Fairbairn,2026-10-02,HOU
/nfl/rankings/ros-ppr-overall.php,redraft-overall,ro,New England Patriots,8180,DST,NE,193.5,12.07,185,220,NA,new-england-defense.php,NA,NA,67,NA,NA,NA,NA,NA,11,New England Patriots,2026-10-02,NEP
/nfl/rankings/ros-ppr-overall.php,redraft-overall,ro,Jalen Nailor,24177,WR,LV,194,31.29,155,251,NA,jalen-nailor.php,NA,NA,18.8,NA,NA,NA,NA,NA,13,Jalen Nailor,2026-10-02,LVR
/nfl/rankings/ros-ppr-overall.php,redraft-overall,ro,Evan Engram,16411,TE,DEN,195,16.56,180,227,NA,evan-engram.php,NA,NA,4,NA,NA,NA,NA,NA,10,Evan Engram,2026-10-02,DEN
/nfl/rankings/ros-ppr-overall.php,redraft-overall,ro,Jerry Jeudy,19201,WR,CLE,196.17,18.69,178,234,NA,jerry-jeudy.php,NA,NA,15.6,NA,NA,NA,NA,NA,11,Jerry Jeudy,2026-10-02,CLE
/nfl/rankings/ros-ppr-overall.php,redraft-overall,ro,Cam Little,26475,K,JAC,197.5,2.14,193,200,NA,cam-little.php,NA,NA,86.2,NA,NA,NA,NA,NA,7,Cam Little,2026-10-02,JAC
/nfl/rankings/ros-ppr-overall.php,redraft-overall,ro,Baltimore Ravens,8020,DST,BAL,197.67,16.91,185,235,NA,baltimore-defense.php,NA,NA,71,NA,NA,NA,NA,NA,13,Baltimore Ravens,2026-10-02,BAL
/nfl/rankings/ros-ppr-overall.php,redraft-overall,ro,Ollie Gordon II,25984,RB,MIA,199.33,72.94,130,308,NA,ollie-gordon.php,NA,NA,65.2,NA,NA,NA,NA,35,6,Ollie Gordon,2026-10-02,MIA
/nfl/rankings/ros-ppr-overall.php,redraft-overall,ro,Kansas City Chiefs,8150,DST,KC,200.33,10.03,188,212,NA,kansas-city-defense.php,NA,NA,48,NA,NA,NA,NA,NA,5,Kansas City Chiefs,2026-10-02,KCC
/nfl/rankings/ros-ppr-overall.php,redraft-overall,ro,Jason Myers,14003,K,SEA,200.33,1.8,198,204,NA,jason-myers.php,NA,NA,90.5,NA,NA,NA,NA,NA,11,Jason Myers,2026-10-02,SEA
/nfl/rankings/ros-ppr-overall.php,redraft-overall,ro,Omar Cooper Jr.,28127,WR,NYJ,200.67,20.47,165,225,NA,omar-cooper-jr.php,NA,NA,13.4,NA,NA,NA,NA,NA,13,Omar Cooper,2026-10-02,NYJ
/nfl/rankings/ros-ppr-overall.php,redraft-overall,ro,Aaron Rodgers,9001,QB,PIT,202.33,16.5,179,214,NA,aaron-rodgers.php,NA,NA,9.9,NA,NA,NA,NA,NA,9,Aaron Rodgers,2026-10-02,PIT
/nfl/rankings/ros-ppr-overall.php,redraft-overall,ro,Tyjae Spears,25323,RB,TEN,203.83,17.83,181,228,NA,tyjae-spears.php,NA,NA,39.4,NA,NA,NA,NA,NA,9,Tyjae Spears,2026-10-02,TEN
/nfl/rankings/ros-ppr-overall.php,redraft-overall,ro,Jaylen Wright,25987,RB,MIA,204.83,40.01,173,266,NA,jaylen-wright.php,NA,NA,23.1,NA,NA,NA,NA,13,6,Jaylen Wright,2026-10-02,MIA
/nfl/rankings/ros-ppr-overall.php,redraft-overall,ro,Alvin Kamara,16421,RB,NO,207,17.99,173,223,NA,alvin-kamara.php,NA,NA,54.9,NA,NA,NA,NA,NA,8,Alvin Kamara,2026-10-02,NOS
/nfl/rankings/ros-ppr-overall.php,redraft-overall,ro,Charlie Kolar,22756,TE,LAC,207.67,33.47,180,264,NA,charlie-kolar.php,NA,NA,0.7,NA,NA,NA,NA,NA,7,Charlie Kolar,2026-10-02,LAC
/nfl/rankings/ros-ppr-overall.php,redraft-overall,ro,Mike Gesicki,17272,TE,CIN,208.83,24.08,168,232,NA,mike-gesicki.php,NA,NA,10.1,NA,NA,NA,NA,NA,6,Mike Gesicki,2026-10-02,CIN
/nfl/rankings/ros-ppr-overall.php,redraft-overall,ro,Ja'Kobi Lane,27337,WR,BAL,211.33,9.45,195,226,NA,jakobi-lane.php,NA,NA,22.6,NA,NA,NA,NA,NA,13,JaKobi Lane,2026-10-02,BAL
/nfl/rankings/ros-ppr-overall.php,redraft-overall,ro,Eddy Pineiro,17575,K,SF,212.5,17.7,204,252,NA,eddy-pineiro.php,NA,NA,55.4,NA,NA,NA,NA,NA,8,Eddy Pineiro,2026-10-02,SFO
/nfl/rankings/ros-ppr-overall.php,redraft-overall,ro,Jauan Jennings,19590,WR,MIN,213,20.65,182,247,NA,jauan-jennings.php,NA,NA,12.3,NA,NA,NA,NA,NA,6,Jauan Jennings,2026-10-02,MIN
/nfl/rankings/ros-ppr-overall.php,redraft-overall,ro,Chris Rodriguez Jr.,22986,RB,JAC,213.83,18.92,188,237,NA,chris-rodriguez-jr.php,NA,NA,31.6,NA,NA,NA,NA,NA,7,Chris Rodriguez,2026-10-02,JAC
/nfl/rankings/ros-ppr-overall.php,redraft-overall,ro,Tank Bigsby,22908,RB,PHI,214.5,13.7,199,230,NA,tank-bigsby.php,NA,NA,27.6,NA,NA,NA,NA,NA,10,Tank Bigsby,2026-10-02,PHI
/nfl/rankings/ros-ppr-overall.php,redraft-overall,ro,Los Angeles Chargers,8250,DST,LAC,214.83,36.34,185,280,NA,los-angeles-chargers-defense.php,NA,NA,35.4,NA,NA,NA,NA,NA,7,Los Angeles Chargers,2026-10-02,LAC
/nfl/rankings/ros-ppr-overall.php,redraft-overall,ro,Evan McPherson,23297,K,CIN,216.5,11.15,204,240,NA,evan-mcpherson.php,NA,NA,63.3,NA,NA,NA,NA,NA,6,Evan McPherson,2026-10-02,CIN
/nfl/rankings/ros-ppr-overall.php,redraft-overall,ro,Zach Charbonnet,23152,RB,SEA,217.33,20.43,173,237,NA,zach-charbonnet.php,NA,NA,55.6,NA,NA,NA,NA,NA,11,Zach Charbonnet,2026-10-02,SEA
/nfl/rankings/ros-ppr-overall.php,redraft-overall,ro,Tyler Loop,27534,K,BAL,218,15.43,207,252,NA,tyler-loop.php,NA,NA,66.2,NA,NA,NA,NA,NA,13,Tyler Loop,2026-10-02,BAL
/nfl/rankings/ros-ppr-overall.php,redraft-overall,ro,Brian Robinson Jr.,20094,RB,ATL,221,21.19,174,236,NA,brian-robinson-jr.php,NA,NA,34.4,NA,NA,NA,NA,NA,11,Brian Robinson,2026-10-02,ATL
/nfl/rankings/ros-ppr-overall.php,redraft-overall,ro,Cameron Dicker,23901,K,LAC,197.8,9.6,193,217,NA,cameron-dicker.php,NA,NA,83.3,NA,NA,NA,NA,NA,7,Cameron Dicker,2026-10-02,LAC
/nfl/rankings/ros-ppr-overall.php,redraft-overall,ro,Cooper Kupp,16433,WR,SEA,222.17,2.48,219,226,NA,cooper-kupp.php,NA,NA,12.6,NA,NA,NA,NA,NA,11,Cooper Kupp,2026-10-02,SEA
/nfl/rankings/ros-ppr-overall.php,redraft-overall,ro,Chase McLaughlin,19058,K,TB,225,14.48,213,250,NA,chase-mclaughlin.php,NA,NA,22.3,NA,NA,NA,NA,NA,10,Chase McLaughlin,2026-10-02,TBB
/nfl/rankings/ros-ppr-overall.php,redraft-overall,ro,Cam Ward,24755,QB,TEN,225.33,28.78,179,255,NA,cam-ward.php,NA,NA,10.4,NA,NA,NA,NA,NA,9,Cam Ward,2026-10-02,TEN
/nfl/rankings/ros-ppr-overall.php,redraft-overall,ro,Jake Bates,26075,K,DET,225.5,15.04,211,252,NA,jake-bates.php,NA,NA,61.5,NA,NA,NA,NA,NA,6,Jake Bates,2026-10-02,DET
/nfl/rankings/ros-ppr-overall.php,redraft-overall,ro,Colby Parkinson,19372,TE,LAR,227.33,21.11,205,268,NA,colby-parkinson.php,NA,NA,3.5,NA,NA,NA,NA,NA,11,Colby Parkinson,2026-10-02,LAR
/nfl/rankings/ros-ppr-overall.php,redraft-overall,ro,Isaac TeSlaa,27446,WR,DET,228.83,15.85,210,261,NA,isaac-teslaa.php,NA,NA,3.7,NA,NA,NA,NA,NA,6,Isaac TeSlaa,2026-10-02,DET
/nfl/rankings/ros-ppr-overall.php,redraft-overall,ro,San Francisco 49ers,8270,DST,SF,208.8,21.27,185,247,NA,san-francisco-defense.php,NA,NA,39,NA,NA,NA,NA,NA,8,San Francisco 49ers,2026-10-02,SFO
/nfl/rankings/ros-ppr-overall.php,redraft-overall,ro,Germie Bernard,26039,WR,PIT,230.83,2.03,229,234,NA,germie-bernard.php,NA,NA,5.7,NA,NA,NA,NA,NA,9,Germie Bernard,2026-10-02,PIT
/nfl/rankings/ros-ppr-overall.php,redraft-overall,ro,Harrison Mevis,26638,K,LAR,231.67,26.04,211,282,NA,harrison-mevis.php,NA,NA,65.9,NA,NA,NA,NA,NA,11,Harrison Mevis,2026-10-02,LAR
/nfl/rankings/ros-ppr-overall.php,redraft-overall,ro,David Njoku,16399,TE,LAC,211.6,25.8,180,233,NA,david-njoku.php,NA,NA,7.3,NA,NA,NA,NA,NA,7,David Njoku,2026-10-02,LAC
/nfl/rankings/ros-ppr-overall.php,redraft-overall,ro,Kirk Cousins,11177,QB,LV,234.33,36.46,179,284,NA,kirk-cousins.php,NA,NA,24.2,NA,NA,NA,NA,NA,13,Kirk Cousins,2026-10-02,LVR
/nfl/rankings/ros-ppr-overall.php,redraft-overall,ro,Ray Davis,26191,RB,BUF,235.67,3.5,228,238,NA,ray-davis.php,NA,NA,7.4,NA,NA,NA,NA,NA,7,Ray Davis,2026-10-02,BUF
/nfl/rankings/ros-ppr-overall.php,redraft-overall,ro,Calvin Ridley,17258,WR,TEN,237,19.64,208,261,NA,calvin-ridley.php,NA,NA,6.3,NA,NA,NA,NA,NA,9,Calvin Ridley,2026-10-02,TEN
/nfl/rankings/ros-ppr-overall.php,redraft-overall,ro,Kaleb Johnson,27165,RB,GB,237.33,25.95,190,271,NA,kaleb-johnson-rb.php,NA,NA,7.5,NA,NA,NA,NA,NA,11,Kaleb Johnson,2026-10-02,GBP
/nfl/rankings/ros-ppr-overall.php,redraft-overall,ro,Harrison Butker,16712,K,KC,239.33,16.16,216,252,NA,harrison-butker.php,NA,NA,59.6,NA,NA,NA,NA,NA,5,Harrison Butker,2026-10-02,KCC
/nfl/rankings/ros-ppr-overall.php,redraft-overall,ro,Keon Coleman,26019,WR,BUF,239.83,39.19,177,285,NA,keon-coleman.php,NA,NA,8.7,NA,NA,NA,NA,NA,7,Keon Coleman,2026-10-02,BUF
/nfl/rankings/ros-ppr-overall.php,redraft-overall,ro,Bryce Lance,28129,WR,NO,241.33,6.92,234,256,NA,bryce-lance.php,NA,NA,1,NA,NA,NA,NA,NA,8,Bryce Lance,2026-10-02,NOS
/nfl/rankings/ros-ppr-overall.php,redraft-overall,ro,Buffalo Bills,8030,DST,BUF,242.83,44.02,206,336,NA,buffalo-defense.php,NA,NA,43.8,NA,NA,NA,NA,NA,7,Buffalo Bills,2026-10-02,BUF
/nfl/rankings/ros-ppr-overall.php,redraft-overall,ro,Cleveland Browns,8070,DST,CLE,224,15.06,206,247,NA,cleveland-defense.php,NA,NA,25.3,NA,NA,NA,NA,NA,11,Cleveland Browns,2026-10-02,CLE
/nfl/rankings/ros-ppr-overall.php,redraft-overall,ro,Jalen McMillan,23179,WR,TB,225,17.8,202,246,NA,jalen-mcmillan.php,NA,NA,11.3,NA,NA,NA,NA,NA,10,Jalen McMillan,2026-10-02,TBB
/nfl/rankings/ros-ppr-overall.php,redraft-overall,ro,Travis Hunter,26034,WR,JAC,244.67,9.1,231,262,NA,travis-hunter.php,NA,NA,50,NA,NA,NA,NA,NA,7,Travis Hunter,2026-10-02,JAC
/nfl/rankings/ros-ppr-overall.php,redraft-overall,ro,Michael Mayer,23056,TE,LV,226.8,33.91,168,274,NA,michael-mayer.php,NA,NA,8.8,NA,NA,NA,NA,NA,13,Michael Mayer,2026-10-02,LVR
/nfl/rankings/ros-ppr-overall.php,redraft-overall,ro,Cairo Santos,13731,K,CHI,227,21.08,207,253,NA,cairo-santos.php,NA,NA,24.6,NA,NA,NA,NA,NA,10,Cairo Santos,2026-10-02,CHI
/nfl/rankings/ros-ppr-overall.php,redraft-overall,ro,Najee Harris,19302,RB,NYG,246.83,6.07,238,258,NA,najee-harris-rb.php,NA,NA,6.8,NA,NA,NA,NA,NA,8,Najee Harris,2026-10-02,NYG
/nfl/rankings/ros-ppr-overall.php,redraft-overall,ro,Emanuel Wilson,25885,RB,SEA,247.33,22.15,223,286,NA,emanuel-wilson.php,NA,NA,25.6,NA,NA,NA,NA,NA,11,Emanuel Wilson,2026-10-02,SEA
/nfl/rankings/ros-ppr-overall.php,redraft-overall,ro,Darnell Mooney,19810,WR,NYG,247.33,5.28,239,254,NA,darnell-mooney.php,NA,NA,3.2,NA,NA,NA,NA,NA,8,Darnell Mooney,2026-10-02,NYG
/nfl/rankings/ros-ppr-overall.php,redraft-overall,ro,Marcus Mariota,13890,QB,WAS,248.17,46.1,179,303,NA,marcus-mariota.php,NA,NA,11.5,NA,NA,NA,NA,NA,7,Marcus Mariota,2026-10-02,WAS
/nfl/rankings/ros-ppr-overall.php,redraft-overall,ro,DeMario Douglas,25304,WR,NE,249.17,41.17,202,334,NA,demario-douglas.php,NA,NA,2.9,NA,NA,NA,NA,NA,11,Demario Douglas,2026-10-02,NEP
/nfl/rankings/ros-ppr-overall.php,redraft-overall,ro,Tyquan Thornton,22913,WR,KC,252.5,20.84,221,275,NA,tyquan-thornton.php,NA,NA,2.6,NA,NA,NA,NA,NA,5,Tyquan Thornton,2026-10-02,KCC
/nfl/rankings/ros-ppr-overall.php,redraft-overall,ro,Kimani Vidal,26355,RB,LAC,253,13.45,237,271,NA,kimani-vidal.php,NA,NA,2.2,NA,NA,NA,NA,NA,7,Kimani Vidal,2026-10-02,LAC
/nfl/rankings/ros-ppr-overall.php,redraft-overall,ro,Detroit Lions,8100,DST,DET,239.6,20.69,220,275,NA,detroit-defense.php,NA,NA,47.3,NA,NA,NA,NA,NA,6,Detroit Lions,2026-10-02,DET
/nfl/rankings/ros-ppr-overall.php,redraft-overall,ro,Green Bay Packers,8110,DST,GB,215.25,14.79,194,235,NA,green-bay-defense.php,NA,NA,42.5,NA,NA,NA,NA,NA,11,Green Bay Packers,2026-10-02,GBP
/nfl/rankings/ros-ppr-overall.php,redraft-overall,ro,Kendre Miller,24360,RB,NO,257.33,35.62,184,287,NA,kendre-miller.php,NA,NA,6.7,NA,NA,NA,NA,8,8,Kendre Miller,2026-10-02,NOS
/nfl/rankings/ros-ppr-overall.php,redraft-overall,ro,Kendrick Bourne,17066,WR,ARI,257.67,25.72,219,295,NA,kendrick-bourne.php,NA,NA,1.4,NA,NA,NA,NA,NA,14,Kendrick Bourne,2026-10-02,ARI
/nfl/rankings/ros-ppr-overall.php,redraft-overall,ro,Zachariah Branch,25419,WR,ATL,258.33,11.4,244,275,NA,zachariah-branch.php,NA,NA,8.7,NA,NA,NA,NA,NA,11,Zachariah Branch,2026-10-02,ATL
/nfl/rankings/ros-ppr-overall.php,redraft-overall,ro,Andy Borregales,27291,K,NE,259.67,33.42,217,306,NA,andres-borregales.php,NA,NA,7.5,NA,NA,NA,NA,NA,11,Andy Borregales,2026-10-02,NEP
/nfl/rankings/ros-ppr-overall.php,redraft-overall,ro,Cyrus Allen,28424,WR,KC,244,10.73,229,262,NA,cyrus-allen.php,NA,NA,10.6,NA,NA,NA,NA,NA,5,Cyrus Allen,2026-10-02,KCC
/nfl/rankings/ros-ppr-overall.php,redraft-overall,ro,Kaytron Allen,24362,RB,WAS,260.33,13.32,237,274,NA,kaytron-allen.php,NA,NA,4.2,NA,NA,NA,NA,NA,7,Kaytron Allen,2026-10-02,WAS
/nfl/rankings/ros-ppr-overall.php,redraft-overall,ro,Chris Boswell,13029,K,PIT,260.5,28.67,240,324,NA,chris-boswell.php,NA,NA,34.8,NA,NA,NA,NA,NA,9,Chris Boswell,2026-10-02,PIT
/nfl/rankings/ros-ppr-overall.php,redraft-overall,ro,Tyler Bass,19760,K,BUF,246.8,34.68,200,291,NA,tyler-bass.php,NA,NA,13.2,NA,NA,NA,NA,NA,7,Tyler Bass,2026-10-02,BUF
/nfl/rankings/ros-ppr-overall.php,redraft-overall,ro,Mack Hollins,16489,WR,NE,262.5,23.31,239,307,NA,mack-hollins.php,NA,NA,5.8,NA,NA,NA,NA,NA,11,Mack Hollins,2026-10-02,NEP
/nfl/rankings/ros-ppr-overall.php,redraft-overall,ro,Will Reichard,26341,K,MIN,251.4,22.82,215,277,NA,will-reichard.php,NA,NA,51.3,NA,NA,NA,NA,NA,6,Will Reichard,2026-10-02,MIN
/nfl/rankings/ros-ppr-overall.php,redraft-overall,ro,Samaje Perine,16423,RB,CIN,268.33,11.79,258,294,NA,samaje-perine.php,NA,NA,5.9,NA,NA,NA,NA,NA,6,Samaje Perine,2026-10-02,CIN
/nfl/rankings/ros-ppr-overall.php,redraft-overall,ro,George Holani,22915,RB,SEA,268.83,8.63,260,287,NA,george-holani.php,NA,NA,4.3,NA,NA,NA,NA,NA,11,George Holani,2026-10-02,SEA
/nfl/rankings/ros-ppr-overall.php,redraft-overall,ro,Kyle Williams,27487,WR,NE,255.4,6.89,245,263,NA,kyle-williams-wr-2025.php,NA,NA,1.6,NA,NA,NA,NA,NA,11,Kyle Williams,2026-10-02,NEP
/nfl/rankings/ros-ppr-overall.php,redraft-overall,ro,New Orleans Saints,8190,DST,NO,257.6,21.04,220,276,NA,new-orleans-defense.php,NA,NA,21,NA,NA,NA,NA,NA,8,New Orleans Saints,2026-10-02,NOS
/nfl/rankings/ros-ppr-overall.php,redraft-overall,ro,Eli Raridon,28154,TE,NE,259.8,14.2,232,272,NA,eli-raridon.php,NA,NA,1.5,NA,NA,NA,NA,NA,11,Eli Raridon,2026-10-02,NEP
/nfl/rankings/ros-ppr-overall.php,redraft-overall,ro,Troy Franklin,23092,WR,DEN,260,17.92,242,292,NA,troy-franklin.php,NA,NA,1.4,NA,NA,NA,NA,NA,10,Troy Franklin,2026-10-02,DEN
/nfl/rankings/ros-ppr-overall.php,redraft-overall,ro,Tyrone Tracy Jr.,22980,RB,NYG,273.5,17.16,248,294,NA,tyrone-tracy-jr.php,NA,NA,7.5,NA,NA,NA,NA,NA,8,Tyrone Tracy,2026-10-02,NYG
/nfl/rankings/ros-ppr-overall.php,redraft-overall,ro,Las Vegas Raiders,8220,DST,LV,209.67,52.22,155,280,NA,las-vegas-defense.php,NA,NA,16.2,NA,NA,NA,NA,NA,13,Las Vegas Raiders,2026-10-02,LVR
/nfl/rankings/ros-ppr-overall.php,redraft-overall,ro,Deshaun Watson,16398,QB,CLE,275.17,12.01,255,293,NA,deshaun-watson.php,NA,NA,8.7,NA,NA,NA,NA,NA,11,Deshaun Watson,2026-10-02,CLE
/nfl/rankings/ros-ppr-overall.php,redraft-overall,ro,Cincinnati Bengals,8060,DST,CIN,210.67,20.43,185,235,NA,cincinnati-defense.php,NA,NA,17,NA,NA,NA,NA,NA,6,Cincinnati Bengals,2026-10-02,CIN
/nfl/rankings/ros-ppr-overall.php,redraft-overall,ro,Jameis Winston,13891,QB,NYG,275.33,24.13,241,316,NA,jameis-winston.php,NA,NA,4.6,NA,NA,NA,NA,NA,8,Jameis Winston,2026-10-02,NYG
/nfl/rankings/ros-ppr-overall.php,redraft-overall,ro,Justice Hill,18256,RB,BAL,276.17,14.02,260,298,NA,justice-hill.php,NA,NA,8.3,NA,NA,NA,NA,NA,13,Justice Hill,2026-10-02,BAL
/nfl/rankings/ros-ppr-overall.php,redraft-overall,ro,Elic Ayomanor,27059,WR,TEN,276.5,23.72,254,320,NA,elic-ayomanor.php,NA,NA,1.5,NA,NA,NA,NA,NA,9,Elic Ayomanor,2026-10-02,TEN
/nfl/rankings/ros-ppr-overall.php,redraft-overall,ro,Roman Wilson,28896,WR,PIT,276.83,16.3,243,291,NA,roman-wilson-wr.php,NA,NA,3.8,NA,NA,NA,NA,NA,9,Roman Wilson,2026-10-02,PIT
/nfl/rankings/ros-ppr-overall.php,redraft-overall,ro,Dylan Sampson,27102,RB,CLE,265,31.03,223,310,NA,dylan-sampson.php,NA,NA,10.2,NA,NA,NA,NA,NA,11,Dylan Sampson,2026-10-02,CLE
/nfl/rankings/ros-ppr-overall.php,redraft-overall,ro,Mason Taylor,26005,TE,NYJ,247,12.39,233,267,NA,mason-taylor.php,NA,NA,1.9,NA,NA,NA,NA,NA,13,Mason Taylor,2026-10-02,NYJ
/nfl/rankings/ros-ppr-overall.php,redraft-overall,ro,Nicholas Singleton,24343,RB,TEN,279.5,12.61,257,300,NA,nick-singleton.php,NA,NA,8.1,NA,NA,NA,NA,NA,9,Nicholas Singleton,2026-10-02,TEN
/nfl/rankings/ros-ppr-overall.php,redraft-overall,ro,Seth McGowan,23079,RB,IND,280.67,13.09,259,300,NA,seth-mcgowan.php,NA,NA,1.8,NA,NA,NA,NA,NA,13,Seth McGowan,2026-10-02,IND
/nfl/rankings/ros-ppr-overall.php,redraft-overall,ro,Chris Brooks,25823,RB,GB,280.67,16.54,265,313,NA,christopher-brooks.php,NA,NA,7.2,NA,NA,NA,NA,NA,11,Chris Brooks,2026-10-02,GBP
/nfl/rankings/ros-ppr-overall.php,redraft-overall,ro,Kevin Coleman Jr.,28067,WR,MIA,269.2,25.51,225,302,NA,kevin-coleman-jr.php,NA,NA,1.1,NA,NA,NA,NA,NA,6,Kevin Coleman,2026-10-02,MIA
/nfl/rankings/ros-ppr-overall.php,redraft-overall,ro,Jack Bech,27224,WR,LV,269.4,23.04,249,312,NA,jack-bech.php,NA,NA,1.4,NA,NA,NA,NA,NA,13,Jack Bech,2026-10-02,LVR
/nfl/rankings/ros-ppr-overall.php,redraft-overall,ro,Elijah Sarratt,27463,WR,BAL,270.6,10.82,256,283,NA,elijah-sarratt.php,NA,NA,4.1,NA,NA,NA,NA,NA,13,Elijah Sarratt,2026-10-02,BAL
/nfl/rankings/ros-ppr-overall.php,redraft-overall,ro,Trey Smack,28507,K,GB,254.5,42.2,215,315,NA,trey-smack.php,NA,NA,17,NA,NA,NA,NA,NA,11,Trey Smack,2026-10-02,GBP
/nfl/rankings/ros-ppr-overall.php,redraft-overall,ro,Chimere Dike,27315,WR,TEN,271.6,12.89,255,290,NA,chimere-dike.php,NA,NA,1.5,NA,NA,NA,NA,NA,9,Chimere Dike,2026-10-02,TEN
/nfl/rankings/ros-ppr-overall.php,redraft-overall,ro,Tyler Higbee,15623,TE,LAR,273.2,35.3,227,336,NA,tyler-higbee.php,NA,NA,2.3,NA,NA,NA,NA,NA,11,Tyler Higbee,2026-10-02,LAR
/nfl/rankings/ros-ppr-overall.php,redraft-overall,ro,Wil Lutz,16026,K,DEN,257,28.38,213,282,NA,wil-lutz.php,NA,NA,8.6,NA,NA,NA,NA,NA,10,Wil Lutz,2026-10-02,DEN
/nfl/rankings/ros-ppr-overall.php,redraft-overall,ro,Sean Tucker,23679,RB,TB,285.5,10.53,271,303,NA,sean-tucker.php,NA,NA,3.4,NA,NA,NA,NA,-7,10,Sean Tucker,2026-10-02,TBB
/nfl/rankings/ros-ppr-overall.php,redraft-overall,ro,Darnell Washington,22967,TE,PIT,261,20.35,227,281,NA,darnell-washington.php,NA,NA,2.5,NA,NA,NA,NA,NA,9,Darnell Washington,2026-10-02,PIT
/nfl/rankings/ros-ppr-overall.php,redraft-overall,ro,Marvin Mims Jr.,23080,WR,DEN,277.2,11.58,261,291,NA,marvin-mims.php,NA,NA,2.6,NA,NA,NA,NA,NA,10,Marvin Mims,2026-10-02,DEN
/nfl/rankings/ros-ppr-overall.php,redraft-overall,ro,Indianapolis Colts,8130,DST,IND,262.5,44.1,190,309,NA,indianapolis-defense.php,NA,NA,14.8,NA,NA,NA,NA,NA,13,Indianapolis Colts,2026-10-02,IND
/nfl/rankings/ros-ppr-overall.php,redraft-overall,ro,Theo Johnson,23104,TE,NYG,263,11.2,244,273,NA,theo-johnson.php,NA,NA,1.5,NA,NA,NA,NA,NA,8,Theo Johnson,2026-10-02,NYG
/nfl/rankings/ros-ppr-overall.php,redraft-overall,ro,Demond Claiborne,28084,RB,MIN,289,11.83,270,306,NA,demond-claiborne.php,NA,NA,3.7,NA,NA,NA,NA,NA,6,Demond Claiborne,2026-10-02,MIN
/nfl/rankings/ros-ppr-overall.php,redraft-overall,ro,Jahan Dotson,23101,WR,ATL,280,16.8,263,307,NA,jahan-dotson.php,NA,NA,1.7,NA,NA,NA,NA,NA,11,Jahan Dotson,2026-10-02,ATL
/nfl/rankings/ros-ppr-overall.php,redraft-overall,ro,Eli Stowers,23144,TE,PHI,267,23.25,233,298,NA,eli-stowers.php,NA,NA,4.2,NA,NA,NA,NA,NA,10,Eli Stowers,2026-10-02,PHI
/nfl/rankings/ros-ppr-overall.php,redraft-overall,ro,Fernando Mendoza,28013,QB,LV,291.5,12.15,276,311,NA,fernando-mendoza.php,NA,NA,15,NA,NA,NA,NA,NA,13,Fernando Mendoza,2026-10-02,LVR
/nfl/rankings/ros-ppr-overall.php,redraft-overall,ro,Andrei Iosivas,25335,WR,CIN,283.4,16.08,262,311,NA,andrei-iosivas.php,NA,NA,1,NA,NA,NA,NA,NA,6,Andrei Iosivas,2026-10-02,CIN
/nfl/rankings/ros-ppr-overall.php,redraft-overall,ro,Dallas Cowboys,8080,DST,DAL,270.5,51.43,186,324,NA,dallas-defense.php,NA,NA,18,NA,NA,NA,NA,NA,14,Dallas Cowboys,2026-10-02,DAL
/nfl/rankings/ros-ppr-overall.php,redraft-overall,ro,Devin Singletary,18280,RB,NYG,288.2,14.77,260,300,NA,devin-singletary.php,NA,NA,7.5,NA,NA,NA,NA,NA,8,Devin Singletary,2026-10-02,NYG
/nfl/rankings/ros-ppr-overall.php,redraft-overall,ro,Raheim Sanders,24351,RB,CLE,291.2,17.62,259,311,NA,raheim-sanders.php,NA,NA,3,NA,NA,NA,NA,NA,11,Raheim Sanders,2026-10-02,CLE
/nfl/rankings/ros-ppr-overall.php,redraft-overall,ro,James Conner,16447,RB,ARI,292.6,19.12,259,317,NA,james-conner.php,NA,NA,9,NA,NA,NA,NA,NA,14,James Conner,2026-10-02,ARI
/nfl/rankings/ros-ppr-overall.php,redraft-overall,ro,Jordan James,27310,RB,SF,292.6,9,279,304,NA,jordan-james.php,NA,NA,1.3,NA,NA,NA,NA,NA,8,Jordan James,2026-10-02,SFO
/nfl/rankings/ros-ppr-overall.php,redraft-overall,ro,Joshua Palmer,22845,WR,BUF,281,34.71,241,329,NA,josh-palmer.php,NA,NA,2.6,NA,NA,NA,NA,NA,7,Josh Palmer,2026-10-02,BUF
/nfl/rankings/ros-ppr-overall.php,redraft-overall,ro,Noah Fant,17527,TE,NO,261.67,20.98,232,277,NA,noah-fant.php,NA,NA,1.6,NA,NA,NA,NA,5,8,Noah Fant,2026-10-02,NOS
/nfl/rankings/ros-ppr-overall.php,redraft-overall,ro,Emari Demercado,25654,RB,DAL,293.2,19.99,273,330,NA,emari-demercado.php,NA,NA,1.3,NA,NA,NA,NA,NA,14,Emari Demercado,2026-10-02,DAL
/nfl/rankings/ros-ppr-overall.php,redraft-overall,ro,Christian Kirk,17268,WR,SF,293.4,24.74,257,332,NA,christian-kirk.php,NA,NA,2.2,NA,NA,NA,NA,NA,8,Christian Kirk,2026-10-02,SFO
/nfl/rankings/ros-ppr-overall.php,redraft-overall,ro,Xavier Legette,26136,WR,CAR,293.6,12.72,279,312,NA,xavier-legette.php,NA,NA,1.3,NA,NA,NA,NA,NA,5,Xavier Legette,2026-10-02,CAR
/nfl/rankings/ros-ppr-overall.php,redraft-overall,ro,Isaiah Davis,25977,RB,NYJ,302.83,24.29,281,345,NA,isaiah-davis.php,NA,NA,3.7,NA,NA,NA,NA,NA,13,Isaiah Davis,2026-10-02,NYJ
/nfl/rankings/ros-ppr-overall.php,redraft-overall,ro,Skyler Bell,28126,WR,BUF,295.6,13.15,282,316,NA,skyler-bell.php,NA,NA,3,NA,NA,NA,NA,NA,7,Skyler Bell,2026-10-02,BUF
/nfl/rankings/ros-ppr-overall.php,redraft-overall,ro,Tampa Bay Buccaneers,8290,DST,TB,270.33,17.15,249,291,NA,tampa-bay-defense.php,NA,NA,20.2,NA,NA,NA,NA,NA,10,Tampa Bay Buccaneers,2026-10-02,TBB
/nfl/rankings/ros-ppr-overall.php,redraft-overall,ro,DJ Giddens,27097,RB,IND,301.6,27.49,260,346,NA,dj-giddens.php,NA,NA,0.7,NA,NA,NA,NA,NA,13,DJ Giddens,2026-10-02,IND
/nfl/rankings/ros-ppr-overall.php,redraft-overall,ro,Tory Horton,26022,WR,SEA,241.5,61.5,180,303,NA,tory-horton.php,NA,NA,1.8,NA,NA,NA,NA,12,11,Tory Horton,2026-10-02,SEA
/nfl/rankings/ros-ppr-overall.php,redraft-overall,ro,Cole Kmet,19229,TE,CHI,283,25.57,262,319,NA,cole-kmet.php,NA,NA,1.8,NA,NA,NA,NA,NA,10,Cole Kmet,2026-10-02,CHI
/nfl/rankings/ros-ppr-overall.php,redraft-overall,ro,Shedeur Sanders,25968,QB,CLE,308.2,22.17,285,348,NA,shedeur-sanders.php,NA,NA,2.6,NA,NA,NA,NA,NA,11,Shedeur Sanders,2026-10-02,CLE
/nfl/rankings/ros-ppr-overall.php,redraft-overall,ro,Will Shipley,22930,RB,PHI,306.8,11.82,288,325,NA,will-shipley.php,NA,NA,0.9,NA,NA,NA,NA,NA,10,Will Shipley,2026-10-02,PHI
/nfl/rankings/ros-ppr-overall.php,redraft-overall,ro,Ty Johnson,18406,RB,BUF,310.4,24.63,289,358,NA,ty-johnson.php,NA,NA,1.6,NA,NA,NA,NA,NA,7,Ty Johnson,2026-10-02,BUF
/nfl/rankings/ros-ppr-overall.php,redraft-overall,ro,Erick All Jr.,23837,TE,CIN,259,15,244,274,NA,erick-all.php,NA,NA,0.6,NA,NA,NA,NA,-6,6,Erick All,2026-10-02,CIN
/nfl/rankings/ros-ppr-overall.php,redraft-overall,ro,J.J. McCarthy,23018,QB,NYG,308,12.66,288,324,NA,jj-mccarthy.php,NA,NA,2.6,NA,NA,NA,NA,NA,8,JJ McCarthy,2026-10-02,NYG
/nfl/rankings/ros-ppr-overall.php,redraft-overall,ro,Konata Mumpfield,27449,WR,LAR,265,34,231,299,NA,konata-mumpfield.php,NA,NA,4.2,NA,NA,NA,NA,NA,11,Konata Mumpfield,2026-10-02,LAR
/nfl/rankings/ros-ppr-overall.php,redraft-overall,ro,Eli Heidenreich,28297,RB,PIT,303.25,8.73,293,317,NA,eli-heidenreich.php,NA,NA,2.2,NA,NA,NA,NA,NA,9,Eli Heidenreich,2026-10-02,PIT
/nfl/rankings/ros-ppr-overall.php,redraft-overall,ro,Xavier Hutchinson,25332,WR,HOU,291.67,33.48,251,333,NA,xavier-hutchinson.php,NA,NA,7.5,NA,NA,NA,NA,NA,8,Xavier Hutchinson,2026-10-02,HOU
/nfl/rankings/ros-ppr-overall.php,redraft-overall,ro,LeQuint Allen Jr.,27285,RB,JAC,312,10.14,296,326,NA,lequint-allen-jr.php,NA,NA,0.7,NA,NA,NA,NA,NA,7,LeQuint Allen,2026-10-02,JAC
/nfl/rankings/ros-ppr-overall.php,redraft-overall,ro,Dawson Knox,18631,TE,BUF,293.67,23.1,270,325,NA,dawson-knox.php,NA,NA,1.7,NA,NA,NA,NA,NA,7,Dawson Knox,2026-10-02,BUF
/nfl/rankings/ros-ppr-overall.php,redraft-overall,ro,Tennessee Titans,8300,DST,TEN,206,0,206,206,NA,tennessee-defense.php,NA,NA,5.9,NA,NA,NA,NA,NA,9,Tennessee Titans,2026-10-02,TEN
/nfl/rankings/ros-ppr-overall.php,redraft-overall,ro,Adam Randall,24367,RB,BAL,318.2,21.45,301,360,NA,adam-randall.php,NA,NA,1.4,NA,NA,NA,NA,NA,13,Adam Randall,2026-10-02,BAL
/nfl/rankings/ros-ppr-overall.php,redraft-overall,ro,Jarquez Hunter,24335,RB,MIA,319.2,24.19,293,365,NA,jarquez-hunter.php,NA,NA,1,NA,NA,NA,NA,NA,6,Jarquez Hunter,2026-10-02,MIA
/nfl/rankings/ros-ppr-overall.php,redraft-overall,ro,Tua Tagovailoa,19198,QB,ATL,318.2,26,290,359,NA,tua-tagovailoa.php,NA,NA,4.9,NA,NA,NA,NA,NA,11,Tua Tagovailoa,2026-10-02,ATL
/nfl/rankings/ros-ppr-overall.php,redraft-overall,ro,Matt Gay,18545,K,LV,213,0,213,213,NA,matt-gay.php,NA,NA,11.6,NA,NA,NA,NA,NA,13,Matt Gay,2026-10-02,LVR
/nfl/rankings/ros-ppr-overall.php,redraft-overall,ro,Carolina Panthers,8040,DST,CAR,277,2,275,279,NA,carolina-defense.php,NA,NA,10.6,NA,NA,NA,NA,NA,5,Carolina Panthers,2026-10-02,CAR
/nfl/rankings/ros-ppr-overall.php,redraft-overall,ro,Isiah Pacheco,24333,RB,DET,298,6.16,290,305,NA,isiah-pacheco.php,NA,NA,23.4,NA,NA,NA,NA,NA,6,Isiah Pacheco,2026-10-02,DET
/nfl/rankings/ros-ppr-overall.php,redraft-overall,ro,Bam Knight,24901,RB,ARI,309.25,7.36,301,321,NA,zonovan-bam-knight.php,NA,NA,0.7,NA,NA,NA,NA,NA,14,Bam Knight,2026-10-02,ARI
/nfl/rankings/ros-ppr-overall.php,redraft-overall,ro,Elijah Arroyo,23004,TE,SEA,284.5,11.5,273,296,NA,elijah-arroyo.php,NA,NA,0.9,NA,NA,NA,NA,NA,11,Elijah Arroyo,2026-10-02,SEA
/nfl/rankings/ros-ppr-overall.php,redraft-overall,ro,Jawhar Jordan,26329,RB,HOU,312.5,5.17,306,320,NA,jawhar-jordan.php,NA,NA,1,NA,NA,NA,NA,NA,8,Jawhar Jordan,2026-10-02,HOU
/nfl/rankings/ros-ppr-overall.php,redraft-overall,ro,Carson Wentz,15520,QB,MIN,320,28.17,295,367,NA,carson-wentz.php,NA,NA,1.4,NA,NA,NA,NA,NA,6,Carson Wentz,2026-10-02,MIN
/nfl/rankings/ros-ppr-overall.php,redraft-overall,ro,Tyson Bagent,25321,QB,CHI,315.5,15.82,296,339,NA,tyson-bagent.php,NA,NA,1.1,NA,NA,NA,NA,NA,10,Tyson Bagent,2026-10-02,CHI
/nfl/rankings/ros-ppr-overall.php,redraft-overall,ro,Kareem Hunt,16425,RB,FA,316,8.06,307,329,NA,kareem-hunt.php,NA,NA,0.9,NA,NA,NA,NA,NA,NA,Kareem Hunt,2026-10-02,FA
/nfl/rankings/ros-ppr-overall.php,redraft-overall,ro,Trevor Etienne,25393,RB,CAR,324.2,16.47,308,355,NA,trevor-etienne.php,NA,NA,0.8,NA,NA,NA,NA,NA,5,Trevor Etienne,2026-10-02,CAR
/nfl/rankings/ros-ppr-overall.php,redraft-overall,ro,Devin Neal,23682,RB,MIN,326,21.12,302,364,NA,devin-neal.php,NA,NA,1.2,NA,NA,NA,NA,NA,6,Devin Neal,2026-10-02,MIN
/nfl/rankings/ros-ppr-overall.php,redraft-overall,ro,Ryan Fitzgerald,27261,K,CAR,250,0,250,250,NA,ryan-fitzgerald.php,NA,NA,2.1,NA,NA,NA,NA,NA,5,Ryan Fitzgerald,2026-10-02,CAR
/nfl/rankings/ros-ppr-overall.php,redraft-overall,ro,Sione Vaki,26309,RB,DET,295.5,14.5,281,310,NA,sione-vaki.php,NA,NA,1.1,NA,NA,NA,NA,NA,6,Sione Vaki,2026-10-02,DET
/nfl/rankings/ros-ppr-overall.php,redraft-overall,ro,Daniel Carlson,17420,K,NO,253,0,253,253,NA,daniel-carlson.php,NA,NA,3.5,NA,NA,NA,NA,NA,8,Daniel Carlson,2026-10-02,NOS
/nfl/rankings/ros-ppr-overall.php,redraft-overall,ro,Brashard Smith,27259,RB,KC,319.25,12.62,305,338,NA,brashard-smith.php,NA,NA,1.3,NA,NA,NA,NA,NA,5,Brashard Smith,2026-10-02,KCC
/nfl/rankings/ros-ppr-overall.php,redraft-overall,ro,Darius Slayton,18706,WR,IND,261,0,261,261,NA,darius-slayton.php,NA,NA,1,NA,NA,NA,NA,NA,13,Darius Slayton,2026-10-02,IND
/nfl/rankings/ros-ppr-overall.php,redraft-overall,ro,Carson Beck,22953,QB,ARI,327.75,28.16,289,368,NA,carson-beck.php,NA,NA,2.5,NA,NA,NA,NA,NA,14,Carson Beck,2026-10-02,ARI
/nfl/rankings/ros-ppr-overall.php,redraft-overall,ro,Tank Dell,25361,WR,HOU,265,0,265,265,NA,nathaniel-dell.php,NA,NA,25.7,NA,NA,NA,NA,NA,8,Tank Dell,2026-10-02,HOU
/nfl/rankings/ros-ppr-overall.php,redraft-overall,ro,Hollywood Brown,18226,WR,PHI,309.5,44.5,265,354,NA,marquise-brown.php,NA,NA,1.2,NA,NA,NA,NA,NA,10,Marquise Brown,2026-10-02,PHI
/nfl/rankings/ros-ppr-overall.php,redraft-overall,ro,New York Jets,8210,DST,NYJ,274,0,274,274,NA,new-york-jets-defense.php,NA,NA,4,NA,NA,NA,NA,NA,13,New York Jets,2026-10-02,NYJ
/nfl/rankings/ros-ppr-overall.php,redraft-overall,ro,Brenen Thompson,28133,WR,LAC,307.5,23.5,284,331,NA,brenen-thompson.php,NA,NA,0.9,NA,NA,NA,NA,NA,7,Brenen Thompson,2026-10-02,LAC
/nfl/rankings/ros-ppr-overall.php,redraft-overall,ro,Jalen Tolbert,23770,WR,MIA,309,34,275,343,NA,jalen-tolbert.php,NA,NA,1.1,NA,NA,NA,NA,NA,6,Jalen Tolbert,2026-10-02,MIA
/nfl/rankings/ros-ppr-overall.php,redraft-overall,ro,Marlin Klein,28157,TE,HOU,277,0,277,277,NA,marlin-klein.php,NA,NA,0.6,NA,NA,NA,NA,NA,8,Marlin Klein,2026-10-02,HOU
/nfl/rankings/ros-ppr-overall.php,redraft-overall,ro,Audric Estime,23054,RB,MIN,328.5,17.39,313,357,NA,audric-estime.php,NA,NA,1.2,NA,NA,NA,NA,NA,6,Audric Estime,2026-10-02,MIN
/nfl/rankings/ros-ppr-overall.php,redraft-overall,ro,Mac Jones,20156,QB,SF,332,27.41,293,370,NA,mac-jones.php,NA,NA,0.9,NA,NA,NA,NA,NA,8,Mac Jones,2026-10-02,SFO
/nfl/rankings/ros-ppr-overall.php,redraft-overall,ro,Chicago Bears,8050,DST,CHI,280,0,280,280,NA,chicago-defense.php,NA,NA,34.7,NA,NA,NA,NA,NA,10,Chicago Bears,2026-10-02,CHI
/nfl/rankings/ros-ppr-overall.php,redraft-overall,ro,Jonnu Smith,16460,TE,GB,281,0,281,281,NA,jonnu-smith.php,NA,NA,0.9,NA,NA,NA,NA,NA,11,Jonnu Smith,2026-10-02,GBP
/nfl/rankings/ros-ppr-overall.php,redraft-overall,ro,Jake Tonges,24778,TE,SF,281,0,281,281,NA,jake-tonges.php,NA,NA,1.4,NA,NA,NA,NA,NA,8,Jake Tonges,2026-10-02,SFO
/nfl/rankings/ros-ppr-overall.php,redraft-overall,ro,Barion Brown,25416,WR,NO,284,0,284,284,NA,barion-brown.php,NA,NA,1.4,NA,NA,NA,NA,NA,8,Barion Brown,2026-10-02,NOS
/nfl/rankings/ros-ppr-overall.php,redraft-overall,ro,Matt Hibner,28168,TE,BAL,286,0,286,286,NA,matthew-hibner.php,NA,NA,1.2,NA,NA,NA,NA,NA,13,Matt Hibner,2026-10-02,BAL
/nfl/rankings/ros-ppr-overall.php,redraft-overall,ro,Ben Sinnott,26310,TE,WAS,313,17,296,330,NA,ben-sinnott.php,NA,NA,0.6,NA,NA,NA,NA,NA,7,Ben Sinnott,2026-10-02,WAS
/nfl/rankings/ros-ppr-overall.php,redraft-overall,ro,Noah Gray,19539,TE,KC,314,28,286,342,NA,noah-gray.php,NA,NA,0.6,NA,NA,NA,NA,NA,5,Noah Gray,2026-10-02,KCC
/nfl/rankings/ros-ppr-overall.php,redraft-overall,ro,Joe Flacco,9300,QB,CIN,322,21.23,292,338,NA,joe-flacco.php,NA,NA,0.8,NA,NA,NA,NA,NA,6,Joe Flacco,2026-10-02,CIN
/nfl/rankings/ros-ppr-overall.php,redraft-overall,ro,Spencer Shrader,26763,K,IND,287,0,287,287,NA,spencer-shrader.php,NA,NA,21.5,NA,NA,NA,NA,NA,13,Spencer Shrader,2026-10-02,IND
/nfl/rankings/ros-ppr-overall.php,redraft-overall,ro,Jacob Saylors,25693,RB,DET,323,6.68,316,332,NA,jacob-saylors.php,NA,NA,1,NA,NA,NA,NA,NA,6,Jacob Saylors,2026-10-02,DET
/nfl/rankings/ros-ppr-overall.php,redraft-overall,ro,Malik Benson,26012,WR,LV,290,0,290,290,NA,malik-benson.php,NA,NA,0.6,NA,NA,NA,NA,NA,13,Malik Benson,2026-10-02,LVR
/nfl/rankings/ros-ppr-overall.php,redraft-overall,ro,Justin Fields,19781,QB,KC,316,22,294,338,NA,justin-fields.php,NA,NA,0.9,NA,NA,NA,NA,NA,5,Justin Fields,2026-10-02,KCC
/nfl/rankings/ros-ppr-overall.php,redraft-overall,ro,Jaydon Blue,24344,RB,PHI,324,4.32,320,330,NA,jaydon-blue.php,NA,NA,1.4,NA,NA,NA,NA,NA,10,Jaydon Blue,2026-10-02,PHI
/nfl/rankings/ros-ppr-overall.php,redraft-overall,ro,CJ Daniels,28125,WR,LAR,317,3,314,320,NA,cj-daniels.php,NA,NA,1.3,NA,NA,NA,NA,NA,11,CJ Daniels,2026-10-02,LAR
/nfl/rankings/ros-ppr-overall.php,redraft-overall,ro,Colbie Young,26037,WR,CIN,295,0,295,295,NA,colbie-young.php,NA,NA,0.8,NA,NA,NA,NA,NA,6,Colbie Young,2026-10-02,CIN
/nfl/rankings/ros-ppr-overall.php,redraft-overall,ro,Phil Mafah,22928,RB,NYG,317.5,5.5,312,323,NA,phil-mafah.php,NA,NA,1,NA,NA,NA,NA,NA,8,Phil Mafah,2026-10-02,NYG
/nfl/rankings/ros-ppr-overall.php,redraft-overall,ro,Mitchell Evans,27138,TE,CAR,297,0,297,297,NA,mitchell-evans.php,NA,NA,1,NA,NA,NA,NA,NA,5,Mitchell Evans,2026-10-02,CAR
/nfl/rankings/ros-ppr-overall.php,redraft-overall,ro,Zach Ertz,11689,TE,PHI,299,0,299,299,NA,zach-ertz.php,NA,NA,3.6,NA,NA,NA,NA,NA,10,Zach Ertz,2026-10-02,PHI
/nfl/rankings/ros-ppr-overall.php,redraft-overall,ro,Oscar Delp,25430,TE,NO,305,0,305,305,NA,oscar-delp.php,NA,NA,1.2,NA,NA,NA,NA,NA,8,Oscar Delp,2026-10-02,NOS
/nfl/rankings/ros-ppr-overall.php,redraft-overall,ro,Zavion Thomas,28132,WR,CHI,308,0,308,308,NA,zavion-thomas.php,NA,NA,1.8,NA,NA,NA,NA,NA,10,Zavion Thomas,2026-10-02,CHI
/nfl/rankings/ros-ppr-overall.php,redraft-overall,ro,Tutu Atwell,20126,WR,LAR,309,0,309,309,NA,tutu-atwell.php,NA,NA,0.8,NA,NA,NA,NA,NA,11,Tutu Atwell,2026-10-02,LAR
/nfl/rankings/ros-ppr-overall.php,redraft-overall,ro,Trey Benson,25388,RB,ARI,325,8,317,333,NA,trey-benson.php,NA,NA,1,NA,NA,NA,NA,NA,14,Trey Benson,2026-10-02,ARI
/nfl/rankings/ros-ppr-overall.php,redraft-overall,ro,Isaiah Bond,24371,WR,CLE,331.5,21.5,310,353,NA,isaiah-bond.php,NA,NA,0.6,NA,NA,NA,NA,NA,11,Isaiah Bond,2026-10-02,CLE
/nfl/rankings/ros-ppr-overall.php,redraft-overall,ro,Roschon Johnson,25322,RB,CHI,338,18.99,317,363,NA,roschon-johnson.php,NA,NA,1.3,NA,NA,NA,NA,NA,10,Roschon Johnson,2026-10-02,CHI
/nfl/rankings/ros-ppr-overall.php,redraft-overall,ro,New York Giants,8200,DST,NYG,312,0,312,312,NA,new-york-giants-defense.php,NA,NA,15.2,NA,NA,NA,NA,NA,8,New York Giants,2026-10-02,NYG
/nfl/rankings/ros-ppr-overall.php,redraft-overall,ro,Cedric Tillman,25287,WR,NO,315,0,315,315,NA,cedric-tillman.php,NA,NA,1,NA,NA,NA,NA,NA,8,Cedric Tillman,2026-10-02,NOS
/nfl/rankings/ros-ppr-overall.php,redraft-overall,ro,J'Mari Taylor,28109,RB,JAC,327.5,9.5,318,337,NA,jmari-taylor.php,NA,NA,2.3,NA,NA,NA,NA,NA,7,JMari Taylor,2026-10-02,JAC
/nfl/rankings/ros-ppr-overall.php,redraft-overall,ro,Tahj Brooks,26212,RB,CIN,339,22,317,361,NA,tahj-brooks.php,NA,NA,0.7,NA,NA,NA,NA,NA,6,Tahj Brooks,2026-10-02,CIN
/nfl/rankings/ros-ppr-overall.php,redraft-overall,ro,Austin Ekeler,16483,RB,WAS,319,0,319,319,NA,austin-ekeler.php,NA,NA,1.9,NA,NA,NA,NA,NA,7,Austin Ekeler,2026-10-02,WAS
/nfl/rankings/ros-ppr-overall.php,redraft-overall,ro,Deion Burks,27093,WR,IND,321,0,321,321,NA,deion-burks.php,NA,NA,2,NA,NA,NA,NA,NA,13,Deion Burks,2026-10-02,IND
/nfl/rankings/ros-ppr-overall.php,redraft-overall,ro,Olamide Zaccheaus,18864,WR,ATL,337,14,323,351,NA,olamide-zaccheaus.php,NA,NA,0.6,NA,NA,NA,NA,NA,11,Olamide Zaccheaus,2026-10-02,ATL
/nfl/rankings/ros-ppr-overall.php,redraft-overall,ro,Odell Beckham Jr.,12127,WR,FA,326,0,326,326,NA,odell-beckham.php,NA,NA,2.7,NA,NA,NA,NA,NA,NA,Odell Beckham,2026-10-02,FA
/nfl/rankings/ros-ppr-overall.php,redraft-overall,ro,Ja'Tavion Sanders,24334,TE,CAR,327,0,327,327,NA,jatavion-sanders.php,NA,NA,0.6,NA,NA,NA,NA,NA,5,JaTavion Sanders,2026-10-02,CAR
/nfl/rankings/ros-ppr-overall.php,redraft-overall,ro,Tommy Tremble,22795,TE,CAR,328,0,328,328,NA,tommy-tremble.php,NA,NA,0.6,NA,NA,NA,NA,NA,5,Tommy Tremble,2026-10-02,CAR
/nfl/rankings/ros-ppr-overall.php,redraft-overall,ro,Tez Johnson,27147,WR,TB,329,0,329,329,NA,tez-johnson.php,NA,NA,0.6,NA,NA,NA,NA,NA,10,Tez Johnson,2026-10-02,TBB
/nfl/rankings/ros-ppr-overall.php,redraft-overall,ro,Dont'e Thornton Jr.,27288,WR,LV,331,0,331,331,NA,donte-thornton-jr.php,NA,NA,0.7,NA,NA,NA,NA,NA,13,Donte Thornton,2026-10-02,LVR
/nfl/rankings/ros-ppr-overall.php,redraft-overall,ro,Jake Elliott,16540,K,PHI,333,0,333,333,NA,jake-elliott.php,NA,NA,7,NA,NA,NA,NA,NA,10,Jake Elliott,2026-10-02,PHI
/nfl/rankings/ros-ppr-overall.php,redraft-overall,ro,Nate Boerkircher,28427,TE,JAC,334,0,334,334,NA,nate-boerkircher.php,NA,NA,1.7,NA,NA,NA,NA,NA,7,Nate Boerkircher,2026-10-02,JAC
/nfl/rankings/ros-ppr-overall.php,redraft-overall,ro,Roman Hemby,25387,RB,LV,350.5,15.5,335,366,NA,roman-hemby.php,NA,NA,0,NA,NA,NA,NA,NA,13,Roman Hemby,2026-10-02,LVR
/nfl/rankings/ros-ppr-overall.php,redraft-overall,ro,Case Keenum,11425,QB,CHI,339,0,339,339,NA,case-keenum.php,NA,NA,3.9,NA,NA,NA,NA,NA,10,Case Keenum,2026-10-02,CHI
/nfl/rankings/ros-ppr-overall.php,redraft-overall,ro,Sam Roush,28161,TE,CHI,340,0,340,340,NA,sam-roush.php,NA,NA,0.7,NA,NA,NA,NA,NA,10,Sam Roush,2026-10-02,CHI
/nfl/rankings/ros-ppr-overall.php,redraft-overall,ro,Justin Joly,28079,TE,MIA,341,0,341,341,NA,justin-joly.php,NA,NA,2.5,NA,NA,NA,NA,NA,6,Justin Joly,2026-10-02,MIA
/nfl/rankings/ros-ppr-overall.php,redraft-overall,ro,Josh Whyle,22923,TE,GB,344,0,344,344,NA,josh-whyle.php,NA,NA,1.1,NA,NA,NA,NA,NA,11,Josh Whyle,2026-10-02,GBP
/nfl/rankings/ros-ppr-overall.php,redraft-overall,ro,Savion Williams,27144,WR,GB,347,0,347,347,NA,savion-williams.php,NA,NA,0.6,NA,NA,NA,NA,NA,11,Savion Williams,2026-10-02,GBP
/nfl/rankings/ros-ppr-overall.php,redraft-overall,ro,Brandon Aiyuk,19252,WR,SF,349,0,349,349,NA,brandon-aiyuk.php,NA,NA,2.8,NA,NA,NA,NA,NA,8,Brandon Aiyuk,2026-10-02,SFO
/nfl/rankings/ros-ppr-overall.php,redraft-overall,ro,Tyreek Hill,15802,WR,FA,350,0,350,350,NA,tyreek-hill.php,NA,NA,17.4,NA,NA,NA,NA,NA,NA,Tyreek Hill,2026-10-02,FA
/nfl/rankings/ros-ppr-overall.php,redraft-overall,ro,Treylon Burks,22905,WR,WAS,352,0,352,352,NA,treylon-burks.php,NA,NA,1.7,NA,NA,NA,NA,NA,7,Treylon Burks,2026-10-02,WAS
/nfl/rankings/ros-ppr-overall.php,redraft-overall,ro,Atlanta Falcons,8010,DST,ATL,356,0,356,356,NA,atlanta-defense.php,NA,NA,8.8,NA,NA,NA,NA,NA,11,Atlanta Falcons,2026-10-02,ATL
/nfl/rankings/ros-ppr-overall.php,redraft-overall,ro,Jaleel McLaughlin,25876,RB,CLE,362,0,362,362,NA,jaleel-mclaughlin.php,NA,NA,0.6,NA,NA,NA,NA,NA,11,Jaleel McLaughlin,2026-10-02,CLE
/nfl/rankings/ros-ppr-overall.php,redraft-overall,ro,Cade Klubnik,24361,QB,NYJ,369,0,369,369,NA,cade-klubnik.php,NA,NA,1.2,NA,NA,NA,NA,NA,13,Cade Klubnik,2026-10-02,NYJ
/nfl/rankings/ros-qb.php,redraft-qb,rp,Josh Allen,17298,QB,BUF,1,0,1,1,NA,josh-allen-qb.php,NA,NA,99.8,NA,NA,NA,NA,NA,7,Josh Allen,2026-10-02,BUF
/nfl/rankings/ros-qb.php,redraft-qb,rp,Lamar Jackson,17233,QB,BAL,2,0,2,2,NA,lamar-jackson.php,NA,NA,99.8,NA,NA,NA,NA,NA,13,Lamar Jackson,2026-10-02,BAL
/nfl/rankings/ros-qb.php,redraft-qb,rp,Brock Purdy,19797,QB,SF,3.83,0.69,3,5,NA,brock-purdy.php,NA,NA,92.3,NA,NA,NA,NA,4,8,Brock Purdy,2026-10-02,SFO
/nfl/rankings/ros-qb.php,redraft-qb,rp,Joe Burrow,19196,QB,CIN,4.67,0.47,4,5,NA,joe-burrow.php,NA,NA,98.3,NA,NA,NA,NA,2,6,Joe Burrow,2026-10-02,CIN
/nfl/rankings/ros-qb.php,redraft-qb,rp,Trevor Lawrence,19780,QB,JAC,5.5,0.96,4,7,NA,trevor-lawrence.php,NA,NA,91.4,NA,NA,NA,NA,-1,7,Trevor Lawrence,2026-10-02,JAC
/nfl/rankings/ros-qb.php,redraft-qb,rp,Jalen Hurts,19275,QB,PHI,5.83,2.03,3,8,NA,jalen-hurts.php,NA,NA,98.5,NA,NA,NA,NA,-3,10,Jalen Hurts,2026-10-02,PHI
/nfl/rankings/ros-qb.php,redraft-qb,rp,Patrick Mahomes II,16413,QB,KC,6.33,0.75,6,8,NA,patrick-mahomes.php,NA,NA,93.7,NA,NA,NA,NA,2,5,Patrick Mahomes,2026-10-02,KCC
/nfl/rankings/ros-qb.php,redraft-qb,rp,Dak Prescott,15600,QB,DAL,8.17,0.69,7,9,NA,dak-prescott.php,NA,NA,95.6,NA,NA,NA,NA,NA,14,Dak Prescott,2026-10-02,DAL
/nfl/rankings/ros-qb.php,redraft-qb,rp,Jared Goff,15501,QB,DET,9.5,0.5,9,10,NA,jared-goff.php,NA,NA,83.1,NA,NA,NA,NA,NA,6,Jared Goff,2026-10-02,DET
/nfl/rankings/ros-qb.php,redraft-qb,rp,Caleb Williams,23084,QB,CHI,10.83,2.41,7,15,NA,caleb-williams.php,NA,NA,92.3,NA,NA,NA,NA,NA,10,Caleb Williams,2026-10-02,CHI
/nfl/rankings/ros-qb.php,redraft-qb,rp,Tyler Shough,23096,QB,NO,11.17,1.57,9,13,NA,tyler-shough.php,NA,NA,87.3,NA,NA,NA,NA,2,8,Tyler Shough,2026-10-02,NOS
/nfl/rankings/ros-qb.php,redraft-qb,rp,Drake Maye,23046,QB,NE,12,1,11,13,NA,drake-maye.php,NA,NA,88.5,NA,NA,NA,NA,-7,11,Drake Maye,2026-10-02,NEP
/nfl/rankings/ros-qb.php,redraft-qb,rp,Matthew Stafford,9451,QB,LAR,12.17,0.69,11,13,NA,matthew-stafford.php,NA,NA,89.9,NA,NA,NA,NA,2,11,Matthew Stafford,2026-10-02,LAR
/nfl/rankings/ros-qb.php,redraft-qb,rp,Jordan Love,19246,QB,GB,14,1.15,12,15,NA,jordan-love.php,NA,NA,62.7,NA,NA,NA,NA,NA,11,Jordan Love,2026-10-02,GBP
/nfl/rankings/ros-qb.php,redraft-qb,rp,Bryce Young,22900,QB,CAR,15.33,1.11,14,17,NA,bryce-young.php,NA,NA,59,NA,NA,NA,NA,2,5,Bryce Young,2026-10-02,CAR
/nfl/rankings/ros-qb.php,redraft-qb,rp,Justin Herbert,18635,QB,LAC,15.67,1.89,14,19,NA,justin-herbert.php,NA,NA,84.7,NA,NA,NA,NA,-4,7,Justin Herbert,2026-10-02,LAC
/nfl/rankings/ros-qb.php,redraft-qb,rp,Bo Nix,22910,QB,DEN,16.33,1.25,14,18,NA,bo-nix.php,NA,NA,78.2,NA,NA,NA,NA,NA,10,Bo Nix,2026-10-02,DEN
/nfl/rankings/ros-qb.php,redraft-qb,rp,Malik Willis,23499,QB,MIA,19.67,1.7,18,23,NA,malik-willis.php,NA,NA,25.4,NA,NA,NA,NA,NA,6,Malik Willis,2026-10-02,MIA
/nfl/rankings/ros-qb.php,redraft-qb,rp,Jayden Daniels,22902,QB,WAS,20,2.77,16,25,NA,jayden-daniels.php,NA,NA,80.9,NA,NA,NA,NA,2,7,Jayden Daniels,2026-10-02,WAS
/nfl/rankings/ros-qb.php,redraft-qb,rp,Kyler Murray,18600,QB,MIN,20.17,1.34,19,22,NA,kyler-murray.php,NA,NA,63.9,NA,NA,NA,NA,NA,6,Kyler Murray,2026-10-02,MIN
/nfl/rankings/ros-qb.php,redraft-qb,rp,Sam Darnold,17236,QB,SEA,21.17,2.67,18,25,NA,sam-darnold.php,NA,NA,49,NA,NA,NA,NA,4,11,Sam Darnold,2026-10-02,SEA
/nfl/rankings/ros-qb.php,redraft-qb,rp,Geno Smith,11687,QB,NYJ,22.33,2.36,18,25,NA,geno-smith.php,NA,NA,11.8,NA,NA,NA,NA,NA,13,Geno Smith,2026-10-02,NYJ
/nfl/rankings/ros-qb.php,redraft-qb,rp,C.J. Stroud,23071,QB,HOU,22.33,1.37,21,24,NA,cj-stroud.php,NA,NA,41.7,NA,NA,NA,NA,NA,8,CJ Stroud,2026-10-02,HOU
/nfl/rankings/ros-qb.php,redraft-qb,rp,Daniel Jones,18232,QB,IND,23.83,1.95,22,28,NA,daniel-jones.php,NA,NA,24.5,NA,NA,NA,NA,NA,13,Daniel Jones,2026-10-02,IND
/nfl/rankings/ros-qb.php,redraft-qb,rp,Baker Mayfield,17237,QB,TB,24.67,1.8,22,28,NA,baker-mayfield.php,NA,NA,48.8,NA,NA,NA,NA,-5,10,Baker Mayfield,2026-10-02,TBB
/nfl/rankings/ros-qb.php,redraft-qb,rp,Jacoby Brissett,15642,QB,ARI,25.83,1.34,24,28,NA,jacoby-brissett.php,NA,NA,12.6,NA,NA,NA,NA,NA,14,Jacoby Brissett,2026-10-02,ARI
/nfl/rankings/ros-qb.php,redraft-qb,rp,Michael Penix Jr.,22973,QB,ATL,26,1.73,23,29,NA,michael-penix-jr.php,NA,NA,8,NA,NA,NA,NA,4,11,Michael Penix,2026-10-02,ATL
/nfl/rankings/ros-qb.php,redraft-qb,rp,Aaron Rodgers,9001,QB,PIT,27.67,0.47,27,28,NA,aaron-rodgers.php,NA,NA,9.9,NA,NA,NA,NA,NA,9,Aaron Rodgers,2026-10-02,PIT
/nfl/rankings/ros-qb.php,redraft-qb,rp,Cam Ward,24755,QB,TEN,28.83,0.9,27,30,NA,cam-ward.php,NA,NA,10.4,NA,NA,NA,NA,-3,9,Cam Ward,2026-10-02,TEN
/nfl/rankings/ros-qb.php,redraft-qb,rp,Kirk Cousins,11177,QB,LV,29.67,1.49,27,32,NA,kirk-cousins.php,NA,NA,24.2,NA,NA,NA,NA,NA,13,Kirk Cousins,2026-10-02,LVR
/nfl/rankings/ros-qb.php,redraft-qb,rp,Marcus Mariota,13890,QB,WAS,30.83,2.03,27,33,NA,marcus-mariota.php,NA,NA,11.5,NA,NA,NA,NA,NA,7,Marcus Mariota,2026-10-02,WAS
/nfl/rankings/ros-qb.php,redraft-qb,rp,Deshaun Watson,16398,QB,CLE,32,1.15,31,34,NA,deshaun-watson.php,NA,NA,8.7,NA,NA,NA,NA,NA,11,Deshaun Watson,2026-10-02,CLE
/nfl/rankings/ros-qb.php,redraft-qb,rp,Jameis Winston,13891,QB,NYG,32.5,1.71,30,35,NA,jameis-winston.php,NA,NA,4.6,NA,NA,NA,NA,NA,8,Jameis Winston,2026-10-02,NYG
/nfl/rankings/ros-qb.php,redraft-qb,rp,Fernando Mendoza,28013,QB,LV,33.17,0.9,32,34,NA,fernando-mendoza.php,NA,NA,15,NA,NA,NA,NA,-4,13,Fernando Mendoza,2026-10-02,LVR
/nfl/rankings/ros-qb.php,redraft-qb,rp,Shedeur Sanders,25968,QB,CLE,35.4,1.5,34,38,NA,shedeur-sanders.php,NA,NA,2.6,NA,NA,NA,NA,NA,11,Shedeur Sanders,2026-10-02,CLE
/nfl/rankings/ros-qb.php,redraft-qb,rp,J.J. McCarthy,23018,QB,NYG,35.6,0.8,35,37,NA,jj-mccarthy.php,NA,NA,2.6,NA,NA,NA,NA,5,8,JJ McCarthy,2026-10-02,NYG
/nfl/rankings/ros-qb.php,redraft-qb,rp,Tua Tagovailoa,19198,QB,ATL,37.4,1.62,35,39,NA,tua-tagovailoa.php,NA,NA,4.9,NA,NA,NA,NA,NA,11,Tua Tagovailoa,2026-10-02,ATL
/nfl/rankings/ros-qb.php,redraft-qb,rp,Carson Wentz,15520,QB,MIN,38.25,2.86,35,42,NA,carson-wentz.php,NA,NA,1.4,NA,NA,NA,NA,NA,6,Carson Wentz,2026-10-02,MIN
/nfl/rankings/ros-qb.php,redraft-qb,rp,Tyson Bagent,25321,QB,CHI,38.5,4.56,33,43,NA,tyson-bagent.php,NA,NA,1.1,NA,NA,NA,NA,NA,10,Tyson Bagent,2026-10-02,CHI
/nfl/rankings/ros-qb.php,redraft-qb,rp,Carson Beck,22953,QB,ARI,38.5,1.5,37,41,NA,carson-beck.php,NA,NA,2.5,NA,NA,NA,NA,NA,14,Carson Beck,2026-10-02,ARI
/nfl/rankings/ros-qb.php,redraft-qb,rp,Mac Jones,20156,QB,SF,40.25,2.17,37,43,NA,mac-jones.php,NA,NA,0.9,NA,NA,NA,NA,NA,8,Mac Jones,2026-10-02,SFO
/nfl/rankings/ros-qb.php,redraft-qb,rp,Joe Flacco,9300,QB,CIN,41.5,3.2,39,47,NA,joe-flacco.php,NA,NA,0.8,NA,NA,NA,NA,NA,6,Joe Flacco,2026-10-02,CIN
/nfl/rankings/ros-qb.php,redraft-qb,rp,Case Keenum,11425,QB,CHI,37,0,37,37,NA,case-keenum.php,NA,NA,3.9,NA,NA,NA,NA,NA,10,Case Keenum,2026-10-02,CHI
/nfl/rankings/ros-qb.php,redraft-qb,rp,Justin Fields,19781,QB,KC,43,2.16,41,46,NA,justin-fields.php,NA,NA,0.9,NA,NA,NA,NA,NA,5,Justin Fields,2026-10-02,KCC
/nfl/rankings/ros-qb.php,redraft-qb,rp,Cade Klubnik,24361,QB,NYJ,42,0,42,42,NA,cade-klubnik.php,NA,NA,1.2,NA,NA,NA,NA,NA,13,Cade Klubnik,2026-10-02,NYJ
/nfl/rankings/ros-qb.php,redraft-qb,rp,Anthony Richardson Sr.,24347,QB,IND,44,0,44,44,NA,anthony-richardson.php,NA,NA,1.6,NA,NA,NA,NA,NA,13,Anthony Richardson,2026-10-02,IND
/nfl/rankings/ros-qb.php,redraft-qb,rp,Ty Simpson,25368,QB,LAR,45,0,45,45,NA,ty-simpson.php,NA,NA,3.6,NA,NA,NA,NA,NA,11,Ty Simpson,2026-10-02,LAR
/nfl/rankings/ros-qb.php,redraft-qb,rp,Gardner Minshew II,18562,QB,ARI,48,0,48,48,NA,gardner-minshew.php,NA,NA,0.6,NA,NA,NA,NA,NA,14,Gardner Minshew,2026-10-02,ARI
/nfl/rankings/ros-qb.php,redraft-qb,rp,Tyrod Taylor,10007,QB,GB,49,0,49,49,NA,tyrod-taylor.php,NA,NA,0.6,NA,NA,NA,NA,NA,11,Tyrod Taylor,2026-10-02,GBP
/nfl/rankings/ros-qb.php,redraft-qb,rp,Drew Allar,24345,QB,PIT,50,0,50,50,NA,drew-allar.php,NA,NA,0.8,NA,NA,NA,NA,NA,9,Drew Allar,2026-10-02,PIT
/nfl/rankings/ros-qb.php,redraft-qb,rp,Jimmy Garoppolo,12208,QB,LAR,51,0,51,51,NA,jimmy-garoppolo.php,NA,NA,1.4,NA,NA,NA,NA,NA,11,Jimmy Garoppolo,2026-10-02,LAR
/nfl/rankings/ros-qb.php,redraft-qb,rp,Tyler Huntley,19297,QB,BAL,52,0,52,52,NA,tyler-huntley.php,NA,NA,1.2,NA,NA,NA,NA,NA,13,Tyler Huntley,2026-10-02,BAL
/nfl/rankings/ros-qb.php,redraft-qb,rp,Taylen Green,28094,QB,CLE,53,0,53,53,NA,taylen-green.php,NA,NA,3.3,NA,NA,NA,NA,NA,11,Taylen Green,2026-10-02,CLE
/nfl/rankings/ros-qb.php,redraft-qb,rp,Trey Lance,20082,QB,LAC,54,0,54,54,NA,trey-lance.php,NA,NA,0.6,NA,NA,NA,NA,NA,7,Trey Lance,2026-10-02,LAC
/nfl/rankings/ros-qb.php,redraft-qb,rp,Davis Mills,22799,QB,HOU,55,0,55,55,NA,davis-mills.php,NA,NA,1.1,NA,NA,NA,NA,NA,8,Davis Mills,2026-10-02,HOU
/nfl/rankings/ros-qb.php,redraft-qb,rp,Quinn Ewers,23680,QB,JAC,56,0,56,56,NA,quinn-ewers.php,NA,NA,0.6,NA,NA,NA,NA,NA,7,Quinn Ewers,2026-10-02,JAC
/nfl/rankings/ros-qb.php,redraft-qb,rp,Riley Leonard,25373,QB,IND,57,0,57,57,NA,riley-leonard.php,NA,NA,1,NA,NA,NA,NA,NA,13,Riley Leonard,2026-10-02,IND
/nfl/rankings/ros-qb.php,redraft-qb,rp,Cooper Rush,16477,QB,ATL,58,0,58,58,NA,cooper-rush.php,NA,NA,0.7,NA,NA,NA,NA,NA,11,Cooper Rush,2026-10-02,ATL
/nfl/rankings/ros-qb.php,redraft-qb,rp,Spencer Rattler,23081,QB,NO,59,0,59,59,NA,spencer-rattler.php,NA,NA,0.6,NA,NA,NA,NA,NA,8,Spencer Rattler,2026-10-02,NOS
/nfl/rankings/ros-qb.php,redraft-qb,rp,Sam Howell,23045,QB,DAL,60,0,60,60,NA,sam-howell.php,NA,NA,0.6,NA,NA,NA,NA,NA,14,Sam Howell,2026-10-02,DAL
/nfl/rankings/ros-qb.php,redraft-qb,rp,Joe Milton III,25967,QB,DAL,61,0,61,61,NA,joe-milton.php,NA,NA,0.6,NA,NA,NA,NA,NA,14,Joe Milton,2026-10-02,DAL
/nfl/rankings/ros-ppr-rb.php,redraft-rb,rp,Jahmyr Gibbs,22968,RB,DET,1,0,1,1,NA,jahmyr-gibbs.php,NA,NA,99.8,NA,NA,NA,NA,NA,6,Jahmyr Gibbs,2026-10-02,DET
/nfl/rankings/ros-ppr-rb.php,redraft-rb,rp,Bijan Robinson,23133,RB,ATL,2,0,2,2,NA,bijan-robinson.php,NA,NA,99.8,NA,NA,NA,NA,NA,11,Bijan Robinson,2026-10-02,ATL
/nfl/rankings/ros-ppr-rb.php,redraft-rb,rp,Kenneth Walker III,23021,RB,KC,3.6,0.49,3,4,NA,kenneth-walker-rb.php,NA,NA,99.6,NA,NA,NA,NA,1,5,Kenneth Walker,2026-10-02,KCC
/nfl/rankings/ros-ppr-rb.php,redraft-rb,rp,Jonathan Taylor,19217,RB,IND,4,1.1,3,6,NA,jonathan-taylor.php,NA,NA,99.8,NA,NA,NA,NA,-1,13,Jonathan Taylor,2026-10-02,IND
/nfl/rankings/ros-ppr-rb.php,redraft-rb,rp,Christian McCaffrey,16393,RB,SF,5.2,0.4,5,6,NA,christian-mccaffrey.php,NA,NA,99.8,NA,NA,NA,NA,NA,8,Christian McCaffrey,2026-10-02,SFO
/nfl/rankings/ros-ppr-rb.php,redraft-rb,rp,Chase Brown,25324,RB,CIN,6.4,0.49,6,7,NA,chase-brown.php,NA,NA,99.5,NA,NA,NA,NA,NA,6,Chase Brown,2026-10-02,CIN
/nfl/rankings/ros-ppr-rb.php,redraft-rb,rp,James Cook III,22958,RB,BUF,7.2,1.33,5,9,NA,james-cook.php,NA,NA,99.8,NA,NA,NA,NA,NA,7,James Cook,2026-10-02,BUF
/nfl/rankings/ros-ppr-rb.php,redraft-rb,rp,Ashton Jeanty,25989,RB,LV,7.8,0.75,7,9,NA,ashton-jeanty.php,NA,NA,99.7,NA,NA,NA,NA,NA,13,Ashton Jeanty,2026-10-02,LVR
/nfl/rankings/ros-ppr-rb.php,redraft-rb,rp,Derrick Henry,15514,RB,BAL,8.8,0.75,8,10,NA,derrick-henry.php,NA,NA,99.7,NA,NA,NA,NA,NA,13,Derrick Henry,2026-10-02,BAL
/nfl/rankings/ros-ppr-rb.php,redraft-rb,rp,Saquon Barkley,17240,RB,PHI,11.4,1.36,10,13,NA,saquon-barkley.php,NA,NA,99.7,NA,NA,NA,NA,NA,10,Saquon Barkley,2026-10-02,PHI
/nfl/rankings/ros-ppr-rb.php,redraft-rb,rp,Javonte Williams,22739,RB,DAL,12,0.63,11,13,NA,javonte-williams.php,NA,NA,99.2,NA,NA,NA,NA,2,14,Javonte Williams,2026-10-02,DAL
/nfl/rankings/ros-ppr-rb.php,redraft-rb,rp,Jeremiyah Love,25403,RB,ARI,12.2,1.47,11,14,NA,jeremiyah-love.php,NA,NA,99.2,NA,NA,NA,NA,4,14,Jeremiyah Love,2026-10-02,ARI
/nfl/rankings/ros-ppr-rb.php,redraft-rb,rp,D'Andre Swift,19210,RB,CHI,13,1.1,12,15,NA,dandre-swift.php,NA,NA,96.7,NA,NA,NA,NA,NA,10,DAndre Swift,2026-10-02,CHI
/nfl/rankings/ros-ppr-rb.php,redraft-rb,rp,Kyren Williams,23059,RB,LAR,14.2,1.6,12,16,NA,kyren-williams.php,NA,NA,99,NA,NA,NA,NA,3,11,Kyren Williams,2026-10-02,LAR
/nfl/rankings/ros-ppr-rb.php,redraft-rb,rp,Omarion Hampton,25395,RB,LAC,15.4,2.87,11,18,NA,omarion-hampton.php,NA,NA,99.1,NA,NA,NA,NA,-3,7,Omarion Hampton,2026-10-02,LAC
/nfl/rankings/ros-ppr-rb.php,redraft-rb,rp,Breece Hall,22982,RB,NYJ,16.2,1.47,14,18,NA,breece-hall.php,NA,NA,98.3,NA,NA,NA,NA,NA,13,Breece Hall,2026-10-02,NYJ
/nfl/rankings/ros-ppr-rb.php,redraft-rb,rp,Bucky Irving,25981,RB,TB,16.8,1.17,16,19,NA,bucky-irving.php,NA,NA,97,NA,NA,NA,NA,NA,10,Bucky Irving,2026-10-02,TBB
/nfl/rankings/ros-ppr-rb.php,redraft-rb,rp,Cam Skattebo,27166,RB,NYG,19.2,1.33,17,21,NA,cam-skattebo.php,NA,NA,98.1,NA,NA,NA,NA,NA,8,Cam Skattebo,2026-10-02,NYG
/nfl/rankings/ros-ppr-rb.php,redraft-rb,rp,Bhayshul Tuten,27297,RB,JAC,19.4,0.49,19,20,NA,bhayshul-tuten.php,NA,NA,94.1,NA,NA,NA,NA,2,7,Bhayshul Tuten,2026-10-02,JAC
/nfl/rankings/ros-ppr-rb.php,redraft-rb,rp,Chuba Hubbard,19792,RB,CAR,19.6,4.76,14,27,NA,chuba-hubbard.php,NA,NA,94.7,NA,NA,NA,NA,8,5,Chuba Hubbard,2026-10-02,CAR
/nfl/rankings/ros-ppr-rb.php,redraft-rb,rp,David Montgomery,18239,RB,HOU,20.6,2.33,18,24,NA,david-montgomery.php,NA,NA,96.4,NA,NA,NA,NA,NA,8,David Montgomery,2026-10-02,HOU
/nfl/rankings/ros-ppr-rb.php,redraft-rb,rp,Jaylen Warren,24209,RB,PIT,23.2,2.48,20,26,NA,jaylen-warren.php,NA,NA,93.1,NA,NA,NA,NA,5,9,Jaylen Warren,2026-10-02,PIT
/nfl/rankings/ros-ppr-rb.php,redraft-rb,rp,Quinshon Judkins,25391,RB,CLE,23.4,1.5,22,26,NA,quinshon-judkins.php,NA,NA,94.7,NA,NA,NA,NA,3,11,Quinshon Judkins,2026-10-02,CLE
/nfl/rankings/ros-ppr-rb.php,redraft-rb,rp,TreVeyon Henderson,23065,RB,NE,23.4,0.49,23,24,NA,treveyon-henderson.php,NA,NA,92.2,NA,NA,NA,NA,NA,11,TreVeyon Henderson,2026-10-02,NEP
/nfl/rankings/ros-ppr-rb.php,redraft-rb,rp,Travis Etienne Jr.,19231,RB,NO,24.4,3.44,20,29,NA,travis-etienne.php,NA,NA,93.2,NA,NA,NA,NA,-3,8,Travis Etienne,2026-10-02,NOS
/nfl/rankings/ros-ppr-rb.php,redraft-rb,rp,Rhamondre Stevenson,22726,RB,NE,25,1.79,23,28,NA,rhamondre-stevenson.php,NA,NA,90.6,NA,NA,NA,NA,NA,11,Rhamondre Stevenson,2026-10-02,NEP
/nfl/rankings/ros-ppr-rb.php,redraft-rb,rp,Jadarian Price,27329,RB,SEA,25.6,1.2,24,27,NA,jadarian-price.php,NA,NA,91.9,NA,NA,NA,NA,-3,11,Jadarian Price,2026-10-02,SEA
/nfl/rankings/ros-ppr-rb.php,redraft-rb,rp,Aaron Jones Sr.,16673,RB,MIN,29,2.53,26,32,NA,aaron-jones.php,NA,NA,85.3,NA,NA,NA,NA,NA,6,Aaron Jones,2026-10-02,MIN
/nfl/rankings/ros-ppr-rb.php,redraft-rb,rp,Blake Corum,23013,RB,LAR,29.4,2.42,25,32,NA,blake-corum.php,NA,NA,78.9,NA,NA,NA,NA,NA,11,Blake Corum,2026-10-02,LAR
/nfl/rankings/ros-ppr-rb.php,redraft-rb,rp,Jacory Croskey-Merritt,27316,RB,WAS,30.8,1.17,30,33,NA,jacory-croskeymerritt.php,NA,NA,78.7,NA,NA,NA,NA,NA,7,Jacory Croskey-Merritt,2026-10-02,WAS
/nfl/rankings/ros-ppr-rb.php,redraft-rb,rp,Kyle Monangai,27131,RB,CHI,32.8,3.31,28,37,NA,kyle-monangai.php,NA,NA,79.5,NA,NA,NA,NA,NA,10,Kyle Monangai,2026-10-02,CHI
/nfl/rankings/ros-ppr-rb.php,redraft-rb,rp,Tony Pollard,18705,RB,TEN,34,1.26,32,36,NA,tony-pollard.php,NA,NA,87.9,NA,NA,NA,NA,6,9,Tony Pollard,2026-10-02,TEN
/nfl/rankings/ros-ppr-rb.php,redraft-rb,rp,RJ Harvey,27142,RB,DEN,35,2.53,33,39,NA,rj-harvey.php,NA,NA,77.7,NA,NA,NA,NA,NA,10,RJ Harvey,2026-10-02,DEN
/nfl/rankings/ros-ppr-rb.php,redraft-rb,rp,Josh Jacobs,18269,RB,GB,35.6,3.93,30,40,NA,josh-jacobs.php,NA,NA,85.9,NA,NA,NA,NA,NA,11,Josh Jacobs,2026-10-02,GBP
/nfl/rankings/ros-ppr-rb.php,redraft-rb,rp,J.K. Dobbins,19245,RB,DEN,35.6,4.27,31,41,NA,jk-dobbins.php,NA,NA,82.4,NA,NA,NA,NA,NA,10,JK Dobbins,2026-10-02,DEN
/nfl/rankings/ros-ppr-rb.php,redraft-rb,rp,Rico Dowdle,19647,RB,PIT,37.8,7.44,28,51,NA,rico-dowdle.php,NA,NA,80,NA,NA,NA,NA,-5,9,Rico Dowdle,2026-10-02,PIT
/nfl/rankings/ros-ppr-rb.php,redraft-rb,rp,Rachaad White,23891,RB,WAS,38.6,5.39,34,49,NA,rachaad-white.php,NA,NA,65.3,NA,NA,NA,NA,NA,7,Rachaad White,2026-10-02,WAS
/nfl/rankings/ros-ppr-rb.php,redraft-rb,rp,Jonah Coleman,27320,RB,DEN,41.2,4.21,35,47,NA,jonah-coleman.php,NA,NA,36.6,NA,NA,NA,NA,4,10,Jonah Coleman,2026-10-02,DEN
/nfl/rankings/ros-ppr-rb.php,redraft-rb,rp,Kaelon Black,28401,RB,SF,41.8,1.47,40,44,NA,kaelon-black.php,NA,NA,33.9,NA,NA,NA,NA,NA,8,Kaelon Black,2026-10-02,SFO
/nfl/rankings/ros-ppr-rb.php,redraft-rb,rp,Jordan Mason,22969,RB,MIN,42.8,6.49,36,52,NA,jordan-mason.php,NA,NA,68.4,NA,NA,NA,NA,5,6,Jordan Mason,2026-10-02,MIN
/nfl/rankings/ros-ppr-rb.php,redraft-rb,rp,Emmett Johnson,28107,RB,KC,42.8,3.19,39,47,NA,emmett-johnson.php,NA,NA,27.2,NA,NA,NA,NA,7,5,Emmett Johnson,2026-10-02,KCC
/nfl/rankings/ros-ppr-rb.php,redraft-rb,rp,Kenny Gainwell,23310,RB,TB,43,4.73,38,52,NA,kenneth-gainwell.php,NA,NA,61.9,NA,NA,NA,NA,NA,10,Kenny Gainwell,2026-10-02,TBB
/nfl/rankings/ros-ppr-rb.php,redraft-rb,rp,Mike Washington Jr.,28108,RB,LV,44.4,2.5,42,49,NA,mike-washington-jr.php,NA,NA,39.6,NA,NA,NA,NA,NA,13,Mike Washington,2026-10-02,LVR
/nfl/rankings/ros-ppr-rb.php,redraft-rb,rp,Woody Marks,27520,RB,HOU,44.8,3.66,39,50,NA,woody-marks.php,NA,NA,52.9,NA,NA,NA,NA,NA,8,Woody Marks,2026-10-02,HOU
/nfl/rankings/ros-ppr-rb.php,redraft-rb,rp,Braelon Allen,24346,RB,NYJ,45.2,5.64,40,55,NA,braelon-allen.php,NA,NA,71.3,NA,NA,NA,NA,10,13,Braelon Allen,2026-10-02,NYJ
/nfl/rankings/ros-ppr-rb.php,redraft-rb,rp,MarShawn Lloyd,23118,RB,GB,46.2,5.27,39,52,NA,marshawn-lloyd.php,NA,NA,57.4,NA,NA,NA,NA,-5,11,MarShawn Lloyd,2026-10-02,GBP
/nfl/rankings/ros-ppr-rb.php,redraft-rb,rp,Ollie Gordon II,25984,RB,MIA,46.8,17.84,34,82,NA,ollie-gordon.php,NA,NA,65.2,NA,NA,NA,NA,35,6,Ollie Gordon,2026-10-02,MIA
/nfl/rankings/ros-ppr-rb.php,redraft-rb,rp,Jonathon Brooks,26148,RB,CAR,47,1.55,46,50,NA,jonathon-brooks.php,NA,NA,52,NA,NA,NA,NA,-9,5,Jonathon Brooks,2026-10-02,CAR
/nfl/rankings/ros-ppr-rb.php,redraft-rb,rp,Keaton Mitchell,25360,RB,LAC,47.6,4.03,42,54,NA,keaton-mitchell.php,NA,NA,31.1,NA,NA,NA,NA,NA,7,Keaton Mitchell,2026-10-02,LAC
/nfl/rankings/ros-ppr-rb.php,redraft-rb,rp,Tyler Allgeier,24172,RB,ARI,48.6,2.42,46,52,NA,tyler-allgeier.php,NA,NA,42.6,NA,NA,NA,NA,-6,14,Tyler Allgeier,2026-10-02,ARI
/nfl/rankings/ros-ppr-rb.php,redraft-rb,rp,Alvin Kamara,16421,RB,NO,49.8,3.19,44,53,NA,alvin-kamara.php,NA,NA,54.9,NA,NA,NA,NA,NA,8,Alvin Kamara,2026-10-02,NOS
/nfl/rankings/ros-ppr-rb.php,redraft-rb,rp,Jaylen Wright,25987,RB,MIA,50.6,7.86,44,65,NA,jaylen-wright.php,NA,NA,23.1,NA,NA,NA,NA,13,6,Jaylen Wright,2026-10-02,MIA
/nfl/rankings/ros-ppr-rb.php,redraft-rb,rp,Tyjae Spears,25323,RB,TEN,51.8,2.48,48,55,NA,tyjae-spears.php,NA,NA,39.4,NA,NA,NA,NA,NA,9,Tyjae Spears,2026-10-02,TEN
/nfl/rankings/ros-ppr-rb.php,redraft-rb,rp,Zach Charbonnet,23152,RB,SEA,52.4,4.59,44,58,NA,zach-charbonnet.php,NA,NA,55.6,NA,NA,NA,NA,NA,11,Zach Charbonnet,2026-10-02,SEA
/nfl/rankings/ros-ppr-rb.php,redraft-rb,rp,Tank Bigsby,22908,RB,PHI,53.2,2.79,49,56,NA,tank-bigsby.php,NA,NA,27.6,NA,NA,NA,NA,NA,10,Tank Bigsby,2026-10-02,PHI
/nfl/rankings/ros-ppr-rb.php,redraft-rb,rp,Brian Robinson Jr.,20094,RB,ATL,54,4.6,45,58,NA,brian-robinson-jr.php,NA,NA,34.4,NA,NA,NA,NA,NA,11,Brian Robinson,2026-10-02,ATL
/nfl/rankings/ros-ppr-rb.php,redraft-rb,rp,Chris Rodriguez Jr.,22986,RB,JAC,54.6,3.07,50,58,NA,chris-rodriguez-jr.php,NA,NA,31.6,NA,NA,NA,NA,NA,7,Chris Rodriguez,2026-10-02,JAC
/nfl/rankings/ros-ppr-rb.php,redraft-rb,rp,Ray Davis,26191,RB,BUF,57.8,1.6,55,59,NA,ray-davis.php,NA,NA,7.4,NA,NA,NA,NA,NA,7,Ray Davis,2026-10-02,BUF
/nfl/rankings/ros-ppr-rb.php,redraft-rb,rp,Emanuel Wilson,25885,RB,SEA,58.2,3.97,54,65,NA,emanuel-wilson.php,NA,NA,25.6,NA,NA,NA,NA,NA,11,Emanuel Wilson,2026-10-02,SEA
/nfl/rankings/ros-ppr-rb.php,redraft-rb,rp,Kaleb Johnson,27165,RB,GB,59.4,4.72,54,68,NA,kaleb-johnson-rb.php,NA,NA,7.5,NA,NA,NA,NA,NA,11,Kaleb Johnson,2026-10-02,GBP
/nfl/rankings/ros-ppr-rb.php,redraft-rb,rp,Najee Harris,19302,RB,NYG,60.6,1.02,59,62,NA,najee-harris-rb.php,NA,NA,6.8,NA,NA,NA,NA,NA,8,Najee Harris,2026-10-02,NYG
/nfl/rankings/ros-ppr-rb.php,redraft-rb,rp,Kimani Vidal,26355,RB,LAC,63.6,3.44,59,68,NA,kimani-vidal.php,NA,NA,2.2,NA,NA,NA,NA,NA,7,Kimani Vidal,2026-10-02,LAC
/nfl/rankings/ros-ppr-rb.php,redraft-rb,rp,Kendre Miller,24360,RB,NO,64,7.27,52,72,NA,kendre-miller.php,NA,NA,6.7,NA,NA,NA,NA,8,8,Kendre Miller,2026-10-02,NOS
/nfl/rankings/ros-ppr-rb.php,redraft-rb,rp,Kaytron Allen,24362,RB,WAS,64.6,4.41,58,69,NA,kaytron-allen.php,NA,NA,4.2,NA,NA,NA,NA,NA,7,Kaytron Allen,2026-10-02,WAS
/nfl/rankings/ros-ppr-rb.php,redraft-rb,rp,Dylan Sampson,27102,RB,CLE,65.4,9.5,53,80,NA,dylan-sampson.php,NA,NA,10.2,NA,NA,NA,NA,NA,11,Dylan Sampson,2026-10-02,CLE
/nfl/rankings/ros-ppr-rb.php,redraft-rb,rp,Samaje Perine,16423,RB,CIN,66.2,4.07,62,74,NA,samaje-perine.php,NA,NA,5.9,NA,NA,NA,NA,NA,6,Samaje Perine,2026-10-02,CIN
/nfl/rankings/ros-ppr-rb.php,redraft-rb,rp,George Holani,22915,RB,SEA,66.4,1.96,64,70,NA,george-holani.php,NA,NA,4.3,NA,NA,NA,NA,NA,11,George Holani,2026-10-02,SEA
/nfl/rankings/ros-ppr-rb.php,redraft-rb,rp,Justice Hill,18256,RB,BAL,69.4,4.45,64,76,NA,justice-hill.php,NA,NA,8.3,NA,NA,NA,NA,NA,13,Justice Hill,2026-10-02,BAL
/nfl/rankings/ros-ppr-rb.php,redraft-rb,rp,Tyrone Tracy Jr.,22980,RB,NYG,70.4,5.16,62,76,NA,tyrone-tracy-jr.php,NA,NA,7.5,NA,NA,NA,NA,NA,8,Tyrone Tracy,2026-10-02,NYG
/nfl/rankings/ros-ppr-rb.php,redraft-rb,rp,Seth McGowan,23079,RB,IND,71,5.33,63,78,NA,seth-mcgowan.php,NA,NA,1.8,NA,NA,NA,NA,NA,13,Seth McGowan,2026-10-02,IND
/nfl/rankings/ros-ppr-rb.php,redraft-rb,rp,Chris Brooks,25823,RB,GB,71.6,6.56,66,83,NA,christopher-brooks.php,NA,NA,7.2,NA,NA,NA,NA,NA,11,Chris Brooks,2026-10-02,GBP
/nfl/rankings/ros-ppr-rb.php,redraft-rb,rp,Nicholas Singleton,24343,RB,TEN,71.8,2.32,69,75,NA,nick-singleton.php,NA,NA,8.1,NA,NA,NA,NA,NA,9,Nicholas Singleton,2026-10-02,TEN
/nfl/rankings/ros-ppr-rb.php,redraft-rb,rp,Sean Tucker,23679,RB,TB,72.8,3.6,68,77,NA,sean-tucker.php,NA,NA,3.4,NA,NA,NA,NA,-7,10,Sean Tucker,2026-10-02,TBB
/nfl/rankings/ros-ppr-rb.php,redraft-rb,rp,Emari Demercado,25654,RB,DAL,73.8,7.88,68,89,NA,emari-demercado.php,NA,NA,1.3,NA,NA,NA,NA,NA,14,Emari Demercado,2026-10-02,DAL
/nfl/rankings/ros-ppr-rb.php,redraft-rb,rp,Jordan James,27310,RB,SF,74.2,6.24,62,79,NA,jordan-james.php,NA,NA,1.3,NA,NA,NA,NA,NA,8,Jordan James,2026-10-02,SFO
/nfl/rankings/ros-ppr-rb.php,redraft-rb,rp,Demond Claiborne,28084,RB,MIN,74.6,3.61,70,79,NA,demond-claiborne.php,NA,NA,3.7,NA,NA,NA,NA,NA,6,Demond Claiborne,2026-10-02,MIN
/nfl/rankings/ros-ppr-rb.php,redraft-rb,rp,Devin Singletary,18280,RB,NYG,72.5,5.12,64,77,NA,devin-singletary.php,NA,NA,7.5,NA,NA,NA,NA,NA,8,Devin Singletary,2026-10-02,NYG
/nfl/rankings/ros-ppr-rb.php,redraft-rb,rp,Raheim Sanders,24351,RB,CLE,73.5,7.5,63,84,NA,raheim-sanders.php,NA,NA,3,NA,NA,NA,NA,NA,11,Raheim Sanders,2026-10-02,CLE
/nfl/rankings/ros-ppr-rb.php,redraft-rb,rp,Isaiah Davis,25977,RB,NYJ,79.2,7.63,72,89,NA,isaiah-davis.php,NA,NA,3.7,NA,NA,NA,NA,NA,13,Isaiah Davis,2026-10-02,NYJ
/nfl/rankings/ros-ppr-rb.php,redraft-rb,rp,James Conner,16447,RB,ARI,76.25,7.79,63,83,NA,james-conner.php,NA,NA,9,NA,NA,NA,NA,NA,14,James Conner,2026-10-02,ARI
/nfl/rankings/ros-ppr-rb.php,redraft-rb,rp,DJ Giddens,27097,RB,IND,79.5,9.55,64,90,NA,dj-giddens.php,NA,NA,0.7,NA,NA,NA,NA,NA,13,DJ Giddens,2026-10-02,IND
/nfl/rankings/ros-ppr-rb.php,redraft-rb,rp,Ty Johnson,18406,RB,BUF,82.25,7.46,72,93,NA,ty-johnson.php,NA,NA,1.6,NA,NA,NA,NA,NA,7,Ty Johnson,2026-10-02,BUF
/nfl/rankings/ros-ppr-rb.php,redraft-rb,rp,Will Shipley,22930,RB,PHI,83,7.97,71,92,NA,will-shipley.php,NA,NA,0.9,NA,NA,NA,NA,NA,10,Will Shipley,2026-10-02,PHI
/nfl/rankings/ros-ppr-rb.php,redraft-rb,rp,LeQuint Allen Jr.,27285,RB,JAC,85.75,2.77,81,88,NA,lequint-allen-jr.php,NA,NA,0.7,NA,NA,NA,NA,NA,7,LeQuint Allen,2026-10-02,JAC
/nfl/rankings/ros-ppr-rb.php,redraft-rb,rp,Eli Heidenreich,28297,RB,PIT,81.67,6.18,73,87,NA,eli-heidenreich.php,NA,NA,2.2,NA,NA,NA,NA,NA,9,Eli Heidenreich,2026-10-02,PIT
/nfl/rankings/ros-ppr-rb.php,redraft-rb,rp,Adam Randall,24367,RB,BAL,87.25,3.96,84,94,NA,adam-randall.php,NA,NA,1.4,NA,NA,NA,NA,NA,13,Adam Randall,2026-10-02,BAL
/nfl/rankings/ros-ppr-rb.php,redraft-rb,rp,Jarquez Hunter,24335,RB,MIA,88,9.82,73,99,NA,jarquez-hunter.php,NA,NA,1,NA,NA,NA,NA,NA,6,Jarquez Hunter,2026-10-02,MIA
/nfl/rankings/ros-ppr-rb.php,redraft-rb,rp,Sione Vaki,26309,RB,DET,77,7,70,84,NA,sione-vaki.php,NA,NA,1.1,NA,NA,NA,NA,NA,6,Sione Vaki,2026-10-02,DET
/nfl/rankings/ros-ppr-rb.php,redraft-rb,rp,Bam Knight,24901,RB,ARI,85,6.38,76,90,NA,zonovan-bam-knight.php,NA,NA,0.7,NA,NA,NA,NA,NA,14,Bam Knight,2026-10-02,ARI
/nfl/rankings/ros-ppr-rb.php,redraft-rb,rp,Jawhar Jordan,26329,RB,HOU,86.33,4.5,80,90,NA,jawhar-jordan.php,NA,NA,1,NA,NA,NA,NA,NA,8,Jawhar Jordan,2026-10-02,HOU
/nfl/rankings/ros-ppr-rb.php,redraft-rb,rp,Trevor Etienne,25393,RB,CAR,90.75,2.86,86,93,NA,trevor-etienne.php,NA,NA,0.8,NA,NA,NA,NA,NA,5,Trevor Etienne,2026-10-02,CAR
/nfl/rankings/ros-ppr-rb.php,redraft-rb,rp,Isiah Pacheco,24333,RB,DET,81,1,80,82,NA,isiah-pacheco.php,NA,NA,23.4,NA,NA,NA,NA,NA,6,Isiah Pacheco,2026-10-02,DET
/nfl/rankings/ros-ppr-rb.php,redraft-rb,rp,Kareem Hunt,16425,RB,FA,89.67,5.56,82,95,NA,kareem-hunt.php,NA,NA,0.9,NA,NA,NA,NA,NA,NA,Kareem Hunt,2026-10-02,FA
/nfl/rankings/ros-ppr-rb.php,redraft-rb,rp,Brashard Smith,27259,RB,KC,90,1.41,88,91,NA,brashard-smith.php,NA,NA,1.3,NA,NA,NA,NA,NA,5,Brashard Smith,2026-10-02,KCC
/nfl/rankings/ros-ppr-rb.php,redraft-rb,rp,Devin Neal,23682,RB,MIN,92.75,7.95,79,98,NA,devin-neal.php,NA,NA,1.2,NA,NA,NA,NA,NA,6,Devin Neal,2026-10-02,MIN
/nfl/rankings/ros-ppr-rb.php,redraft-rb,rp,Jaydon Blue,24344,RB,PHI,93.33,6.02,85,99,NA,jaydon-blue.php,NA,NA,1.4,NA,NA,NA,NA,NA,10,Jaydon Blue,2026-10-02,PHI
/nfl/rankings/ros-ppr-rb.php,redraft-rb,rp,Tahj Brooks,26212,RB,CIN,90,5,85,95,NA,tahj-brooks.php,NA,NA,0.7,NA,NA,NA,NA,NA,6,Tahj Brooks,2026-10-02,CIN
/nfl/rankings/ros-ppr-rb.php,redraft-rb,rp,Audric Estime,23054,RB,MIN,93.67,1.25,92,95,NA,audric-estime.php,NA,NA,1.2,NA,NA,NA,NA,NA,6,Audric Estime,2026-10-02,MIN
/nfl/rankings/ros-ppr-rb.php,redraft-rb,rp,Phil Mafah,22928,RB,NYG,86,0,86,86,NA,phil-mafah.php,NA,NA,1,NA,NA,NA,NA,NA,8,Phil Mafah,2026-10-02,NYG
/nfl/rankings/ros-ppr-rb.php,redraft-rb,rp,J'Mari Taylor,28109,RB,JAC,87,0,87,87,NA,jmari-taylor.php,NA,NA,2.3,NA,NA,NA,NA,NA,7,JMari Taylor,2026-10-02,JAC
/nfl/rankings/ros-ppr-rb.php,redraft-rb,rp,Trey Benson,25388,RB,ARI,97.5,1.5,96,99,NA,trey-benson.php,NA,NA,1,NA,NA,NA,NA,NA,14,Trey Benson,2026-10-02,ARI
/nfl/rankings/ros-ppr-rb.php,redraft-rb,rp,Jaleel McLaughlin,25876,RB,CLE,96,0,96,96,NA,jaleel-mclaughlin.php,NA,NA,0.6,NA,NA,NA,NA,NA,11,Jaleel McLaughlin,2026-10-02,CLE
/nfl/rankings/ros-ppr-rb.php,redraft-rb,rp,Roschon Johnson,25322,RB,CHI,98.5,1.5,97,100,NA,roschon-johnson.php,NA,NA,1.3,NA,NA,NA,NA,NA,10,Roschon Johnson,2026-10-02,CHI
/nfl/rankings/ros-ppr-rb.php,redraft-rb,rp,Jacob Saylors,25693,RB,DET,99,1,98,100,NA,jacob-saylors.php,NA,NA,1,NA,NA,NA,NA,NA,6,Jacob Saylors,2026-10-02,DET
/nfl/rankings/ros-ppr-rb.php,redraft-rb,rp,Austin Ekeler,16483,RB,WAS,98,0,98,98,NA,austin-ekeler.php,NA,NA,1.9,NA,NA,NA,NA,NA,7,Austin Ekeler,2026-10-02,WAS
/nfl/rankings/ros-ppr-rb.php,redraft-rb,rp,Roman Hemby,25387,RB,LV,100.5,0.5,100,101,NA,roman-hemby.php,NA,NA,0,NA,NA,NA,NA,NA,13,Roman Hemby,2026-10-02,LVR
/nfl/rankings/ros-ppr-te.php,redraft-te,rp,Brock Bowers,22955,TE,LV,1.4,0.49,1,2,NA,brock-bowers.php,NA,NA,99.6,NA,NA,NA,NA,1,13,Brock Bowers,2026-10-02,LVR
/nfl/rankings/ros-ppr-te.php,redraft-te,rp,Trey McBride,22936,TE,ARI,1.6,0.49,1,2,NA,trey-mcbride.php,NA,NA,99.7,NA,NA,NA,NA,-1,14,Trey McBride,2026-10-02,ARI
/nfl/rankings/ros-ppr-te.php,redraft-te,rp,Tyler Warren,26434,TE,IND,4.4,1.02,3,6,NA,tyler-warren.php,NA,NA,98.7,NA,NA,NA,NA,NA,13,Tyler Warren,2026-10-02,IND
/nfl/rankings/ros-ppr-te.php,redraft-te,rp,Dalton Kincaid,25247,TE,BUF,5.8,2.4,3,10,NA,dalton-kincaid.php,NA,NA,95.1,NA,NA,NA,NA,NA,7,Dalton Kincaid,2026-10-02,BUF
/nfl/rankings/ros-ppr-te.php,redraft-te,rp,George Kittle,16499,TE,SF,6,1.9,4,9,NA,george-kittle.php,NA,NA,95.8,NA,NA,NA,NA,4,8,George Kittle,2026-10-02,SFO
/nfl/rankings/ros-ppr-te.php,redraft-te,rp,Colston Loveland,26006,TE,CHI,7,2.28,4,10,NA,colston-loveland.php,NA,NA,93.7,NA,NA,NA,NA,-1,10,Colston Loveland,2026-10-02,CHI
/nfl/rankings/ros-ppr-te.php,redraft-te,rp,Travis Kelce,11594,TE,KC,7,2.1,5,10,NA,travis-kelce.php,NA,NA,95.8,NA,NA,NA,NA,NA,5,Travis Kelce,2026-10-02,KCC
/nfl/rankings/ros-ppr-te.php,redraft-te,rp,Harold Fannin Jr.,27050,TE,CLE,7.2,1.17,5,8,NA,harold-fannin-jr.php,NA,NA,92.4,NA,NA,NA,NA,2,11,Harold Fannin,2026-10-02,CLE
/nfl/rankings/ros-ppr-te.php,redraft-te,rp,Sam LaPorta,22978,TE,DET,7.2,0.98,6,9,NA,sam-laporta.php,NA,NA,97.5,NA,NA,NA,NA,-3,6,Sam LaPorta,2026-10-02,DET
/nfl/rankings/ros-ppr-te.php,redraft-te,rp,Tucker Kraft,25298,TE,GB,8.8,1.94,6,11,NA,tucker-kraft.php,NA,NA,93.3,NA,NA,NA,NA,-3,11,Tucker Kraft,2026-10-02,GBP
/nfl/rankings/ros-ppr-te.php,redraft-te,rp,Juwan Johnson,19562,TE,NO,10.8,2.71,8,15,NA,juwan-johnson.php,NA,NA,66.3,NA,NA,NA,NA,NA,8,Juwan Johnson,2026-10-02,NOS
/nfl/rankings/ros-ppr-te.php,redraft-te,rp,Isaiah Likely,23781,TE,NYG,12,0,12,12,NA,isaiah-likely.php,NA,NA,88.2,NA,NA,NA,NA,NA,8,Isaiah Likely,2026-10-02,NYG
/nfl/rankings/ros-ppr-te.php,redraft-te,rp,Kyle Pitts Sr.,20164,TE,ATL,15,3.35,10,20,NA,kyle-pitts.php,NA,NA,80,NA,NA,NA,NA,NA,11,Kyle Pitts,2026-10-02,ATL
/nfl/rankings/ros-ppr-te.php,redraft-te,rp,Dallas Goedert,17270,TE,PHI,15,2.1,13,18,NA,dallas-goedert.php,NA,NA,75.6,NA,NA,NA,NA,3,10,Dallas Goedert,2026-10-02,PHI
/nfl/rankings/ros-ppr-te.php,redraft-te,rp,Mark Andrews,17269,TE,BAL,15.8,2.4,13,20,NA,mark-andrews.php,NA,NA,81,NA,NA,NA,NA,NA,13,Mark Andrews,2026-10-02,BAL
/nfl/rankings/ros-ppr-te.php,redraft-te,rp,Dalton Schultz,17349,TE,HOU,15.8,1.94,13,19,NA,dalton-schultz.php,NA,NA,68.4,NA,NA,NA,NA,-2,8,Dalton Schultz,2026-10-02,HOU
/nfl/rankings/ros-ppr-te.php,redraft-te,rp,Jake Ferguson,22718,TE,DAL,17,3.58,14,24,NA,jake-ferguson.php,NA,NA,81.5,NA,NA,NA,NA,-2,14,Jake Ferguson,2026-10-02,DAL
/nfl/rankings/ros-ppr-te.php,redraft-te,rp,Brenton Strange,25345,TE,JAC,17.8,1.17,16,19,NA,brenton-strange.php,NA,NA,33.2,NA,NA,NA,NA,NA,7,Brenton Strange,2026-10-02,JAC
/nfl/rankings/ros-ppr-te.php,redraft-te,rp,Terrance Ferguson,23091,TE,LAR,19.2,1.17,18,21,NA,terrance-ferguson.php,NA,NA,24.6,NA,NA,NA,NA,2,11,Terrance Ferguson,2026-10-02,LAR
/nfl/rankings/ros-ppr-te.php,redraft-te,rp,Kenyon Sadiq,26055,TE,NYJ,20,5.37,15,27,NA,kenyon-sadiq.php,NA,NA,52.5,NA,NA,NA,NA,3,13,Kenyon Sadiq,2026-10-02,NYJ
/nfl/rankings/ros-ppr-te.php,redraft-te,rp,Hunter Henry,15561,TE,NE,20.2,1.72,17,22,NA,hunter-henry.php,NA,NA,54.8,NA,NA,NA,NA,NA,11,Hunter Henry,2026-10-02,NEP
/nfl/rankings/ros-ppr-te.php,redraft-te,rp,Oronde Gadsden II,25997,TE,LAC,22.8,2.04,20,25,NA,oronde-gadsden-ii.php,NA,NA,18.4,NA,NA,NA,NA,NA,7,Oronde Gadsden,2026-10-02,LAC
/nfl/rankings/ros-ppr-te.php,redraft-te,rp,T.J. Hockenson,18290,TE,MIN,22.8,1.47,20,24,NA,tj-hockenson.php,NA,NA,42.6,NA,NA,NA,NA,-3,6,TJ Hockenson,2026-10-02,MIN
/nfl/rankings/ros-ppr-te.php,redraft-te,rp,Darren Waller,14104,TE,CAR,24.4,4.8,18,30,NA,darren-waller.php,NA,NA,28,NA,NA,NA,NA,3,5,Darren Waller,2026-10-02,CAR
/nfl/rankings/ros-ppr-te.php,redraft-te,rp,AJ Barner,26335,TE,SEA,24.8,2.04,22,27,NA,aj-barner.php,NA,NA,15.4,NA,NA,NA,NA,NA,11,AJ Barner,2026-10-02,SEA
/nfl/rankings/ros-ppr-te.php,redraft-te,rp,Chig Okonkwo,23982,TE,WAS,25,2.76,21,29,NA,chigoziem-okonkwo.php,NA,NA,19.7,NA,NA,NA,NA,NA,7,Chigoziem Okonkwo,2026-10-02,WAS
/nfl/rankings/ros-ppr-te.php,redraft-te,rp,Greg Dulcich,23153,TE,MIA,25.4,2.73,22,29,NA,greg-dulcich.php,NA,NA,7,NA,NA,NA,NA,NA,6,Greg Dulcich,2026-10-02,MIA
/nfl/rankings/ros-ppr-te.php,redraft-te,rp,Pat Freiermuth,20163,TE,PIT,26,2.45,23,30,NA,pat-freiermuth.php,NA,NA,18.3,NA,NA,NA,NA,NA,9,Pat Freiermuth,2026-10-02,PIT
/nfl/rankings/ros-ppr-te.php,redraft-te,rp,Cade Otton,23181,TE,TB,29,1.9,26,32,NA,cade-otton.php,NA,NA,6.8,NA,NA,NA,NA,NA,10,Cade Otton,2026-10-02,TBB
/nfl/rankings/ros-ppr-te.php,redraft-te,rp,Gunnar Helm,27109,TE,TEN,29.6,1.5,28,32,NA,gunnar-helm.php,NA,NA,3.8,NA,NA,NA,NA,NA,9,Gunnar Helm,2026-10-02,TEN
/nfl/rankings/ros-ppr-te.php,redraft-te,rp,Mike Gesicki,17272,TE,CIN,32.4,2.42,28,35,NA,mike-gesicki.php,NA,NA,10.1,NA,NA,NA,NA,NA,6,Mike Gesicki,2026-10-02,CIN
/nfl/rankings/ros-ppr-te.php,redraft-te,rp,Evan Engram,16411,TE,DEN,32.4,1.02,31,34,NA,evan-engram.php,NA,NA,4,NA,NA,NA,NA,NA,10,Evan Engram,2026-10-02,DEN
/nfl/rankings/ros-ppr-te.php,redraft-te,rp,Charlie Kolar,22756,TE,LAC,33.8,3.06,31,38,NA,charlie-kolar.php,NA,NA,0.7,NA,NA,NA,NA,NA,7,Charlie Kolar,2026-10-02,LAC
/nfl/rankings/ros-ppr-te.php,redraft-te,rp,David Njoku,16399,TE,LAC,33.8,2.32,31,36,NA,david-njoku.php,NA,NA,7.3,NA,NA,NA,NA,NA,7,David Njoku,2026-10-02,LAC
/nfl/rankings/ros-ppr-te.php,redraft-te,rp,Michael Mayer,23056,TE,LV,35,4.47,28,42,NA,michael-mayer.php,NA,NA,8.8,NA,NA,NA,NA,NA,13,Michael Mayer,2026-10-02,LVR
/nfl/rankings/ros-ppr-te.php,redraft-te,rp,Colby Parkinson,19372,TE,LAR,35,2.61,33,40,NA,colby-parkinson.php,NA,NA,3.5,NA,NA,NA,NA,NA,11,Colby Parkinson,2026-10-02,LAR
/nfl/rankings/ros-ppr-te.php,redraft-te,rp,Eli Raridon,28154,TE,NE,38.6,2.58,35,43,NA,eli-raridon.php,NA,NA,1.5,NA,NA,NA,NA,NA,11,Eli Raridon,2026-10-02,NEP
/nfl/rankings/ros-ppr-te.php,redraft-te,rp,Mason Taylor,26005,TE,NYJ,37.25,1.09,36,39,NA,mason-taylor.php,NA,NA,1.9,NA,NA,NA,NA,NA,13,Mason Taylor,2026-10-02,NYJ
/nfl/rankings/ros-ppr-te.php,redraft-te,rp,Tyler Higbee,15623,TE,LAR,42.2,7.86,34,57,NA,tyler-higbee.php,NA,NA,2.3,NA,NA,NA,NA,NA,11,Tyler Higbee,2026-10-02,LAR
/nfl/rankings/ros-ppr-te.php,redraft-te,rp,Theo Johnson,23104,TE,NYG,39.25,1.48,37,41,NA,theo-johnson.php,NA,NA,1.5,NA,NA,NA,NA,NA,8,Theo Johnson,2026-10-02,NYG
/nfl/rankings/ros-ppr-te.php,redraft-te,rp,Darnell Washington,22967,TE,PIT,39.5,3.64,34,44,NA,darnell-washington.php,NA,NA,2.5,NA,NA,NA,NA,NA,9,Darnell Washington,2026-10-02,PIT
/nfl/rankings/ros-ppr-te.php,redraft-te,rp,Eli Stowers,23144,TE,PHI,41,4.42,36,48,NA,eli-stowers.php,NA,NA,4.2,NA,NA,NA,NA,NA,10,Eli Stowers,2026-10-02,PHI
/nfl/rankings/ros-ppr-te.php,redraft-te,rp,Noah Fant,17527,TE,NO,40.67,4.03,35,44,NA,noah-fant.php,NA,NA,1.6,NA,NA,NA,NA,5,8,Noah Fant,2026-10-02,NOS
/nfl/rankings/ros-ppr-te.php,redraft-te,rp,Cole Kmet,19229,TE,CHI,43,5.72,38,51,NA,cole-kmet.php,NA,NA,1.8,NA,NA,NA,NA,NA,10,Cole Kmet,2026-10-02,CHI
/nfl/rankings/ros-ppr-te.php,redraft-te,rp,Erick All Jr.,23837,TE,CIN,39.5,2.5,37,42,NA,erick-all.php,NA,NA,0.6,NA,NA,NA,NA,-6,6,Erick All,2026-10-02,CIN
/nfl/rankings/ros-ppr-te.php,redraft-te,rp,Elijah Arroyo,23004,TE,SEA,43.5,2.5,41,46,NA,elijah-arroyo.php,NA,NA,0.9,NA,NA,NA,NA,NA,11,Elijah Arroyo,2026-10-02,SEA
/nfl/rankings/ros-ppr-te.php,redraft-te,rp,Dawson Knox,18631,TE,BUF,46.33,4.19,42,52,NA,dawson-knox.php,NA,NA,1.7,NA,NA,NA,NA,NA,7,Dawson Knox,2026-10-02,BUF
/nfl/rankings/ros-ppr-te.php,redraft-te,rp,Marlin Klein,28157,TE,HOU,43,0,43,43,NA,marlin-klein.php,NA,NA,0.6,NA,NA,NA,NA,NA,8,Marlin Klein,2026-10-02,HOU
/nfl/rankings/ros-ppr-te.php,redraft-te,rp,Jonnu Smith,16460,TE,GB,44,0,44,44,NA,jonnu-smith.php,NA,NA,0.9,NA,NA,NA,NA,NA,11,Jonnu Smith,2026-10-02,GBP
/nfl/rankings/ros-ppr-te.php,redraft-te,rp,Jake Tonges,24778,TE,SF,56,12,44,68,NA,jake-tonges.php,NA,NA,1.4,NA,NA,NA,NA,NA,8,Jake Tonges,2026-10-02,SFO
/nfl/rankings/ros-ppr-te.php,redraft-te,rp,Matt Hibner,28168,TE,BAL,45,0,45,45,NA,matthew-hibner.php,NA,NA,1.2,NA,NA,NA,NA,NA,13,Matt Hibner,2026-10-02,BAL
/nfl/rankings/ros-ppr-te.php,redraft-te,rp,Noah Gray,19539,TE,KC,52.5,7.5,45,60,NA,noah-gray.php,NA,NA,0.6,NA,NA,NA,NA,NA,5,Noah Gray,2026-10-02,KCC
/nfl/rankings/ros-ppr-te.php,redraft-te,rp,Ben Sinnott,26310,TE,WAS,50.5,4.5,46,55,NA,ben-sinnott.php,NA,NA,0.6,NA,NA,NA,NA,NA,7,Ben Sinnott,2026-10-02,WAS
/nfl/rankings/ros-ppr-te.php,redraft-te,rp,Mitchell Evans,27138,TE,CAR,47,0,47,47,NA,mitchell-evans.php,NA,NA,1,NA,NA,NA,NA,NA,5,Mitchell Evans,2026-10-02,CAR
/nfl/rankings/ros-ppr-te.php,redraft-te,rp,Zach Ertz,11689,TE,PHI,49,0,49,49,NA,zach-ertz.php,NA,NA,3.6,NA,NA,NA,NA,NA,10,Zach Ertz,2026-10-02,PHI
/nfl/rankings/ros-ppr-te.php,redraft-te,rp,Oscar Delp,25430,TE,NO,50,0,50,50,NA,oscar-delp.php,NA,NA,1.2,NA,NA,NA,NA,NA,8,Oscar Delp,2026-10-02,NOS
/nfl/rankings/ros-ppr-te.php,redraft-te,rp,Ja'Tavion Sanders,24334,TE,CAR,53,0,53,53,NA,jatavion-sanders.php,NA,NA,0.6,NA,NA,NA,NA,NA,5,JaTavion Sanders,2026-10-02,CAR
/nfl/rankings/ros-ppr-te.php,redraft-te,rp,Tommy Tremble,22795,TE,CAR,54,0,54,54,NA,tommy-tremble.php,NA,NA,0.6,NA,NA,NA,NA,NA,5,Tommy Tremble,2026-10-02,CAR
/nfl/rankings/ros-ppr-te.php,redraft-te,rp,Nate Boerkircher,28427,TE,JAC,56,0,56,56,NA,nate-boerkircher.php,NA,NA,1.7,NA,NA,NA,NA,NA,7,Nate Boerkircher,2026-10-02,JAC
/nfl/rankings/ros-ppr-te.php,redraft-te,rp,Sam Roush,28161,TE,CHI,58,0,58,58,NA,sam-roush.php,NA,NA,0.7,NA,NA,NA,NA,NA,10,Sam Roush,2026-10-02,CHI
/nfl/rankings/ros-ppr-te.php,redraft-te,rp,Justin Joly,28079,TE,MIA,59,0,59,59,NA,justin-joly.php,NA,NA,2.5,NA,NA,NA,NA,NA,6,Justin Joly,2026-10-02,MIA
/nfl/rankings/ros-ppr-te.php,redraft-te,rp,Josh Whyle,22923,TE,GB,61,0,61,61,NA,josh-whyle.php,NA,NA,1.1,NA,NA,NA,NA,NA,11,Josh Whyle,2026-10-02,GBP
/nfl/rankings/ros-ppr-te.php,redraft-te,rp,Jared Wiley,26343,TE,KC,62,0,62,62,NA,jared-wiley.php,NA,NA,1,NA,NA,NA,NA,NA,5,Jared Wiley,2026-10-02,KCC
/nfl/rankings/ros-ppr-te.php,redraft-te,rp,John Bates,22833,TE,WAS,63,0,63,63,NA,john-bates.php,NA,NA,1.2,NA,NA,NA,NA,NA,7,John Bates,2026-10-02,WAS
/nfl/rankings/ros-ppr-te.php,redraft-te,rp,Daniel Bellinger,24238,TE,TEN,64,0,64,64,NA,daniel-bellinger.php,NA,NA,2.8,NA,NA,NA,NA,NA,9,Daniel Bellinger,2026-10-02,TEN
/nfl/rankings/ros-ppr-te.php,redraft-te,rp,Will Kacmarek,28403,TE,MIA,65,0,65,65,NA,will-kacmarek.php,NA,NA,0.7,NA,NA,NA,NA,NA,6,Will Kacmarek,2026-10-02,MIA
/nfl/rankings/ros-ppr-te.php,redraft-te,rp,Luke Musgrave,25282,TE,GB,66,0,66,66,NA,luke-musgrave.php,NA,NA,0.8,NA,NA,NA,NA,NA,11,Luke Musgrave,2026-10-02,GBP
/nfl/rankings/ros-ppr-te.php,redraft-te,rp,Max Klare,27993,TE,LAR,67,0,67,67,NA,max-klare.php,NA,NA,2,NA,NA,NA,NA,NA,11,Max Klare,2026-10-02,LAR
/nfl/rankings/ros-ppr-te.php,redraft-te,rp,Josh Oliver,18487,TE,MIN,69,0,69,69,NA,josh-oliver.php,NA,NA,0.6,NA,NA,NA,NA,NA,6,Josh Oliver,2026-10-02,MIN
/nfl/rankings/ros-ppr-wr.php,redraft-wr,rp,Jaxon Smith-Njigba,23070,WR,SEA,1.4,0.49,1,2,NA,jaxon-smith-njigba.php,NA,NA,99.8,NA,NA,NA,NA,1,11,Jaxon Smith-Njigba,2026-10-02,SEA
/nfl/rankings/ros-ppr-wr.php,redraft-wr,rp,Ja'Marr Chase,19788,WR,CIN,1.6,0.49,1,2,NA,jamarr-chase.php,NA,NA,99.8,NA,NA,NA,NA,-1,6,JaMarr Chase,2026-10-02,CIN
/nfl/rankings/ros-ppr-wr.php,redraft-wr,rp,Amon-Ra St. Brown,19799,WR,DET,3,0,3,3,NA,amonra-stbrown.php,NA,NA,99.8,NA,NA,NA,NA,NA,6,Amon-Ra St Brown,2026-10-02,DET
/nfl/rankings/ros-ppr-wr.php,redraft-wr,rp,Puka Nacua,23180,WR,LAR,5.2,1.47,4,7,NA,puka-nacua.php,NA,NA,99.8,NA,NA,NA,NA,2,11,Puka Nacua,2026-10-02,LAR
/nfl/rankings/ros-ppr-wr.php,redraft-wr,rp,CeeDee Lamb,19202,WR,DAL,5.2,0.4,5,6,NA,ceedee-lamb.php,NA,NA,99.8,NA,NA,NA,NA,-1,14,CeeDee Lamb,2026-10-02,DAL
/nfl/rankings/ros-ppr-wr.php,redraft-wr,rp,Chris Olave,20111,WR,NO,6,0,6,6,NA,chris-olave.php,NA,NA,99.5,NA,NA,NA,NA,-1,8,Chris Olave,2026-10-02,NOS
/nfl/rankings/ros-ppr-wr.php,redraft-wr,rp,Justin Jefferson,19236,WR,MIN,6.2,1.6,4,8,NA,justin-jefferson.php,NA,NA,99.8,NA,NA,NA,NA,NA,6,Justin Jefferson,2026-10-02,MIN
/nfl/rankings/ros-ppr-wr.php,redraft-wr,rp,Drake London,23163,WR,ATL,9,1.41,7,11,NA,drake-london.php,NA,NA,99.6,NA,NA,NA,NA,5,11,Drake London,2026-10-02,ATL
/nfl/rankings/ros-ppr-wr.php,redraft-wr,rp,Zay Flowers,22916,WR,BAL,9.2,0.98,8,11,NA,zay-flowers.php,NA,NA,98.8,NA,NA,NA,NA,NA,13,Zay Flowers,2026-10-02,BAL
/nfl/rankings/ros-ppr-wr.php,redraft-wr,rp,DeVonta Smith,19222,WR,PHI,11,1.55,10,14,NA,devonta-smith.php,NA,NA,99.4,NA,NA,NA,NA,-2,10,DeVonta Smith,2026-10-02,PHI
/nfl/rankings/ros-ppr-wr.php,redraft-wr,rp,George Pickens,22963,WR,DAL,11.6,2.65,8,15,NA,george-pickens.php,NA,NA,99.5,NA,NA,NA,NA,-2,14,George Pickens,2026-10-02,DAL
/nfl/rankings/ros-ppr-wr.php,redraft-wr,rp,Nico Collins,20130,WR,HOU,11.6,1.62,9,14,NA,nico-collins.php,NA,NA,99.1,NA,NA,NA,NA,NA,8,Nico Collins,2026-10-02,HOU
/nfl/rankings/ros-ppr-wr.php,redraft-wr,rp,Parker Washington,23106,WR,JAC,11.8,1.72,10,15,NA,parker-washington.php,NA,NA,94.3,NA,NA,NA,NA,NA,7,Parker Washington,2026-10-02,JAC
/nfl/rankings/ros-ppr-wr.php,redraft-wr,rp,Christian Watson,23886,WR,GB,15.4,2.06,13,18,NA,christian-watson.php,NA,NA,95.1,NA,NA,NA,NA,3,11,Christian Watson,2026-10-02,GBP
/nfl/rankings/ros-ppr-wr.php,redraft-wr,rp,Garrett Wilson,23072,WR,NYJ,15.6,1.36,14,17,NA,garrett-wilson.php,NA,NA,98.3,NA,NA,NA,NA,NA,13,Garrett Wilson,2026-10-02,NYJ
/nfl/rankings/ros-ppr-wr.php,redraft-wr,rp,Malik Nabers,25409,WR,NYG,16.2,3.25,13,21,NA,malik-nabers.php,NA,NA,98.6,NA,NA,NA,NA,NA,8,Malik Nabers,2026-10-02,NYG
/nfl/rankings/ros-ppr-wr.php,redraft-wr,rp,Jaylen Waddle,19790,WR,DEN,16.6,1.85,14,19,NA,jaylen-waddle.php,NA,NA,96.9,NA,NA,NA,NA,-3,10,Jaylen Waddle,2026-10-02,DEN
/nfl/rankings/ros-ppr-wr.php,redraft-wr,rp,Davante Adams,12123,WR,LAR,18.6,5.16,13,27,NA,davante-adams.php,NA,NA,97.9,NA,NA,NA,NA,7,11,Davante Adams,2026-10-02,LAR
/nfl/rankings/ros-ppr-wr.php,redraft-wr,rp,Tetairoa McMillan,25417,WR,CAR,18.6,1.36,17,20,NA,tetairoa-mcmillan.php,NA,NA,97.9,NA,NA,NA,NA,NA,5,Tetairoa McMillan,2026-10-02,CAR
/nfl/rankings/ros-ppr-wr.php,redraft-wr,rp,Tee Higgins,19211,WR,CIN,19.2,0.98,18,20,NA,tee-higgins.php,NA,NA,98.1,NA,NA,NA,NA,NA,6,Tee Higgins,2026-10-02,CIN
/nfl/rankings/ros-ppr-wr.php,redraft-wr,rp,DJ Moore,17265,WR,BUF,21.2,3.82,15,25,NA,dj-moore-wr.php,NA,NA,96,NA,NA,NA,NA,NA,7,DJ Moore,2026-10-02,BUF
/nfl/rankings/ros-ppr-wr.php,redraft-wr,rp,Ladd McConkey,26122,WR,LAC,22.2,2.23,18,24,NA,ladd-mcconkey.php,NA,NA,97.4,NA,NA,NA,NA,NA,7,Ladd McConkey,2026-10-02,LAC
/nfl/rankings/ros-ppr-wr.php,redraft-wr,rp,Rashee Rice,23113,WR,KC,23.2,3.25,19,27,NA,rashee-rice.php,NA,NA,98.8,NA,NA,NA,NA,NA,5,Rashee Rice,2026-10-02,KCC
/nfl/rankings/ros-ppr-wr.php,redraft-wr,rp,Luther Burden III,27016,WR,CHI,26,2.37,22,29,NA,luther-burden-iii.php,NA,NA,92.8,NA,NA,NA,NA,NA,10,Luther Burden,2026-10-02,CHI
/nfl/rankings/ros-ppr-wr.php,redraft-wr,rp,Emeka Egbuka,23062,WR,TB,26.8,6.76,21,39,NA,emeka-egbuka.php,NA,NA,96.8,NA,NA,NA,NA,-5,10,Emeka Egbuka,2026-10-02,TBB
/nfl/rankings/ros-ppr-wr.php,redraft-wr,rp,Mike Evans,12119,WR,SF,27,2.76,23,31,NA,mike-evans.php,NA,NA,94.1,NA,NA,NA,NA,NA,8,Mike Evans,2026-10-02,SFO
/nfl/rankings/ros-ppr-wr.php,redraft-wr,rp,Terry McLaurin,18466,WR,WAS,28.2,1.47,26,30,NA,terry-mclaurin.php,NA,NA,94.5,NA,NA,NA,NA,NA,7,Terry McLaurin,2026-10-02,WAS
/nfl/rankings/ros-ppr-wr.php,redraft-wr,rp,Jalen Coker,26403,WR,CAR,28.4,3.26,24,33,NA,jalen-coker.php,NA,NA,89.8,NA,NA,NA,NA,NA,5,Jalen Coker,2026-10-02,CAR
/nfl/rankings/ros-ppr-wr.php,redraft-wr,rp,A.J. Brown,18218,WR,NE,28.4,2.06,25,31,NA,aj-brown.php,NA,NA,97,NA,NA,NA,NA,NA,11,AJ Brown,2026-10-02,NEP
/nfl/rankings/ros-ppr-wr.php,redraft-wr,rp,Josh Downs,24706,WR,IND,28.6,4.84,24,35,NA,josh-downs.php,NA,NA,84,NA,NA,NA,NA,NA,13,Josh Downs,2026-10-02,IND
/nfl/rankings/ros-ppr-wr.php,redraft-wr,rp,Jameson Williams,23677,WR,DET,30,1.79,27,32,NA,jameson-williams.php,NA,NA,93.7,NA,NA,NA,NA,-3,6,Jameson Williams,2026-10-02,DET
/nfl/rankings/ros-ppr-wr.php,redraft-wr,rp,Matthew Golden,26024,WR,GB,30.8,5.19,23,37,NA,matthew-golden.php,NA,NA,87.8,NA,NA,NA,NA,4,11,Matthew Golden,2026-10-02,GBP
/nfl/rankings/ros-ppr-wr.php,redraft-wr,rp,Rome Odunze,25411,WR,CHI,34.4,3.2,32,40,NA,rome-odunze.php,NA,NA,88.8,NA,NA,NA,NA,NA,10,Rome Odunze,2026-10-02,CHI
/nfl/rankings/ros-ppr-wr.php,redraft-wr,rp,Stefon Diggs,13981,WR,WAS,35,1.55,34,38,NA,stefon-diggs.php,NA,NA,88.1,NA,NA,NA,NA,NA,7,Stefon Diggs,2026-10-02,WAS
/nfl/rankings/ros-ppr-wr.php,redraft-wr,rp,Deebo Samuel Sr.,18244,WR,SF,35.6,1.85,34,39,NA,deebo-samuel.php,NA,NA,79.7,NA,NA,NA,NA,NA,8,Deebo Samuel,2026-10-02,SFO
/nfl/rankings/ros-ppr-wr.php,redraft-wr,rp,Michael Wilson,25333,WR,ARI,36.4,5.43,29,44,NA,michael-wilson.php,NA,NA,87.6,NA,NA,NA,NA,7,14,Michael Wilson,2026-10-02,ARI
/nfl/rankings/ros-ppr-wr.php,redraft-wr,rp,DK Metcalf,18219,WR,PIT,37.2,4.35,31,42,NA,dk-metcalf.php,NA,NA,90.9,NA,NA,NA,NA,NA,9,DK Metcalf,2026-10-02,PIT
/nfl/rankings/ros-ppr-wr.php,redraft-wr,rp,Denzel Boston,27339,WR,CLE,38.6,3.38,35,45,NA,denzel-boston.php,NA,NA,64,NA,NA,NA,NA,NA,11,Denzel Boston,2026-10-02,CLE
/nfl/rankings/ros-ppr-wr.php,redraft-wr,rp,Chris Godwin Jr.,16406,WR,TB,38.8,4.17,33,44,NA,chris-godwin.php,NA,NA,75.5,NA,NA,NA,NA,-5,10,Chris Godwin,2026-10-02,TBB
/nfl/rankings/ros-ppr-wr.php,redraft-wr,rp,Carnell Tate,26009,WR,TEN,39.4,3.44,36,46,NA,carnell-tate.php,NA,NA,86.2,NA,NA,NA,NA,NA,9,Carnell Tate,2026-10-02,TEN
/nfl/rankings/ros-ppr-wr.php,redraft-wr,rp,KC Concepcion Jr.,27331,WR,CLE,41.4,3.61,37,46,NA,kevin-concepcion.php,NA,NA,63.9,NA,NA,NA,NA,NA,11,KC Concepcion,2026-10-02,CLE
/nfl/rankings/ros-ppr-wr.php,redraft-wr,rp,Courtland Sutton,17253,WR,DEN,43.2,2.79,40,47,NA,courtland-sutton.php,NA,NA,80.2,NA,NA,NA,NA,NA,10,Courtland Sutton,2026-10-02,DEN
/nfl/rankings/ros-ppr-wr.php,redraft-wr,rp,Jakobi Meyers,18598,WR,JAC,45.8,3.66,39,49,NA,jakobi-meyers.php,NA,NA,66.4,NA,NA,NA,NA,5,7,Jakobi Meyers,2026-10-02,JAC
/nfl/rankings/ros-ppr-wr.php,redraft-wr,rp,Jordan Addison,23107,WR,MIN,46,3.41,42,50,NA,jordan-addison.php,NA,NA,81,NA,NA,NA,NA,7,6,Jordan Addison,2026-10-02,MIN
/nfl/rankings/ros-ppr-wr.php,redraft-wr,rp,Wan'Dale Robinson,22985,WR,TEN,46.2,2.32,43,50,NA,wandale-robinson.php,NA,NA,64.2,NA,NA,NA,NA,NA,9,WanDale Robinson,2026-10-02,TEN
/nfl/rankings/ros-ppr-wr.php,redraft-wr,rp,Romeo Doubs,23794,WR,NE,46.6,4.03,43,54,NA,romeo-doubs.php,NA,NA,63.3,NA,NA,NA,NA,NA,11,Romeo Doubs,2026-10-02,NEP
/nfl/rankings/ros-ppr-wr.php,redraft-wr,rp,Brian Thomas Jr.,23000,WR,JAC,49.6,6.59,40,58,NA,brian-thomas-jr.php,NA,NA,73.8,NA,NA,NA,NA,NA,7,Brian Thomas,2026-10-02,JAC
/nfl/rankings/ros-ppr-wr.php,redraft-wr,rp,Adonai Mitchell,24357,WR,NYJ,50.4,2.15,47,53,NA,adonai-mitchell.php,NA,NA,37.1,NA,NA,NA,NA,NA,13,Adonai Mitchell,2026-10-02,NYJ
/nfl/rankings/ros-ppr-wr.php,redraft-wr,rp,Dontayvion Wicks,24354,WR,PHI,51,5.8,44,57,NA,dontayvion-wicks.php,NA,NA,34.2,NA,NA,NA,NA,NA,10,Dontayvion Wicks,2026-10-02,PHI
/nfl/rankings/ros-ppr-wr.php,redraft-wr,rp,Khalil Shakir,23748,WR,BUF,51.6,2.24,48,55,NA,khalil-shakir.php,NA,NA,57.5,NA,NA,NA,NA,NA,7,Khalil Shakir,2026-10-02,BUF
/nfl/rankings/ros-ppr-wr.php,redraft-wr,rp,Quentin Johnston,23123,WR,LAC,51.8,5.19,47,61,NA,quentin-johnston.php,NA,NA,66.3,NA,NA,NA,NA,-5,7,Quentin Johnston,2026-10-02,LAC
/nfl/rankings/ros-ppr-wr.php,redraft-wr,rp,Makai Lemon,25420,WR,PHI,52.4,3.77,46,57,NA,makai-lemon.php,NA,NA,60.1,NA,NA,NA,NA,-5,10,Makai Lemon,2026-10-02,PHI
/nfl/rankings/ros-ppr-wr.php,redraft-wr,rp,Marvin Harrison Jr.,23064,WR,ARI,54.8,8.13,44,66,NA,marvin-harrison-jr.php,NA,NA,74.8,NA,NA,NA,NA,NA,14,Marvin Harrison,2026-10-02,ARI
/nfl/rankings/ros-ppr-wr.php,redraft-wr,rp,Devaughn Vele,26409,WR,NO,54.8,5.08,46,61,NA,devaughn-vele.php,NA,NA,45.2,NA,NA,NA,NA,NA,8,Devaughn Vele,2026-10-02,NOS
/nfl/rankings/ros-ppr-wr.php,redraft-wr,rp,Xavier Worthy,23019,WR,KC,54.8,6.82,47,67,NA,xavier-worthy.php,NA,NA,68.6,NA,NA,NA,NA,NA,5,Xavier Worthy,2026-10-02,KCC
/nfl/rankings/ros-ppr-wr.php,redraft-wr,rp,Jordyn Tyson,26035,WR,NO,56.8,5.11,49,65,NA,jordyn-tyson.php,NA,NA,55.5,NA,NA,NA,NA,NA,8,Jordyn Tyson,2026-10-02,NOS
/nfl/rankings/ros-ppr-wr.php,redraft-wr,rp,Tre Tucker,25337,WR,LV,58,5.69,48,64,NA,tre-tucker.php,NA,NA,45.5,NA,NA,NA,NA,NA,13,Tre Tucker,2026-10-02,LVR
/nfl/rankings/ros-ppr-wr.php,redraft-wr,rp,Alec Pierce,23791,WR,IND,58.4,5.16,52,65,NA,alec-pierce.php,NA,NA,70.4,NA,NA,NA,NA,NA,13,Alec Pierce,2026-10-02,IND
/nfl/rankings/ros-ppr-wr.php,redraft-wr,rp,Michael Pittman Jr.,19278,WR,PIT,59.2,6.55,52,71,NA,michael-pittman.php,NA,NA,75,NA,NA,NA,NA,NA,9,Michael Pittman,2026-10-02,PIT
/nfl/rankings/ros-ppr-wr.php,redraft-wr,rp,Keenan Allen,11616,WR,IND,60.2,1.94,59,64,NA,keenan-allen.php,NA,NA,40.7,NA,NA,NA,NA,NA,13,Keenan Allen,2026-10-02,IND
/nfl/rankings/ros-ppr-wr.php,redraft-wr,rp,Pat Bryant,27211,WR,DEN,61.2,5.56,52,67,NA,pat-bryant.php,NA,NA,9.1,NA,NA,NA,NA,NA,10,Pat Bryant,2026-10-02,DEN
/nfl/rankings/ros-ppr-wr.php,redraft-wr,rp,Caleb Douglas,28135,WR,MIA,61.4,1.74,60,64,NA,caleb-douglas.php,NA,NA,19.7,NA,NA,NA,NA,NA,6,Caleb Douglas,2026-10-02,MIA
/nfl/rankings/ros-ppr-wr.php,redraft-wr,rp,Tre' Harris,26215,WR,LAC,62,6.63,51,71,NA,tre-harris.php,NA,NA,7.3,NA,NA,NA,NA,NA,7,Tre Harris,2026-10-02,LAC
/nfl/rankings/ros-ppr-wr.php,redraft-wr,rp,Malik Washington,26314,WR,MIA,63.2,7.44,50,70,NA,malik-washington.php,NA,NA,30.2,NA,NA,NA,NA,NA,6,Malik Washington,2026-10-02,MIA
/nfl/rankings/ros-ppr-wr.php,redraft-wr,rp,Kayshon Boutte,22989,WR,HOU,65.2,4.96,62,75,NA,kayshon-boutte.php,NA,NA,18.6,NA,NA,NA,NA,NA,8,Kayshon Boutte,2026-10-02,HOU
/nfl/rankings/ros-ppr-wr.php,redraft-wr,rp,Rashod Bateman,19794,WR,BAL,65.6,1.2,64,67,NA,rashod-bateman.php,NA,NA,34.5,NA,NA,NA,NA,NA,13,Rashod Bateman,2026-10-02,BAL
/nfl/rankings/ros-ppr-wr.php,redraft-wr,rp,Chris Bell,26038,WR,MIA,66,6.9,58,77,NA,chris-bell.php,NA,NA,7.8,NA,NA,NA,NA,NA,6,Chris Bell,2026-10-02,MIA
/nfl/rankings/ros-ppr-wr.php,redraft-wr,rp,Rashid Shaheed,24687,WR,SEA,66.4,6.47,59,78,NA,rashid-shaheed.php,NA,NA,36.4,NA,NA,NA,NA,NA,11,Rashid Shaheed,2026-10-02,SEA
/nfl/rankings/ros-ppr-wr.php,redraft-wr,rp,Kalif Raymond,16081,WR,CHI,68.2,9.17,52,80,NA,kalif-raymond.php,NA,NA,42.3,NA,NA,NA,NA,16,10,Kalif Raymond,2026-10-02,CHI
/nfl/rankings/ros-ppr-wr.php,redraft-wr,rp,Malachi Fields,27994,WR,NYG,69.6,2.8,65,73,NA,malachi-fields.php,NA,NA,11.6,NA,NA,NA,NA,NA,8,Malachi Fields,2026-10-02,NYG
/nfl/rankings/ros-ppr-wr.php,redraft-wr,rp,Ted Hurst III,28130,WR,TB,70.4,9.2,57,81,NA,ted-hurst.php,NA,NA,4.5,NA,NA,NA,NA,NA,10,Ted Hurst,2026-10-02,TBB
/nfl/rankings/ros-ppr-wr.php,redraft-wr,rp,De'Zhaun Stribling,28138,WR,SF,70.6,5.82,63,79,NA,dezhaun-stribling.php,NA,NA,43.3,NA,NA,NA,NA,NA,8,DeZhaun Stribling,2026-10-02,SFO
/nfl/rankings/ros-ppr-wr.php,redraft-wr,rp,Antonio Williams,25418,WR,WAS,71,4,66,77,NA,antonio-williams-wr.php,NA,NA,8.5,NA,NA,NA,NA,NA,7,Antonio Williams,2026-10-02,WAS
/nfl/rankings/ros-ppr-wr.php,redraft-wr,rp,Jaylin Noel,27122,WR,HOU,72.8,0.75,72,74,NA,jaylin-noel.php,NA,NA,4.6,NA,NA,NA,NA,NA,8,Jaylin Noel,2026-10-02,HOU
/nfl/rankings/ros-ppr-wr.php,redraft-wr,rp,Ryan Flournoy,26398,WR,DAL,74,6.29,66,81,NA,ryan-flournoy.php,NA,NA,7,NA,NA,NA,NA,8,14,Ryan Flournoy,2026-10-02,DAL
/nfl/rankings/ros-ppr-wr.php,redraft-wr,rp,Jalen Nailor,24177,WR,LV,75.8,9.33,67,93,NA,jalen-nailor.php,NA,NA,18.8,NA,NA,NA,NA,NA,13,Jalen Nailor,2026-10-02,LVR
/nfl/rankings/ros-ppr-wr.php,redraft-wr,rp,Jerry Jeudy,19201,WR,CLE,75.8,5.74,71,87,NA,jerry-jeudy.php,NA,NA,15.6,NA,NA,NA,NA,NA,11,Jerry Jeudy,2026-10-02,CLE
/nfl/rankings/ros-ppr-wr.php,redraft-wr,rp,Omar Cooper Jr.,28127,WR,NYJ,77.8,4.26,74,83,NA,omar-cooper-jr.php,NA,NA,13.4,NA,NA,NA,NA,NA,13,Omar Cooper,2026-10-02,NYJ
/nfl/rankings/ros-ppr-wr.php,redraft-wr,rp,Ja'Kobi Lane,27337,WR,BAL,80,2.1,78,84,NA,jakobi-lane.php,NA,NA,22.6,NA,NA,NA,NA,NA,13,JaKobi Lane,2026-10-02,BAL
/nfl/rankings/ros-ppr-wr.php,redraft-wr,rp,Jauan Jennings,19590,WR,MIN,81.6,5.82,75,92,NA,jauan-jennings.php,NA,NA,12.3,NA,NA,NA,NA,NA,6,Jauan Jennings,2026-10-02,MIN
/nfl/rankings/ros-ppr-wr.php,redraft-wr,rp,Cooper Kupp,16433,WR,SEA,82,0.63,81,83,NA,cooper-kupp.php,NA,NA,12.6,NA,NA,NA,NA,NA,11,Cooper Kupp,2026-10-02,SEA
/nfl/rankings/ros-ppr-wr.php,redraft-wr,rp,Jalen McMillan,23179,WR,TB,83.6,6.28,76,91,NA,jalen-mcmillan.php,NA,NA,11.3,NA,NA,NA,NA,NA,10,Jalen McMillan,2026-10-02,TBB
/nfl/rankings/ros-ppr-wr.php,redraft-wr,rp,Isaac TeSlaa,27446,WR,DET,85,6.29,79,97,NA,isaac-teslaa.php,NA,NA,3.7,NA,NA,NA,NA,NA,6,Isaac TeSlaa,2026-10-02,DET
/nfl/rankings/ros-ppr-wr.php,redraft-wr,rp,Germie Bernard,26039,WR,PIT,86,0.89,85,87,NA,germie-bernard.php,NA,NA,5.7,NA,NA,NA,NA,NA,9,Germie Bernard,2026-10-02,PIT
/nfl/rankings/ros-ppr-wr.php,redraft-wr,rp,Keon Coleman,26019,WR,BUF,88.8,11.97,76,108,NA,keon-coleman.php,NA,NA,8.7,NA,NA,NA,NA,NA,7,Keon Coleman,2026-10-02,BUF
/nfl/rankings/ros-ppr-wr.php,redraft-wr,rp,Bryce Lance,28129,WR,NO,89.4,2.87,87,95,NA,bryce-lance.php,NA,NA,1,NA,NA,NA,NA,NA,8,Bryce Lance,2026-10-02,NOS
/nfl/rankings/ros-ppr-wr.php,redraft-wr,rp,Calvin Ridley,17258,WR,TEN,90.2,6.4,80,97,NA,calvin-ridley.php,NA,NA,6.3,NA,NA,NA,NA,NA,9,Calvin Ridley,2026-10-02,TEN
/nfl/rankings/ros-ppr-wr.php,redraft-wr,rp,Cyrus Allen,28424,WR,KC,90.6,4.32,85,98,NA,cyrus-allen.php,NA,NA,10.6,NA,NA,NA,NA,NA,5,Cyrus Allen,2026-10-02,KCC
/nfl/rankings/ros-ppr-wr.php,redraft-wr,rp,Travis Hunter,26034,WR,JAC,91.8,3.12,90,98,NA,travis-hunter.php,NA,NA,50,NA,NA,NA,NA,NA,7,Travis Hunter,2026-10-02,JAC
/nfl/rankings/ros-ppr-wr.php,redraft-wr,rp,DeMario Douglas,25304,WR,NE,92.2,16.55,76,124,NA,demario-douglas.php,NA,NA,2.9,NA,NA,NA,NA,NA,11,Demario Douglas,2026-10-02,NEP
/nfl/rankings/ros-ppr-wr.php,redraft-wr,rp,Tyquan Thornton,22913,WR,KC,92.4,7.86,82,103,NA,tyquan-thornton.php,NA,NA,2.6,NA,NA,NA,NA,NA,5,Tyquan Thornton,2026-10-02,KCC
/nfl/rankings/ros-ppr-wr.php,redraft-wr,rp,Darnell Mooney,19810,WR,NYG,92.4,1.36,91,94,NA,darnell-mooney.php,NA,NA,3.2,NA,NA,NA,NA,NA,8,Darnell Mooney,2026-10-02,NYG
/nfl/rankings/ros-ppr-wr.php,redraft-wr,rp,Kyle Williams,27487,WR,NE,93.2,6.97,80,99,NA,kyle-williams-wr-2025.php,NA,NA,1.6,NA,NA,NA,NA,NA,11,Kyle Williams,2026-10-02,NEP
/nfl/rankings/ros-ppr-wr.php,redraft-wr,rp,Kendrick Bourne,17066,WR,ARI,94.2,9.5,81,108,NA,kendrick-bourne.php,NA,NA,1.4,NA,NA,NA,NA,NA,14,Kendrick Bourne,2026-10-02,ARI
/nfl/rankings/ros-ppr-wr.php,redraft-wr,rp,Troy Franklin,23092,WR,DEN,95.2,7.44,85,107,NA,troy-franklin.php,NA,NA,1.4,NA,NA,NA,NA,NA,10,Troy Franklin,2026-10-02,DEN
/nfl/rankings/ros-ppr-wr.php,redraft-wr,rp,Mack Hollins,16489,WR,NE,96.2,8.77,88,112,NA,mack-hollins.php,NA,NA,5.8,NA,NA,NA,NA,NA,11,Mack Hollins,2026-10-02,NEP
/nfl/rankings/ros-ppr-wr.php,redraft-wr,rp,Kevin Coleman Jr.,28067,WR,MIA,96.6,11.39,83,110,NA,kevin-coleman-jr.php,NA,NA,1.1,NA,NA,NA,NA,NA,6,Kevin Coleman,2026-10-02,MIA
/nfl/rankings/ros-ppr-wr.php,redraft-wr,rp,Zachariah Branch,25419,WR,ATL,97,3.85,93,102,NA,zachariah-branch.php,NA,NA,8.7,NA,NA,NA,NA,NA,11,Zachariah Branch,2026-10-02,ATL
/nfl/rankings/ros-ppr-wr.php,redraft-wr,rp,Jack Bech,27224,WR,LV,98.6,8.64,87,113,NA,jack-bech.php,NA,NA,1.4,NA,NA,NA,NA,NA,13,Jack Bech,2026-10-02,LVR
/nfl/rankings/ros-ppr-wr.php,redraft-wr,rp,Elijah Sarratt,27463,WR,BAL,98.6,4.08,93,103,NA,elijah-sarratt.php,NA,NA,4.1,NA,NA,NA,NA,NA,13,Elijah Sarratt,2026-10-02,BAL
/nfl/rankings/ros-ppr-wr.php,redraft-wr,rp,Chimere Dike,27315,WR,TEN,100.8,3.06,96,105,NA,chimere-dike.php,NA,NA,1.5,NA,NA,NA,NA,NA,9,Chimere Dike,2026-10-02,TEN
/nfl/rankings/ros-ppr-wr.php,redraft-wr,rp,Roman Wilson,28896,WR,PIT,102,6.36,90,107,NA,roman-wilson-wr.php,NA,NA,3.8,NA,NA,NA,NA,NA,9,Roman Wilson,2026-10-02,PIT
/nfl/rankings/ros-ppr-wr.php,redraft-wr,rp,Marvin Mims Jr.,23080,WR,DEN,102.6,2.58,99,106,NA,marvin-mims.php,NA,NA,2.6,NA,NA,NA,NA,NA,10,Marvin Mims,2026-10-02,DEN
/nfl/rankings/ros-ppr-wr.php,redraft-wr,rp,Elic Ayomanor,27059,WR,TEN,103.6,7.61,94,116,NA,elic-ayomanor.php,NA,NA,1.5,NA,NA,NA,NA,NA,9,Elic Ayomanor,2026-10-02,TEN
/nfl/rankings/ros-ppr-wr.php,redraft-wr,rp,Jahan Dotson,23101,WR,ATL,103.6,4.18,99,110,NA,jahan-dotson.php,NA,NA,1.7,NA,NA,NA,NA,NA,11,Jahan Dotson,2026-10-02,ATL
/nfl/rankings/ros-ppr-wr.php,redraft-wr,rp,Andrei Iosivas,25335,WR,CIN,104.2,5.46,95,112,NA,andrei-iosivas.php,NA,NA,1,NA,NA,NA,NA,NA,6,Andrei Iosivas,2026-10-02,CIN
/nfl/rankings/ros-ppr-wr.php,redraft-wr,rp,Skyler Bell,28126,WR,BUF,107,7.56,93,115,NA,skyler-bell.php,NA,NA,3,NA,NA,NA,NA,NA,7,Skyler Bell,2026-10-02,BUF
/nfl/rankings/ros-ppr-wr.php,redraft-wr,rp,Joshua Palmer,22845,WR,BUF,102.75,11.41,89,118,NA,josh-palmer.php,NA,NA,2.6,NA,NA,NA,NA,NA,7,Josh Palmer,2026-10-02,BUF
/nfl/rankings/ros-ppr-wr.php,redraft-wr,rp,Xavier Legette,26136,WR,CAR,108.2,3.87,104,115,NA,xavier-legette.php,NA,NA,1.3,NA,NA,NA,NA,NA,5,Xavier Legette,2026-10-02,CAR
/nfl/rankings/ros-ppr-wr.php,redraft-wr,rp,Christian Kirk,17268,WR,SF,109,8.57,96,120,NA,christian-kirk.php,NA,NA,2.2,NA,NA,NA,NA,NA,8,Christian Kirk,2026-10-02,SFO
/nfl/rankings/ros-ppr-wr.php,redraft-wr,rp,Tory Horton,26022,WR,SEA,107.67,23.33,78,135,NA,tory-horton.php,NA,NA,1.8,NA,NA,NA,NA,12,11,Tory Horton,2026-10-02,SEA
/nfl/rankings/ros-ppr-wr.php,redraft-wr,rp,Konata Mumpfield,27449,WR,LAR,97.5,11.5,86,109,NA,konata-mumpfield.php,NA,NA,4.2,NA,NA,NA,NA,NA,11,Konata Mumpfield,2026-10-02,LAR
/nfl/rankings/ros-ppr-wr.php,redraft-wr,rp,Xavier Hutchinson,25332,WR,HOU,112.75,14.18,93,129,NA,xavier-hutchinson.php,NA,NA,7.5,NA,NA,NA,NA,NA,8,Xavier Hutchinson,2026-10-02,HOU
/nfl/rankings/ros-ppr-wr.php,redraft-wr,rp,Darius Slayton,18706,WR,IND,97,0,97,97,NA,darius-slayton.php,NA,NA,1,NA,NA,NA,NA,NA,13,Darius Slayton,2026-10-02,IND
/nfl/rankings/ros-ppr-wr.php,redraft-wr,rp,Jalen Tolbert,23770,WR,MIA,111.5,9.5,102,121,NA,jalen-tolbert.php,NA,NA,1.1,NA,NA,NA,NA,NA,6,Jalen Tolbert,2026-10-02,MIA
/nfl/rankings/ros-ppr-wr.php,redraft-wr,rp,Brenen Thompson,28133,WR,LAC,111.5,7.5,104,119,NA,brenen-thompson.php,NA,NA,0.9,NA,NA,NA,NA,NA,7,Brenen Thompson,2026-10-02,LAC
/nfl/rankings/ros-ppr-wr.php,redraft-wr,rp,Tank Dell,25361,WR,HOU,100,0,100,100,NA,nathaniel-dell.php,NA,NA,25.7,NA,NA,NA,NA,NA,8,Tank Dell,2026-10-02,HOU
/nfl/rankings/ros-ppr-wr.php,redraft-wr,rp,Hollywood Brown,18226,WR,PHI,114,14,100,128,NA,marquise-brown.php,NA,NA,1.2,NA,NA,NA,NA,NA,10,Marquise Brown,2026-10-02,PHI
/nfl/rankings/ros-ppr-wr.php,redraft-wr,rp,Barion Brown,25416,WR,NO,104,0,104,104,NA,barion-brown.php,NA,NA,1.4,NA,NA,NA,NA,NA,8,Barion Brown,2026-10-02,NOS
/nfl/rankings/ros-ppr-wr.php,redraft-wr,rp,Malik Benson,26012,WR,LV,105,0,105,105,NA,malik-benson.php,NA,NA,0.6,NA,NA,NA,NA,NA,13,Malik Benson,2026-10-02,LVR
/nfl/rankings/ros-ppr-wr.php,redraft-wr,rp,CJ Daniels,28125,WR,LAR,115.5,1.5,114,117,NA,cj-daniels.php,NA,NA,1.3,NA,NA,NA,NA,NA,11,CJ Daniels,2026-10-02,LAR
/nfl/rankings/ros-ppr-wr.php,redraft-wr,rp,Colbie Young,26037,WR,CIN,108,0,108,108,NA,colbie-young.php,NA,NA,0.8,NA,NA,NA,NA,NA,6,Colbie Young,2026-10-02,CIN
/nfl/rankings/ros-ppr-wr.php,redraft-wr,rp,Tutu Atwell,20126,WR,LAR,111,0,111,111,NA,tutu-atwell.php,NA,NA,0.8,NA,NA,NA,NA,NA,11,Tutu Atwell,2026-10-02,LAR
/nfl/rankings/ros-ppr-wr.php,redraft-wr,rp,Zavion Thomas,28132,WR,CHI,125.5,12.5,113,138,NA,zavion-thomas.php,NA,NA,1.8,NA,NA,NA,NA,NA,10,Zavion Thomas,2026-10-02,CHI
/nfl/rankings/ros-ppr-wr.php,redraft-wr,rp,Isaiah Bond,24371,WR,CLE,120.5,6.5,114,127,NA,isaiah-bond.php,NA,NA,0.6,NA,NA,NA,NA,NA,11,Isaiah Bond,2026-10-02,CLE
/nfl/rankings/ros-ppr-wr.php,redraft-wr,rp,Cedric Tillman,25287,WR,NO,125,9,116,134,NA,cedric-tillman.php,NA,NA,1,NA,NA,NA,NA,NA,8,Cedric Tillman,2026-10-02,NOS
/nfl/rankings/ros-ppr-wr.php,redraft-wr,rp,Odell Beckham Jr.,12127,WR,FA,117,0,117,117,NA,odell-beckham.php,NA,NA,2.7,NA,NA,NA,NA,NA,NA,Odell Beckham,2026-10-02,FA
/nfl/rankings/ros-ppr-wr.php,redraft-wr,rp,Deion Burks,27093,WR,IND,118,0,118,118,NA,deion-burks.php,NA,NA,2,NA,NA,NA,NA,NA,13,Deion Burks,2026-10-02,IND
/nfl/rankings/ros-ppr-wr.php,redraft-wr,rp,Olamide Zaccheaus,18864,WR,ATL,122.5,2.5,120,125,NA,olamide-zaccheaus.php,NA,NA,0.6,NA,NA,NA,NA,NA,11,Olamide Zaccheaus,2026-10-02,ATL
/nfl/rankings/ros-ppr-wr.php,redraft-wr,rp,Tez Johnson,27147,WR,TB,127,6,121,133,NA,tez-johnson.php,NA,NA,0.6,NA,NA,NA,NA,NA,10,Tez Johnson,2026-10-02,TBB
/nfl/rankings/ros-ppr-wr.php,redraft-wr,rp,Savion Williams,27144,WR,GB,122,0,122,122,NA,savion-williams.php,NA,NA,0.6,NA,NA,NA,NA,NA,11,Savion Williams,2026-10-02,GBP
/nfl/rankings/ros-ppr-wr.php,redraft-wr,rp,Dont'e Thornton Jr.,27288,WR,LV,122,0,122,122,NA,donte-thornton-jr.php,NA,NA,0.7,NA,NA,NA,NA,NA,13,Donte Thornton,2026-10-02,LVR
/nfl/rankings/ros-ppr-wr.php,redraft-wr,rp,Brandon Aiyuk,19252,WR,SF,123,0,123,123,NA,brandon-aiyuk.php,NA,NA,2.8,NA,NA,NA,NA,NA,8,Brandon Aiyuk,2026-10-02,SFO
/nfl/rankings/ros-ppr-wr.php,redraft-wr,rp,Tyreek Hill,15802,WR,FA,124,0,124,124,NA,tyreek-hill.php,NA,NA,17.4,NA,NA,NA,NA,NA,NA,Tyreek Hill,2026-10-02,FA
/nfl/rankings/ros-ppr-wr.php,redraft-wr,rp,Treylon Burks,22905,WR,WAS,126,0,126,126,NA,treylon-burks.php,NA,NA,1.7,NA,NA,NA,NA,NA,7,Treylon Burks,2026-10-02,WAS
/nfl/rankings/ros-ppr-wr.php,redraft-wr,rp,Jalen Royals,27076,WR,KC,130,0,130,130,NA,jalen-royals.php,NA,NA,0.6,NA,NA,NA,NA,NA,5,Jalen Royals,2026-10-02,KCC
/nfl/rankings/ros-ppr-wr.php,redraft-wr,rp,Jaylin Lane,27454,WR,WAS,131,0,131,131,NA,jaylin-lane.php,NA,NA,0.6,NA,NA,NA,NA,NA,7,Jaylin Lane,2026-10-02,WAS
/nfl/rankings/ros-ppr-wr.php,redraft-wr,rp,Luke McCaffrey,26328,WR,WAS,132,0,132,132,NA,luke-mccaffrey.php,NA,NA,0.6,NA,NA,NA,NA,NA,7,Luke McCaffrey,2026-10-02,WAS
/nfl/rankings/ros-ppr-wr.php,redraft-wr,rp,Tai Felton,27182,WR,MIN,136,0,136,136,NA,tai-felton.php,NA,NA,0.6,NA,NA,NA,NA,NA,6,Tai Felton,2026-10-02,MIN
/nfl/rankings/ros-ppr-wr.php,redraft-wr,rp,Brycen Tremayne,25631,WR,CAR,137,0,137,137,NA,brycen-tremayne.php,NA,NA,0.1,NA,NA,NA,NA,NA,5,Brycen Tremayne,2026-10-02,CAR
/nfl/rankings/db.php,weekly-db,wp,Kyle Hamilton,23494,DB,BAL,1.29,1.02,1,6,NA,kyle-hamilton.php,NA,NA,75.2,NA,NA,NA,NA,NA,13,Kyle Hamilton,2026-10-02,BAL
/nfl/rankings/db.php,weekly-db,wp,Quentin Lake,24302,DB,LAR,2.38,0.86,1,4,NA,quentin-lake.php,NA,NA,25.3,NA,NA,NA,NA,2,11,Quentin Lake,2026-10-02,LAR
/nfl/rankings/db.php,weekly-db,wp,Budda Baker,16733,DB,ARI,3.79,2.14,2,11,NA,budda-baker.php,NA,NA,42.7,NA,NA,NA,NA,-1,14,Budda Baker,2026-10-02,ARI
/nfl/rankings/db.php,weekly-db,wp,Derwin James Jr.,17310,DB,LAC,4.88,1.48,3,8,NA,derwin-james.php,NA,NA,47.5,NA,NA,NA,NA,-1,7,Derwin James,2026-10-02,LAC
/nfl/rankings/db.php,weekly-db,wp,Dillon Thieneman,27967,DB,CHI,5.54,1.15,4,9,NA,dillon-thieneman.php,NA,NA,35.4,NA,NA,NA,NA,NA,10,Dillon Thieneman,2026-10-02,CHI
/nfl/rankings/db.php,weekly-db,wp,Jordan Battle,23471,DB,CIN,6.96,2.67,5,15,NA,jordan-battle.php,NA,NA,20,NA,NA,NA,NA,-1,6,Jordan Battle,2026-10-02,CIN
/nfl/rankings/db.php,weekly-db,wp,Jeremy Chinn,19429,DB,LV,7.33,2.17,3,11,NA,jeremy-chinn.php,NA,NA,26.9,NA,NA,NA,NA,4,13,Jeremy Chinn,2026-10-02,LVR
/nfl/rankings/db.php,weekly-db,wp,Talanoa Hufanga,22817,DB,DEN,8.38,2.21,3,12,NA,talanoa-hufanga.php,NA,NA,34.4,NA,NA,NA,NA,4,10,Talanoa Hufanga,2026-10-02,DEN
/nfl/rankings/db.php,weekly-db,wp,Tykee Smith,23751,DB,TB,9.42,2.23,5,17,NA,tykee-smith.php,NA,NA,35.5,NA,NA,NA,NA,-2,10,Tykee Smith,2026-10-02,TBB
/nfl/rankings/db.php,weekly-db,wp,Amani Hooker,18589,DB,TEN,11.08,3.72,7,22,NA,amani-hooker.php,NA,NA,8.3,NA,NA,NA,NA,NA,9,Amani Hooker,2026-10-02,TEN
/nfl/rankings/db.php,weekly-db,wp,Caleb Downs,27950,DB,DAL,11.29,3.28,7,20,NA,caleb-downs.php,NA,NA,52.4,NA,NA,NA,NA,-3,14,Caleb Downs,2026-10-02,DAL
/nfl/rankings/db.php,weekly-db,wp,Antoine Winfield Jr.,19266,DB,TB,12.88,2.85,7,21,NA,antoine-winfield-s.php,NA,NA,19.1,NA,NA,NA,NA,NA,10,Antoine Winfield,2026-10-02,TBB
/nfl/rankings/db.php,weekly-db,wp,Kevin Winston Jr.,27035,DB,TEN,13.58,2.2,10,21,NA,kevin-winston-jr.php,NA,NA,7.1,NA,NA,NA,NA,-3,9,Kevin Winston,2026-10-02,TEN
/nfl/rankings/db.php,weekly-db,wp,Evan Williams,26131,DB,GB,14.46,2.47,10,22,NA,evan-williams.php,NA,NA,13,NA,NA,NA,NA,2,11,Evan Williams,2026-10-02,GBP
/nfl/rankings/db.php,weekly-db,wp,Jessie Bates III,17544,DB,ATL,15.17,4.43,9,32,NA,jessie-bates-iii.php,NA,NA,12,NA,NA,NA,NA,NA,11,Jessie Bates,2026-10-02,ATL
/nfl/rankings/db.php,weekly-db,wp,Kam Curl,19459,DB,LAR,18.04,5.46,7,38,NA,kamren-curl.php,NA,NA,29.7,NA,NA,NA,NA,NA,11,Kam Curl,2026-10-02,LAR
/nfl/rankings/db.php,weekly-db,wp,Cooper DeJean,26103,DB,PHI,18.92,4.05,10,34,NA,cooper-dejean.php,NA,NA,36.7,NA,NA,NA,NA,3,10,Cooper DeJean,2026-10-02,PHI
/nfl/rankings/db.php,weekly-db,wp,Jalen Pitre,23721,DB,HOU,19.21,7.1,13,47,NA,jalen-pitre.php,NA,NA,14,NA,NA,NA,NA,-2,8,Jalen Pitre,2026-10-02,HOU
/nfl/rankings/db.php,weekly-db,wp,Xavier Watts,27067,DB,ATL,19.58,3.01,17,32,NA,xavier-watts.php,NA,NA,19.3,NA,NA,NA,NA,NA,11,Xavier Watts,2026-10-02,ATL
/nfl/rankings/db.php,weekly-db,wp,Brandon Jones,19248,DB,DEN,21.58,3.59,12,28,NA,brandon-jones-s.php,NA,NA,6.3,NA,NA,NA,NA,NA,10,Brandon Jones,2026-10-02,DEN
/nfl/rankings/db.php,weekly-db,wp,Jaquan Brisker,23719,DB,PIT,21.58,2.36,18,30,NA,jaquan-brisker.php,NA,NA,12.9,NA,NA,NA,NA,NA,9,Jaquan Brisker,2026-10-02,PIT
/nfl/rankings/db.php,weekly-db,wp,Tre'von Moehrig,22699,DB,CAR,22.83,6.48,15,48,NA,trevon-moehrig.php,NA,NA,17.6,NA,NA,NA,NA,NA,5,Trevon Moehrig,2026-10-02,CAR
/nfl/rankings/db.php,weekly-db,wp,Joshua Metellus,19580,DB,MIN,23.67,1.46,21,28,NA,josh-metellus.php,NA,NA,9.7,NA,NA,NA,NA,NA,6,Joshua Metellus,2026-10-02,MIN
/nfl/rankings/db.php,weekly-db,wp,Devon Witherspoon,25243,DB,SEA,25.21,3.37,13,33,NA,devon-witherspoon.php,NA,NA,21.4,NA,NA,NA,NA,NA,11,Devon Witherspoon,2026-10-02,SEA
/nfl/rankings/db.php,weekly-db,wp,Nick Emmanwori,27053,DB,SEA,26.96,10.28,17,62,NA,nick-emmanwori.php,NA,NA,34.1,NA,NA,NA,NA,-4,11,Nick Emmanwori,2026-10-02,SEA
/nfl/rankings/db.php,weekly-db,wp,Xavier McKinney,19216,DB,GB,27.21,3.3,24,37,NA,xavier-mckinney.php,NA,NA,20,NA,NA,NA,NA,NA,11,Xavier McKinney,2026-10-02,GBP
/nfl/rankings/db.php,weekly-db,wp,Cole Bishop,26229,DB,BUF,27.33,3.13,20,36,NA,cole-bishop.php,NA,NA,15.6,NA,NA,NA,NA,NA,7,Cole Bishop,2026-10-02,BUF
/nfl/rankings/db.php,weekly-db,wp,Kamari Lassiter,26118,DB,HOU,28.63,2.74,19,33,NA,kamari-lassiter.php,NA,NA,23.2,NA,NA,NA,NA,NA,8,Kamari Lassiter,2026-10-02,HOU
/nfl/rankings/db.php,weekly-db,wp,Kevin Byard III,15635,DB,NE,30.08,5.92,21,55,NA,kevin-byard.php,NA,NA,19,NA,NA,NA,NA,NA,11,Kevin Byard,2026-10-02,NEP
/nfl/rankings/db.php,weekly-db,wp,Andrew Wingard,18576,DB,ARI,31.21,4.51,16,37,NA,andrew-wingard.php,NA,NA,4.4,NA,NA,NA,NA,5,14,Andrew Wingard,2026-10-02,ARI
/nfl/rankings/db.php,weekly-db,wp,Grant Delpit,19203,DB,CLE,31.58,4.65,27,50,NA,grant-delpit.php,NA,NA,5,NA,NA,NA,NA,NA,11,Grant Delpit,2026-10-02,CLE
/nfl/rankings/db.php,weekly-db,wp,Cam Bynum,22757,DB,IND,33.46,5.55,25,51,NA,camryn-bynum.php,NA,NA,6,NA,NA,NA,NA,NA,13,Cam Bynum,2026-10-02,IND
/nfl/rankings/db.php,weekly-db,wp,Alontae Taylor,23747,DB,TEN,33.54,5.15,23,52,NA,alontae-taylor.php,NA,NA,8.7,NA,NA,NA,NA,NA,9,Alontae Taylor,2026-10-02,TEN
/nfl/rankings/db.php,weekly-db,wp,Chuck Clark,16558,DB,DET,34.75,6.19,17,46,NA,chuck-clark.php,NA,NA,4.1,NA,NA,NA,NA,NA,6,Chuck Clark,2026-10-02,DET
/nfl/rankings/db.php,weekly-db,wp,Dax Hill,24197,DB,CIN,35.42,3.43,28,44,NA,daxton-hill.php,NA,NA,10.8,NA,NA,NA,NA,NA,6,Daxton Hill,2026-10-02,CIN
/nfl/rankings/db.php,weekly-db,wp,C.J. Gardner-Johnson,18649,DB,BUF,35.54,5.02,27,55,NA,chauncey-gardner-johnson.php,NA,NA,2.6,NA,NA,NA,NA,NA,7,CJ Gardner-Johnson,2026-10-02,BUF
/nfl/rankings/db.php,weekly-db,wp,Michael Taaffe,27277,DB,MIA,38.67,2.34,36,46,NA,michael-taaffe.php,NA,NA,1.2,NA,NA,NA,NA,NA,6,Michael Taaffe,2026-10-02,MIA
/nfl/rankings/db.php,weekly-db,wp,Ji'Ayir Brown,25258,DB,SF,40.5,3.11,38,53,NA,jiayir-brown.php,NA,NA,1.4,NA,NA,NA,NA,NA,8,JiAyir Brown,2026-10-02,SFO
/nfl/rankings/db.php,weekly-db,wp,Reed Blankenship,22754,DB,HOU,40.67,6,19,52,NA,reed-blankenship.php,NA,NA,5.1,NA,NA,NA,NA,5,8,Reed Blankenship,2026-10-02,HOU
/nfl/rankings/db.php,weekly-db,wp,Jevon Holland,22690,DB,NYG,42.54,6.81,15,52,NA,jevon-holland.php,NA,NA,12.2,NA,NA,NA,NA,6,8,Jevon Holland,2026-10-02,NYG
/nfl/rankings/db.php,weekly-db,wp,Jalen Ramsey,15491,DB,PIT,43.88,6,36,63,NA,jalen-ramsey.php,NA,NA,4.2,NA,NA,NA,NA,NA,9,Jalen Ramsey,2026-10-02,PIT
/nfl/rankings/db.php,weekly-db,wp,Antonio Johnson,24719,DB,JAC,45.04,3.63,42,57,NA,antonio-johnson-cb.php,NA,NA,1.6,NA,NA,NA,NA,NA,7,Antonio Johnson,2026-10-02,JAC
/nfl/rankings/db.php,weekly-db,wp,Jonas Sanker,27210,DB,NO,45.71,6.43,27,67,NA,jonas-sanker.php,NA,NA,5.2,NA,NA,NA,NA,NA,8,Jonas Sanker,2026-10-02,NOS
/nfl/rankings/db.php,weekly-db,wp,Byron Murphy Jr.,18220,DB,MIN,46.5,6.12,38,68,NA,byron-murphy.php,NA,NA,6.3,NA,NA,NA,NA,NA,6,Byron Murphy,2026-10-02,MIN
/nfl/rankings/db.php,weekly-db,wp,L'Jarius Sneed,19671,DB,KC,47.25,14.26,37,94,NA,ljarius-sneed.php,NA,NA,1.7,NA,NA,NA,NA,-9,5,LJarius Sneed,2026-10-02,KCC
/nfl/rankings/db.php,weekly-db,wp,Marlon Humphrey,16390,DB,BAL,48.96,3.54,43,59,NA,marlon-humphrey.php,NA,NA,5.9,NA,NA,NA,NA,NA,13,Marlon Humphrey,2026-10-02,BAL
/nfl/rankings/db.php,weekly-db,wp,Dante Trader Jr.,27090,DB,MIA,49.46,9.63,38,80,NA,dante-trader.php,NA,NA,1.6,NA,NA,NA,NA,NA,6,Dante Trader,2026-10-02,MIA
/nfl/rankings/db.php,weekly-db,wp,Jaden Hicks,26231,DB,KC,51.54,25.33,34,152,NA,jaden-hicks.php,NA,NA,1.2,NA,NA,NA,NA,NA,5,Jaden Hicks,2026-10-02,KCC
/nfl/rankings/db.php,weekly-db,wp,Keisean Nixon,18495,DB,GB,51.35,4.56,44,64,NA,keisean-nixon.php,NA,NA,6.9,NA,NA,NA,NA,NA,11,Keisean Nixon,2026-10-02,GBP
/nfl/rankings/db.php,weekly-db,wp,Andre Cisco,22715,DB,NYJ,57.87,22.96,40,147,NA,andre-cisco.php,NA,NA,1.1,NA,NA,NA,NA,NA,13,Andre Cisco,2026-10-02,NYJ
/nfl/rankings/db.php,weekly-db,wp,Marques Sigle,27477,DB,SF,53.38,15.75,24,79,NA,marques-sigle.php,NA,NA,3.6,NA,NA,NA,NA,14,8,Marques Sigle,2026-10-02,SFO
/nfl/rankings/db.php,weekly-db,wp,Christian Izien,25867,DB,DET,52.83,23.54,34,119,NA,christian-izien.php,NA,NA,1,NA,NA,NA,NA,NA,6,Christian Izien,2026-10-02,DET
/nfl/rankings/db.php,weekly-db,wp,Dane Belton,23914,DB,NYJ,52.83,8.06,35,63,NA,dane-belton.php,NA,NA,13.3,NA,NA,NA,NA,NA,13,Dane Belton,2026-10-02,NYJ
/nfl/rankings/db.php,weekly-db,wp,Riley Moss,25459,DB,DEN,53.5,10.96,33,78,NA,riley-moss.php,NA,NA,3.3,NA,NA,NA,NA,NA,10,Riley Moss,2026-10-02,DEN
/nfl/rankings/db.php,weekly-db,wp,Justin Reid,17320,DB,NO,57.33,9.99,48,87,NA,justin-reid.php,NA,NA,2.2,NA,NA,NA,NA,-8,8,Justin Reid,2026-10-02,NOS
/nfl/rankings/db.php,weekly-db,wp,Hezekiah Masses,28206,DB,LV,63.75,20.16,22,114,NA,hezekiah-masses.php,NA,NA,2.8,NA,NA,NA,NA,15,13,Hezekiah Masses,2026-10-02,LVR
/nfl/rankings/db.php,weekly-db,wp,Tyler Nubin,26117,DB,NYG,60.82,18.82,44,103,NA,tyler-nubin.php,NA,NA,3,NA,NA,NA,NA,NA,8,Tyler Nubin,2026-10-02,NYG
/nfl/rankings/db.php,weekly-db,wp,Malaki Starks,27017,DB,BAL,64.55,14.18,31,95,NA,malaki-starks.php,NA,NA,27.5,NA,NA,NA,NA,NA,13,Malaki Starks,2026-10-02,BAL
/nfl/rankings/db.php,weekly-db,wp,Jeremy Reaves,17766,DB,WAS,56.2,7.81,35,64,NA,jeremy-reaves.php,NA,NA,3.3,NA,NA,NA,NA,NA,7,Jeremy Reaves,2026-10-02,WAS
/nfl/rankings/db.php,weekly-db,wp,Markquese Bell,24864,DB,DAL,57.9,9.41,47,82,NA,markquese-ball.php,NA,NA,0.7,NA,NA,NA,NA,NA,14,Markquese Bell,2026-10-02,DAL
/nfl/rankings/db.php,weekly-db,wp,Trent McDuffie,23492,DB,LAR,60.5,4.9,48,66,NA,trent-mcduffie.php,NA,NA,14.4,NA,NA,NA,NA,NA,11,Trent McDuffie,2026-10-02,LAR
/nfl/rankings/db.php,weekly-db,wp,Ronnie Hickman Jr.,25796,DB,CLE,64.2,12.72,39,95,NA,ronnie-hickman.php,NA,NA,2.4,NA,NA,NA,NA,NA,11,Ronnie Hickman,2026-10-02,CLE
/nfl/rankings/db.php,weekly-db,wp,Malik Muhammad II,27978,DB,CHI,67.6,18.65,55,112,NA,malik-muhammad.php,NA,NA,1,NA,NA,NA,NA,-9,10,Malik Muhammad,2026-10-02,CHI
/nfl/rankings/db.php,weekly-db,wp,AJ Haulcy,28069,DB,IND,78.18,29.99,41,138,NA,aj-haulcy.php,NA,NA,8.9,NA,NA,NA,NA,NA,13,AJ Haulcy,2026-10-02,IND
/nfl/rankings/db.php,weekly-db,wp,Dru Phillips,26164,DB,NYG,71.3,27.14,51,145,NA,andru-phillips.php,NA,NA,1.1,NA,NA,NA,NA,NA,8,Andru Phillips,2026-10-02,NYG
/nfl/rankings/db.php,weekly-db,wp,DaRon Bland,24551,DB,DAL,69.89,5.92,58,77,NA,daron-bland.php,NA,NA,8,NA,NA,NA,NA,8,14,DaRon Bland,2026-10-02,DAL
/nfl/rankings/db.php,weekly-db,wp,Mansoor Delane,27047,DB,KC,71.22,14.96,55,98,NA,mansoor-delane.php,NA,NA,7.2,NA,NA,NA,NA,NA,5,Mansoor Delane,2026-10-02,KCC
/nfl/rankings/db.php,weekly-db,wp,Zyon McCollum,24498,DB,TB,71.22,5.33,66,83,NA,zyon-mccollum.php,NA,NA,3.9,NA,NA,NA,NA,NA,10,Zyon McCollum,2026-10-02,TBB
/nfl/rankings/db.php,weekly-db,wp,Bryan Cook,23854,DB,CIN,79.22,11.94,59,107,NA,bryan-cook.php,NA,NA,1.6,NA,NA,NA,NA,NA,6,Bryan Cook,2026-10-02,CIN
/nfl/rankings/db.php,weekly-db,wp,Lathan Ransom,24724,DB,CAR,81.44,25.98,68,150,NA,lathan-ransom.php,NA,NA,1,NA,NA,NA,NA,NA,5,Lathan Ransom,2026-10-02,CAR
/nfl/rankings/db.php,weekly-db,wp,Kendal Daniels,28290,DB,ATL,83.11,20.33,67,127,NA,kendal-daniels.php,NA,NA,1.4,NA,NA,NA,NA,NA,11,Kendal Daniels,2026-10-02,ATL
/nfl/rankings/db.php,weekly-db,wp,Jourdan Lewis,16632,DB,JAC,87.67,35.4,65,153,NA,jourdan-lewis.php,NA,NA,0.8,NA,NA,NA,NA,NA,7,Jourdan Lewis,2026-10-02,JAC
/nfl/rankings/db.php,weekly-db,wp,Isaiah Pola-Mao,23939,DB,LV,79.38,11.93,70,110,NA,isaiah-pola-mao.php,NA,NA,8.3,NA,NA,NA,NA,NA,13,Isaiah Pola-Mao,2026-10-02,LVR
/nfl/rankings/db.php,weekly-db,wp,Cam Lewis,18724,DB,CHI,81.75,16.69,68,125,NA,cam-lewis.php,NA,NA,2.6,NA,NA,NA,NA,NA,10,Cam Lewis,2026-10-02,CHI
/nfl/rankings/db.php,weekly-db,wp,Mike Sainristil,26126,DB,WAS,92.78,28.09,74,168,NA,mike-sainristil.php,NA,NA,2.9,NA,NA,NA,NA,NA,7,Mike Sainristil,2026-10-02,WAS
/nfl/rankings/db.php,weekly-db,wp,Quan Martin,25461,DB,WAS,93.78,24.66,75,154,NA,jartavius-martin.php,NA,NA,1.7,NA,NA,NA,NA,NA,7,Jartavius Martin,2026-10-02,WAS
/nfl/rankings/db.php,weekly-db,wp,Chamarri Conner,25509,DB,KC,89.5,39.31,62,185,NA,chamarri-conner.php,NA,NA,23.8,NA,NA,NA,NA,NA,5,Chamarri Conner,2026-10-02,KCC
/nfl/rankings/db.php,weekly-db,wp,Justin Walley,27313,DB,IND,88.13,28.37,71,152,NA,justin-walley.php,NA,NA,0.6,NA,NA,NA,NA,NA,13,Justin Walley,2026-10-02,IND
/nfl/rankings/db.php,weekly-db,wp,Julian Love,18243,DB,SEA,46.6,38.1,5,99,NA,julian-love.php,NA,NA,23.1,NA,NA,NA,NA,NA,11,Julian Love,2026-10-02,SEA
/nfl/rankings/db.php,weekly-db,wp,Keionte Scott,28185,DB,TB,92.63,28.94,72,144,NA,keionte-scott.php,NA,NA,1.6,NA,NA,NA,NA,NA,10,Keionte Scott,2026-10-02,TBB
/nfl/rankings/db.php,weekly-db,wp,Jaylon Carlies,26465,LB,IND,76,34.43,33,120,NA,jaylon-carlies.php,NA,NA,0.9,NA,NA,NA,NA,NA,13,Jaylon Carlies,2026-10-02,IND
/nfl/rankings/db.php,weekly-db,wp,Marcus Harris,27536,DB,TEN,77.2,58.36,23,165,NA,marcus-harris-db.php,NA,NA,1.2,NA,NA,NA,NA,NA,9,Marcus Harris,2026-10-02,TEN
/nfl/rankings/db.php,weekly-db,wp,Amik Robertson,19364,DB,WAS,57,25.27,29,98,NA,amik-robertson.php,NA,NA,4,NA,NA,NA,NA,NA,7,Amik Robertson,2026-10-02,WAS
/nfl/rankings/db.php,weekly-db,wp,Upton Stout,27246,DB,SF,98,19.58,81,127,NA,upton-stout.php,NA,NA,1.2,NA,NA,NA,NA,NA,8,Upton Stout,2026-10-02,SFO
/nfl/rankings/db.php,weekly-db,wp,Renardo Green,26451,DB,SF,69.25,26.95,33,105,NA,renardo-green.php,NA,NA,1.2,NA,NA,NA,NA,NA,8,Renardo Green,2026-10-02,SFO
/nfl/rankings/db.php,weekly-db,wp,Tyrique Stevenson Sr.,25263,DB,CHI,91.2,27.94,76,147,NA,tyrique-stevenson.php,NA,NA,3.8,NA,NA,NA,NA,NA,10,Tyrique Stevenson,2026-10-02,CHI
/nfl/rankings/db.php,weekly-db,wp,D.J. Reed Jr.,17375,DB,DET,41,9.42,28,50,NA,dj-reed.php,NA,NA,3.8,NA,NA,NA,NA,NA,6,DJ Reed,2026-10-02,DET
/nfl/rankings/db.php,weekly-db,wp,Rayshawn Jenkins,16616,DB,PIT,79.75,29.45,46,126,NA,rayshawn-jenkins.php,NA,NA,0.7,NA,NA,NA,NA,NA,9,Rayshawn Jenkins,2026-10-02,PIT
/nfl/rankings/db.php,weekly-db,wp,Jalen Thompson,19108,DB,DAL,51.67,15.41,31,68,NA,jalen-thompson.php,NA,NA,7.5,NA,NA,NA,NA,-20,14,Jalen Thompson,2026-10-02,DAL
/nfl/rankings/db.php,weekly-db,wp,Charles Woods,26192,DB,NE,81,7.52,68,86,NA,charles-woods.php,NA,NA,0.7,NA,NA,NA,NA,NA,11,Charles Woods,2026-10-02,NEP
/nfl/rankings/db.php,weekly-db,wp,Jason Pinnock,23289,DB,NYG,101.8,41.21,78,184,NA,jason-pinnock.php,NA,NA,0.7,NA,NA,NA,NA,-10,8,Jason Pinnock,2026-10-02,NYG
/nfl/rankings/db.php,weekly-db,wp,C.J. Henderson,19218,DB,ATL,81.5,27.59,37,106,NA,cj-henderson.php,NA,NA,1.3,NA,NA,NA,NA,NA,11,CJ Henderson,2026-10-02,ATL
/nfl/rankings/db.php,weekly-db,wp,Quinyon Mitchell,26106,DB,PHI,85,26.78,42,112,NA,quinyon-mitchell.php,NA,NA,2,NA,NA,NA,NA,NA,10,Quinyon Mitchell,2026-10-02,PHI
/nfl/rankings/db.php,weekly-db,wp,Christian Gonzalez,25238,DB,NE,59,8.6,49,70,NA,christian-gonzalez.php,NA,NA,15,NA,NA,NA,NA,NA,11,Christian Gonzalez,2026-10-02,NEP
/nfl/rankings/db.php,weekly-db,wp,Javon Bullard,26121,DB,GB,89.25,38.7,34,128,NA,javon-bullard.php,NA,NA,1.3,NA,NA,NA,NA,NA,11,Javon Bullard,2026-10-02,GBP
/nfl/rankings/db.php,weekly-db,wp,Carlton Davis III,17318,DB,NE,64.33,23.92,31,86,NA,carlton-davis.php,NA,NA,1.7,NA,NA,NA,NA,NA,11,Carlton Davis,2026-10-02,NEP
/nfl/rankings/db.php,weekly-db,wp,Alohi Gilman,19379,DB,KC,65,18.38,52,91,NA,alohi-gilman.php,NA,NA,4,NA,NA,NA,NA,NA,5,Alohi Gilman,2026-10-02,KCC
/nfl/rankings/db.php,weekly-db,wp,Chris Johnson,28065,DB,MIA,94.75,54.53,43,183,NA,chris-johnson-cb-2.php,NA,NA,3.5,NA,NA,NA,NA,-25,6,Chris Johnson,2026-10-02,MIA
/nfl/rankings/db.php,weekly-db,wp,Hunter Wohler,27240,DB,IND,110.2,43.19,71,164,NA,hunter-wohler.php,NA,NA,0.7,NA,NA,NA,NA,-15,13,Hunter Wohler,2026-10-02,IND
/nfl/rankings/db.php,weekly-db,wp,Taron Johnson,17431,DB,LV,75.33,13.6,62,94,NA,taron-johnson.php,NA,NA,2.3,NA,NA,NA,NA,NA,13,Taron Johnson,2026-10-02,LVR
/nfl/rankings/db.php,weekly-db,wp,Jamel Dean,18583,DB,PIT,75.33,3.68,71,80,NA,jamel-dean.php,NA,NA,1.9,NA,NA,NA,NA,NA,9,Jamel Dean,2026-10-02,PIT
/nfl/rankings/db.php,weekly-db,wp,Genesis Smith,28194,DB,LAC,99,63.55,13,163,NA,genesis-smith.php,NA,NA,2,NA,NA,NA,NA,NA,7,Genesis Smith,2026-10-02,LAC
/nfl/rankings/db.php,weekly-db,wp,Andrew Mukuba,27081,DB,PHI,77.67,20.68,55,105,NA,andrew-mukuba.php,NA,NA,5.4,NA,NA,NA,NA,NA,10,Andrew Mukuba,2026-10-02,PHI
/nfl/rankings/db.php,weekly-db,wp,Josh Jobe,22720,DB,SEA,78.33,3.77,73,81,NA,josh-jobe.php,NA,NA,1.6,NA,NA,NA,NA,NA,11,Josh Jobe,2026-10-02,SEA
/nfl/rankings/db.php,weekly-db,wp,Julian Blackmon,19394,DB,NO,80.67,24.69,58,115,NA,julian-blackmon.php,NA,NA,0.9,NA,NA,NA,NA,NA,8,Julian Blackmon,2026-10-02,NOS
/nfl/rankings/db.php,weekly-db,wp,Nate Wiggins,26100,DB,BAL,81.33,7.85,71,90,NA,nate-wiggins.php,NA,NA,7.3,NA,NA,NA,NA,NA,13,Nate Wiggins,2026-10-02,BAL
/nfl/rankings/db.php,weekly-db,wp,Jaylinn Hawkins,19769,DB,BAL,83.67,16.86,60,98,NA,jaylinn-hawkins.php,NA,NA,0.7,NA,NA,NA,NA,NA,13,Jaylinn Hawkins,2026-10-02,BAL
/nfl/rankings/db.php,weekly-db,wp,Eric Murray,15653,DB,JAC,85.67,9.39,74,97,NA,eric-murray.php,NA,NA,1,NA,NA,NA,NA,NA,7,Eric Murray,2026-10-02,JAC
/nfl/rankings/db.php,weekly-db,wp,Calen Bullock,26111,DB,HOU,87.67,46.45,23,130,NA,calen-bullock.php,NA,NA,1.6,NA,NA,NA,NA,NA,8,Calen Bullock,2026-10-02,HOU
/nfl/rankings/db.php,weekly-db,wp,Derek Stingley Jr.,23498,DB,HOU,90.33,8.22,81,101,NA,derek-stingley-jr.php,NA,NA,3.8,NA,NA,NA,NA,NA,8,Derek Stingley,2026-10-02,HOU
/nfl/rankings/db.php,weekly-db,wp,Marcus Jones,23890,DB,NE,91.33,18.01,67,110,NA,marcus-jones.php,NA,NA,23.5,NA,NA,NA,NA,NA,11,Marcus Jones,2026-10-02,NEP
/nfl/rankings/db.php,weekly-db,wp,Denzel Ward,17314,DB,CLE,93.67,14.52,78,113,NA,denzel-ward.php,NA,NA,1.1,NA,NA,NA,NA,NA,11,Denzel Ward,2026-10-02,CLE
/nfl/rankings/db.php,weekly-db,wp,Jacob Parrish,27257,DB,TB,57.5,31.5,26,89,NA,jacob-parrish.php,NA,NA,1,NA,NA,NA,NA,NA,10,Jacob Parrish,2026-10-02,TBB
/nfl/rankings/db.php,weekly-db,wp,Pat Surtain II,23609,DB,DEN,95.33,9.57,82,104,NA,patrick-surtain-ii.php,NA,NA,8.2,NA,NA,NA,NA,NA,10,Patrick Surtain,2026-10-02,DEN
/nfl/rankings/db.php,weekly-db,wp,Sauce Gardner,23472,DB,IND,98,15.9,83,120,NA,ahmad-gardner.php,NA,NA,2.5,NA,NA,NA,NA,NA,13,Ahmad Gardner,2026-10-02,IND
/nfl/rankings/db.php,weekly-db,wp,Roger McCreary,23713,DB,DET,67.5,20.5,47,88,NA,roger-mccreary.php,NA,NA,1.3,NA,NA,NA,NA,NA,6,Roger McCreary,2026-10-02,DET
/nfl/rankings/db.php,weekly-db,wp,Nohl Williams,27214,DB,KC,67.5,6.5,61,74,NA,nohl-williams.php,NA,NA,1.8,NA,NA,NA,NA,NA,5,Nohl Williams,2026-10-02,KCC
/nfl/rankings/db.php,weekly-db,wp,Mike Hughes,17335,DB,ATL,69,10,59,79,NA,mike-hughes.php,NA,NA,0.8,NA,NA,NA,NA,NA,11,Mike Hughes,2026-10-02,ATL
/nfl/rankings/db.php,weekly-db,wp,Azareye'h Thomas,27085,DB,NYJ,71.5,16.5,55,88,NA,azareyeh-thomas.php,NA,NA,1.3,NA,NA,NA,NA,NA,13,Azareyeh Thomas,2026-10-02,NYJ
/nfl/rankings/db.php,weekly-db,wp,Riq Woolen,23881,DB,PHI,104.67,13.27,87,119,NA,tariq-woolen.php,NA,NA,1.1,NA,NA,NA,NA,NA,10,Tariq Woolen,2026-10-02,PHI
/nfl/rankings/db.php,weekly-db,wp,Christian Benford,24565,DB,BUF,105.33,4.19,101,111,NA,christian-benford.php,NA,NA,1.3,NA,NA,NA,NA,NA,7,Christian Benford,2026-10-02,BUF
/nfl/rankings/db.php,weekly-db,wp,Kyle Dugger,19337,DB,CIN,74.5,40.5,34,115,NA,kyle-dugger.php,NA,NA,0.7,NA,NA,NA,NA,NA,6,Kyle Dugger,2026-10-02,CIN
/nfl/rankings/db.php,weekly-db,wp,Isaiah Rodgers Sr.,19821,DB,MIN,75,4,71,79,NA,isaiah-rodgers.php,NA,NA,1.2,NA,NA,NA,NA,NA,6,Isaiah Rodgers,2026-10-02,MIN
/nfl/rankings/db.php,weekly-db,wp,Kool-Aid McKinstry,26098,DB,NO,76,9,67,85,NA,kool-aid-mckinstry.php,NA,NA,8.6,NA,NA,NA,NA,NA,8,Kool-Aid McKinstry,2026-10-02,NOS
/nfl/rankings/db.php,weekly-db,wp,Deommodore Lenoir,19282,DB,SF,76,4,72,80,NA,deommodore-lenoir.php,NA,NA,1.7,NA,NA,NA,NA,NA,8,Deommodore Lenoir,2026-10-02,SFO
/nfl/rankings/db.php,weekly-db,wp,Jaylen Watson,24291,DB,LAR,77.5,0.5,77,78,NA,jaylen-watson.php,NA,NA,1.5,NA,NA,NA,NA,NA,11,Jaylen Watson,2026-10-02,LAR
/nfl/rankings/db.php,weekly-db,wp,Myles Harden,26347,DB,CLE,125,31.46,83,161,NA,myles-harden.php,NA,NA,0.7,NA,NA,NA,NA,NA,11,Myles Harden,2026-10-02,CLE
/nfl/rankings/db.php,weekly-db,wp,Treydan Stukes,28201,DB,LV,82.5,46.5,36,129,NA,treydan-stukes.php,NA,NA,2.1,NA,NA,NA,NA,NA,13,Treydan Stukes,2026-10-02,LVR
/nfl/rankings/db.php,weekly-db,wp,Ja'Quan McMillian,24819,DB,DEN,112,26.19,75,132,NA,jaquan-mcmillian.php,NA,NA,1.1,NA,NA,NA,NA,NA,10,JaQuan McMillian,2026-10-02,DEN
/nfl/rankings/db.php,weekly-db,wp,Cam Hart,26233,DB,LAC,113.67,12.39,100,130,NA,cam-hart.php,NA,NA,0.8,NA,NA,NA,NA,NA,7,Cam Hart,2026-10-02,LAC
/nfl/rankings/db.php,weekly-db,wp,Denzel Burke,26107,DB,ARI,87,3,84,90,NA,denzel-burke.php,NA,NA,0.6,NA,NA,NA,NA,NA,14,Denzel Burke,2026-10-02,ARI
/nfl/rankings/db.php,weekly-db,wp,Brandon Stephens,14469,DB,NYJ,91.5,17.5,74,109,NA,brandon-stephens.php,NA,NA,1.2,NA,NA,NA,NA,NA,13,Brandon Stephens,2026-10-02,NYJ
/nfl/rankings/db.php,weekly-db,wp,Jason Marshall Jr.,26151,DB,MIA,92,3,89,95,NA,jason-marshall-jr.php,NA,NA,0.7,NA,NA,NA,NA,NA,6,Jason Marshall,2026-10-02,MIA
/nfl/rankings/db.php,weekly-db,wp,Tyson Campbell,22706,DB,CLE,92.5,15.5,77,108,NA,tyson-campbell.php,NA,NA,6,NA,NA,NA,NA,NA,11,Tyson Campbell,2026-10-02,CLE
/nfl/rankings/db.php,weekly-db,wp,Will Lee III,28468,DB,CAR,94,29,65,123,NA,will-lee.php,NA,NA,1,NA,NA,NA,NA,NA,5,Will Lee,2026-10-02,CAR
/nfl/rankings/db.php,weekly-db,wp,Eric Stokes,22708,DB,LV,119.33,11.47,106,134,NA,eric-stokes.php,NA,NA,0.7,NA,NA,NA,NA,NA,13,Eric Stokes,2026-10-02,LVR
/nfl/rankings/db.php,weekly-db,wp,Max Melton,25366,DB,ARI,100.5,43.5,57,144,NA,max-melton.php,NA,NA,0.6,NA,NA,NA,NA,NA,14,Max Melton,2026-10-02,ARI
/nfl/rankings/db.php,weekly-db,wp,Greg Newsome II,23238,DB,NYG,104,8,96,112,NA,greg-newsome-db.php,NA,NA,0.6,NA,NA,NA,NA,NA,8,Greg Newsome,2026-10-02,NYG
/nfl/rankings/db.php,weekly-db,wp,Tarheeb Still,26467,DB,LAC,105.5,2.5,103,108,NA,tarheeb-still.php,NA,NA,1.3,NA,NA,NA,NA,NA,7,Tarheeb Still,2026-10-02,LAC
/nfl/rankings/db.php,weekly-db,wp,DJ Turner II,25262,DB,CIN,108.5,16.5,92,125,NA,dj-turner-cb.php,NA,NA,1,NA,NA,NA,NA,NA,6,DJ Turner,2026-10-02,CIN
/nfl/rankings/db.php,weekly-db,wp,Marcus Epps,18575,DB,PHI,129,35.51,79,158,NA,marcus-epps.php,NA,NA,2.9,NA,NA,NA,NA,NA,10,Marcus Epps,2026-10-02,PHI
/nfl/rankings/db.php,weekly-db,wp,Cor'Dale Flott,24541,DB,TEN,110.5,8.5,102,119,NA,cordale-flott.php,NA,NA,1,NA,NA,NA,NA,NA,9,CorDale Flott,2026-10-02,TEN
/nfl/rankings/db.php,weekly-db,wp,Harrison Smith,11260,DB,MIN,131,54.49,54,172,NA,harrison-smith.php,NA,NA,1,NA,NA,NA,NA,NA,6,Harrison Smith,2026-10-02,MIN
/nfl/rankings/db.php,weekly-db,wp,Akayleb Evans,23744,DB,CAR,111,26,85,137,NA,akayleb-evans.php,NA,NA,1.2,NA,NA,NA,NA,NA,5,Akayleb Evans,2026-10-02,CAR
/nfl/rankings/db.php,weekly-db,wp,Montaric Brown,23932,DB,JAC,113,13,100,126,NA,montaric-brown.php,NA,NA,1.2,NA,NA,NA,NA,NA,7,Montaric Brown,2026-10-02,JAC
/nfl/rankings/db.php,weekly-db,wp,Charvarius Ward,17763,DB,IND,113,9,104,122,NA,charvarius-ward.php,NA,NA,0.8,NA,NA,NA,NA,NA,13,Charvarius Ward,2026-10-02,IND
/nfl/rankings/db.php,weekly-db,wp,James Pierre,19659,DB,MIN,116,51,65,167,NA,james-pierre.php,NA,NA,0.6,NA,NA,NA,NA,NA,6,James Pierre,2026-10-02,MIN
/nfl/rankings/db.php,weekly-db,wp,Jaylon Johnson,19254,DB,CHI,118.5,2.5,116,121,NA,jaylon-johnson.php,NA,NA,1.8,NA,NA,NA,NA,NA,10,Jaylon Johnson,2026-10-02,CHI
/nfl/rankings/db.php,weekly-db,wp,Brandon Cisse,28075,DB,GB,119.5,4.5,115,124,NA,brandon-cisse.php,NA,NA,3,NA,NA,NA,NA,NA,11,Brandon Cisse,2026-10-02,GBP
/nfl/rankings/db.php,weekly-db,wp,Rock Ya-Sin,18524,DB,DET,121.5,34.5,87,156,NA,rock-ya-sin.php,NA,NA,0.9,NA,NA,NA,NA,NA,6,Rock Ya-Sin,2026-10-02,DET
/nfl/rankings/db.php,weekly-db,wp,Jarvis Brownlee Jr.,26450,DB,NYJ,124,19,105,143,NA,jarvis-brownlee.php,NA,NA,0.6,NA,NA,NA,NA,NA,13,Jarvis Brownlee,2026-10-02,NYJ
/nfl/rankings/db.php,weekly-db,wp,Quincy Riley,27061,DB,NO,126,13,113,139,NA,quincy-riley.php,NA,NA,0.6,NA,NA,NA,NA,NA,8,Quincy Riley,2026-10-02,NOS
/nfl/rankings/db.php,weekly-db,wp,Colton Hood,28051,DB,NYG,131.5,25.5,106,157,NA,colton-hood.php,NA,NA,1.5,NA,NA,NA,NA,NA,8,Colton Hood,2026-10-02,NYG
/nfl/rankings/db.php,weekly-db,wp,Dee Alford,23703,DB,BUF,131.5,10.5,121,142,NA,dee-alford.php,NA,NA,1.1,NA,NA,NA,NA,NA,7,Dee Alford,2026-10-02,BUF
/nfl/rankings/db.php,weekly-db,wp,Jarrian Jones,26334,DB,JAC,135.5,13.5,122,149,NA,jarrian-jones.php,NA,NA,0.9,NA,NA,NA,NA,NA,7,Jarrian Jones,2026-10-02,JAC
/nfl/rankings/db.php,weekly-db,wp,Maxwell Hairston,27070,DB,BUF,135.5,4.5,131,140,NA,maxwell-hairston.php,NA,NA,0.9,NA,NA,NA,NA,NA,7,Maxwell Hairston,2026-10-02,BUF
/nfl/rankings/db.php,weekly-db,wp,Rasul Douglas,16640,DB,WAS,140.5,5.5,135,146,NA,rasul-douglas.php,NA,NA,1.6,NA,NA,NA,NA,NA,7,Rasul Douglas,2026-10-02,WAS
/nfl/rankings/db.php,weekly-db,wp,Asante Samuel Jr.,23240,DB,PIT,141,4,137,145,NA,asante-samuel-jr.php,NA,NA,0.8,NA,NA,NA,NA,NA,9,Asante Samuel,2026-10-02,PIT
/nfl/rankings/db.php,weekly-db,wp,Xavier Woods,16637,DB,CHI,143,5,138,148,NA,xavier-woods.php,NA,NA,0.7,NA,NA,NA,NA,NA,10,Xavier Woods,2026-10-02,CHI
/nfl/rankings/db.php,weekly-db,wp,JuJu Brents,25285,DB,MIA,145.5,9.5,136,155,NA,julius-brents.php,NA,NA,0.7,NA,NA,NA,NA,NA,6,Julius Brents,2026-10-02,MIA
/nfl/rankings/db.php,weekly-db,wp,Tony Jefferson II,11769,DB,LAC,146.5,12.5,134,159,NA,tony-jefferson.php,NA,NA,0.7,NA,NA,NA,NA,NA,7,Tony Jefferson,2026-10-02,LAC
/nfl/rankings/db.php,weekly-db,wp,Nick Scott,18476,DB,CAR,147,12,135,159,NA,nick-scott.php,NA,NA,3.3,NA,NA,NA,NA,NA,5,Nick Scott,2026-10-02,CAR
/nfl/rankings/db.php,weekly-db,wp,Tacario Davis,27037,DB,CIN,147,8,139,155,NA,tacario-davis.php,NA,NA,0.9,NA,NA,NA,NA,NA,6,Tacario Davis,2026-10-02,CIN
/nfl/rankings/db.php,weekly-db,wp,Darien Porter,27195,DB,LV,149,17,132,166,NA,darien-porter.php,NA,NA,0.7,NA,NA,NA,NA,NA,13,Darien Porter,2026-10-02,LVR
/nfl/rankings/db.php,weekly-db,wp,Theo Jackson,24001,DB,MIN,153.5,2.5,151,156,NA,theo-jackson.php,NA,NA,1.3,NA,NA,NA,NA,NA,6,Theo Jackson,2026-10-02,MIN
/nfl/rankings/db.php,weekly-db,wp,Josh Wallace,26373,DB,LAR,155,7,148,162,NA,josh-wallace.php,NA,NA,0.7,NA,NA,NA,NA,NA,11,Josh Wallace,2026-10-02,LAR
/nfl/rankings/db.php,weekly-db,wp,Garrett Williams,23855,DB,ARI,162.5,1.5,161,164,NA,garrett-williams.php,NA,NA,1,NA,NA,NA,NA,NA,14,Garrett Williams,2026-10-02,ARI
/nfl/rankings/db.php,weekly-db,wp,Donte Jackson,17507,DB,LAC,164,6,158,170,NA,donte-jackson.php,NA,NA,0.6,NA,NA,NA,NA,NA,7,Donte Jackson,2026-10-02,LAC
/nfl/rankings/db.php,weekly-db,wp,Jaylen Reed,27481,DB,NE,173.5,8.5,165,182,NA,jaylen-reed.php,NA,NA,0.6,NA,NA,NA,NA,NA,11,Jaylen Reed,2026-10-02,NEP
/nfl/rankings/dl.php,weekly-dl,wp,Will Anderson Jr.,24717,DL,HOU,1.79,1.04,1,4,NA,will-anderson.php,NA,NA,65.2,NA,NA,NA,NA,2,8,Will Anderson,2026-10-02,HOU
/nfl/rankings/dl.php,weekly-dl,wp,Aidan Hutchinson,22738,DL,DET,2.83,1.49,1,6,NA,aidan-hutchinson.php,NA,NA,70.6,NA,NA,NA,NA,-1,6,Aidan Hutchinson,2026-10-02,DET
/nfl/rankings/dl.php,weekly-dl,wp,Maxx Crosby,18702,DL,LV,3.63,1.95,2,11,NA,maxx-crosby.php,NA,NA,70.2,NA,NA,NA,NA,-1,13,Maxx Crosby,2026-10-02,LVR
/nfl/rankings/dl.php,weekly-dl,wp,Dallas Turner,26097,DL,MIN,5.54,3.58,2,19,NA,dallas-turner.php,NA,NA,38.8,NA,NA,NA,NA,1,6,Dallas Turner,2026-10-02,MIN
/nfl/rankings/dl.php,weekly-dl,wp,Jeffery Simmons,18207,DL,TEN,6.63,2.53,3,13,NA,jeffery-simmons.php,NA,NA,53.4,NA,NA,NA,NA,2,9,Jeffery Simmons,2026-10-02,TEN
/nfl/rankings/dl.php,weekly-dl,wp,Greg Rousseau,19787,DL,BUF,7.04,3.43,2,16,NA,gregory-rousseau.php,NA,NA,61.7,NA,NA,NA,NA,8,7,Gregory Rousseau,2026-10-02,BUF
/nfl/rankings/dl.php,weekly-dl,wp,Andrew Van Ginkel,18573,LB,MIN,8.25,4.05,4,21,NA,andrew-van-ginkel.php,NA,NA,51.6,NA,NA,NA,NA,-2,6,Andrew Van Ginkel,2026-10-02,MIN
/nfl/rankings/dl.php,weekly-dl,wp,Arvell Reese,28053,LB,NYG,8.33,5.94,1,26,NA,arvell-reese.php,NA,NA,26.6,NA,NA,NA,NA,-5,8,Arvell Reese,2026-10-02,NYG
/nfl/rankings/dl.php,weekly-dl,wp,T.J. Watt,16469,LB,PIT,8.42,3.84,3,20,NA,tj-watt.php,NA,NA,67.2,NA,NA,NA,NA,NA,9,TJ Watt,2026-10-02,PIT
/nfl/rankings/dl.php,weekly-dl,wp,Danielle Hunter,14036,DL,HOU,11,2.1,7,16,NA,danielle-hunter.php,NA,NA,39.7,NA,NA,NA,NA,NA,8,Danielle Hunter,2026-10-02,HOU
/nfl/rankings/dl.php,weekly-dl,wp,Abdul Carter,27022,DL,NYG,13,5.48,8,32,NA,abdul-carter.php,NA,NA,21.4,NA,NA,NA,NA,-2,8,Abdul Carter,2026-10-02,NYG
/nfl/rankings/dl.php,weekly-dl,wp,Josh Hines-Allen,18201,DL,JAC,14,3.03,10,21,NA,josh-allen-olb.php,NA,NA,24.4,NA,NA,NA,NA,NA,7,Josh Hines-Allen,2026-10-02,JAC
/nfl/rankings/dl.php,weekly-dl,wp,Tuli Tuipulotu,25364,DL,LAC,14.29,2.28,11,21,NA,tuli-tuipulotu.php,NA,NA,31.2,NA,NA,NA,NA,2,7,Tuli Tuipulotu,2026-10-02,LAC
/nfl/rankings/dl.php,weekly-dl,wp,Alex Highsmith,19316,LB,PIT,15.54,3.4,9,24,NA,alex-highsmith.php,NA,NA,21.4,NA,NA,NA,NA,2,9,Alex Highsmith,2026-10-02,PIT
/nfl/rankings/dl.php,weekly-dl,wp,DeForest Buckner,15494,DL,IND,16.42,5.55,7,31,NA,deforest-buckner.php,NA,NA,15.9,NA,NA,NA,NA,-5,13,DeForest Buckner,2026-10-02,IND
/nfl/rankings/dl.php,weekly-dl,wp,Leonard Williams,13892,DL,SEA,18.71,2.88,10,23,NA,leonard-williams.php,NA,NA,18,NA,NA,NA,NA,3,11,Leonard Williams,2026-10-02,SEA
/nfl/rankings/dl.php,weekly-dl,wp,Jaelan Phillips,22734,DL,CAR,18.92,6.38,12,35,NA,jaelan-phillips.php,NA,NA,6.2,NA,NA,NA,NA,NA,5,Jaelan Phillips,2026-10-02,CAR
/nfl/rankings/dl.php,weekly-dl,wp,Nik Bonitto,23763,DL,DEN,19.67,5.29,9,34,NA,nik-bonitto.php,NA,NA,34.2,NA,NA,NA,NA,NA,10,Nik Bonitto,2026-10-02,DEN
/nfl/rankings/dl.php,weekly-dl,wp,Byron Young,25449,DL,LAR,20.21,7.19,8,37,NA,byron-young-edge.php,NA,NA,28.3,NA,NA,NA,NA,NA,11,Byron Young,2026-10-02,LAR
/nfl/rankings/dl.php,weekly-dl,wp,Laiatu Latu,26096,DL,IND,21.63,4.56,13,36,NA,laiatu-latu.php,NA,NA,11.2,NA,NA,NA,NA,-4,13,Laiatu Latu,2026-10-02,IND
/nfl/rankings/dl.php,weekly-dl,wp,Chase Young,19195,DL,NO,22,4.06,11,31,NA,chase-young.php,NA,NA,12.3,NA,NA,NA,NA,3,8,Chase Young,2026-10-02,NOS
/nfl/rankings/dl.php,weekly-dl,wp,George Karlaftis III,23501,DL,KC,22.67,3.5,16,31,NA,george-karlaftis-iii.php,NA,NA,6.2,NA,NA,NA,NA,NA,5,George Karlaftis,2026-10-02,KCC
/nfl/rankings/dl.php,weekly-dl,wp,Lukas Van Ness,25291,DL,GB,23.08,5.28,9,35,NA,lukas-van-ness.php,NA,NA,12,NA,NA,NA,NA,NA,11,Lukas Van Ness,2026-10-02,GBP
/nfl/rankings/dl.php,weekly-dl,wp,David Bailey,27191,DL,NYJ,24.29,4.88,11,36,NA,david-bailey-edge.php,NA,NA,19.3,NA,NA,NA,NA,3,13,David Bailey,2026-10-02,NYJ
/nfl/rankings/dl.php,weekly-dl,wp,Trey Hendrickson,16719,DL,BAL,25.21,6.5,13,41,NA,trey-hendrickson.php,NA,NA,26.2,NA,NA,NA,NA,-4,13,Trey Hendrickson,2026-10-02,BAL
/nfl/rankings/dl.php,weekly-dl,wp,Montez Sweat,18213,DL,CHI,25.54,3.34,17,33,NA,montez-sweat.php,NA,NA,12.2,NA,NA,NA,NA,NA,10,Montez Sweat,2026-10-02,CHI
/nfl/rankings/dl.php,weekly-dl,wp,Jared Verse,25234,DL,CLE,28.54,5.08,20,40,NA,jared-verse.php,NA,NA,26.4,NA,NA,NA,NA,NA,11,Jared Verse,2026-10-02,CLE
/nfl/rankings/dl.php,weekly-dl,wp,Bradley Chubb,17277,LB,BUF,29.21,7.74,10,47,NA,bradley-chubb.php,NA,NA,7.2,NA,NA,NA,NA,5,7,Bradley Chubb,2026-10-02,BUF
/nfl/rankings/dl.php,weekly-dl,wp,Jaishawn Barham,28200,LB,DAL,29.71,7.76,12,46,NA,jaishawn-barham.php,NA,NA,7.5,NA,NA,NA,NA,-3,14,Jaishawn Barham,2026-10-02,DAL
/nfl/rankings/dl.php,weekly-dl,wp,Derrick Brown,19205,DL,CAR,31.29,5,17,44,NA,derrick-brown.php,NA,NA,8.1,NA,NA,NA,NA,NA,5,Derrick Brown,2026-10-02,CAR
/nfl/rankings/dl.php,weekly-dl,wp,Mason Graham,27010,DL,CLE,31.75,11.4,12,63,NA,mason-graham.php,NA,NA,14.9,NA,NA,NA,NA,17,11,Mason Graham,2026-10-02,CLE
/nfl/rankings/dl.php,weekly-dl,wp,Travon Walker,23724,DL,JAC,32.13,4.64,25,48,NA,travon-walker.php,NA,NA,9.8,NA,NA,NA,NA,-3,7,Travon Walker,2026-10-02,JAC
/nfl/rankings/dl.php,weekly-dl,wp,Jalyx Hunt,26337,LB,PHI,34.42,6.14,23,47,NA,jalyx-hunt.php,NA,NA,4.1,NA,NA,NA,NA,NA,10,Jalyx Hunt,2026-10-02,PHI
/nfl/rankings/dl.php,weekly-dl,wp,Odafe Oweh,22714,DL,WAS,35,5.17,23,45,NA,odafe-oweh.php,NA,NA,6.1,NA,NA,NA,NA,NA,7,Odafe Oweh,2026-10-02,WAS
/nfl/rankings/dl.php,weekly-dl,wp,Zach Allen,18221,DL,DEN,35.79,6.3,20,50,NA,zach-allen.php,NA,NA,7,NA,NA,NA,NA,4,10,Zach Allen,2026-10-02,DEN
/nfl/rankings/dl.php,weekly-dl,wp,Cameron Heyward,9862,DL,PIT,37.67,5.3,31,50,NA,cameron-heyward.php,NA,NA,9.1,NA,NA,NA,NA,NA,9,Cameron Heyward,2026-10-02,PIT
/nfl/rankings/dl.php,weekly-dl,wp,Nick Herbig,25464,LB,PIT,37.79,4.65,30,47,NA,nick-herbig.php,NA,NA,5.8,NA,NA,NA,NA,-7,9,Nick Herbig,2026-10-02,PIT
/nfl/rankings/dl.php,weekly-dl,wp,Donovan Ezeiruaku,27033,DL,DAL,38.63,3.61,27,45,NA,donovan-ezeiruaku.php,NA,NA,12.1,NA,NA,NA,NA,NA,14,Donovan Ezeiruaku,2026-10-02,DAL
/nfl/rankings/dl.php,weekly-dl,wp,Quinnen Williams,18200,DL,DAL,39.21,3.58,31,50,NA,quinnen-williams.php,NA,NA,10.4,NA,NA,NA,NA,NA,14,Quinnen Williams,2026-10-02,DAL
/nfl/rankings/dl.php,weekly-dl,wp,Khalil Mack,12169,LB,LAC,40.5,4.3,33,50,NA,khalil-mack.php,NA,NA,4.7,NA,NA,NA,NA,NA,7,Khalil Mack,2026-10-02,LAC
/nfl/rankings/dl.php,weekly-dl,wp,Yaya Diaby,25264,DL,TB,41.67,7.16,30,68,NA,yaya-diaby.php,NA,NA,7,NA,NA,NA,NA,-4,10,YaYa Diaby,2026-10-02,TBB
/nfl/rankings/dl.php,weekly-dl,wp,Carl Granderson,18295,DL,NO,43.21,6.68,31,65,NA,carl-granderson.php,NA,NA,11.8,NA,NA,NA,NA,-7,8,Carl Granderson,2026-10-02,NOS
/nfl/rankings/dl.php,weekly-dl,wp,Rashan Gary,18209,LB,DAL,44.21,3.15,38,52,NA,rashan-gary.php,NA,NA,11.4,NA,NA,NA,NA,NA,14,Rashan Gary,2026-10-02,DAL
/nfl/rankings/dl.php,weekly-dl,wp,Jermaine Johnson II,23733,DL,TEN,47.83,3.65,42,54,NA,jermaine-johnson.php,NA,NA,1.8,NA,NA,NA,NA,NA,9,Jermaine Johnson,2026-10-02,TEN
/nfl/rankings/dl.php,weekly-dl,wp,Kobie Turner,25283,DL,LAR,50.17,6.69,34,65,NA,kobie-turner.php,NA,NA,6.7,NA,NA,NA,NA,NA,11,Kobie Turner,2026-10-02,LAR
/nfl/rankings/dl.php,weekly-dl,wp,Kwity Paye,22682,DL,LV,51.88,10.7,33,84,NA,kwity-paye.php,NA,NA,1.8,NA,NA,NA,NA,NA,13,Kwity Paye,2026-10-02,LVR
/nfl/rankings/dl.php,weekly-dl,wp,Jalen Carter,24703,DL,PHI,48.74,6.37,40,67,NA,jalen-carter.php,NA,NA,15.1,NA,NA,NA,NA,NA,10,Jalen Carter,2026-10-02,PHI
/nfl/rankings/dl.php,weekly-dl,wp,Nolan Smith Jr.,24711,DL,PHI,48.87,7.78,42,78,NA,nolan-smith.php,NA,NA,3.2,NA,NA,NA,NA,NA,10,Nolan Smith,2026-10-02,PHI
/nfl/rankings/dl.php,weekly-dl,wp,Jalen Redmond,25777,DL,MIN,44.59,7.98,35,66,NA,jalen-redmond.php,NA,NA,6.1,NA,NA,NA,NA,-6,6,Jalen Redmond,2026-10-02,MIN
/nfl/rankings/dl.php,weekly-dl,wp,Tavius Robinson,25478,DL,BAL,51.64,10.18,45,96,NA,tavius-robinson.php,NA,NA,1.2,NA,NA,NA,NA,NA,13,Tavius Robinson,2026-10-02,BAL
/nfl/rankings/dl.php,weekly-dl,wp,Dexter Lawrence II,18211,DL,CIN,50.6,10.58,29,71,NA,dexter-lawrence.php,NA,NA,7.1,NA,NA,NA,NA,9,6,Dexter Lawrence,2026-10-02,CIN
/nfl/rankings/dl.php,weekly-dl,wp,DeMarcus Lawrence,12217,DL,SEA,56.79,8.97,46,79,NA,demarcus-lawrence.php,NA,NA,8.6,NA,NA,NA,NA,16,11,DeMarcus Lawrence,2026-10-02,SEA
/nfl/rankings/dl.php,weekly-dl,wp,Ed Oliver,18202,DL,BUF,57.92,5.57,49,67,NA,ed-oliver.php,NA,NA,6.1,NA,NA,NA,NA,NA,7,Ed Oliver,2026-10-02,BUF
/nfl/rankings/dl.php,weekly-dl,wp,Chris Jones,15620,DL,KC,58,7.1,51,76,NA,chris-jones-dl.php,NA,NA,5.6,NA,NA,NA,NA,-7,5,Chris Jones,2026-10-02,KCC
/nfl/rankings/dl.php,weekly-dl,wp,Gabe Jacas,27959,LB,NE,60.15,16.82,25,86,NA,gabe-jacas.php,NA,NA,1.5,NA,NA,NA,NA,24,11,Gabe Jacas,2026-10-02,NEP
/nfl/rankings/dl.php,weekly-dl,wp,Zach Sieler,17548,DL,MIA,55.67,15.73,40,102,NA,zach-sieler.php,NA,NA,2.6,NA,NA,NA,NA,NA,6,Zach Sieler,2026-10-02,MIA
/nfl/rankings/dl.php,weekly-dl,wp,Aaron Donald,12205,DL,LAR,64,21.23,32,112,NA,aaron-donald.php,NA,NA,19.9,NA,NA,NA,NA,NA,11,Aaron Donald,2026-10-02,LAR
/nfl/rankings/dl.php,weekly-dl,wp,Jonah Elliss,26157,LB,DEN,62.27,9.4,55,82,NA,jonah-elliss.php,NA,NA,0.8,NA,NA,NA,NA,NA,10,Jonah Elliss,2026-10-02,DEN
/nfl/rankings/dl.php,weekly-dl,wp,Isaiah McGuire,25299,DL,CLE,62.45,12.96,52,101,NA,isaiah-mcguire.php,NA,NA,0.8,NA,NA,NA,NA,NA,11,Isaiah McGuire,2026-10-02,CLE
/nfl/rankings/dl.php,weekly-dl,wp,Jonathan Allen,16371,DL,CIN,64.55,22.3,19,108,NA,jonathan-allen.php,NA,NA,3.8,NA,NA,NA,NA,39,6,Jonathan Allen,2026-10-02,CIN
/nfl/rankings/dl.php,weekly-dl,wp,Boye Mafe,23736,DL,CIN,59,10.43,43,75,NA,boye-mafe.php,NA,NA,9.7,NA,NA,NA,NA,NA,6,Boye Mafe,2026-10-02,CIN
/nfl/rankings/dl.php,weekly-dl,wp,Byron Murphy II,26221,DL,SEA,69.91,15.38,56,107,NA,byron-murphy-ii.php,NA,NA,5,NA,NA,NA,NA,-10,11,Byron Murphy,2026-10-02,SEA
/nfl/rankings/dl.php,weekly-dl,wp,Tommy Togiai,22784,DL,HOU,52.33,6.62,40,61,NA,tommy-togiai.php,NA,NA,7,NA,NA,NA,NA,-6,8,Tommy Togiai,2026-10-02,HOU
/nfl/rankings/dl.php,weekly-dl,wp,Osa Odighizuwa,22816,DL,SF,69.3,6.42,60,85,NA,osa-odighizuwa.php,NA,NA,1.2,NA,NA,NA,NA,NA,8,Osa Odighizuwa,2026-10-02,SFO
/nfl/rankings/dl.php,weekly-dl,wp,Deone Walker,27014,DL,BUF,78.18,12.31,66,102,NA,deone-walker.php,NA,NA,2.7,NA,NA,NA,NA,13,7,Deone Walker,2026-10-02,BUF
/nfl/rankings/dl.php,weekly-dl,wp,Elijah Ponder,27734,DL,NE,54,18.59,30,91,NA,elijah-ponder-de.php,NA,NA,1.5,NA,NA,NA,NA,NA,11,Elijah Ponder,2026-10-02,NEP
/nfl/rankings/dl.php,weekly-dl,wp,Vita Vea,17322,DL,TB,76,14.33,64,115,NA,tevita-tuliakiono-tuipulotu-mosese-vahae-fehoko-faletau-vea.php,NA,NA,1.3,NA,NA,NA,NA,NA,10,Vita Vea,2026-10-02,TBB
/nfl/rankings/dl.php,weekly-dl,wp,Kayvon Thibodeaux,23484,DL,NYG,67.56,27.3,30,118,NA,kayvon-thibodeaux.php,NA,NA,8.9,NA,NA,NA,NA,-12,8,Kayvon Thibodeaux,2026-10-02,NYG
/nfl/rankings/dl.php,weekly-dl,wp,Austin Booker,26313,LB,CHI,69.11,9.01,61,91,NA,austin-booker.php,NA,NA,6.1,NA,NA,NA,NA,10,10,Austin Booker,2026-10-02,CHI
/nfl/rankings/dl.php,weekly-dl,wp,Alim McNeill,22765,DL,DET,79.7,12,66,111,NA,alim-mcneill.php,NA,NA,1,NA,NA,NA,NA,NA,6,Alim McNeill,2026-10-02,DET
/nfl/rankings/dl.php,weekly-dl,wp,Jordan Davis,22761,DL,PHI,81.8,15.87,65,116,NA,jordan-davis.php,NA,NA,5.4,NA,NA,NA,NA,NA,10,Jordan Davis,2026-10-02,PHI
/nfl/rankings/dl.php,weekly-dl,wp,Cameron Thomas,23737,DL,ATL,65,21.98,24,105,NA,cameron-thomas.php,NA,NA,0.7,NA,NA,NA,NA,19,11,Cameron Thomas,2026-10-02,ATL
/nfl/rankings/dl.php,weekly-dl,wp,Justin Eboigbe,23782,DL,LAC,73.13,21.15,53,117,NA,justin-eboigbe.php,NA,NA,0.7,NA,NA,NA,NA,NA,7,Justin Eboigbe,2026-10-02,LAC
/nfl/rankings/dl.php,weekly-dl,wp,Chop Robinson,26105,DL,MIA,73.63,12.62,51,97,NA,chop-robinson.php,NA,NA,3.1,NA,NA,NA,NA,-7,6,Chop Robinson,2026-10-02,MIA
/nfl/rankings/dl.php,weekly-dl,wp,Jonathan Greenard,19276,DL,PHI,74.88,24.35,45,122,NA,jonathan-greenard.php,NA,NA,10.4,NA,NA,NA,NA,-9,10,Jonathan Greenard,2026-10-02,PHI
/nfl/rankings/dl.php,weekly-dl,wp,Josh Sweat,17363,DL,ARI,76.63,17.44,57,110,NA,josh-sweat.php,NA,NA,2.9,NA,NA,NA,NA,NA,14,Josh Sweat,2026-10-02,ARI
/nfl/rankings/dl.php,weekly-dl,wp,Jowon Briggs,26485,DL,NYJ,66.29,8.24,56,79,NA,jowon-briggs.php,NA,NA,0.8,NA,NA,NA,NA,NA,13,Jowon Briggs,2026-10-02,NYJ
/nfl/rankings/dl.php,weekly-dl,wp,Milton Williams,23209,DL,NE,73.43,8.16,66,91,NA,milton-williams.php,NA,NA,3.3,NA,NA,NA,NA,NA,11,Milton Williams,2026-10-02,NEP
/nfl/rankings/dl.php,weekly-dl,wp,Brandon Dorlus,26184,DL,ATL,73.86,13.04,57,98,NA,brandon-dorlus.php,NA,NA,0.6,NA,NA,NA,NA,9,11,Brandon Dorlus,2026-10-02,ATL
/nfl/rankings/dl.php,weekly-dl,wp,Chauncey Golston,23244,DL,NYG,74,6.12,65,84,NA,chauncey-golston.php,NA,NA,0.7,NA,NA,NA,NA,NA,8,Chauncey Golston,2026-10-02,NYG
/nfl/rankings/dl.php,weekly-dl,wp,Myles Murphy,24709,DL,CIN,86.5,11.92,76,110,NA,myles-murphy.php,NA,NA,1.5,NA,NA,NA,NA,11,6,Myles Murphy,2026-10-02,CIN
/nfl/rankings/dl.php,weekly-dl,wp,Arden Key,17279,DL,IND,82.14,14.94,64,104,NA,arden-key.php,NA,NA,0.8,NA,NA,NA,NA,NA,13,Arden Key,2026-10-02,IND
/nfl/rankings/dl.php,weekly-dl,wp,Sheldon Rankins,15596,DL,HOU,84.57,13.65,72,114,NA,sheldon-rankins.php,NA,NA,1.1,NA,NA,NA,NA,NA,8,Sheldon Rankins,2026-10-02,HOU
/nfl/rankings/dl.php,weekly-dl,wp,K'Lavon Chaisson,19228,DL,WAS,84.71,10.81,70,99,NA,klavon-chaisson.php,NA,NA,1.6,NA,NA,NA,NA,NA,7,KLavon Chaisson,2026-10-02,WAS
/nfl/rankings/dl.php,weekly-dl,wp,Princely Umanmielen,26130,DL,CAR,87,26.54,60,130,NA,princely-umanmielen.php,NA,NA,0.7,NA,NA,NA,NA,-24,5,Princely Umanmielen,2026-10-02,CAR
/nfl/rankings/dl.php,weekly-dl,wp,Will McDonald IV,25254,DL,NYJ,90.86,40.55,56,182,NA,will-mcdonald-iv.php,NA,NA,2.6,NA,NA,NA,NA,-21,13,Will McDonald,2026-10-02,NYJ
/nfl/rankings/dl.php,weekly-dl,wp,Calijah Kancey,23865,DL,TB,90.29,9.57,76,103,NA,calijah-kancey.php,NA,NA,5.3,NA,NA,NA,NA,NA,10,Calijah Kancey,2026-10-02,TBB
/nfl/rankings/dl.php,weekly-dl,wp,Derick Hall,24697,DL,SEA,70.4,27.37,24,98,NA,derick-hall.php,NA,NA,1.1,NA,NA,NA,NA,NA,11,Derick Hall,2026-10-02,SEA
/nfl/rankings/dl.php,weekly-dl,wp,Kingsley Enagbare,23487,DL,NYJ,73.6,29.7,19,108,NA,kingsley-enagbare.php,NA,NA,1.5,NA,NA,NA,NA,NA,13,Kingsley Enagbare,2026-10-02,NYJ
/nfl/rankings/dl.php,weekly-dl,wp,Walter Nolen III,27030,DL,ARI,76.2,14.76,61,96,NA,walter-nolen.php,NA,NA,1,NA,NA,NA,NA,18,14,Walter Nolen,2026-10-02,ARI
/nfl/rankings/dl.php,weekly-dl,wp,Grover Stewart,16580,DL,IND,76.2,4.62,72,85,NA,grover-stewart.php,NA,NA,2.2,NA,NA,NA,NA,-12,13,Grover Stewart,2026-10-02,IND
/nfl/rankings/dl.php,weekly-dl,wp,Josaiah Stewart,27034,DL,LAR,77.2,15.41,61,106,NA,josaiah-stewart.php,NA,NA,0.7,NA,NA,NA,NA,NA,11,Josaiah Stewart,2026-10-02,LAR
/nfl/rankings/dl.php,weekly-dl,wp,DJ Wonnum,19355,DL,DET,78.4,22.34,39,107,NA,dj-wonnum.php,NA,NA,1.9,NA,NA,NA,NA,NA,6,DJ Wonnum,2026-10-02,DET
/nfl/rankings/dl.php,weekly-dl,wp,Dorance Armstrong Jr.,17315,DL,WAS,79.4,10.5,68,97,NA,dorance-armstrong-jr.php,NA,NA,3.8,NA,NA,NA,NA,-21,7,Dorance Armstrong,2026-10-02,WAS
/nfl/rankings/dl.php,weekly-dl,wp,Malcolm Koonce,22773,DL,LV,93,39.66,35,139,NA,malcolm-koonce.php,NA,NA,1,NA,NA,NA,NA,NA,13,Malcolm Koonce,2026-10-02,LVR
/nfl/rankings/dl.php,weekly-dl,wp,Daron Payne,17281,DL,WAS,93.5,10.63,78,112,NA,daron-payne.php,NA,NA,1.4,NA,NA,NA,NA,NA,7,DaRon Payne,2026-10-02,WAS
/nfl/rankings/dl.php,weekly-dl,wp,Moro Ojomo,25434,DL,PHI,86.6,15.74,77,118,NA,moro-ojomo.php,NA,NA,0.7,NA,NA,NA,NA,NA,10,Moro Ojomo,2026-10-02,PHI
/nfl/rankings/dl.php,weekly-dl,wp,Za'Darius Smith,14060,LB,ATL,98.67,17.63,73,122,NA,zadarius-smith.php,NA,NA,2,NA,NA,NA,NA,NA,11,ZaDarius Smith,2026-10-02,ATL
/nfl/rankings/dl.php,weekly-dl,wp,Grady Jarrett,14045,DL,CHI,91.8,6.85,81,99,NA,grady-jarrett.php,NA,NA,1.2,NA,NA,NA,NA,NA,10,Grady Jarrett,2026-10-02,CHI
/nfl/rankings/dl.php,weekly-dl,wp,Josh Uche,19257,DL,MIA,76,8.86,66,89,NA,josh-uche.php,NA,NA,1.3,NA,NA,NA,NA,NA,6,Josh Uche,2026-10-02,MIA
/nfl/rankings/dl.php,weekly-dl,wp,Eyioma Uwazurike,23838,DL,DEN,96.4,19.1,78,129,NA,eyioma-uwazurike.php,NA,NA,1,NA,NA,NA,NA,-13,10,Eyioma Uwazurike,2026-10-02,DEN
/nfl/rankings/dl.php,weekly-dl,wp,Malcolm Roach,19536,DL,DEN,82.25,21.64,47,100,NA,malcolm-roach.php,NA,NA,1.5,NA,NA,NA,NA,NA,10,Malcolm Roach,2026-10-02,DEN
/nfl/rankings/dl.php,weekly-dl,wp,Patrick Jones II,23254,DL,CAR,74.67,5.31,68,81,NA,patrick-jones-de.php,NA,NA,0.9,NA,NA,NA,NA,NA,5,Patrick Jones,2026-10-02,CAR
/nfl/rankings/dl.php,weekly-dl,wp,Rueben Bain Jr.,28772,DL,TB,75,5.72,67,80,NA,rueben-bain.php,NA,NA,17.4,NA,NA,NA,NA,NA,10,Rueben Bain,2026-10-02,TBB
/nfl/rankings/dl.php,weekly-dl,wp,Dante Stills,22751,DL,ARI,97.25,8.35,88,107,NA,dante-stills.php,NA,NA,0.6,NA,NA,NA,NA,-15,14,Dante Stills,2026-10-02,ARI
/nfl/rankings/dl.php,weekly-dl,wp,Zaven Collins,22698,LB,ARI,97.75,8.32,84,106,NA,zaven-collins.php,NA,NA,1.4,NA,NA,NA,NA,NA,14,Zaven Collins,2026-10-02,ARI
/nfl/rankings/dl.php,weekly-dl,wp,Nathan Shepherd,17512,DL,NO,97.75,8.5,90,112,NA,nathan-shepherd.php,NA,NA,0.9,NA,NA,NA,NA,-13,8,Nathan Shepherd,2026-10-02,NOS
/nfl/rankings/dl.php,weekly-dl,wp,Elijah Ponder,23405,DL,FA,80.33,2.36,77,82,NA,elijah-ponder.php,NA,NA,1.2,NA,NA,NA,NA,-22,NA,Elijah Ponder,2026-10-02,FA
/nfl/rankings/dl.php,weekly-dl,wp,Kyle Van Noy,12171,LB,MIN,112.25,64.89,31,208,NA,kyle-van-noy.php,NA,NA,3.3,NA,NA,NA,NA,NA,6,Kyle Van Noy,2026-10-02,MIN
/nfl/rankings/dl.php,weekly-dl,wp,Zeek Biggers,27302,DL,MIA,100.25,4.44,95,106,NA,zeek-biggers.php,NA,NA,0.6,NA,NA,NA,NA,NA,6,Zeek Biggers,2026-10-02,MIA
/nfl/rankings/dl.php,weekly-dl,wp,Nnamdi Madubuike,19272,DL,BAL,81.33,27.98,43,109,NA,justin-madubuike.php,NA,NA,4,NA,NA,NA,NA,NA,13,Nnamdi Madubuike,2026-10-02,BAL
/nfl/rankings/dl.php,weekly-dl,wp,John Franklin-Myers,17623,DL,TEN,112.6,8.06,103,127,NA,john-franklin-meyers.php,NA,NA,1.2,NA,NA,NA,NA,NA,9,John Franklin-Myers,2026-10-02,TEN
/nfl/rankings/dl.php,weekly-dl,wp,Brian Burns,18223,DL,NYG,49.5,3.5,46,53,NA,brian-burns.php,NA,NA,41.3,NA,NA,NA,NA,-43,8,Brian Burns,2026-10-02,NYG
/nfl/rankings/dl.php,weekly-dl,wp,Devonte Wyatt,23757,DL,GB,103.75,13.97,90,126,NA,devonte-wyatt.php,NA,NA,1.6,NA,NA,NA,NA,-21,11,Devonte Wyatt,2026-10-02,GBP
/nfl/rankings/dl.php,weekly-dl,wp,David Walker,27091,LB,TB,112.33,75.38,39,216,NA,david-walker.php,NA,NA,0.8,NA,NA,NA,NA,NA,10,David Walker,2026-10-02,TBB
/nfl/rankings/dl.php,weekly-dl,wp,DaVon Hamilton,19258,DL,JAC,111.25,42.88,44,150,NA,davon-hamilton.php,NA,NA,0.9,NA,NA,NA,NA,NA,7,Davon Hamilton,2026-10-02,JAC
/nfl/rankings/dl.php,weekly-dl,wp,Gracen Halton,28234,DL,SF,96.33,4.19,92,102,NA,gracen-halton.php,NA,NA,1,NA,NA,NA,NA,NA,8,Gracen Halton,2026-10-02,SFO
/nfl/rankings/dl.php,weekly-dl,wp,Joseph Ossai,22696,DL,NYJ,113.25,42.36,67,157,NA,joseph-ossai.php,NA,NA,0.8,NA,NA,NA,NA,NA,13,Joseph Ossai,2026-10-02,NYJ
/nfl/rankings/dl.php,weekly-dl,wp,Tyrion Ingram-Dawkins,27496,DL,MIN,98.67,5.56,91,104,NA,tyrion-ingramdawkins.php,NA,NA,0.7,NA,NA,NA,NA,NA,6,Tyrion Ingram-Dawkins,2026-10-02,MIN
/nfl/rankings/dl.php,weekly-dl,wp,Akheem Mesidor,27078,DL,LAC,100,26.32,63,122,NA,akheem-mesidor.php,NA,NA,8.1,NA,NA,NA,NA,NA,7,Akheem Mesidor,2026-10-02,LAC
/nfl/rankings/dl.php,weekly-dl,wp,Caleb Banks,27965,DL,MIN,119,75.95,25,211,NA,caleb-banks.php,NA,NA,0.7,NA,NA,NA,NA,NA,6,Caleb Banks,2026-10-02,MIN
/nfl/rankings/dl.php,weekly-dl,wp,Jordan Phillips,27223,DL,MIA,104,40.36,73,161,NA,jordan-phillips-dl.php,NA,NA,0.6,NA,NA,NA,NA,NA,6,Jordan Phillips,2026-10-02,MIA
/nfl/rankings/dl.php,weekly-dl,wp,Christian Barmore,22691,DL,NE,107,42.5,74,167,NA,christian-barmore.php,NA,NA,0.7,NA,NA,NA,NA,NA,11,Christian Barmore,2026-10-02,NEP
/nfl/rankings/dl.php,weekly-dl,wp,Roy Lopez,22874,DL,ARI,105.33,14.29,88,123,NA,roy-lopez.php,NA,NA,0.6,NA,NA,NA,NA,NA,14,Roy Lopez,2026-10-02,ARI
/nfl/rankings/dl.php,weekly-dl,wp,Dayo Odeyingbo,22883,DL,CHI,121.25,2.77,119,126,NA,dayo-odeyingbo.php,NA,NA,1,NA,NA,NA,NA,NA,10,Dayo Odeyingbo,2026-10-02,CHI
/nfl/rankings/dl.php,weekly-dl,wp,Gervon Dexter Sr.,25246,DL,ATL,109.33,16.05,87,124,NA,gervon-dexter-sr.php,NA,NA,1,NA,NA,NA,NA,NA,11,Gervon Dexter,2026-10-02,ATL
/nfl/rankings/dl.php,weekly-dl,wp,Marcus Harris,26349,DL,KC,86,2,84,88,NA,marcus-harris-dt.php,NA,NA,1.2,NA,NA,NA,NA,-28,5,Marcus Harris,2026-10-02,KCC
/nfl/rankings/dl.php,weekly-dl,wp,Keion White,25281,DL,SF,110.33,13.27,92,123,NA,keion-white.php,NA,NA,0.7,NA,NA,NA,NA,NA,8,Keion White,2026-10-02,SFO
/nfl/rankings/dl.php,weekly-dl,wp,LaCale London,19919,DL,ATL,112.33,35.86,85,163,NA,lacale-london.php,NA,NA,0.6,NA,NA,NA,NA,-28,11,LaCale London,2026-10-02,ATL
/nfl/rankings/dl.php,weekly-dl,wp,Harrison Phillips,17343,DL,NYJ,112,4.97,108,119,NA,harrison-phillips.php,NA,NA,0.8,NA,NA,NA,NA,NA,13,Harrison Phillips,2026-10-02,NYJ
/nfl/rankings/dl.php,weekly-dl,wp,Braden Fiske,26195,DL,LAR,114.33,36,72,160,NA,braden-fiske.php,NA,NA,0.7,NA,NA,NA,NA,NA,11,Braden Fiske,2026-10-02,LAR
/nfl/rankings/dl.php,weekly-dl,wp,Skyler Gill-Howard,28231,DL,DET,92.5,9.5,83,102,NA,skyler-gillhoward.php,NA,NA,0.7,NA,NA,NA,NA,NA,6,Skyler Gill-Howard,2026-10-02,DET
/nfl/rankings/dl.php,weekly-dl,wp,Uchenna Nwosu,17448,LB,SEA,114.33,7.85,104,123,NA,uchenna-nwosu.php,NA,NA,1.8,NA,NA,NA,NA,NA,11,Uchenna Nwosu,2026-10-02,SEA
/nfl/rankings/dl.php,weekly-dl,wp,Byron Young,23786,DL,PHI,114.5,78.5,36,193,NA,byron-young.php,NA,NA,0.7,NA,NA,NA,NA,NA,10,Byron Young,2026-10-02,PHI
/nfl/rankings/dl.php,weekly-dl,wp,Charles Omenihu,18284,DL,WAS,118.67,4.03,113,122,NA,charles-omenihu.php,NA,NA,0.7,NA,NA,NA,NA,NA,7,Charles Omenihu,2026-10-02,WAS
/nfl/rankings/dl.php,weekly-dl,wp,Al-Quadin Muhammad,16715,DL,TB,120,33.26,73,145,NA,al-quadin-muhammad.php,NA,NA,0.7,NA,NA,NA,NA,NA,10,Al-Quadin Muhammad,2026-10-02,TBB
/nfl/rankings/dl.php,weekly-dl,wp,A'Shawn Robinson,15503,DL,TB,130,12.59,116,144,NA,a-shawn-robinson.php,NA,NA,2.1,NA,NA,NA,NA,NA,10,AShawn Robinson,2026-10-02,TBB
/nfl/rankings/dl.php,weekly-dl,wp,Otito Ogbonnia,23900,DL,DAL,103.5,7.5,96,111,NA,otito-ogbonnia.php,NA,NA,0.7,NA,NA,NA,NA,NA,14,Otito Ogbonnia,2026-10-02,DAL
/nfl/rankings/dl.php,weekly-dl,wp,Felix Anudike-Uzomah,25244,DL,KC,121.67,27.96,90,158,NA,felix-anudike-uzomah.php,NA,NA,0.7,NA,NA,NA,NA,NA,5,Felix Anudike-Uzomah,2026-10-02,KCC
/nfl/rankings/dl.php,weekly-dl,wp,Baron Browning,22724,LB,ARI,122,43.15,61,154,NA,baron-browning.php,NA,NA,0.6,NA,NA,NA,NA,NA,14,Baron Browning,2026-10-02,ARI
/nfl/rankings/dl.php,weekly-dl,wp,Calais Campbell,10585,DL,BAL,122.67,33.73,75,148,NA,calais-campbell.php,NA,NA,2,NA,NA,NA,NA,NA,13,Calais Campbell,2026-10-02,BAL
/nfl/rankings/dl.php,weekly-dl,wp,Keldric Faulk,27951,DL,TEN,119,64,55,183,NA,keldric-faulk.php,NA,NA,7.8,NA,NA,NA,NA,NA,9,Keldric Faulk,2026-10-02,TEN
/nfl/rankings/dl.php,weekly-dl,wp,Khalid Kareem,19326,DL,SF,107,7,100,114,NA,khalid-kareem.php,NA,NA,0.7,NA,NA,NA,NA,NA,8,Khalid Kareem,2026-10-02,SFO
/nfl/rankings/dl.php,weekly-dl,wp,Barryn Sorrell,27266,DL,GB,124.67,19.6,97,140,NA,barryn-sorrell.php,NA,NA,1,NA,NA,NA,NA,NA,11,Barryn Sorrell,2026-10-02,GBP
/nfl/rankings/dl.php,weekly-dl,wp,Von Miller,9863,LB,DAL,132,74,58,206,NA,von-miller.php,NA,NA,0.9,NA,NA,NA,NA,NA,14,Von Miller,2026-10-02,DAL
/nfl/rankings/dl.php,weekly-dl,wp,Dennis Gardeck,17906,LB,JAC,109,6,103,115,NA,dennis-gardeck.php,NA,NA,0.8,NA,NA,NA,NA,NA,7,Dennis Gardeck,2026-10-02,JAC
/nfl/rankings/dl.php,weekly-dl,wp,Sam Williams,23746,DL,CLE,129,28.28,109,169,NA,sam-williams-dt.php,NA,NA,0.7,NA,NA,NA,NA,NA,11,Sam Williams,2026-10-02,CLE
/nfl/rankings/dl.php,weekly-dl,wp,Arik Armstead,13918,DL,JAC,126,9.27,113,134,NA,arik-armstead.php,NA,NA,0.9,NA,NA,NA,NA,NA,7,Arik Armstead,2026-10-02,JAC
/nfl/rankings/dl.php,weekly-dl,wp,Mike Green,27042,LB,BAL,133,71,62,204,NA,mike-green-dt.php,NA,NA,1.8,NA,NA,NA,NA,NA,13,Mike Green,2026-10-02,BAL
/nfl/rankings/dl.php,weekly-dl,wp,Jordan Burch,26145,DL,ARI,134,65,69,199,NA,jordan-burch.php,NA,NA,0.6,NA,NA,NA,NA,NA,14,Jordan Burch,2026-10-02,ARI
/nfl/rankings/dl.php,weekly-dl,wp,Malachi Lawrence,28203,DL,DAL,121,50,71,171,NA,malachi-lawrence.php,NA,NA,2.7,NA,NA,NA,NA,NA,14,Malachi Lawrence,2026-10-02,DAL
/nfl/rankings/dl.php,weekly-dl,wp,Dani Dennis-Sutton,28180,DL,GB,115,5,110,120,NA,dani-dennissutton.php,NA,NA,0.8,NA,NA,NA,NA,NA,11,Dani Dennis-Sutton,2026-10-02,GBP
/nfl/rankings/dl.php,weekly-dl,wp,Derrick Harmon,27029,DL,PIT,115.5,41.5,74,157,NA,derrick-harmon.php,NA,NA,1,NA,NA,NA,NA,NA,9,Derrick Harmon,2026-10-02,PIT
/nfl/rankings/dl.php,weekly-dl,wp,R Mason Thomas,28021,DL,KC,129.67,29.47,88,151,NA,r-mason-thomas.php,NA,NA,2.2,NA,NA,NA,NA,NA,5,R Mason Thomas,2026-10-02,KCC
/nfl/rankings/dl.php,weekly-dl,wp,Maliek Collins,15533,DL,CLE,116.5,11.5,105,128,NA,maliek-collins.php,NA,NA,1.6,NA,NA,NA,NA,NA,11,Maliek Collins,2026-10-02,CLE
/nfl/rankings/dl.php,weekly-dl,wp,Cashius Howell,28017,DL,CIN,128,49,79,177,NA,cashius-howell.php,NA,NA,5.4,NA,NA,NA,NA,NA,6,Cashius Howell,2026-10-02,CIN
/nfl/rankings/dl.php,weekly-dl,wp,Keeanu Benton,25432,DL,PIT,119,2,117,121,NA,keeanu-benton.php,NA,NA,1,NA,NA,NA,NA,NA,9,Keeanu Benton,2026-10-02,PIT
/nfl/rankings/dl.php,weekly-dl,wp,Kenny Clark,15535,DL,DAL,122,3,119,125,NA,kenny-clark.php,NA,NA,0.8,NA,NA,NA,NA,NA,14,Kenny Clark,2026-10-02,DAL
/nfl/rankings/dl.php,weekly-dl,wp,Zach Harrison,23485,DL,ATL,143,54,89,197,NA,zach-harrison.php,NA,NA,1.2,NA,NA,NA,NA,NA,11,Zach Harrison,2026-10-02,ATL
/nfl/rankings/dl.php,weekly-dl,wp,Trevor Nowaske,25793,LB,DET,126,3,123,129,NA,trevor-nowaske.php,NA,NA,1,NA,NA,NA,NA,NA,6,Trevor Nowaske,2026-10-02,DET
/nfl/rankings/dl.php,weekly-dl,wp,Cedric Johnson,26174,LB,CIN,153.5,59.5,94,213,NA,cedric-johnson.php,NA,NA,0.6,NA,NA,NA,NA,NA,6,Cedric Johnson,2026-10-02,CIN
/nfl/rankings/dl.php,weekly-dl,wp,Tyree Wilson,25237,DL,NO,159.5,64.5,95,224,NA,tyree-wilson.php,NA,NA,1.5,NA,NA,NA,NA,NA,8,Tyree Wilson,2026-10-02,NOS
/nfl/rankings/dl.php,weekly-dl,wp,D.J. Jones,16724,DL,DEN,127.5,28.5,99,156,NA,dj-jones.php,NA,NA,0.8,NA,NA,NA,NA,NA,10,DJ Jones,2026-10-02,DEN
/nfl/rankings/dl.php,weekly-dl,wp,Jacob Martin,17629,LB,TEN,128,3,125,131,NA,jake-martin.php,NA,NA,1.2,NA,NA,NA,NA,NA,9,Jacob Martin,2026-10-02,TEN
/nfl/rankings/dl.php,weekly-dl,wp,Cam Jackson,27521,DL,CAR,130,2,128,132,NA,cam-jackson.php,NA,NA,1,NA,NA,NA,NA,NA,5,Cam Jackson,2026-10-02,CAR
/nfl/rankings/dl.php,weekly-dl,wp,Samson Ebukam,16734,LB,ATL,131.5,1.5,130,133,NA,samson-ebukam.php,NA,NA,0.9,NA,NA,NA,NA,NA,11,Samson Ebukam,2026-10-02,ATL
/nfl/rankings/dl.php,weekly-dl,wp,Khristian Boyd,26477,DL,NO,158.5,53.5,105,212,NA,khristian-boyd.php,NA,NA,1,NA,NA,NA,NA,NA,8,Khristian Boyd,2026-10-02,NOS
/nfl/rankings/dl.php,weekly-dl,wp,Levi Drake Rodriguez,26502,DL,MIN,133.5,1.5,132,135,NA,levi-drake-rodriguez.php,NA,NA,0.8,NA,NA,NA,NA,NA,6,Levi Drake Rodriguez,2026-10-02,MIN
/nfl/rankings/dl.php,weekly-dl,wp,Karl Brooks,25250,DL,GB,134.5,1.5,133,136,NA,karl-brooks.php,NA,NA,0.6,NA,NA,NA,NA,NA,11,Karl Brooks,2026-10-02,GBP
/nfl/rankings/dl.php,weekly-dl,wp,Maason Smith,26132,DL,ATL,152,40,112,192,NA,maason-smith.php,NA,NA,0.7,NA,NA,NA,NA,NA,11,Maason Smith,2026-10-02,ATL
/nfl/rankings/dl.php,weekly-dl,wp,T'Vondre Sweat,26206,DL,NYJ,135.5,1.5,134,137,NA,tvondre-sweat.php,NA,NA,0.8,NA,NA,NA,NA,NA,13,TVondre Sweat,2026-10-02,NYJ
/nfl/rankings/dl.php,weekly-dl,wp,Peter Woods,27953,DL,KC,143,30,113,173,NA,peter-woods.php,NA,NA,6.5,NA,NA,NA,NA,NA,5,Peter Woods,2026-10-02,KCC
/nfl/rankings/dl.php,weekly-dl,wp,Zion Young,28091,DL,BAL,166.5,52.5,114,219,NA,zion-young.php,NA,NA,0.7,NA,NA,NA,NA,NA,13,Zion Young,2026-10-02,BAL
/nfl/rankings/dl.php,weekly-dl,wp,Travis Jones,23799,DL,BAL,136.5,1.5,135,138,NA,travis-jones.php,NA,NA,1.2,NA,NA,NA,NA,NA,13,Travis Jones,2026-10-02,BAL
/nfl/rankings/dl.php,weekly-dl,wp,Javon Kinlaw,19206,DL,WAS,138,17,121,155,NA,javon-kinlaw.php,NA,NA,0.7,NA,NA,NA,NA,NA,7,Javon Kinlaw,2026-10-02,WAS
/nfl/rankings/dl.php,weekly-dl,wp,Davon Godchaux,16513,DL,NO,156.5,38.5,118,195,NA,davon-godchaux.php,NA,NA,1,NA,NA,NA,NA,NA,8,Davon Godchaux,2026-10-02,NOS
/nfl/rankings/dl.php,weekly-dl,wp,Adam Butler,16796,DL,LV,150,30,120,180,NA,adam-butler.php,NA,NA,1.5,NA,NA,NA,NA,NA,13,Adam Butler,2026-10-02,LVR
/nfl/rankings/dl.php,weekly-dl,wp,Cameron Jordan,9886,DL,NO,139.5,1.5,138,141,NA,cameron-jordan.php,NA,NA,1.8,NA,NA,NA,NA,NA,8,Cameron Jordan,2026-10-02,NOS
/nfl/rankings/dl.php,weekly-dl,wp,Tonka Hemingway,27235,DL,LV,140.5,1.5,139,142,NA,tonka-hemingway.php,NA,NA,0.6,NA,NA,NA,NA,NA,13,Tonka Hemingway,2026-10-02,LVR
/nfl/rankings/dl.php,weekly-dl,wp,Michael Hoecht,20024,DL,BUF,157.5,33.5,124,191,NA,michael-hoecht.php,NA,NA,0.6,NA,NA,NA,NA,NA,7,Michael Hoecht,2026-10-02,BUF
/nfl/rankings/dl.php,weekly-dl,wp,Romello Height,28052,DL,SF,141.5,1.5,140,143,NA,romello-height.php,NA,NA,1.6,NA,NA,NA,NA,NA,8,Romello Height,2026-10-02,SFO
/nfl/rankings/dl.php,weekly-dl,wp,DJ Reader,15758,DL,NYG,144.5,1.5,143,146,NA,dj-reader.php,NA,NA,0.7,NA,NA,NA,NA,NA,8,DJ Reader,2026-10-02,NYG
/nfl/rankings/dl.php,weekly-dl,wp,Teair Tart,19561,DL,LAC,145.5,1.5,144,147,NA,teair-tart.php,NA,NA,0.8,NA,NA,NA,NA,NA,7,Teair Tart,2026-10-02,LAC
/nfl/rankings/dl.php,weekly-dl,wp,Jarran Reed,15540,DL,SEA,147.5,1.5,146,149,NA,jarran-reed.php,NA,NA,1,NA,NA,NA,NA,NA,11,Jarran Reed,2026-10-02,SEA
/nfl/rankings/dl.php,weekly-dl,wp,Que Robinson,27519,LB,DEN,150.5,2.5,148,153,NA,quandarrius-robinson.php,NA,NA,0.6,NA,NA,NA,NA,NA,10,Que Robinson,2026-10-02,DEN
/nfl/rankings/dl.php,weekly-dl,wp,Vernon Broughton,27245,DL,NO,150.5,1.5,149,152,NA,vernon-broughton.php,NA,NA,0.7,NA,NA,NA,NA,NA,8,Vernon Broughton,2026-10-02,NOS
/nfl/rankings/dl.php,weekly-dl,wp,Brenton Cox Jr.,22748,LB,GB,153.5,1.5,152,155,NA,brenton-cox.php,NA,NA,0.8,NA,NA,NA,NA,NA,11,Brenton Cox,2026-10-02,GBP
/nfl/rankings/dl.php,weekly-dl,wp,Jamaree Caldwell,27192,DL,LAC,154.5,1.5,153,156,NA,jamaree-caldwell.php,NA,NA,0.6,NA,NA,NA,NA,NA,7,Jamaree Caldwell,2026-10-02,LAC
/nfl/rankings/dst.php,weekly-dst,wp,Minnesota Vikings,8170,DST,MIN,1.06,0.23,1,2,NA,minnesota-defense.php,NA,NA,70,NA,NA,NA,NA,NA,6,Minnesota Vikings,2026-10-02,MIN
/nfl/rankings/dst.php,weekly-dst,wp,Baltimore Ravens,8020,DST,BAL,2.56,1.07,1,6,NA,baltimore-defense.php,NA,NA,71,NA,NA,NA,NA,NA,13,Baltimore Ravens,2026-10-02,BAL
/nfl/rankings/dst.php,weekly-dst,wp,Pittsburgh Steelers,8240,DST,PIT,3.08,0.72,2,5,NA,pittsburgh-defense.php,NA,NA,74.5,NA,NA,NA,NA,NA,9,Pittsburgh Steelers,2026-10-02,PIT
/nfl/rankings/dst.php,weekly-dst,wp,Seattle Seahawks,8260,DST,SEA,4.11,0.99,2,6,NA,seattle-defense.php,NA,NA,96.4,NA,NA,NA,NA,NA,11,Seattle Seahawks,2026-10-02,SEA
/nfl/rankings/dst.php,weekly-dst,wp,Green Bay Packers,8110,DST,GB,4.86,1,3,8,NA,green-bay-defense.php,NA,NA,42.5,NA,NA,NA,NA,NA,11,Green Bay Packers,2026-10-02,GBP
/nfl/rankings/dst.php,weekly-dst,wp,Buffalo Bills,8030,DST,BUF,6.36,1.47,4,13,NA,buffalo-defense.php,NA,NA,43.8,NA,NA,NA,NA,NA,7,Buffalo Bills,2026-10-02,BUF
/nfl/rankings/dst.php,weekly-dst,wp,Kansas City Chiefs,8150,DST,KC,9.08,2.43,6,19,NA,kansas-city-defense.php,NA,NA,48,NA,NA,NA,NA,2,5,Kansas City Chiefs,2026-10-02,KCC
/nfl/rankings/dst.php,weekly-dst,wp,Houston Texans,8120,DST,HOU,9.61,2.44,6,15,NA,houston-defense.php,NA,NA,90.9,NA,NA,NA,NA,2,8,Houston Texans,2026-10-02,HOU
/nfl/rankings/dst.php,weekly-dst,wp,Cleveland Browns,8070,DST,CLE,9.94,2.38,7,16,NA,cleveland-defense.php,NA,NA,25.3,NA,NA,NA,NA,-2,11,Cleveland Browns,2026-10-02,CLE
/nfl/rankings/dst.php,weekly-dst,wp,New Orleans Saints,8190,DST,NO,11.36,4.56,5,22,NA,new-orleans-defense.php,NA,NA,21,NA,NA,NA,NA,-2,8,New Orleans Saints,2026-10-02,NOS
/nfl/rankings/dst.php,weekly-dst,wp,Arizona Cardinals,8000,DST,ARI,11.44,2.29,8,19,NA,arizona-defense.php,NA,NA,4.4,NA,NA,NA,NA,NA,14,Arizona Cardinals,2026-10-02,ARI
/nfl/rankings/dst.php,weekly-dst,wp,Los Angeles Rams,8280,DST,LAR,11.72,3.34,4,18,NA,los-angeles-rams-defense.php,NA,NA,84.3,NA,NA,NA,NA,3,11,Los Angeles Rams,2026-10-02,LAR
/nfl/rankings/dst.php,weekly-dst,wp,Chicago Bears,8050,DST,CHI,12.66,4.46,4,22,NA,chicago-defense.php,NA,NA,34.7,NA,NA,NA,NA,6,10,Chicago Bears,2026-10-02,CHI
/nfl/rankings/dst.php,weekly-dst,wp,Detroit Lions,8100,DST,DET,13.81,2.59,9,20,NA,detroit-defense.php,NA,NA,47.3,NA,NA,NA,NA,-2,6,Detroit Lions,2026-10-02,DET
/nfl/rankings/dst.php,weekly-dst,wp,Tampa Bay Buccaneers,8290,DST,TB,15.03,2.99,10,22,NA,tampa-bay-defense.php,NA,NA,20.2,NA,NA,NA,NA,NA,10,Tampa Bay Buccaneers,2026-10-02,TBB
/nfl/rankings/dst.php,weekly-dst,wp,Philadelphia Eagles,8230,DST,PHI,17.22,2.81,12,24,NA,philadelphia-defense.php,NA,NA,81.1,NA,NA,NA,NA,-3,10,Philadelphia Eagles,2026-10-02,PHI
/nfl/rankings/dst.php,weekly-dst,wp,San Francisco 49ers,8270,DST,SF,18.31,3.49,12,27,NA,san-francisco-defense.php,NA,NA,39,NA,NA,NA,NA,NA,8,San Francisco 49ers,2026-10-02,SFO
/nfl/rankings/dst.php,weekly-dst,wp,Denver Broncos,8090,DST,DEN,18.47,3.07,13,25,NA,denver-defense.php,NA,NA,84.7,NA,NA,NA,NA,NA,10,Denver Broncos,2026-10-02,DEN
/nfl/rankings/dst.php,weekly-dst,wp,Indianapolis Colts,8130,DST,IND,18.68,3.52,10,23,NA,indianapolis-defense.php,NA,NA,14.8,NA,NA,NA,NA,2,13,Indianapolis Colts,2026-10-02,IND
/nfl/rankings/dst.php,weekly-dst,wp,New York Giants,8200,DST,NYG,19.63,3.75,13,32,NA,new-york-giants-defense.php,NA,NA,15.2,NA,NA,NA,NA,NA,8,New York Giants,2026-10-02,NYG
/nfl/rankings/dst.php,weekly-dst,wp,Dallas Cowboys,8080,DST,DAL,20.92,4.06,14,30,NA,dallas-defense.php,NA,NA,18,NA,NA,NA,NA,-4,14,Dallas Cowboys,2026-10-02,DAL
/nfl/rankings/dst.php,weekly-dst,wp,Jacksonville Jaguars,8140,DST,JAC,21.47,3.61,12,28,NA,jacksonville-defense.php,NA,NA,65.5,NA,NA,NA,NA,NA,7,Jacksonville Jaguars,2026-10-02,JAC
/nfl/rankings/dst.php,weekly-dst,wp,Atlanta Falcons,8010,DST,ATL,22.18,3.87,15,29,NA,atlanta-defense.php,NA,NA,8.8,NA,NA,NA,NA,NA,11,Atlanta Falcons,2026-10-02,ATL
/nfl/rankings/dst.php,weekly-dst,wp,New York Jets,8210,DST,NYJ,22.88,3.54,15,28,NA,new-york-jets-defense.php,NA,NA,4,NA,NA,NA,NA,NA,13,New York Jets,2026-10-02,NYJ
/nfl/rankings/dst.php,weekly-dst,wp,Cincinnati Bengals,8060,DST,CIN,23.45,2.09,16,27,NA,cincinnati-defense.php,NA,NA,17,NA,NA,NA,NA,NA,6,Cincinnati Bengals,2026-10-02,CIN
/nfl/rankings/dst.php,weekly-dst,wp,Washington Commanders,8310,DST,WAS,25.61,2.94,16,31,NA,washington-defense.php,NA,NA,5.5,NA,NA,NA,NA,3,7,Washington Commanders,2026-10-02,WAS
/nfl/rankings/dst.php,weekly-dst,wp,Las Vegas Raiders,8220,DST,LV,26.67,2.88,18,30,NA,las-vegas-defense.php,NA,NA,16.2,NA,NA,NA,NA,NA,13,Las Vegas Raiders,2026-10-02,LVR
/nfl/rankings/dst.php,weekly-dst,wp,New England Patriots,8180,DST,NE,27.45,2.46,22,32,NA,new-england-defense.php,NA,NA,67,NA,NA,NA,NA,NA,11,New England Patriots,2026-10-02,NEP
/nfl/rankings/dst.php,weekly-dst,wp,Los Angeles Chargers,8250,DST,LAC,27.15,2.55,19,30,NA,los-angeles-chargers-defense.php,NA,NA,35.4,NA,NA,NA,NA,NA,7,Los Angeles Chargers,2026-10-02,LAC
/nfl/rankings/dst.php,weekly-dst,wp,Miami Dolphins,8160,DST,MIA,29.31,2.27,20,32,NA,miami-defense.php,NA,NA,8,NA,NA,NA,NA,NA,6,Miami Dolphins,2026-10-02,MIA
/nfl/rankings/dst.php,weekly-dst,wp,Carolina Panthers,8040,DST,CAR,30.96,1.48,27,32,NA,carolina-defense.php,NA,NA,10.6,NA,NA,NA,NA,NA,5,Carolina Panthers,2026-10-02,CAR
/nfl/rankings/dst.php,weekly-dst,wp,Tennessee Titans,8300,DST,TEN,31.04,0.72,29,32,NA,tennessee-defense.php,NA,NA,5.9,NA,NA,NA,NA,NA,9,Tennessee Titans,2026-10-02,TEN
/nfl/rankings/idp.php,weekly-idp,wo,Roquan Smith,17311,LB,BAL,2.7,1.8,1,7,NA,roquan-smith.php,NA,NA,88,NA,NA,NA,NA,2,13,Roquan Smith,2026-10-02,BAL
/nfl/rankings/idp.php,weekly-idp,wo,Fred Warner,17526,LB,SF,3.43,1.61,2,8,NA,fred-warner.php,NA,NA,90.7,NA,NA,NA,NA,3,8,Fred Warner,2026-10-02,SFO
/nfl/rankings/idp.php,weekly-idp,wo,Jordyn Brooks,19292,LB,MIA,4.39,5.62,1,23,NA,jordyn-brooks.php,NA,NA,71,NA,NA,NA,NA,-2,6,Jordyn Brooks,2026-10-02,MIA
/nfl/rankings/idp.php,weekly-idp,wo,Blake Cashman,18421,LB,MIN,4.7,1.43,2,8,NA,blake-cashman.php,NA,NA,58.1,NA,NA,NA,NA,4,6,Blake Cashman,2026-10-02,MIN
/nfl/rankings/idp.php,weekly-idp,wo,Carson Schwesinger,27236,LB,CLE,6.17,2.56,3,13,NA,carson-schwesinger.php,NA,NA,76.4,NA,NA,NA,NA,-3,11,Carson Schwesinger,2026-10-02,CLE
/nfl/rankings/idp.php,weekly-idp,wo,Jacob Rodriguez,28195,LB,MIA,7.61,4.65,2,20,NA,jacob-rodriguez.php,NA,NA,19.8,NA,NA,NA,NA,NA,6,Jacob Rodriguez,2026-10-02,MIA
/nfl/rankings/idp.php,weekly-idp,wo,Nakobe Dean,23702,LB,LV,7.91,3.01,2,14,NA,nakobe-dean.php,NA,NA,81.3,NA,NA,NA,NA,6,13,Nakobe Dean,2026-10-02,LVR
/nfl/rankings/idp.php,weekly-idp,wo,Ernest Jones IV,23245,LB,SEA,7.91,1.61,5,11,NA,ernest-jones.php,NA,NA,48.4,NA,NA,NA,NA,-3,11,Ernest Jones,2026-10-02,SEA
/nfl/rankings/idp.php,weekly-idp,wo,Nick Bolton,22689,LB,KC,9.52,1.53,8,14,NA,nick-bolton.php,NA,NA,80.4,NA,NA,NA,NA,NA,5,Nick Bolton,2026-10-02,KCC
/nfl/rankings/idp.php,weekly-idp,wo,Jack Campbell,25435,LB,DET,11.09,3.92,4,24,NA,jack-campbell.php,NA,NA,85.4,NA,NA,NA,NA,-3,6,Jack Campbell,2026-10-02,DET
/nfl/rankings/idp.php,weekly-idp,wo,Zack Baun,19238,LB,PHI,11.57,3.63,3,21,NA,zack-baun.php,NA,NA,66,NA,NA,NA,NA,NA,10,Zack Baun,2026-10-02,PHI
/nfl/rankings/idp.php,weekly-idp,wo,Anthony Hill Jr.,27954,LB,TEN,11.61,9.91,4,56,NA,anthony-hill-jr.php,NA,NA,22.3,NA,NA,NA,NA,NA,9,Anthony Hill,2026-10-02,TEN
/nfl/rankings/idp.php,weekly-idp,wo,Edgerrin Cooper,26137,LB,GB,14.22,4.63,6,29,NA,edgerrin-cooper.php,NA,NA,38,NA,NA,NA,NA,5,11,Edgerrin Cooper,2026-10-02,GBP
/nfl/rankings/idp.php,weekly-idp,wo,Alex Singleton,14399,LB,DEN,14.7,5.54,9,32,NA,alex-singleton.php,NA,NA,41.1,NA,NA,NA,NA,-5,10,Alex Singleton,2026-10-02,DEN
/nfl/rankings/idp.php,weekly-idp,wo,Foyesade Oluokun,17607,LB,JAC,16.57,4.23,10,30,NA,foyesade-oluokun.php,NA,NA,67,NA,NA,NA,NA,-2,7,Foyesade Oluokun,2026-10-02,JAC
/nfl/rankings/idp.php,weekly-idp,wo,Quay Walker,23729,LB,LV,17,3.01,14,27,NA,quay-walker.php,NA,NA,38,NA,NA,NA,NA,NA,13,Quay Walker,2026-10-02,LVR
/nfl/rankings/idp.php,weekly-idp,wo,Jihaad Campbell,27051,LB,PHI,19.3,3.54,14,27,NA,jihaad-campbell.php,NA,NA,20.3,NA,NA,NA,NA,NA,10,Jihaad Campbell,2026-10-02,PHI
/nfl/rankings/idp.php,weekly-idp,wo,Kyle Hamilton,23494,DB,BAL,20.09,6.18,16,42,NA,kyle-hamilton.php,NA,NA,75.2,NA,NA,NA,NA,NA,13,Kyle Hamilton,2026-10-02,BAL
/nfl/rankings/idp.php,weekly-idp,wo,Quentin Lake,24302,DB,LAR,22.48,3.93,17,34,NA,quentin-lake.php,NA,NA,25.3,NA,NA,NA,NA,9,11,Quentin Lake,2026-10-02,LAR
/nfl/rankings/idp.php,weekly-idp,wo,Azeez Al-Shaair,18361,LB,HOU,23.04,5.76,16,36,NA,azeez-al-shaair.php,NA,NA,22.1,NA,NA,NA,NA,-3,8,Azeez Al-Shaair,2026-10-02,HOU
/nfl/rankings/idp.php,weekly-idp,wo,Kaden Elliss,18716,LB,NO,24.04,6.39,16,41,NA,kaden-elliss.php,NA,NA,16.8,NA,NA,NA,NA,6,8,Kaden Elliss,2026-10-02,NOS
/nfl/rankings/idp.php,weekly-idp,wo,Tremaine Edmunds,17342,LB,NYG,26.48,7.53,20,58,NA,tremaine-edmunds.php,NA,NA,18.4,NA,NA,NA,NA,NA,8,Tremaine Edmunds,2026-10-02,NYG
/nfl/rankings/idp.php,weekly-idp,wo,Nate Landman,24674,LB,LAR,26.91,8.89,14,59,NA,nathan-landman.php,NA,NA,36.6,NA,NA,NA,NA,NA,11,Nate Landman,2026-10-02,LAR
/nfl/rankings/idp.php,weekly-idp,wo,Budda Baker,16733,DB,ARI,27.61,8.48,21,52,NA,budda-baker.php,NA,NA,42.7,NA,NA,NA,NA,-4,14,Budda Baker,2026-10-02,ARI
/nfl/rankings/idp.php,weekly-idp,wo,Terrel Bernard,23772,LB,BUF,27.91,5.85,24,52,NA,terrel-bernard.php,NA,NA,23.4,NA,NA,NA,NA,NA,7,Terrel Bernard,2026-10-02,BUF
/nfl/rankings/idp.php,weekly-idp,wo,Derwin James Jr.,17310,DB,LAC,30.48,6.25,23,48,NA,derwin-james.php,NA,NA,47.5,NA,NA,NA,NA,-5,7,Derwin James,2026-10-02,LAC
/nfl/rankings/idp.php,weekly-idp,wo,Eric Wilson,16691,LB,MIN,30.91,8.57,15,57,NA,eric-wilson.php,NA,NA,8.9,NA,NA,NA,NA,18,6,Eric Wilson,2026-10-02,MIN
/nfl/rankings/idp.php,weekly-idp,wo,Will Anderson Jr.,24717,DL,HOU,31.61,12.86,10,61,NA,will-anderson.php,NA,NA,65.2,NA,NA,NA,NA,17,8,Will Anderson,2026-10-02,HOU
/nfl/rankings/idp.php,weekly-idp,wo,Dillon Thieneman,27967,DB,CHI,32.96,6.38,28,56,NA,dillon-thieneman.php,NA,NA,35.4,NA,NA,NA,NA,6,10,Dillon Thieneman,2026-10-02,CHI
/nfl/rankings/idp.php,weekly-idp,wo,Jeremy Chinn,19429,DB,LV,34.7,6.56,23,49,NA,jeremy-chinn.php,NA,NA,26.9,NA,NA,NA,NA,14,13,Jeremy Chinn,2026-10-02,LVR
/nfl/rankings/idp.php,weekly-idp,wo,Robert Spillane,18103,LB,NE,34.87,14.22,18,87,NA,robert-spillane.php,NA,NA,25.2,NA,NA,NA,NA,NA,11,Robert Spillane,2026-10-02,NEP
/nfl/rankings/idp.php,weekly-idp,wo,Jordan Battle,23471,DB,CIN,35.78,8.26,29,55,NA,jordan-battle.php,NA,NA,20,NA,NA,NA,NA,NA,6,Jordan Battle,2026-10-02,CIN
/nfl/rankings/idp.php,weekly-idp,wo,Barrett Carter,26108,LB,CIN,35.96,8.44,27,71,NA,barrett-carter.php,NA,NA,11.6,NA,NA,NA,NA,-4,6,Barrett Carter,2026-10-02,CIN
/nfl/rankings/idp.php,weekly-idp,wo,Demetrius Knight Jr.,27299,LB,CIN,37,6.14,29,56,NA,demetrius-knight-jr.php,NA,NA,37.5,NA,NA,NA,NA,NA,6,Demetrius Knight,2026-10-02,CIN
/nfl/rankings/idp.php,weekly-idp,wo,Demario Davis,11293,LB,NYJ,39.43,8.84,19,54,NA,demario-davis.php,NA,NA,12.4,NA,NA,NA,NA,6,13,Demario Davis,2026-10-02,NYJ
/nfl/rankings/idp.php,weekly-idp,wo,Jamien Sherwood,23194,LB,NYJ,39.87,13.38,19,80,NA,jamien-sherwood.php,NA,NA,30.8,NA,NA,NA,NA,NA,13,Jamien Sherwood,2026-10-02,NYJ
/nfl/rankings/idp.php,weekly-idp,wo,Talanoa Hufanga,22817,DB,DEN,40.04,8.37,24,59,NA,talanoa-hufanga.php,NA,NA,34.4,NA,NA,NA,NA,16,10,Talanoa Hufanga,2026-10-02,DEN
/nfl/rankings/idp.php,weekly-idp,wo,Jack Gibbens,24690,LB,ARI,40.61,11.2,24,73,NA,jack-gibbens.php,NA,NA,6.1,NA,NA,NA,NA,-13,14,Jack Gibbens,2026-10-02,ARI
/nfl/rankings/idp.php,weekly-idp,wo,Akeem Davis-Gaither,19261,LB,IND,41,8.89,26,66,NA,akeem-davis-gaither.php,NA,NA,10.5,NA,NA,NA,NA,NA,13,Akeem Davis-Gaither,2026-10-02,IND
/nfl/rankings/idp.php,weekly-idp,wo,Drake Thomas,25905,LB,SEA,42.04,9.46,21,66,NA,drake-thomas.php,NA,NA,8.3,NA,NA,NA,NA,31,11,Drake Thomas,2026-10-02,SEA
/nfl/rankings/idp.php,weekly-idp,wo,Payton Wilson,26183,LB,PIT,43.17,6.27,31,55,NA,payton-wilson.php,NA,NA,9.1,NA,NA,NA,NA,-8,9,Payton Wilson,2026-10-02,PIT
/nfl/rankings/idp.php,weekly-idp,wo,Tykee Smith,23751,DB,TB,43.65,7.2,29,61,NA,tykee-smith.php,NA,NA,35.5,NA,NA,NA,NA,-12,10,Tykee Smith,2026-10-02,TBB
/nfl/rankings/idp.php,weekly-idp,wo,Caleb Downs,27950,DB,DAL,46,9.72,33,69,NA,caleb-downs.php,NA,NA,52.4,NA,NA,NA,NA,-8,14,Caleb Downs,2026-10-02,DAL
/nfl/rankings/idp.php,weekly-idp,wo,Aidan Hutchinson,22738,DL,DET,46.22,15.51,16,75,NA,aidan-hutchinson.php,NA,NA,70.6,NA,NA,NA,NA,22,6,Aidan Hutchinson,2026-10-02,DET
/nfl/rankings/idp.php,weekly-idp,wo,Arvell Reese,28053,LB,NYG,46.22,13.35,18,74,NA,arvell-reese.php,NA,NA,26.6,NA,NA,NA,NA,28,8,Arvell Reese,2026-10-02,NYG
/nfl/rankings/idp.php,weekly-idp,wo,Amani Hooker,18589,DB,TEN,47,10.01,35,70,NA,amani-hooker.php,NA,NA,8.3,NA,NA,NA,NA,NA,9,Amani Hooker,2026-10-02,TEN
/nfl/rankings/idp.php,weekly-idp,wo,Maxx Crosby,18702,DL,LV,47.3,17.87,17,87,NA,maxx-crosby.php,NA,NA,70.2,NA,NA,NA,NA,15,13,Maxx Crosby,2026-10-02,LVR
/nfl/rankings/idp.php,weekly-idp,wo,Antoine Winfield Jr.,19266,DB,TB,49.09,8.88,35,77,NA,antoine-winfield-s.php,NA,NA,19.1,NA,NA,NA,NA,-10,10,Antoine Winfield,2026-10-02,TBB
/nfl/rankings/idp.php,weekly-idp,wo,Patrick Queen,19421,LB,PIT,49.61,6.68,35,70,NA,patrick-queen.php,NA,NA,14.5,NA,NA,NA,NA,8,9,Patrick Queen,2026-10-02,PIT
/nfl/rankings/idp.php,weekly-idp,wo,Sonny Styles,27216,LB,WAS,52.17,10.7,30,75,NA,sonny-styles.php,NA,NA,48.1,NA,NA,NA,NA,NA,7,Sonny Styles,2026-10-02,WAS
/nfl/rankings/idp.php,weekly-idp,wo,Kevin Winston Jr.,27035,DB,TEN,52.7,7.36,42,73,NA,kevin-winston-jr.php,NA,NA,7.1,NA,NA,NA,NA,-10,9,Kevin Winston,2026-10-02,TEN
/nfl/rankings/idp.php,weekly-idp,wo,Zaire Franklin,17563,LB,GB,54.26,8.41,39,83,NA,zaire-franklin.php,NA,NA,21.3,NA,NA,NA,NA,8,11,Zaire Franklin,2026-10-02,GBP
/nfl/rankings/idp.php,weekly-idp,wo,Evan Williams,26131,DB,GB,54.61,5.86,45,70,NA,evan-williams.php,NA,NA,13,NA,NA,NA,NA,8,11,Evan Williams,2026-10-02,GBP
/nfl/rankings/idp.php,weekly-idp,wo,Devin Lloyd,23710,LB,CAR,40.91,28.1,4,116,NA,devin-lloyd.php,NA,NA,53.8,NA,NA,NA,NA,NA,5,Devin Lloyd,2026-10-02,CAR
/nfl/rankings/idp.php,weekly-idp,wo,Jessie Bates III,17544,DB,ATL,54.83,10.26,39,92,NA,jessie-bates-iii.php,NA,NA,12,NA,NA,NA,NA,-9,11,Jessie Bates,2026-10-02,ATL
/nfl/rankings/idp.php,weekly-idp,wo,Devin Bush Jr.,18237,LB,CHI,55.74,10.94,28,76,NA,devin-bush.php,NA,NA,27.4,NA,NA,NA,NA,-6,10,Devin Bush,2026-10-02,CHI
/nfl/rankings/idp.php,weekly-idp,wo,Daiyan Henley,25436,LB,LAC,57.13,11.62,35,99,NA,daiyanhenley.php,NA,NA,24.3,NA,NA,NA,NA,NA,7,Daiyan Henley,2026-10-02,LAC
/nfl/rankings/idp.php,weekly-idp,wo,Derrick Barnes,23210,LB,DET,61.22,17.92,13,98,NA,derrick-barnes.php,NA,NA,16,NA,NA,NA,NA,24,6,Derrick Barnes,2026-10-02,DET
/nfl/rankings/idp.php,weekly-idp,wo,Christian Elliss,23367,LB,NE,62.35,13.71,35,108,NA,christian-elliss.php,NA,NA,13.2,NA,NA,NA,NA,-24,11,Christian Elliss,2026-10-02,NEP
/nfl/rankings/idp.php,weekly-idp,wo,Mack Wilson Sr.,18251,LB,ARI,52.68,12.15,29,92,NA,mack-wilson.php,NA,NA,6.4,NA,NA,NA,NA,-41,14,Mack Wilson,2026-10-02,ARI
/nfl/rankings/idp.php,weekly-idp,wo,Xavier Watts,27067,DB,ATL,66.09,8.8,57,92,NA,xavier-watts.php,NA,NA,19.3,NA,NA,NA,NA,NA,11,Xavier Watts,2026-10-02,ATL
/nfl/rankings/idp.php,weekly-idp,wo,T.J. Edwards,18281,LB,CHI,66.3,15.94,37,113,NA,tj-edwards.php,NA,NA,10.8,NA,NA,NA,NA,NA,10,TJ Edwards,2026-10-02,CHI
/nfl/rankings/idp.php,weekly-idp,wo,Drue Tranquill,18459,LB,KC,68.22,12.59,46,111,NA,drue-tranquill.php,NA,NA,16.8,NA,NA,NA,NA,-22,5,Drue Tranquill,2026-10-02,KCC
/nfl/rankings/idp.php,weekly-idp,wo,Brandon Jones,19248,DB,DEN,68.26,6.97,50,81,NA,brandon-jones-s.php,NA,NA,6.3,NA,NA,NA,NA,7,10,Brandon Jones,2026-10-02,DEN
/nfl/rankings/idp.php,weekly-idp,wo,Jaquan Brisker,23719,DB,PIT,69.39,5.19,60,86,NA,jaquan-brisker.php,NA,NA,12.9,NA,NA,NA,NA,NA,9,Jaquan Brisker,2026-10-02,PIT
/nfl/rankings/idp.php,weekly-idp,wo,Kam Curl,19459,DB,LAR,58.14,9.09,37,80,NA,kamren-curl.php,NA,NA,29.7,NA,NA,NA,NA,-7,11,Kam Curl,2026-10-02,LAR
/nfl/rankings/idp.php,weekly-idp,wo,Joshua Metellus,19580,DB,MIN,72.74,4.18,67,82,NA,josh-metellus.php,NA,NA,9.7,NA,NA,NA,NA,NA,6,Joshua Metellus,2026-10-02,MIN
/nfl/rankings/idp.php,weekly-idp,wo,Cooper DeJean,26103,DB,PHI,64.05,6.02,54,77,NA,cooper-dejean.php,NA,NA,36.7,NA,NA,NA,NA,-13,10,Cooper DeJean,2026-10-02,PHI
/nfl/rankings/idp.php,weekly-idp,wo,Jalen Pitre,23721,DB,HOU,64.18,12.68,50,109,NA,jalen-pitre.php,NA,NA,14,NA,NA,NA,NA,-6,8,Jalen Pitre,2026-10-02,HOU
/nfl/rankings/idp.php,weekly-idp,wo,Jeffery Simmons,18207,DL,TEN,66.45,12.55,42,95,NA,jeffery-simmons.php,NA,NA,53.4,NA,NA,NA,NA,7,9,Jeffery Simmons,2026-10-02,TEN
/nfl/rankings/idp.php,weekly-idp,wo,Bobby Okereke,18678,LB,CAR,70.59,22.97,18,137,NA,bobby-okereke.php,NA,NA,11.3,NA,NA,NA,NA,NA,5,Bobby Okereke,2026-10-02,CAR
/nfl/rankings/idp.php,weekly-idp,wo,Tre'von Moehrig,22699,DB,CAR,71.14,13.15,50,114,NA,trevon-moehrig.php,NA,NA,17.6,NA,NA,NA,NA,-16,5,Trevon Moehrig,2026-10-02,CAR
/nfl/rankings/idp.php,weekly-idp,wo,T.J. Watt,16469,LB,PIT,75.14,11.16,59,116,NA,tj-watt.php,NA,NA,67.2,NA,NA,NA,NA,26,9,TJ Watt,2026-10-02,PIT
/nfl/rankings/idp.php,weekly-idp,wo,Devon Witherspoon,25243,DB,SEA,75.82,6.07,58,86,NA,devon-witherspoon.php,NA,NA,21.4,NA,NA,NA,NA,8,11,Devon Witherspoon,2026-10-02,SEA
/nfl/rankings/idp.php,weekly-idp,wo,Andrew Van Ginkel,18573,LB,MIN,79.59,7.15,68,93,NA,andrew-van-ginkel.php,NA,NA,51.6,NA,NA,NA,NA,13,6,Andrew Van Ginkel,2026-10-02,MIN
/nfl/rankings/idp.php,weekly-idp,wo,Cole Bishop,26229,DB,BUF,80.41,7.95,61,102,NA,cole-bishop.php,NA,NA,15.6,NA,NA,NA,NA,NA,7,Cole Bishop,2026-10-02,BUF
/nfl/rankings/idp.php,weekly-idp,wo,Nick Emmanwori,27053,DB,SEA,84.86,37.09,57,240,NA,nick-emmanwori.php,NA,NA,34.1,NA,NA,NA,NA,NA,11,Nick Emmanwori,2026-10-02,SEA
/nfl/rankings/idp.php,weekly-idp,wo,Quincy Williams,18679,LB,CLE,74.62,15.31,47,123,NA,quincy-williams.php,NA,NA,9.6,NA,NA,NA,NA,NA,11,Quincy Williams,2026-10-02,CLE
/nfl/rankings/idp.php,weekly-idp,wo,Divine Deablo,23208,LB,ATL,77.76,11.08,62,118,NA,divine-deablo.php,NA,NA,17.4,NA,NA,NA,NA,NA,11,Divine Deablo,2026-10-02,ATL
/nfl/rankings/idp.php,weekly-idp,wo,Xavier McKinney,19216,DB,GB,79.65,5.04,71,91,NA,xavier-mckinney.php,NA,NA,20,NA,NA,NA,NA,NA,11,Xavier McKinney,2026-10-02,GBP
/nfl/rankings/idp.php,weekly-idp,wo,Kamari Lassiter,26118,DB,HOU,84.6,5.8,74,97,NA,kamari-lassiter.php,NA,NA,23.2,NA,NA,NA,NA,NA,8,Kamari Lassiter,2026-10-02,HOU
/nfl/rankings/idp.php,weekly-idp,wo,Kevin Byard III,15635,DB,NE,86.85,14.2,62,121,NA,kevin-byard.php,NA,NA,19,NA,NA,NA,NA,-12,11,Kevin Byard,2026-10-02,NEP
/nfl/rankings/idp.php,weekly-idp,wo,Dre Greenlaw,18310,LB,SF,88.85,27.73,75,202,NA,dre-greenlaw.php,NA,NA,4.1,NA,NA,NA,NA,-21,8,Dre Greenlaw,2026-10-02,SFO
/nfl/rankings/idp.php,weekly-idp,wo,Grant Delpit,19203,DB,CLE,90.21,10.86,79,125,NA,grant-delpit.php,NA,NA,5,NA,NA,NA,NA,11,11,Grant Delpit,2026-10-02,CLE
/nfl/rankings/idp.php,weekly-idp,wo,Ventrell Miller,23477,LB,JAC,81.18,17.73,48,130,NA,ventrell-miller.php,NA,NA,15.8,NA,NA,NA,NA,NA,7,Ventrell Miller,2026-10-02,JAC
/nfl/rankings/idp.php,weekly-idp,wo,Alex Anzalone,16720,LB,TB,84.38,12.69,67,127,NA,alex-anzalone.php,NA,NA,9.7,NA,NA,NA,NA,-9,10,Alex Anzalone,2026-10-02,TBB
/nfl/rankings/idp.php,weekly-idp,wo,Andrew Wingard,18576,DB,ARI,89.25,12.7,62,114,NA,andrew-wingard.php,NA,NA,4.4,NA,NA,NA,NA,NA,14,Andrew Wingard,2026-10-02,ARI
/nfl/rankings/idp.php,weekly-idp,wo,Cam Bynum,22757,DB,IND,92.75,11.14,71,122,NA,camryn-bynum.php,NA,NA,6,NA,NA,NA,NA,-27,13,Cam Bynum,2026-10-02,IND
/nfl/rankings/idp.php,weekly-idp,wo,Dallas Turner,26097,DL,MIN,79.23,11.96,49,92,NA,dallas-turner.php,NA,NA,38.8,NA,NA,NA,NA,NA,6,Dallas Turner,2026-10-02,MIN
/nfl/rankings/idp.php,weekly-idp,wo,Alex Highsmith,19316,LB,PIT,97.62,21.19,81,154,NA,alex-highsmith.php,NA,NA,21.4,NA,NA,NA,NA,NA,9,Alex Highsmith,2026-10-02,PIT
/nfl/rankings/idp.php,weekly-idp,wo,DeForest Buckner,15494,DL,IND,99.08,15.17,83,142,NA,deforest-buckner.php,NA,NA,15.9,NA,NA,NA,NA,NA,13,DeForest Buckner,2026-10-02,IND
/nfl/rankings/idp.php,weekly-idp,wo,Greg Rousseau,19787,DL,BUF,79.5,20.12,34,111,NA,gregory-rousseau.php,NA,NA,61.7,NA,NA,NA,NA,NA,7,Gregory Rousseau,2026-10-02,BUF
/nfl/rankings/idp.php,weekly-idp,wo,Jake Hansen,24004,LB,HOU,93.33,15.66,79,140,NA,jake-hansen.php,NA,NA,1,NA,NA,NA,NA,-12,8,Jake Hansen,2026-10-02,HOU
/nfl/rankings/idp.php,weekly-idp,wo,Alontae Taylor,23747,DB,TEN,93.67,11.71,69,117,NA,alontae-taylor.php,NA,NA,8.7,NA,NA,NA,NA,NA,9,Alontae Taylor,2026-10-02,TEN
/nfl/rankings/idp.php,weekly-idp,wo,Abdul Carter,27022,DL,NYG,94.17,15.54,76,135,NA,abdul-carter.php,NA,NA,21.4,NA,NA,NA,NA,NA,8,Abdul Carter,2026-10-02,NYG
/nfl/rankings/idp.php,weekly-idp,wo,Trenton Simpson,24716,LB,BAL,105.58,60.72,51,281,NA,trenton-simpson.php,NA,NA,1.2,NA,NA,NA,NA,NA,13,Trenton Simpson,2026-10-02,BAL
/nfl/rankings/idp.php,weekly-idp,wo,Pete Werner,22809,LB,NO,108.33,30.42,84,192,NA,pete-werner.php,NA,NA,4.9,NA,NA,NA,NA,NA,8,Pete Werner,2026-10-02,NOS
/nfl/rankings/idp.php,weekly-idp,wo,Dee Winters,25579,LB,DAL,97.18,25.16,62,165,NA,dee-winters.php,NA,NA,4.6,NA,NA,NA,NA,NA,14,Dee Winters,2026-10-02,DAL
/nfl/rankings/idp.php,weekly-idp,wo,Danielle Hunter,14036,DL,HOU,100.55,19.63,59,134,NA,danielle-hunter.php,NA,NA,39.7,NA,NA,NA,NA,NA,8,Danielle Hunter,2026-10-02,HOU
/nfl/rankings/idp.php,weekly-idp,wo,Dorian Williams,25453,LB,BUF,89.9,11.78,59,105,NA,dorian-williams.php,NA,NA,2.3,NA,NA,NA,NA,NA,7,Dorian Williams,2026-10-02,BUF
/nfl/rankings/idp.php,weekly-idp,wo,Jaishawn Barham,28200,LB,DAL,116,50.17,54,222,NA,jaishawn-barham.php,NA,NA,7.5,NA,NA,NA,NA,-25,14,Jaishawn Barham,2026-10-02,DAL
/nfl/rankings/idp.php,weekly-idp,wo,Josiah Trotter,28077,LB,TB,65.44,30.49,13,98,NA,josiah-trotter.php,NA,NA,23,NA,NA,NA,NA,NA,10,Josiah Trotter,2026-10-02,TBB
/nfl/rankings/idp.php,weekly-idp,wo,Josh Hines-Allen,18201,DL,JAC,106.22,15.91,87,137,NA,josh-allen-olb.php,NA,NA,24.4,NA,NA,NA,NA,NA,7,Josh Hines-Allen,2026-10-02,JAC
/nfl/rankings/idp.php,weekly-idp,wo,Tuli Tuipulotu,25364,DL,LAC,113.25,24.81,86,149,NA,tuli-tuipulotu.php,NA,NA,31.2,NA,NA,NA,NA,NA,7,Tuli Tuipulotu,2026-10-02,LAC
/nfl/rankings/idp.php,weekly-idp,wo,Leonard Williams,13892,DL,SEA,115.38,31.52,82,176,NA,leonard-williams.php,NA,NA,18,NA,NA,NA,NA,NA,11,Leonard Williams,2026-10-02,SEA
/nfl/rankings/idp.php,weekly-idp,wo,Cedric Gray,26168,LB,TEN,124.63,47.69,84,230,NA,cedric-gray.php,NA,NA,26.2,NA,NA,NA,NA,-30,9,Cedric Gray,2026-10-02,TEN
/nfl/rankings/idp.php,weekly-idp,wo,C.J. Gardner-Johnson,18649,DB,BUF,94.43,11.46,85,120,NA,chauncey-gardner-johnson.php,NA,NA,2.6,NA,NA,NA,NA,-17,7,CJ Gardner-Johnson,2026-10-02,BUF
/nfl/rankings/idp.php,weekly-idp,wo,Lukas Van Ness,25291,DL,GB,126,36.39,92,191,NA,lukas-van-ness.php,NA,NA,12,NA,NA,NA,NA,NA,11,Lukas Van Ness,2026-10-02,GBP
/nfl/rankings/idp.php,weekly-idp,wo,Laiatu Latu,26096,DL,IND,126.71,33.84,92,181,NA,laiatu-latu.php,NA,NA,11.2,NA,NA,NA,NA,NA,13,Laiatu Latu,2026-10-02,IND
/nfl/rankings/idp.php,weekly-idp,wo,Dax Hill,24197,DB,CIN,95.5,5.06,88,101,NA,daxton-hill.php,NA,NA,10.8,NA,NA,NA,NA,NA,6,Daxton Hill,2026-10-02,CIN
/nfl/rankings/idp.php,weekly-idp,wo,George Karlaftis III,23501,DL,KC,128.67,33.59,86,178,NA,george-karlaftis-iii.php,NA,NA,6.2,NA,NA,NA,NA,NA,5,George Karlaftis,2026-10-02,KCC
/nfl/rankings/idp.php,weekly-idp,wo,Chuck Clark,16558,DB,DET,84.8,19.55,57,106,NA,chuck-clark.php,NA,NA,4.1,NA,NA,NA,NA,NA,6,Chuck Clark,2026-10-02,DET
/nfl/rankings/idp.php,weekly-idp,wo,David Bailey,27191,DL,NYJ,130.83,41.51,89,200,NA,david-bailey-edge.php,NA,NA,19.3,NA,NA,NA,NA,NA,13,David Bailey,2026-10-02,NYJ
/nfl/rankings/idp.php,weekly-idp,wo,Jevon Holland,22690,DB,NYG,88.8,42.36,21,137,NA,jevon-holland.php,NA,NA,12.2,NA,NA,NA,NA,NA,8,Jevon Holland,2026-10-02,NYG
/nfl/rankings/idp.php,weekly-idp,wo,Jaden Hicks,26231,DB,KC,140.33,61.52,100,276,NA,jaden-hicks.php,NA,NA,1.2,NA,NA,NA,NA,NA,5,Jaden Hicks,2026-10-02,KCC
/nfl/rankings/idp.php,weekly-idp,wo,Michael Taaffe,27277,DB,MIA,104,15.52,81,128,NA,michael-taaffe.php,NA,NA,1.2,NA,NA,NA,NA,NA,6,Michael Taaffe,2026-10-02,MIA
/nfl/rankings/idp.php,weekly-idp,wo,Mason Graham,27010,DL,CLE,151.67,63.62,84,241,NA,mason-graham.php,NA,NA,14.9,NA,NA,NA,NA,NA,11,Mason Graham,2026-10-02,CLE
/nfl/rankings/idp.php,weekly-idp,wo,Marques Sigle,27477,DB,SF,110.4,24.63,71,143,NA,marques-sigle.php,NA,NA,3.6,NA,NA,NA,NA,NA,8,Marques Sigle,2026-10-02,SFO
/nfl/rankings/idp.php,weekly-idp,wo,Ji'Ayir Brown,25258,DB,SF,110.6,16.81,84,135,NA,jiayir-brown.php,NA,NA,1.4,NA,NA,NA,NA,NA,8,JiAyir Brown,2026-10-02,SFO
/nfl/rankings/idp.php,weekly-idp,wo,Reed Blankenship,22754,DB,HOU,111,29.56,63,147,NA,reed-blankenship.php,NA,NA,5.1,NA,NA,NA,NA,NA,8,Reed Blankenship,2026-10-02,HOU
/nfl/rankings/idp.php,weekly-idp,wo,Byron Young,25449,DL,LAR,112.4,27.93,64,138,NA,byron-young-edge.php,NA,NA,28.3,NA,NA,NA,NA,NA,11,Byron Young,2026-10-02,LAR
/nfl/rankings/idp.php,weekly-idp,wo,Justin Strnad,19520,LB,DEN,118,33.83,93,184,NA,justin-strnad.php,NA,NA,1.8,NA,NA,NA,NA,NA,10,Justin Strnad,2026-10-02,DEN
/nfl/rankings/idp.php,weekly-idp,wo,Hezekiah Masses,28206,DB,LV,123.8,51.63,68,207,NA,hezekiah-masses.php,NA,NA,2.8,NA,NA,NA,NA,NA,13,Hezekiah Masses,2026-10-02,LVR
/nfl/rankings/idp.php,weekly-idp,wo,Omar Speights,26730,LB,LAR,129.2,58.56,50,214,NA,omar-speights.php,NA,NA,2.4,NA,NA,NA,NA,NA,11,Omar Speights,2026-10-02,LAR
/nfl/rankings/idp.php,weekly-idp,wo,L'Jarius Sneed,19671,DB,KC,129.4,28.83,96,179,NA,ljarius-sneed.php,NA,NA,1.7,NA,NA,NA,NA,-37,5,LJarius Sneed,2026-10-02,KCC
/nfl/rankings/idp.php,weekly-idp,wo,Chase Young,19195,DL,NO,131.8,48.84,70,200,NA,chase-young.php,NA,NA,12.3,NA,NA,NA,NA,NA,8,Chase Young,2026-10-02,NOS
/nfl/rankings/idp.php,weekly-idp,wo,Montez Sweat,18213,DL,CHI,135.4,38.18,87,188,NA,montez-sweat.php,NA,NA,12.2,NA,NA,NA,NA,NA,10,Montez Sweat,2026-10-02,CHI
/nfl/rankings/idp.php,weekly-idp,wo,Nik Bonitto,23763,DL,DEN,137.6,38.67,88,184,NA,nik-bonitto.php,NA,NA,34.2,NA,NA,NA,NA,NA,10,Nik Bonitto,2026-10-02,DEN
/nfl/rankings/idp.php,weekly-idp,wo,Jonas Sanker,27210,DB,NO,138,42.94,77,209,NA,jonas-sanker.php,NA,NA,5.2,NA,NA,NA,NA,NA,8,Jonas Sanker,2026-10-02,NOS
/nfl/rankings/idp.php,weekly-idp,wo,Jaelan Phillips,22734,DL,CAR,139.8,42.25,78,199,NA,jaelan-phillips.php,NA,NA,6.2,NA,NA,NA,NA,NA,5,Jaelan Phillips,2026-10-02,CAR
/nfl/rankings/idp.php,weekly-idp,wo,Julian Love,18243,DB,SEA,84.75,54.17,30,174,NA,julian-love.php,NA,NA,23.1,NA,NA,NA,NA,NA,11,Julian Love,2026-10-02,SEA
/nfl/rankings/idp.php,weekly-idp,wo,Derrick Brown,19205,DL,CAR,150.8,65.65,63,240,NA,derrick-brown.php,NA,NA,8.1,NA,NA,NA,NA,NA,5,Derrick Brown,2026-10-02,CAR
/nfl/rankings/idp.php,weekly-idp,wo,Riley Moss,25459,DB,DEN,107,33.2,60,146,NA,riley-moss.php,NA,NA,3.3,NA,NA,NA,NA,NA,10,Riley Moss,2026-10-02,DEN
/nfl/rankings/idp.php,weekly-idp,wo,Ronnie Hickman Jr.,25796,DB,CLE,107,29.06,65,142,NA,ronnie-hickman.php,NA,NA,2.4,NA,NA,NA,NA,NA,11,Ronnie Hickman,2026-10-02,CLE
/nfl/rankings/idp.php,weekly-idp,wo,Dante Trader Jr.,27090,DB,MIA,118.5,10.74,102,131,NA,dante-trader.php,NA,NA,1.6,NA,NA,NA,NA,NA,6,Dante Trader,2026-10-02,MIA
/nfl/rankings/idp.php,weekly-idp,wo,Antonio Johnson,24719,DB,JAC,119.25,16.19,101,145,NA,antonio-johnson-cb.php,NA,NA,1.6,NA,NA,NA,NA,NA,7,Antonio Johnson,2026-10-02,JAC
/nfl/rankings/idp.php,weekly-idp,wo,Jalen Ramsey,15491,DB,PIT,126.75,9.65,112,139,NA,jalen-ramsey.php,NA,NA,4.2,NA,NA,NA,NA,NA,9,Jalen Ramsey,2026-10-02,PIT
/nfl/rankings/idp.php,weekly-idp,wo,Byron Murphy Jr.,18220,DB,MIN,132.75,9.42,117,142,NA,byron-murphy.php,NA,NA,6.3,NA,NA,NA,NA,NA,6,Byron Murphy,2026-10-02,MIN
/nfl/rankings/idp.php,weekly-idp,wo,Malaki Starks,27017,DB,BAL,136,30.34,87,170,NA,malaki-starks.php,NA,NA,27.5,NA,NA,NA,NA,NA,13,Malaki Starks,2026-10-02,BAL
/nfl/rankings/idp.php,weekly-idp,wo,Trey Hendrickson,16719,DL,BAL,141,27.94,93,162,NA,trey-hendrickson.php,NA,NA,26.2,NA,NA,NA,NA,NA,13,Trey Hendrickson,2026-10-02,BAL
/nfl/rankings/idp.php,weekly-idp,wo,Andre Cisco,22715,DB,NYJ,144,75.78,54,264,NA,andre-cisco.php,NA,NA,1.1,NA,NA,NA,NA,NA,13,Andre Cisco,2026-10-02,NYJ
/nfl/rankings/idp.php,weekly-idp,wo,Jaylon Carlies,26465,LB,IND,148.25,45.94,105,216,NA,jaylon-carlies.php,NA,NA,0.9,NA,NA,NA,NA,NA,13,Jaylon Carlies,2026-10-02,IND
/nfl/rankings/idp.php,weekly-idp,wo,Bradley Chubb,17277,LB,BUF,152.5,24.14,117,183,NA,bradley-chubb.php,NA,NA,7.2,NA,NA,NA,NA,NA,7,Bradley Chubb,2026-10-02,BUF
/nfl/rankings/idp.php,weekly-idp,wo,Christian Izien,25867,DB,DET,93.33,26.4,64,128,NA,christian-izien.php,NA,NA,1,NA,NA,NA,NA,NA,6,Christian Izien,2026-10-02,DET
/nfl/rankings/idp.php,weekly-idp,wo,Del'Shawn Phillips,18858,LB,LAC,160.25,35.33,106,205,NA,delshawn-phillips.php,NA,NA,0.8,NA,NA,NA,NA,NA,7,DelShawn Phillips,2026-10-02,LAC
/nfl/rankings/idp.php,weekly-idp,wo,Jared Verse,25234,DL,CLE,160.5,36.67,101,201,NA,jared-verse.php,NA,NA,26.4,NA,NA,NA,NA,NA,11,Jared Verse,2026-10-02,CLE
/nfl/rankings/idp.php,weekly-idp,wo,D.J. Reed Jr.,17375,DB,DET,99,12.36,82,111,NA,dj-reed.php,NA,NA,3.8,NA,NA,NA,NA,NA,6,DJ Reed,2026-10-02,DET
/nfl/rankings/idp.php,weekly-idp,wo,Dane Belton,23914,DB,NYJ,100.33,22.9,76,131,NA,dane-belton.php,NA,NA,13.3,NA,NA,NA,NA,NA,13,Dane Belton,2026-10-02,NYJ
/nfl/rankings/idp.php,weekly-idp,wo,Odafe Oweh,22714,DL,WAS,165.75,29.65,120,203,NA,odafe-oweh.php,NA,NA,6.1,NA,NA,NA,NA,NA,7,Odafe Oweh,2026-10-02,WAS
/nfl/rankings/idp.php,weekly-idp,wo,Amik Robertson,19364,DB,WAS,103,14.35,83,116,NA,amik-robertson.php,NA,NA,4,NA,NA,NA,NA,NA,7,Amik Robertson,2026-10-02,WAS
/nfl/rankings/idp.php,weekly-idp,wo,Jeremy Reaves,17766,DB,WAS,105.67,20.07,90,134,NA,jeremy-reaves.php,NA,NA,3.3,NA,NA,NA,NA,NA,7,Jeremy Reaves,2026-10-02,WAS
/nfl/rankings/idp.php,weekly-idp,wo,Chris Johnson,9123,RB,FA,106,30.8,75,148,NA,chris-johnson.php,NA,NA,0,NA,NA,NA,NA,NA,NA,Chris Johnson,2026-10-02,FA
/nfl/rankings/idp.php,weekly-idp,wo,Kain Medrano,27533,LB,WAS,170,92.96,67,285,NA,kain-medrano.php,NA,NA,0.6,NA,NA,NA,NA,NA,7,Kain Medrano,2026-10-02,WAS
/nfl/rankings/idp.php,weekly-idp,wo,Cody Barton,18542,LB,TEN,171.75,52.98,96,244,NA,cody-barton.php,NA,NA,2.5,NA,NA,NA,NA,NA,9,Cody Barton,2026-10-02,TEN
/nfl/rankings/idp.php,weekly-idp,wo,Trent McDuffie,23492,DB,LAR,116.33,16.36,101,139,NA,trent-mcduffie.php,NA,NA,14.4,NA,NA,NA,NA,NA,11,Trent McDuffie,2026-10-02,LAR
/nfl/rankings/idp.php,weekly-idp,wo,Frankie Luvu,17963,LB,WAS,179,91.8,87,310,NA,frankie-luvu.php,NA,NA,5.7,NA,NA,NA,NA,NA,7,Frankie Luvu,2026-10-02,WAS
/nfl/rankings/idp.php,weekly-idp,wo,Travon Walker,23724,DL,JAC,179,51.23,98,226,NA,travon-walker.php,NA,NA,9.8,NA,NA,NA,NA,NA,7,Travon Walker,2026-10-02,JAC
/nfl/rankings/idp.php,weekly-idp,wo,Quinnen Williams,18200,DL,DAL,180.25,30.34,132,213,NA,quinnen-williams.php,NA,NA,10.4,NA,NA,NA,NA,NA,14,Quinnen Williams,2026-10-02,DAL
/nfl/rankings/idp.php,weekly-idp,wo,Marlon Humphrey,16390,DB,BAL,120.33,1.89,119,123,NA,marlon-humphrey.php,NA,NA,5.9,NA,NA,NA,NA,NA,13,Marlon Humphrey,2026-10-02,BAL
/nfl/rankings/idp.php,weekly-idp,wo,Renardo Green,26451,DB,SF,122.33,22.51,96,151,NA,renardo-green.php,NA,NA,1.2,NA,NA,NA,NA,NA,8,Renardo Green,2026-10-02,SFO
/nfl/rankings/idp.php,weekly-idp,wo,Keisean Nixon,18495,DB,GB,123,5.89,115,129,NA,keisean-nixon.php,NA,NA,6.9,NA,NA,NA,NA,NA,11,Keisean Nixon,2026-10-02,GBP
/nfl/rankings/idp.php,weekly-idp,wo,Jalyx Hunt,26337,LB,PHI,182.75,45.15,115,234,NA,jalyx-hunt.php,NA,NA,4.1,NA,NA,NA,NA,NA,10,Jalyx Hunt,2026-10-02,PHI
/nfl/rankings/idp.php,weekly-idp,wo,Zach Allen,18221,DL,DEN,184.5,82.99,52,274,NA,zach-allen.php,NA,NA,7,NA,NA,NA,NA,NA,10,Zach Allen,2026-10-02,DEN
/nfl/rankings/idp.php,weekly-idp,wo,Cameron Heyward,9862,DL,PIT,185.25,53.56,107,254,NA,cameron-heyward.php,NA,NA,9.1,NA,NA,NA,NA,NA,9,Cameron Heyward,2026-10-02,PIT
/nfl/rankings/idp.php,weekly-idp,wo,AJ Haulcy,28069,DB,IND,185.75,64.65,99,251,NA,aj-haulcy.php,NA,NA,8.9,NA,NA,NA,NA,NA,13,AJ Haulcy,2026-10-02,IND
/nfl/rankings/idp.php,weekly-idp,wo,Yaya Diaby,25264,DL,TB,187.5,40.38,126,231,NA,yaya-diaby.php,NA,NA,7,NA,NA,NA,NA,NA,10,YaYa Diaby,2026-10-02,TBB
/nfl/rankings/idp.php,weekly-idp,wo,Markquese Bell,24864,DB,DAL,130.33,26.34,96,160,NA,markquese-ball.php,NA,NA,0.7,NA,NA,NA,NA,NA,14,Markquese Bell,2026-10-02,DAL
/nfl/rankings/idp.php,weekly-idp,wo,DeMarvion Overshown,25314,LB,DAL,130.33,36.55,103,182,NA,demarvion-overshown.php,NA,NA,7.7,NA,NA,NA,NA,NA,14,DeMarvion Overshown,2026-10-02,DAL
/nfl/rankings/idp.php,weekly-idp,wo,Nick Herbig,25464,LB,PIT,188,54.99,104,248,NA,nick-herbig.php,NA,NA,5.8,NA,NA,NA,NA,NA,9,Nick Herbig,2026-10-02,PIT
/nfl/rankings/idp.php,weekly-idp,wo,Jalen Redmond,25777,DL,MIN,188.5,35.09,138,229,NA,jalen-redmond.php,NA,NA,6.1,NA,NA,NA,NA,NA,6,Jalen Redmond,2026-10-02,MIN
/nfl/rankings/idp.php,weekly-idp,wo,Justin Reid,17320,DB,NO,131.67,20.68,109,159,NA,justin-reid.php,NA,NA,2.2,NA,NA,NA,NA,NA,8,Justin Reid,2026-10-02,NOS
/nfl/rankings/idp.php,weekly-idp,wo,Carlton Davis III,17318,DB,NE,132.67,30.35,90,158,NA,carlton-davis.php,NA,NA,1.7,NA,NA,NA,NA,NA,11,Carlton Davis,2026-10-02,NEP
/nfl/rankings/idp.php,weekly-idp,wo,Kobie Turner,25283,DL,LAR,189.75,67.3,85,271,NA,kobie-turner.php,NA,NA,6.7,NA,NA,NA,NA,NA,11,Kobie Turner,2026-10-02,LAR
/nfl/rankings/idp.php,weekly-idp,wo,Khalil Mack,12169,LB,LAC,190.75,42.23,129,244,NA,khalil-mack.php,NA,NA,4.7,NA,NA,NA,NA,NA,7,Khalil Mack,2026-10-02,LAC
/nfl/rankings/idp.php,weekly-idp,wo,Donovan Ezeiruaku,27033,DL,DAL,191.5,38.84,134,239,NA,donovan-ezeiruaku.php,NA,NA,12.1,NA,NA,NA,NA,NA,14,Donovan Ezeiruaku,2026-10-02,DAL
/nfl/rankings/idp.php,weekly-idp,wo,Dexter Lawrence II,18211,DL,CIN,192.25,78.5,61,265,NA,dexter-lawrence.php,NA,NA,7.1,NA,NA,NA,NA,NA,6,Dexter Lawrence,2026-10-02,CIN
/nfl/rankings/idp.php,weekly-idp,wo,Zyon McCollum,24498,DB,TB,140,12.36,123,152,NA,zyon-mccollum.php,NA,NA,3.9,NA,NA,NA,NA,NA,10,Zyon McCollum,2026-10-02,TBB
/nfl/rankings/idp.php,weekly-idp,wo,Carl Granderson,18295,DL,NO,196.75,48.1,124,248,NA,carl-granderson.php,NA,NA,11.8,NA,NA,NA,NA,NA,8,Carl Granderson,2026-10-02,NOS
/nfl/rankings/idp.php,weekly-idp,wo,Tyler Nubin,26117,DB,NYG,143.33,38.56,99,193,NA,tyler-nubin.php,NA,NA,3,NA,NA,NA,NA,NA,8,Tyler Nubin,2026-10-02,NYG
/nfl/rankings/idp.php,weekly-idp,wo,Rashan Gary,18209,LB,DAL,198.25,36.98,144,238,NA,rashan-gary.php,NA,NA,11.4,NA,NA,NA,NA,NA,14,Rashan Gary,2026-10-02,DAL
/nfl/rankings/idp.php,weekly-idp,wo,Malik Muhammad II,27978,DB,CHI,146,24.91,125,181,NA,malik-muhammad.php,NA,NA,1,NA,NA,NA,NA,NA,10,Malik Muhammad,2026-10-02,CHI
/nfl/rankings/idp.php,weekly-idp,wo,Ed Oliver,18202,DL,BUF,202.5,70.63,88,268,NA,ed-oliver.php,NA,NA,6.1,NA,NA,NA,NA,NA,7,Ed Oliver,2026-10-02,BUF
/nfl/rankings/idp.php,weekly-idp,wo,Jonathan Allen,16371,DL,CIN,205.75,91.37,55,292,NA,jonathan-allen.php,NA,NA,3.8,NA,NA,NA,NA,NA,6,Jonathan Allen,2026-10-02,CIN
/nfl/rankings/idp.php,weekly-idp,wo,Jermaine Johnson II,23733,DL,TEN,210.25,44.95,149,263,NA,jermaine-johnson.php,NA,NA,1.8,NA,NA,NA,NA,NA,9,Jermaine Johnson,2026-10-02,TEN
/nfl/rankings/idp.php,weekly-idp,wo,Tavius Robinson,25478,DL,BAL,212.25,48,146,266,NA,tavius-robinson.php,NA,NA,1.2,NA,NA,NA,NA,NA,13,Tavius Robinson,2026-10-02,BAL
/nfl/rankings/idp.php,weekly-idp,wo,Jalen Carter,24703,DL,PHI,212.75,51.83,141,266,NA,jalen-carter.php,NA,NA,15.1,NA,NA,NA,NA,NA,10,Jalen Carter,2026-10-02,PHI
/nfl/rankings/idp.php,weekly-idp,wo,Mansoor Delane,27047,DB,KC,166.33,15.92,147,186,NA,mansoor-delane.php,NA,NA,7.2,NA,NA,NA,NA,NA,5,Mansoor Delane,2026-10-02,KCC
/nfl/rankings/idp.php,weekly-idp,wo,Dru Phillips,26164,DB,NYG,175.67,60.61,126,261,NA,andru-phillips.php,NA,NA,1.1,NA,NA,NA,NA,NA,8,Andru Phillips,2026-10-02,NYG
/nfl/rankings/idp.php,weekly-idp,wo,Nolan Smith Jr.,24711,DL,PHI,223.25,63.67,136,289,NA,nolan-smith.php,NA,NA,3.2,NA,NA,NA,NA,NA,10,Nolan Smith,2026-10-02,PHI
/nfl/rankings/idp.php,weekly-idp,wo,Sheldon Rankins,15596,DL,HOU,233,109.4,59,346,NA,sheldon-rankins.php,NA,NA,1.1,NA,NA,NA,NA,NA,8,Sheldon Rankins,2026-10-02,HOU
/nfl/rankings/idp.php,weekly-idp,wo,DaRon Bland,24551,DB,DAL,115,8,107,123,NA,daron-bland.php,NA,NA,8,NA,NA,NA,NA,NA,14,DaRon Bland,2026-10-02,DAL
/nfl/rankings/idp.php,weekly-idp,wo,Christian Gonzalez,25238,DB,NE,116,5,111,121,NA,christian-gonzalez.php,NA,NA,15,NA,NA,NA,NA,NA,11,Christian Gonzalez,2026-10-02,NEP
/nfl/rankings/idp.php,weekly-idp,wo,Elijah Ponder,27734,DL,NE,200,4.9,194,206,NA,elijah-ponder-de.php,NA,NA,1.5,NA,NA,NA,NA,NA,11,Elijah Ponder,2026-10-02,NEP
/nfl/rankings/idp.php,weekly-idp,wo,Jacob Parrish,27257,DB,TB,126,43,83,169,NA,jacob-parrish.php,NA,NA,1,NA,NA,NA,NA,NA,10,Jacob Parrish,2026-10-02,TBB
/nfl/rankings/idp.php,weekly-idp,wo,SirVocea Dennis,23990,LB,TB,131,28,103,159,NA,sirvocea-dennis.php,NA,NA,4.8,NA,NA,NA,NA,NA,10,SirVocea Dennis,2026-10-02,TBB
/nfl/rankings/idp.php,weekly-idp,wo,Nohl Williams,27214,DB,KC,133,9,124,142,NA,nohl-williams.php,NA,NA,1.8,NA,NA,NA,NA,NA,5,Nohl Williams,2026-10-02,KCC
/nfl/rankings/idp.php,weekly-idp,wo,Mike Hughes,17335,DB,ATL,134.5,12.5,122,147,NA,mike-hughes.php,NA,NA,0.8,NA,NA,NA,NA,NA,11,Mike Hughes,2026-10-02,ATL
/nfl/rankings/idp.php,weekly-idp,wo,Christian Rozeboom,19713,LB,TB,136.5,28.5,108,165,NA,christian-rozeboom.php,NA,NA,2,NA,NA,NA,NA,NA,10,Christian Rozeboom,2026-10-02,TBB
/nfl/rankings/idp.php,weekly-idp,wo,Roger McCreary,23713,DB,DET,137.5,30.5,107,168,NA,roger-mccreary.php,NA,NA,1.3,NA,NA,NA,NA,NA,6,Roger McCreary,2026-10-02,DET
/nfl/rankings/idp.php,weekly-idp,wo,DeMarcus Lawrence,12217,DL,SEA,212.33,27.01,188,250,NA,demarcus-lawrence.php,NA,NA,8.6,NA,NA,NA,NA,NA,11,DeMarcus Lawrence,2026-10-02,SEA
/nfl/rankings/idp.php,weekly-idp,wo,Alohi Gilman,19379,DB,KC,138.5,25.5,113,164,NA,alohi-gilman.php,NA,NA,4,NA,NA,NA,NA,NA,5,Alohi Gilman,2026-10-02,KCC
/nfl/rankings/idp.php,weekly-idp,wo,Azareye'h Thomas,27085,DB,NYJ,139,21,118,160,NA,azareyeh-thomas.php,NA,NA,1.3,NA,NA,NA,NA,NA,13,Azareyeh Thomas,2026-10-02,NYJ
/nfl/rankings/idp.php,weekly-idp,wo,Jamel Dean,18583,DB,PIT,141.5,1.5,140,143,NA,jamel-dean.php,NA,NA,1.9,NA,NA,NA,NA,NA,9,Jamel Dean,2026-10-02,PIT
/nfl/rankings/idp.php,weekly-idp,wo,Zach Sieler,17548,DL,MIA,215.67,18.35,191,235,NA,zach-sieler.php,NA,NA,2.6,NA,NA,NA,NA,NA,6,Zach Sieler,2026-10-02,MIA
/nfl/rankings/idp.php,weekly-idp,wo,Teddye Buchanan,27146,LB,BAL,245,145.04,118,448,NA,teddye-buchanan.php,NA,NA,2,NA,NA,NA,NA,NA,13,Teddye Buchanan,2026-10-02,BAL
/nfl/rankings/idp.php,weekly-idp,wo,Kool-Aid McKinstry,26098,DB,NO,145.5,11.5,134,157,NA,kool-aid-mckinstry.php,NA,NA,8.6,NA,NA,NA,NA,NA,8,Kool-Aid McKinstry,2026-10-02,NOS
/nfl/rankings/idp.php,weekly-idp,wo,Isaiah Rodgers Sr.,19821,DB,MIN,148,9,139,157,NA,isaiah-rodgers.php,NA,NA,1.2,NA,NA,NA,NA,NA,6,Isaiah Rodgers,2026-10-02,MIN
/nfl/rankings/idp.php,weekly-idp,wo,Deommodore Lenoir,19282,DB,SF,149,9,140,158,NA,deommodore-lenoir.php,NA,NA,1.7,NA,NA,NA,NA,NA,8,Deommodore Lenoir,2026-10-02,SFO
/nfl/rankings/idp.php,weekly-idp,wo,Josh Jobe,22720,DB,SEA,150,9,141,159,NA,josh-jobe.php,NA,NA,1.6,NA,NA,NA,NA,NA,11,Josh Jobe,2026-10-02,SEA
/nfl/rankings/idp.php,weekly-idp,wo,Marcus Harris,27536,DB,TEN,225.67,124.11,73,377,NA,marcus-harris-db.php,NA,NA,1.2,NA,NA,NA,NA,NA,9,Marcus Harris,2026-10-02,TEN
/nfl/rankings/idp.php,weekly-idp,wo,Bryan Cook,23854,DB,CIN,152,37,115,189,NA,bryan-cook.php,NA,NA,1.6,NA,NA,NA,NA,NA,6,Bryan Cook,2026-10-02,CIN
/nfl/rankings/idp.php,weekly-idp,wo,Troy Dye,19269,LB,LAC,222,107.69,75,330,NA,troy-dye.php,NA,NA,0.9,NA,NA,NA,NA,NA,7,Troy Dye,2026-10-02,LAC
/nfl/rankings/idp.php,weekly-idp,wo,Taron Johnson,17431,DB,LV,154,15,139,169,NA,taron-johnson.php,NA,NA,2.3,NA,NA,NA,NA,NA,13,Taron Johnson,2026-10-02,LVR
/nfl/rankings/idp.php,weekly-idp,wo,Nate Wiggins,26100,DB,BAL,162,1,161,163,NA,nate-wiggins.php,NA,NA,7.3,NA,NA,NA,NA,NA,13,Nate Wiggins,2026-10-02,BAL
/nfl/rankings/idp.php,weekly-idp,wo,Denzel Burke,26107,DB,ARI,162.5,9.5,153,172,NA,denzel-burke.php,NA,NA,0.6,NA,NA,NA,NA,NA,14,Denzel Burke,2026-10-02,ARI
/nfl/rankings/idp.php,weekly-idp,wo,Tommy Togiai,22784,DL,HOU,229.33,27.96,193,261,NA,tommy-togiai.php,NA,NA,7,NA,NA,NA,NA,NA,8,Tommy Togiai,2026-10-02,HOU
/nfl/rankings/idp.php,weekly-idp,wo,Andrew Mukuba,27081,DB,PHI,164,21,143,185,NA,andrew-mukuba.php,NA,NA,5.4,NA,NA,NA,NA,NA,10,Andrew Mukuba,2026-10-02,PHI
/nfl/rankings/idp.php,weekly-idp,wo,Rayshawn Jenkins,16616,DB,PIT,164.5,59.5,105,224,NA,rayshawn-jenkins.php,NA,NA,0.7,NA,NA,NA,NA,NA,9,Rayshawn Jenkins,2026-10-02,PIT
/nfl/rankings/idp.php,weekly-idp,wo,Kendal Daniels,28290,DB,ATL,231.33,49.6,174,295,NA,kendal-daniels.php,NA,NA,1.4,NA,NA,NA,NA,NA,11,Kendal Daniels,2026-10-02,ATL
/nfl/rankings/idp.php,weekly-idp,wo,Eric Murray,15653,DB,JAC,168,4,164,172,NA,eric-murray.php,NA,NA,1,NA,NA,NA,NA,NA,7,Eric Murray,2026-10-02,JAC
/nfl/rankings/idp.php,weekly-idp,wo,Cam Lewis,18724,DB,CHI,168.5,54.5,114,223,NA,cam-lewis.php,NA,NA,2.6,NA,NA,NA,NA,NA,10,Cam Lewis,2026-10-02,CHI
/nfl/rankings/idp.php,weekly-idp,wo,Genesis Smith,28194,DB,LAC,232.67,128.46,51,325,NA,genesis-smith.php,NA,NA,2,NA,NA,NA,NA,NA,7,Genesis Smith,2026-10-02,LAC
/nfl/rankings/idp.php,weekly-idp,wo,Brandon Stephens,14469,DB,NYJ,169,24,145,193,NA,brandon-stephens.php,NA,NA,1.2,NA,NA,NA,NA,NA,13,Brandon Stephens,2026-10-02,NYJ
/nfl/rankings/idp.php,weekly-idp,wo,Harold Perkins Jr.,27021,LB,ATL,233.33,47.06,168,277,NA,harold-perkins-jr.php,NA,NA,1,NA,NA,NA,NA,NA,11,Harold Perkins,2026-10-02,ATL
/nfl/rankings/idp.php,weekly-idp,wo,Derek Stingley Jr.,23498,DB,HOU,170.5,20.5,150,191,NA,derek-stingley-jr.php,NA,NA,3.8,NA,NA,NA,NA,NA,8,Derek Stingley,2026-10-02,HOU
/nfl/rankings/idp.php,weekly-idp,wo,Tyson Campbell,22706,DB,CLE,170.5,19.5,151,190,NA,tyson-campbell.php,NA,NA,6,NA,NA,NA,NA,NA,11,Tyson Campbell,2026-10-02,CLE
/nfl/rankings/idp.php,weekly-idp,wo,Jason Marshall Jr.,26151,DB,MIA,170.5,9.5,161,180,NA,jason-marshall-jr.php,NA,NA,0.7,NA,NA,NA,NA,NA,6,Jason Marshall,2026-10-02,MIA
/nfl/rankings/idp.php,weekly-idp,wo,Julian Blackmon,19394,DB,NO,172,34,138,206,NA,julian-blackmon.php,NA,NA,0.9,NA,NA,NA,NA,NA,8,Julian Blackmon,2026-10-02,NOS
/nfl/rankings/idp.php,weekly-idp,wo,C.J. Henderson,19218,DB,ATL,172.5,23.5,149,196,NA,cj-henderson.php,NA,NA,1.3,NA,NA,NA,NA,NA,11,CJ Henderson,2026-10-02,ATL
/nfl/rankings/idp.php,weekly-idp,wo,Jaylinn Hawkins,19769,DB,BAL,175.5,2.5,173,178,NA,jaylinn-hawkins.php,NA,NA,0.7,NA,NA,NA,NA,NA,13,Jaylinn Hawkins,2026-10-02,BAL
/nfl/rankings/idp.php,weekly-idp,wo,Malcolm Koonce,22773,DL,LV,270.75,114.78,79,370,NA,malcolm-koonce.php,NA,NA,1,NA,NA,NA,NA,NA,13,Malcolm Koonce,2026-10-02,LVR
/nfl/rankings/idp.php,weekly-idp,wo,Will Lee III,28468,DB,CAR,176.5,46.5,130,223,NA,will-lee.php,NA,NA,1,NA,NA,NA,NA,NA,5,Will Lee,2026-10-02,CAR
/nfl/rankings/idp.php,weekly-idp,wo,Denzel Ward,17314,DB,CLE,180,24,156,204,NA,denzel-ward.php,NA,NA,1.1,NA,NA,NA,NA,NA,11,Denzel Ward,2026-10-02,CLE
/nfl/rankings/idp.php,weekly-idp,wo,Quinyon Mitchell,26106,DB,PHI,180,18,162,198,NA,quinyon-mitchell.php,NA,NA,2,NA,NA,NA,NA,NA,10,Quinyon Mitchell,2026-10-02,PHI
/nfl/rankings/idp.php,weekly-idp,wo,Cameron Thomas,23737,DL,ATL,240.67,21.01,211,257,NA,cameron-thomas.php,NA,NA,0.7,NA,NA,NA,NA,NA,11,Cameron Thomas,2026-10-02,ATL
/nfl/rankings/idp.php,weekly-idp,wo,Isaiah McGuire,25299,DL,CLE,241.33,32.97,195,269,NA,isaiah-mcguire.php,NA,NA,0.8,NA,NA,NA,NA,NA,11,Isaiah McGuire,2026-10-02,CLE
/nfl/rankings/idp.php,weekly-idp,wo,Willie Gay Jr.,19480,LB,MIA,242.67,25.1,222,278,NA,willie-gay.php,NA,NA,1.7,NA,NA,NA,NA,NA,6,Willie Gay,2026-10-02,MIA
/nfl/rankings/idp.php,weekly-idp,wo,Pat Surtain II,23609,DB,DEN,184.5,9.5,175,194,NA,patrick-surtain-ii.php,NA,NA,8.2,NA,NA,NA,NA,NA,10,Patrick Surtain,2026-10-02,DEN
/nfl/rankings/idp.php,weekly-idp,wo,Jourdan Lewis,16632,DB,JAC,243.33,70.81,144,304,NA,jourdan-lewis.php,NA,NA,0.8,NA,NA,NA,NA,NA,7,Jourdan Lewis,2026-10-02,JAC
/nfl/rankings/idp.php,weekly-idp,wo,Greg Newsome II,23238,DB,NYG,187.5,16.5,171,204,NA,greg-newsome-db.php,NA,NA,0.6,NA,NA,NA,NA,NA,8,Greg Newsome,2026-10-02,NYG
/nfl/rankings/idp.php,weekly-idp,wo,Josaiah Stewart,27034,DL,LAR,245.67,26.91,210,275,NA,josaiah-stewart.php,NA,NA,0.7,NA,NA,NA,NA,NA,11,Josaiah Stewart,2026-10-02,LAR
/nfl/rankings/idp.php,weekly-idp,wo,Christian Benford,24565,DB,BUF,189.5,13.5,176,203,NA,christian-benford.php,NA,NA,1.3,NA,NA,NA,NA,NA,7,Christian Benford,2026-10-02,BUF
/nfl/rankings/idp.php,weekly-idp,wo,Tarheeb Still,26467,DB,LAC,189.5,9.5,180,199,NA,tarheeb-still.php,NA,NA,1.3,NA,NA,NA,NA,NA,7,Tarheeb Still,2026-10-02,LAC
/nfl/rankings/idp.php,weekly-idp,wo,Marcus Jones,23890,DB,NE,189.5,6.5,183,196,NA,marcus-jones.php,NA,NA,23.5,NA,NA,NA,NA,NA,11,Marcus Jones,2026-10-02,NEP
/nfl/rankings/idp.php,weekly-idp,wo,Max Melton,25366,DB,ARI,190.5,68.5,122,259,NA,max-melton.php,NA,NA,0.6,NA,NA,NA,NA,NA,14,Max Melton,2026-10-02,ARI
/nfl/rankings/idp.php,weekly-idp,wo,Riq Woolen,23881,DB,PHI,191.5,24.5,167,216,NA,tariq-woolen.php,NA,NA,1.1,NA,NA,NA,NA,NA,10,Tariq Woolen,2026-10-02,PHI
/nfl/rankings/idp.php,weekly-idp,wo,Gabe Jacas,27959,LB,NE,192,6,186,198,NA,gabe-jacas.php,NA,NA,1.5,NA,NA,NA,NA,NA,11,Gabe Jacas,2026-10-02,NEP
/nfl/rankings/idp.php,weekly-idp,wo,Sauce Gardner,23472,DB,IND,195.5,21.5,174,217,NA,ahmad-gardner.php,NA,NA,2.5,NA,NA,NA,NA,NA,13,Ahmad Gardner,2026-10-02,IND
/nfl/rankings/idp.php,weekly-idp,wo,Cor'Dale Flott,24541,DB,TEN,196.5,17.5,179,214,NA,cordale-flott.php,NA,NA,1,NA,NA,NA,NA,NA,9,CorDale Flott,2026-10-02,TEN
/nfl/rankings/idp.php,weekly-idp,wo,Boye Mafe,23736,DL,CIN,252.67,25.22,217,271,NA,boye-mafe.php,NA,NA,9.7,NA,NA,NA,NA,NA,6,Boye Mafe,2026-10-02,CIN
/nfl/rankings/idp.php,weekly-idp,wo,Charvarius Ward,17763,DB,IND,200,18,182,218,NA,charvarius-ward.php,NA,NA,0.8,NA,NA,NA,NA,NA,13,Charvarius Ward,2026-10-02,IND
/nfl/rankings/idp.php,weekly-idp,wo,Justin Eboigbe,23782,DL,LAC,254.33,53.48,194,324,NA,justin-eboigbe.php,NA,NA,0.7,NA,NA,NA,NA,NA,7,Justin Eboigbe,2026-10-02,LAC
/nfl/rankings/idp.php,weekly-idp,wo,Jowon Briggs,26485,DL,NYJ,254.33,42.07,202,305,NA,jowon-briggs.php,NA,NA,0.8,NA,NA,NA,NA,NA,13,Jowon Briggs,2026-10-02,NYJ
/nfl/rankings/idp.php,weekly-idp,wo,Austin Booker,26313,LB,CHI,254.67,35.31,205,284,NA,austin-booker.php,NA,NA,6.1,NA,NA,NA,NA,NA,10,Austin Booker,2026-10-02,CHI
/nfl/rankings/idp.php,weekly-idp,wo,DJ Turner II,25262,DB,CIN,202,25,177,227,NA,dj-turner-cb.php,NA,NA,1,NA,NA,NA,NA,NA,6,DJ Turner,2026-10-02,CIN
/nfl/rankings/idp.php,weekly-idp,wo,Jonah Elliss,26157,LB,DEN,256.33,45.97,197,309,NA,jonah-elliss.php,NA,NA,0.8,NA,NA,NA,NA,NA,10,Jonah Elliss,2026-10-02,DEN
/nfl/rankings/idp.php,weekly-idp,wo,Brandon Dorlus,26184,DL,ATL,256.67,42.08,204,307,NA,brandon-dorlus.php,NA,NA,0.6,NA,NA,NA,NA,NA,11,Brandon Dorlus,2026-10-02,ATL
/nfl/rankings/idp.php,weekly-idp,wo,Akayleb Evans,23744,DB,CAR,206.5,43.5,163,250,NA,akayleb-evans.php,NA,NA,1.2,NA,NA,NA,NA,NA,5,Akayleb Evans,2026-10-02,CAR
/nfl/rankings/idp.php,weekly-idp,wo,Montaric Brown,23932,DB,JAC,208.5,19.5,189,228,NA,montaric-brown.php,NA,NA,1.2,NA,NA,NA,NA,NA,7,Montaric Brown,2026-10-02,JAC
/nfl/rankings/idp.php,weekly-idp,wo,Chris Jones,15620,DL,KC,259.33,39.85,203,289,NA,chris-jones-dl.php,NA,NA,5.6,NA,NA,NA,NA,NA,5,Chris Jones,2026-10-02,KCC
/nfl/rankings/idp.php,weekly-idp,wo,Walter Nolen III,27030,DL,ARI,259.67,46.78,206,320,NA,walter-nolen.php,NA,NA,1,NA,NA,NA,NA,NA,14,Walter Nolen,2026-10-02,ARI
/nfl/rankings/idp.php,weekly-idp,wo,Arden Key,17279,DL,IND,260.67,21.45,231,281,NA,arden-key.php,NA,NA,0.8,NA,NA,NA,NA,NA,13,Arden Key,2026-10-02,IND
/nfl/rankings/idp.php,weekly-idp,wo,Jaylon Johnson,19254,DB,CHI,212.5,4.5,208,217,NA,jaylon-johnson.php,NA,NA,1.8,NA,NA,NA,NA,NA,10,Jaylon Johnson,2026-10-02,CHI
/nfl/rankings/idp.php,weekly-idp,wo,Cam Hart,26233,DB,LAC,214.5,17.5,197,232,NA,cam-hart.php,NA,NA,0.8,NA,NA,NA,NA,NA,7,Cam Hart,2026-10-02,LAC
/nfl/rankings/idp.php,weekly-idp,wo,Chop Robinson,26105,DL,MIA,264.33,27.35,226,288,NA,chop-robinson.php,NA,NA,3.1,NA,NA,NA,NA,NA,6,Chop Robinson,2026-10-02,MIA
/nfl/rankings/idp.php,weekly-idp,wo,Brandon Cisse,28075,DB,GB,216.5,8.5,208,225,NA,brandon-cisse.php,NA,NA,3,NA,NA,NA,NA,NA,11,Brandon Cisse,2026-10-02,GBP
/nfl/rankings/idp.php,weekly-idp,wo,Kwity Paye,22682,DL,LV,264.67,52.03,192,311,NA,kwity-paye.php,NA,NA,1.8,NA,NA,NA,NA,NA,13,Kwity Paye,2026-10-02,LVR
/nfl/rankings/idp.php,weekly-idp,wo,Patrick Jones II,23254,DL,CAR,266,32.34,223,301,NA,patrick-jones-de.php,NA,NA,0.9,NA,NA,NA,NA,NA,5,Patrick Jones,2026-10-02,CAR
/nfl/rankings/idp.php,weekly-idp,wo,Rueben Bain Jr.,28772,DL,TB,266.33,33.81,222,304,NA,rueben-bain.php,NA,NA,17.4,NA,NA,NA,NA,NA,10,Rueben Bain,2026-10-02,TBB
/nfl/rankings/idp.php,weekly-idp,wo,Calen Bullock,26111,DB,HOU,219.5,17.5,202,237,NA,calen-bullock.php,NA,NA,1.6,NA,NA,NA,NA,NA,8,Calen Bullock,2026-10-02,HOU
/nfl/rankings/idp.php,weekly-idp,wo,Chauncey Golston,23244,DL,NYG,266.67,36.57,216,301,NA,chauncey-golston.php,NA,NA,0.7,NA,NA,NA,NA,NA,8,Chauncey Golston,2026-10-02,NYG
/nfl/rankings/idp.php,weekly-idp,wo,Osa Odighizuwa,22816,DL,SF,267.67,43.25,209,312,NA,osa-odighizuwa.php,NA,NA,1.2,NA,NA,NA,NA,NA,8,Osa Odighizuwa,2026-10-02,SFO
/nfl/rankings/idp.php,weekly-idp,wo,Lathan Ransom,24724,DB,CAR,222.5,73.5,149,296,NA,lathan-ransom.php,NA,NA,1,NA,NA,NA,NA,NA,5,Lathan Ransom,2026-10-02,CAR
/nfl/rankings/idp.php,weekly-idp,wo,Josh Uche,19257,DL,MIA,269.67,38.82,221,316,NA,josh-uche.php,NA,NA,1.3,NA,NA,NA,NA,NA,6,Josh Uche,2026-10-02,MIA
/nfl/rankings/idp.php,weekly-idp,wo,Milton Williams,23209,DL,NE,270.33,46.33,208,319,NA,milton-williams.php,NA,NA,3.3,NA,NA,NA,NA,NA,11,Milton Williams,2026-10-02,NEP
/nfl/rankings/idp.php,weekly-idp,wo,Javon Bullard,26121,DB,GB,226,7,219,233,NA,javon-bullard.php,NA,NA,1.3,NA,NA,NA,NA,NA,11,Javon Bullard,2026-10-02,GBP
/nfl/rankings/idp.php,weekly-idp,wo,Byron Murphy II,26221,DL,SEA,271,42.53,215,318,NA,byron-murphy-ii.php,NA,NA,5,NA,NA,NA,NA,NA,11,Byron Murphy,2026-10-02,SEA
/nfl/rankings/idp.php,weekly-idp,wo,Upton Stout,27246,DB,SF,226.5,5.5,221,232,NA,upton-stout.php,NA,NA,1.2,NA,NA,NA,NA,NA,8,Upton Stout,2026-10-02,SFO
/nfl/rankings/idp.php,weekly-idp,wo,Eric Stokes,22708,DB,LV,228,13,215,241,NA,eric-stokes.php,NA,NA,0.7,NA,NA,NA,NA,NA,13,Eric Stokes,2026-10-02,LVR
/nfl/rankings/idp.php,weekly-idp,wo,Grover Stewart,16580,DL,IND,272.33,38.47,218,302,NA,grover-stewart.php,NA,NA,2.2,NA,NA,NA,NA,NA,13,Grover Stewart,2026-10-02,IND
/nfl/rankings/idp.php,weekly-idp,wo,Kingsley Enagbare,23487,DL,NYJ,273.33,33,230,310,NA,kingsley-enagbare.php,NA,NA,1.5,NA,NA,NA,NA,NA,13,Kingsley Enagbare,2026-10-02,NYJ
/nfl/rankings/idp.php,weekly-idp,wo,Jarvis Brownlee Jr.,26450,DB,NYJ,230,35,195,265,NA,jarvis-brownlee.php,NA,NA,0.6,NA,NA,NA,NA,NA,13,Jarvis Brownlee,2026-10-02,NYJ
/nfl/rankings/idp.php,weekly-idp,wo,Vita Vea,17322,DL,TB,274,43.87,212,307,NA,tevita-tuliakiono-tuipulotu-mosese-vahae-fehoko-faletau-vea.php,NA,NA,1.3,NA,NA,NA,NA,NA,10,Vita Vea,2026-10-02,TBB
/nfl/rankings/idp.php,weekly-idp,wo,Quincy Riley,27061,DB,NO,231,26,205,257,NA,quincy-riley.php,NA,NA,0.6,NA,NA,NA,NA,NA,8,Quincy Riley,2026-10-02,NOS
/nfl/rankings/idp.php,weekly-idp,wo,Deone Walker,27014,DL,BUF,275.33,45.73,219,331,NA,deone-walker.php,NA,NA,2.7,NA,NA,NA,NA,NA,7,Deone Walker,2026-10-02,BUF
/nfl/rankings/idp.php,weekly-idp,wo,Hunter Wohler,27240,DB,IND,279,93.56,150,369,NA,hunter-wohler.php,NA,NA,0.7,NA,NA,NA,NA,NA,13,Hunter Wohler,2026-10-02,IND
/nfl/rankings/idp.php,weekly-idp,wo,Malcolm Rodriguez,23822,LB,DET,288.67,89.46,177,396,NA,malcolm-rodriguez.php,NA,NA,1.3,NA,NA,NA,NA,NA,6,Malcolm Rodriguez,2026-10-02,DET
/nfl/rankings/idp.php,weekly-idp,wo,Ja'Quan McMillian,24819,DB,DEN,235.5,0.5,235,236,NA,jaquan-mcmillian.php,NA,NA,1.1,NA,NA,NA,NA,NA,10,JaQuan McMillian,2026-10-02,DEN
/nfl/rankings/idp.php,weekly-idp,wo,Byron Young,23786,DL,PHI,276,166,110,442,NA,byron-young.php,NA,NA,0.7,NA,NA,NA,NA,NA,10,Byron Young,2026-10-02,PHI
/nfl/rankings/idp.php,weekly-idp,wo,Dee Alford,23703,DB,BUF,236.5,18.5,218,255,NA,dee-alford.php,NA,NA,1.1,NA,NA,NA,NA,NA,7,Dee Alford,2026-10-02,BUF
/nfl/rankings/idp.php,weekly-idp,wo,Colton Hood,28051,DB,NYG,240.5,53.5,187,294,NA,colton-hood.php,NA,NA,1.5,NA,NA,NA,NA,NA,8,Colton Hood,2026-10-02,NYG
/nfl/rankings/idp.php,weekly-idp,wo,Jonathan Greenard,19276,DL,PHI,281,51.66,242,354,NA,jonathan-greenard.php,NA,NA,10.4,NA,NA,NA,NA,NA,10,Jonathan Greenard,2026-10-02,PHI
/nfl/rankings/idp.php,weekly-idp,wo,Jarrian Jones,26334,DB,JAC,243.5,24.5,219,268,NA,jarrian-jones.php,NA,NA,0.9,NA,NA,NA,NA,NA,7,Jarrian Jones,2026-10-02,JAC
/nfl/rankings/idp.php,weekly-idp,wo,Maxwell Hairston,27070,DB,BUF,245.5,12.5,233,258,NA,maxwell-hairston.php,NA,NA,0.9,NA,NA,NA,NA,NA,7,Maxwell Hairston,2026-10-02,BUF
/nfl/rankings/idp.php,weekly-idp,wo,K'Lavon Chaisson,19228,DL,WAS,284,36.4,238,327,NA,klavon-chaisson.php,NA,NA,1.6,NA,NA,NA,NA,NA,7,KLavon Chaisson,2026-10-02,WAS
/nfl/rankings/idp.php,weekly-idp,wo,Josh Sweat,17363,DL,ARI,284,24.86,257,317,NA,josh-sweat.php,NA,NA,2.9,NA,NA,NA,NA,NA,14,Josh Sweat,2026-10-02,ARI
/nfl/rankings/idp.php,weekly-idp,wo,Quan Martin,25461,DB,WAS,249,57,192,306,NA,jartavius-martin.php,NA,NA,1.7,NA,NA,NA,NA,NA,7,Jartavius Martin,2026-10-02,WAS
/nfl/rankings/idp.php,weekly-idp,wo,Derick Hall,24697,DL,SEA,287.33,32.72,243,321,NA,derick-hall.php,NA,NA,1.1,NA,NA,NA,NA,NA,11,Derick Hall,2026-10-02,SEA
/nfl/rankings/idp.php,weekly-idp,wo,Garret Wallow,23206,LB,SF,252,25,227,277,NA,garret-wallow.php,NA,NA,0.8,NA,NA,NA,NA,NA,8,Garret Wallow,2026-10-02,SFO
/nfl/rankings/idp.php,weekly-idp,wo,Jordan Davis,22761,DL,PHI,288.33,53.32,213,329,NA,jordan-davis.php,NA,NA,5.4,NA,NA,NA,NA,NA,10,Jordan Davis,2026-10-02,PHI
/nfl/rankings/idp.php,weekly-idp,wo,Rasul Douglas,16640,DB,WAS,254,8,246,262,NA,rasul-douglas.php,NA,NA,1.6,NA,NA,NA,NA,NA,7,Rasul Douglas,2026-10-02,WAS
/nfl/rankings/idp.php,weekly-idp,wo,Myles Murphy,24709,DL,CIN,289.67,42.9,236,341,NA,myles-murphy.php,NA,NA,1.5,NA,NA,NA,NA,NA,6,Myles Murphy,2026-10-02,CIN
/nfl/rankings/idp.php,weekly-idp,wo,DJ Wonnum,19355,DL,DET,291,26.92,253,312,NA,dj-wonnum.php,NA,NA,1.9,NA,NA,NA,NA,NA,6,DJ Wonnum,2026-10-02,DET
/nfl/rankings/idp.php,weekly-idp,wo,Kayvon Thibodeaux,23484,DL,NYG,291,33.26,266,338,NA,kayvon-thibodeaux.php,NA,NA,8.9,NA,NA,NA,NA,NA,8,Kayvon Thibodeaux,2026-10-02,NYG
/nfl/rankings/idp.php,weekly-idp,wo,Grady Jarrett,14045,DL,CHI,291.67,33.49,245,322,NA,grady-jarrett.php,NA,NA,1.2,NA,NA,NA,NA,NA,10,Grady Jarrett,2026-10-02,CHI
/nfl/rankings/idp.php,weekly-idp,wo,Justin Walley,27313,DB,IND,257.5,45.5,212,303,NA,justin-walley.php,NA,NA,0.6,NA,NA,NA,NA,NA,13,Justin Walley,2026-10-02,IND
/nfl/rankings/idp.php,weekly-idp,wo,Daron Payne,17281,DL,WAS,292.67,41.36,235,330,NA,daron-payne.php,NA,NA,1.4,NA,NA,NA,NA,NA,7,DaRon Payne,2026-10-02,WAS
/nfl/rankings/idp.php,weekly-idp,wo,Keionte Scott,28185,DB,TB,259.5,7.5,252,267,NA,keionte-scott.php,NA,NA,1.6,NA,NA,NA,NA,NA,10,Keionte Scott,2026-10-02,TBB
/nfl/rankings/idp.php,weekly-idp,wo,Alim McNeill,22765,DL,DET,293.33,50.16,224,341,NA,alim-mcneill.php,NA,NA,1,NA,NA,NA,NA,NA,6,Alim McNeill,2026-10-02,DET
/nfl/rankings/idp.php,weekly-idp,wo,Asante Samuel Jr.,23240,DB,PIT,264.5,18.5,246,283,NA,asante-samuel-jr.php,NA,NA,0.8,NA,NA,NA,NA,NA,9,Asante Samuel,2026-10-02,PIT
/nfl/rankings/idp.php,weekly-idp,wo,JuJu Brents,25285,DB,MIA,267,20,247,287,NA,julius-brents.php,NA,NA,0.7,NA,NA,NA,NA,NA,6,Julius Brents,2026-10-02,MIA
/nfl/rankings/idp.php,weekly-idp,wo,D'Marco Jackson,23806,LB,CHI,299,42.67,244,348,NA,dmarco-jackson.php,NA,NA,0.8,NA,NA,NA,NA,NA,10,DMarco Jackson,2026-10-02,CHI
/nfl/rankings/idp.php,weekly-idp,wo,Calijah Kancey,23865,DL,TB,299,35.59,249,329,NA,calijah-kancey.php,NA,NA,5.3,NA,NA,NA,NA,NA,10,Calijah Kancey,2026-10-02,TBB
/nfl/rankings/idp.php,weekly-idp,wo,Tony Jefferson II,11769,DB,LAC,269.5,26.5,243,296,NA,tony-jefferson.php,NA,NA,0.7,NA,NA,NA,NA,NA,7,Tony Jefferson,2026-10-02,LAC
/nfl/rankings/idp.php,weekly-idp,wo,Xavier Woods,16637,DB,CHI,270,23,247,293,NA,xavier-woods.php,NA,NA,0.7,NA,NA,NA,NA,NA,10,Xavier Woods,2026-10-02,CHI
/nfl/rankings/idp.php,weekly-idp,wo,Nathan Shepherd,17512,DL,NO,300.33,43.28,241,343,NA,nathan-shepherd.php,NA,NA,0.9,NA,NA,NA,NA,NA,8,Nathan Shepherd,2026-10-02,NOS
/nfl/rankings/idp.php,weekly-idp,wo,Bryce Boettcher,28255,LB,IND,306.33,89,181,379,NA,bryce-boettcher.php,NA,NA,1.1,NA,NA,NA,NA,NA,13,Bryce Boettcher,2026-10-02,IND
/nfl/rankings/idp.php,weekly-idp,wo,Dante Stills,22751,DL,ARI,301.33,47.64,234,337,NA,dante-stills.php,NA,NA,0.6,NA,NA,NA,NA,NA,14,Dante Stills,2026-10-02,ARI
/nfl/rankings/idp.php,weekly-idp,wo,Malcolm Roach,19536,DL,DEN,272.5,26.5,246,299,NA,malcolm-roach.php,NA,NA,1.5,NA,NA,NA,NA,NA,10,Malcolm Roach,2026-10-02,DEN
/nfl/rankings/idp.php,weekly-idp,wo,Skyler Gill-Howard,28231,DL,DET,274,26,248,300,NA,skyler-gillhoward.php,NA,NA,0.7,NA,NA,NA,NA,NA,6,Skyler Gill-Howard,2026-10-02,DET
/nfl/rankings/idp.php,weekly-idp,wo,Zeek Biggers,27302,DL,MIA,303.33,43.4,242,336,NA,zeek-biggers.php,NA,NA,0.6,NA,NA,NA,NA,NA,6,Zeek Biggers,2026-10-02,MIA
/nfl/rankings/idp.php,weekly-idp,wo,Roy Lopez,22874,DL,ARI,306,43.73,251,358,NA,roy-lopez.php,NA,NA,0.6,NA,NA,NA,NA,NA,14,Roy Lopez,2026-10-02,ARI
/nfl/rankings/idp.php,weekly-idp,wo,Mike Sainristil,26126,DB,WAS,295.5,97.5,198,393,NA,mike-sainristil.php,NA,NA,2.9,NA,NA,NA,NA,NA,7,Mike Sainristil,2026-10-02,WAS
/nfl/rankings/idp.php,weekly-idp,wo,Tacario Davis,27037,DB,CIN,280,31,249,311,NA,tacario-davis.php,NA,NA,0.9,NA,NA,NA,NA,NA,6,Tacario Davis,2026-10-02,CIN
/nfl/rankings/idp.php,weekly-idp,wo,Tyrion Ingram-Dawkins,27496,DL,MIN,282.5,32.5,250,315,NA,tyrion-ingramdawkins.php,NA,NA,0.7,NA,NA,NA,NA,NA,6,Tyrion Ingram-Dawkins,2026-10-02,MIN
/nfl/rankings/idp.php,weekly-idp,wo,Eyioma Uwazurike,23838,DL,DEN,309,57.41,229,361,NA,eyioma-uwazurike.php,NA,NA,1,NA,NA,NA,NA,NA,10,Eyioma Uwazurike,2026-10-02,DEN
/nfl/rankings/idp.php,weekly-idp,wo,Nick Scott,18476,DB,CAR,284.5,41.5,243,326,NA,nick-scott.php,NA,NA,3.3,NA,NA,NA,NA,NA,5,Nick Scott,2026-10-02,CAR
/nfl/rankings/idp.php,weekly-idp,wo,Moro Ojomo,25434,DL,PHI,285,65,220,350,NA,moro-ojomo.php,NA,NA,0.7,NA,NA,NA,NA,NA,10,Moro Ojomo,2026-10-02,PHI
/nfl/rankings/idp.php,weekly-idp,wo,Gracen Halton,28234,DL,SF,285.5,45.5,240,331,NA,gracen-halton.php,NA,NA,1,NA,NA,NA,NA,NA,8,Gracen Halton,2026-10-02,SFO
/nfl/rankings/idp.php,weekly-idp,wo,Devonte Wyatt,23757,DL,GB,310.67,51.54,239,358,NA,devonte-wyatt.php,NA,NA,1.6,NA,NA,NA,NA,NA,11,Devonte Wyatt,2026-10-02,GBP
/nfl/rankings/idp.php,weekly-idp,wo,Nnamdi Madubuike,19272,DL,BAL,286,30,256,316,NA,justin-madubuike.php,NA,NA,4,NA,NA,NA,NA,NA,13,Nnamdi Madubuike,2026-10-02,BAL
/nfl/rankings/idp.php,weekly-idp,wo,Gervon Dexter Sr.,25246,DL,ATL,311.67,31.48,272,349,NA,gervon-dexter-sr.php,NA,NA,1,NA,NA,NA,NA,NA,11,Gervon Dexter,2026-10-02,ATL
/nfl/rankings/idp.php,weekly-idp,wo,Jaden Dugger,28473,LB,SF,289,35,254,324,NA,jaden-dugger.php,NA,NA,1,NA,NA,NA,NA,NA,8,Jaden Dugger,2026-10-02,SFO
/nfl/rankings/idp.php,weekly-idp,wo,Otito Ogbonnia,23900,DL,DAL,289,31,258,320,NA,otito-ogbonnia.php,NA,NA,0.7,NA,NA,NA,NA,NA,14,Otito Ogbonnia,2026-10-02,DAL
/nfl/rankings/idp.php,weekly-idp,wo,Zaven Collins,22698,LB,ARI,289.5,37.5,252,327,NA,zaven-collins.php,NA,NA,1.4,NA,NA,NA,NA,NA,14,Zaven Collins,2026-10-02,ARI
/nfl/rankings/idp.php,weekly-idp,wo,Aaron Donald,12205,DL,LAR,290,31,259,321,NA,aaron-donald.php,NA,NA,19.9,NA,NA,NA,NA,NA,11,Aaron Donald,2026-10-02,LAR
/nfl/rankings/idp.php,weekly-idp,wo,Za'Darius Smith,14060,LB,ATL,313.67,40,260,356,NA,zadarius-smith.php,NA,NA,2,NA,NA,NA,NA,NA,11,ZaDarius Smith,2026-10-02,ATL
/nfl/rankings/idp.php,weekly-idp,wo,Harrison Phillips,17343,DL,NYJ,315,33.94,267,339,NA,harrison-phillips.php,NA,NA,0.8,NA,NA,NA,NA,NA,13,Harrison Phillips,2026-10-02,NYJ
/nfl/rankings/idp.php,weekly-idp,wo,Theo Jackson,24001,DB,MIN,293.5,20.5,273,314,NA,theo-jackson.php,NA,NA,1.3,NA,NA,NA,NA,NA,6,Theo Jackson,2026-10-02,MIN
/nfl/rankings/idp.php,weekly-idp,wo,Khalid Kareem,19326,DL,SF,295,33,262,328,NA,khalid-kareem.php,NA,NA,0.7,NA,NA,NA,NA,NA,8,Khalid Kareem,2026-10-02,SFO
/nfl/rankings/idp.php,weekly-idp,wo,Darien Porter,27195,DB,LV,296.5,57.5,239,354,NA,darien-porter.php,NA,NA,0.7,NA,NA,NA,NA,NA,13,Darien Porter,2026-10-02,LVR
/nfl/rankings/idp.php,weekly-idp,wo,LaCale London,19919,DL,ATL,319.5,86.5,233,406,NA,lacale-london.php,NA,NA,0.6,NA,NA,NA,NA,NA,11,LaCale London,2026-10-02,ATL
/nfl/rankings/idp.php,weekly-idp,wo,Dennis Gardeck,17906,LB,JAC,297.5,34.5,263,332,NA,dennis-gardeck.php,NA,NA,0.8,NA,NA,NA,NA,NA,7,Dennis Gardeck,2026-10-02,JAC
/nfl/rankings/idp.php,weekly-idp,wo,Marcus Epps,18575,DB,PHI,297.5,25.5,272,323,NA,marcus-epps.php,NA,NA,2.9,NA,NA,NA,NA,NA,10,Marcus Epps,2026-10-02,PHI
/nfl/rankings/idp.php,weekly-idp,wo,Uchenna Nwosu,17448,LB,SEA,298.5,34.5,264,333,NA,uchenna-nwosu.php,NA,NA,1.8,NA,NA,NA,NA,NA,11,Uchenna Nwosu,2026-10-02,SEA
/nfl/rankings/idp.php,weekly-idp,wo,John Franklin-Myers,17623,DL,TEN,319.67,46.08,255,359,NA,john-franklin-meyers.php,NA,NA,1.2,NA,NA,NA,NA,NA,9,John Franklin-Myers,2026-10-02,TEN
/nfl/rankings/idp.php,weekly-idp,wo,Myles Harden,26347,DB,CLE,300,6,294,306,NA,myles-harden.php,NA,NA,0.7,NA,NA,NA,NA,NA,11,Myles Harden,2026-10-02,CLE
/nfl/rankings/idp.php,weekly-idp,wo,Dani Dennis-Sutton,28180,DL,GB,304,36,268,340,NA,dani-dennissutton.php,NA,NA,0.8,NA,NA,NA,NA,NA,11,Dani Dennis-Sutton,2026-10-02,GBP
/nfl/rankings/idp.php,weekly-idp,wo,Maliek Collins,15533,DL,CLE,305.5,29.5,276,335,NA,maliek-collins.php,NA,NA,1.6,NA,NA,NA,NA,NA,11,Maliek Collins,2026-10-02,CLE
/nfl/rankings/idp.php,weekly-idp,wo,Josh Wallace,26373,DB,LAR,306,39,267,345,NA,josh-wallace.php,NA,NA,0.7,NA,NA,NA,NA,NA,11,Josh Wallace,2026-10-02,LAR
/nfl/rankings/idp.php,weekly-idp,wo,Charles Omenihu,18284,DL,WAS,306.5,37.5,269,344,NA,charles-omenihu.php,NA,NA,0.7,NA,NA,NA,NA,NA,7,Charles Omenihu,2026-10-02,WAS
/nfl/rankings/idp.php,weekly-idp,wo,Barryn Sorrell,27266,DL,GB,328.33,33.92,288,371,NA,barryn-sorrell.php,NA,NA,1,NA,NA,NA,NA,NA,11,Barryn Sorrell,2026-10-02,GBP
/nfl/rankings/idp.php,weekly-idp,wo,Akheem Mesidor,27078,DL,LAC,308.5,38.5,270,347,NA,akheem-mesidor.php,NA,NA,8.1,NA,NA,NA,NA,NA,7,Akheem Mesidor,2026-10-02,LAC
/nfl/rankings/idp.php,weekly-idp,wo,Dayo Odeyingbo,22883,DL,CHI,326,36.77,274,352,NA,dayo-odeyingbo.php,NA,NA,1,NA,NA,NA,NA,NA,10,Dayo Odeyingbo,2026-10-02,CHI
/nfl/rankings/idp.php,weekly-idp,wo,Keeanu Benton,25432,DL,PIT,309,44,265,353,NA,keeanu-benton.php,NA,NA,1,NA,NA,NA,NA,NA,9,Keeanu Benton,2026-10-02,PIT
/nfl/rankings/idp.php,weekly-idp,wo,Keion White,25281,DL,SF,309.5,38.5,271,348,NA,keion-white.php,NA,NA,0.7,NA,NA,NA,NA,NA,8,Keion White,2026-10-02,SFO
/nfl/rankings/idp.php,weekly-idp,wo,Kenny Clark,15535,DL,DAL,312,39,273,351,NA,kenny-clark.php,NA,NA,0.8,NA,NA,NA,NA,NA,14,Kenny Clark,2026-10-02,DAL
/nfl/rankings/idp.php,weekly-idp,wo,Trevor Nowaske,25793,LB,DET,316,39,277,355,NA,trevor-nowaske.php,NA,NA,1,NA,NA,NA,NA,NA,6,Trevor Nowaske,2026-10-02,DET
/nfl/rankings/idp.php,weekly-idp,wo,Princely Umanmielen,26130,DL,CAR,317,39,278,356,NA,princely-umanmielen.php,NA,NA,0.7,NA,NA,NA,NA,NA,5,Princely Umanmielen,2026-10-02,CAR
/nfl/rankings/idp.php,weekly-idp,wo,Jacob Martin,17629,LB,TEN,318,39,279,357,NA,jake-martin.php,NA,NA,1.2,NA,NA,NA,NA,NA,9,Jacob Martin,2026-10-02,TEN
/nfl/rankings/idp.php,weekly-idp,wo,Kyle Van Noy,12171,LB,MIN,371,96,275,467,NA,kyle-van-noy.php,NA,NA,3.3,NA,NA,NA,NA,NA,6,Kyle Van Noy,2026-10-02,MIN
/nfl/rankings/idp.php,weekly-idp,wo,Cam Jackson,27521,DL,CAR,320,40,280,360,NA,cam-jackson.php,NA,NA,1,NA,NA,NA,NA,NA,5,Cam Jackson,2026-10-02,CAR
/nfl/rankings/idp.php,weekly-idp,wo,A'Shawn Robinson,15503,DL,TB,338.67,34.66,292,375,NA,a-shawn-robinson.php,NA,NA,2.1,NA,NA,NA,NA,NA,10,AShawn Robinson,2026-10-02,TBB
/nfl/rankings/idp.php,weekly-idp,wo,Samson Ebukam,16734,LB,ATL,321.5,40.5,281,362,NA,samson-ebukam.php,NA,NA,0.9,NA,NA,NA,NA,NA,11,Samson Ebukam,2026-10-02,ATL
/nfl/rankings/idp.php,weekly-idp,wo,Arik Armstead,13918,DL,JAC,322.5,40.5,282,363,NA,arik-armstead.php,NA,NA,0.9,NA,NA,NA,NA,NA,7,Arik Armstead,2026-10-02,JAC
/nfl/rankings/idp.php,weekly-idp,wo,Levi Drake Rodriguez,26502,DL,MIN,323.5,40.5,283,364,NA,levi-drake-rodriguez.php,NA,NA,0.8,NA,NA,NA,NA,NA,6,Levi Drake Rodriguez,2026-10-02,MIN
/nfl/rankings/idp.php,weekly-idp,wo,Karl Brooks,25250,DL,GB,325,41,284,366,NA,karl-brooks.php,NA,NA,0.6,NA,NA,NA,NA,NA,11,Karl Brooks,2026-10-02,GBP
/nfl/rankings/idp.php,weekly-idp,wo,T'Vondre Sweat,26206,DL,NYJ,326,41,285,367,NA,tvondre-sweat.php,NA,NA,0.8,NA,NA,NA,NA,NA,13,TVondre Sweat,2026-10-02,NYJ
/nfl/rankings/idp.php,weekly-idp,wo,Travis Jones,23799,DL,BAL,327,41,286,368,NA,travis-jones.php,NA,NA,1.2,NA,NA,NA,NA,NA,13,Travis Jones,2026-10-02,BAL
/nfl/rankings/idp.php,weekly-idp,wo,Joseph Ossai,22696,DL,NYJ,340.5,54.5,286,395,NA,joseph-ossai.php,NA,NA,0.8,NA,NA,NA,NA,NA,13,Joseph Ossai,2026-10-02,NYJ
/nfl/rankings/idp.php,weekly-idp,wo,Cameron Jordan,9886,DL,NO,330.5,41.5,289,372,NA,cameron-jordan.php,NA,NA,1.8,NA,NA,NA,NA,NA,8,Cameron Jordan,2026-10-02,NOS
/nfl/rankings/idp.php,weekly-idp,wo,Tonka Hemingway,27235,DL,LV,331.5,41.5,290,373,NA,tonka-hemingway.php,NA,NA,0.6,NA,NA,NA,NA,NA,13,Tonka Hemingway,2026-10-02,LVR
/nfl/rankings/idp.php,weekly-idp,wo,Romello Height,28052,DL,SF,332.5,41.5,291,374,NA,romello-height.php,NA,NA,1.6,NA,NA,NA,NA,NA,8,Romello Height,2026-10-02,SFO
/nfl/rankings/idp.php,weekly-idp,wo,Al-Quadin Muhammad,16715,DL,TB,334.5,41.5,293,376,NA,al-quadin-muhammad.php,NA,NA,0.7,NA,NA,NA,NA,NA,10,Al-Quadin Muhammad,2026-10-02,TBB
/nfl/rankings/idp.php,weekly-idp,wo,DJ Reader,15758,DL,NYG,336,42,294,378,NA,dj-reader.php,NA,NA,0.7,NA,NA,NA,NA,NA,8,DJ Reader,2026-10-02,NYG
/nfl/rankings/idp.php,weekly-idp,wo,Teair Tart,19561,DL,LAC,338.5,43.5,295,382,NA,teair-tart.php,NA,NA,0.8,NA,NA,NA,NA,NA,7,Teair Tart,2026-10-02,LAC
/nfl/rankings/idp.php,weekly-idp,wo,Donte Jackson,17507,DB,LAC,355.5,60.5,295,416,NA,donte-jackson.php,NA,NA,0.6,NA,NA,NA,NA,NA,7,Donte Jackson,2026-10-02,LAC
/nfl/rankings/idp.php,weekly-idp,wo,Calais Campbell,10585,DL,BAL,339.5,43.5,296,383,NA,calais-campbell.php,NA,NA,2,NA,NA,NA,NA,NA,13,Calais Campbell,2026-10-02,BAL
/nfl/rankings/idp.php,weekly-idp,wo,Jarran Reed,15540,DL,SEA,341,44,297,385,NA,jarran-reed.php,NA,NA,1,NA,NA,NA,NA,NA,11,Jarran Reed,2026-10-02,SEA
/nfl/rankings/idp.php,weekly-idp,wo,DaVon Hamilton,19258,DL,JAC,342,44,298,386,NA,davon-hamilton.php,NA,NA,0.9,NA,NA,NA,NA,NA,7,Davon Hamilton,2026-10-02,JAC
/nfl/rankings/idp.php,weekly-idp,wo,Jordan Phillips,27223,DL,MIA,350.5,52.5,298,403,NA,jordan-phillips-dl.php,NA,NA,0.6,NA,NA,NA,NA,NA,6,Jordan Phillips,2026-10-02,MIA
/nfl/rankings/idp.php,weekly-idp,wo,R Mason Thomas,28021,DL,KC,344,45,299,389,NA,r-mason-thomas.php,NA,NA,2.2,NA,NA,NA,NA,NA,5,R Mason Thomas,2026-10-02,KCC
/nfl/rankings/idp.php,weekly-idp,wo,Christian Barmore,22691,DL,NE,354.5,55.5,299,410,NA,christian-barmore.php,NA,NA,0.7,NA,NA,NA,NA,NA,11,Christian Barmore,2026-10-02,NEP
/nfl/rankings/idp.php,weekly-idp,wo,Vernon Broughton,27245,DL,NO,344,44,300,388,NA,vernon-broughton.php,NA,NA,0.7,NA,NA,NA,NA,NA,8,Vernon Broughton,2026-10-02,NOS
/nfl/rankings/idp.php,weekly-idp,wo,Garrett Williams,23855,DB,ARI,338,4,334,342,NA,garrett-williams.php,NA,NA,1,NA,NA,NA,NA,NA,14,Garrett Williams,2026-10-02,ARI
/nfl/rankings/idp.php,weekly-idp,wo,D.J. Jones,16724,DL,DEN,363,35,328,398,NA,dj-jones.php,NA,NA,0.8,NA,NA,NA,NA,NA,10,DJ Jones,2026-10-02,DEN
/nfl/rankings/idp.php,weekly-idp,wo,Will McDonald IV,25254,DL,NYJ,381.5,45.5,336,427,NA,will-mcdonald-iv.php,NA,NA,2.6,NA,NA,NA,NA,NA,13,Will McDonald,2026-10-02,NYJ
/nfl/rankings/idp.php,weekly-idp,wo,Sam Williams,23746,DL,CLE,376,36,340,412,NA,sam-williams-dt.php,NA,NA,0.7,NA,NA,NA,NA,NA,11,Sam Williams,2026-10-02,CLE
/nfl/rankings/idp.php,weekly-idp,wo,Braden Fiske,26195,DL,LAR,372,30,342,402,NA,braden-fiske.php,NA,NA,0.7,NA,NA,NA,NA,NA,11,Braden Fiske,2026-10-02,LAR
/nfl/rankings/idp.php,weekly-idp,wo,Maason Smith,26132,DL,ATL,392,49,343,441,NA,maason-smith.php,NA,NA,0.7,NA,NA,NA,NA,NA,11,Maason Smith,2026-10-02,ATL
/nfl/rankings/idp.php,weekly-idp,wo,Peter Woods,27953,DL,KC,381,37,344,418,NA,peter-woods.php,NA,NA,6.5,NA,NA,NA,NA,NA,5,Peter Woods,2026-10-02,KCC
/nfl/rankings/idp.php,weekly-idp,wo,Jaylen Reed,27481,DB,NE,412.5,66.5,346,479,NA,jaylen-reed.php,NA,NA,0.6,NA,NA,NA,NA,NA,11,Jaylen Reed,2026-10-02,NEP
/nfl/rankings/idp.php,weekly-idp,wo,Felix Anudike-Uzomah,25244,DL,KC,375,25,350,400,NA,felix-anudike-uzomah.php,NA,NA,0.7,NA,NA,NA,NA,NA,5,Felix Anudike-Uzomah,2026-10-02,KCC
/nfl/rankings/idp.php,weekly-idp,wo,Davon Godchaux,16513,DL,NO,398.5,47.5,351,446,NA,davon-godchaux.php,NA,NA,1,NA,NA,NA,NA,NA,8,Davon Godchaux,2026-10-02,NOS
/nfl/rankings/idp.php,weekly-idp,wo,Adam Butler,16796,DL,LV,389,36,353,425,NA,adam-butler.php,NA,NA,1.5,NA,NA,NA,NA,NA,13,Adam Butler,2026-10-02,LVR
/nfl/rankings/idp.php,weekly-idp,wo,Javon Kinlaw,19206,DL,WAS,376,21,355,397,NA,javon-kinlaw.php,NA,NA,0.7,NA,NA,NA,NA,NA,7,Javon Kinlaw,2026-10-02,WAS
/nfl/rankings/idp.php,weekly-idp,wo,Harrison Smith,11260,DB,MIN,393.5,36.5,357,430,NA,harrison-smith.php,NA,NA,1,NA,NA,NA,NA,NA,6,Harrison Smith,2026-10-02,MIN
/nfl/rankings/idp.php,weekly-idp,wo,Michael Hoecht,20024,DL,BUF,400,40,360,440,NA,michael-hoecht.php,NA,NA,0.6,NA,NA,NA,NA,NA,7,Michael Hoecht,2026-10-02,BUF
/nfl/rankings/k.php,weekly-k,wp,Evan McPherson,23297,K,CIN,2.25,1.46,1,7,NA,evan-mcpherson.php,NA,NA,63.3,NA,NA,NA,NA,NA,6,Evan McPherson,2026-10-02,CIN
/nfl/rankings/k.php,weekly-k,wp,Tyler Loop,27534,K,BAL,2.81,1.61,1,7,NA,tyler-loop.php,NA,NA,66.2,NA,NA,NA,NA,NA,13,Tyler Loop,2026-10-02,BAL
/nfl/rankings/k.php,weekly-k,wp,Brandon Aubrey,26068,K,DAL,3.58,2.95,1,15,NA,brandon-aubrey.php,NA,NA,99.1,NA,NA,NA,NA,NA,14,Brandon Aubrey,2026-10-02,DAL
/nfl/rankings/k.php,weekly-k,wp,Ka'imi Fairbairn,15756,K,HOU,4.06,1.58,2,9,NA,kaimi-fairbairn.php,NA,NA,91.2,NA,NA,NA,NA,NA,8,Kaimi Fairbairn,2026-10-02,HOU
/nfl/rankings/k.php,weekly-k,wp,Harrison Butker,16712,K,KC,5.81,2.4,3,14,NA,harrison-butker.php,NA,NA,59.6,NA,NA,NA,NA,-1,5,Harrison Butker,2026-10-02,KCC
/nfl/rankings/k.php,weekly-k,wp,Will Reichard,26341,K,MIN,5.89,1.79,2,10,NA,will-reichard.php,NA,NA,51.3,NA,NA,NA,NA,NA,6,Will Reichard,2026-10-02,MIN
/nfl/rankings/k.php,weekly-k,wp,Jason Myers,14003,K,SEA,8.42,1.82,4,13,NA,jason-myers.php,NA,NA,90.5,NA,NA,NA,NA,NA,11,Jason Myers,2026-10-02,SEA
/nfl/rankings/k.php,weekly-k,wp,Spencer Shrader,26763,K,IND,8.53,3.03,2,14,NA,spencer-shrader.php,NA,NA,21.5,NA,NA,NA,NA,NA,13,Spencer Shrader,2026-10-02,IND
/nfl/rankings/k.php,weekly-k,wp,Eddy Pineiro,17575,K,SF,8.72,2.67,5,16,NA,eddy-pineiro.php,NA,NA,55.4,NA,NA,NA,NA,-2,8,Eddy Pineiro,2026-10-02,SFO
/nfl/rankings/k.php,weekly-k,wp,Cam Little,26475,K,JAC,9.69,2.17,5,15,NA,cam-little.php,NA,NA,86.2,NA,NA,NA,NA,NA,7,Cam Little,2026-10-02,JAC
/nfl/rankings/k.php,weekly-k,wp,Jake Bates,26075,K,DET,11.22,2.86,4,18,NA,jake-bates.php,NA,NA,61.5,NA,NA,NA,NA,NA,6,Jake Bates,2026-10-02,DET
/nfl/rankings/k.php,weekly-k,wp,Chris Boswell,13029,K,PIT,12.58,3.01,5,19,NA,chris-boswell.php,NA,NA,34.8,NA,NA,NA,NA,NA,9,Chris Boswell,2026-10-02,PIT
/nfl/rankings/k.php,weekly-k,wp,Tyler Bass,19760,K,BUF,12.83,3.4,6,24,NA,tyler-bass.php,NA,NA,13.2,NA,NA,NA,NA,NA,7,Tyler Bass,2026-10-02,BUF
/nfl/rankings/k.php,weekly-k,wp,Ryan Fitzgerald,27261,K,CAR,14,2.19,8,18,NA,ryan-fitzgerald.php,NA,NA,2.1,NA,NA,NA,NA,NA,5,Ryan Fitzgerald,2026-10-02,CAR
/nfl/rankings/k.php,weekly-k,wp,Daniel Carlson,17420,K,NO,14.47,2.01,9,18,NA,daniel-carlson.php,NA,NA,3.5,NA,NA,NA,NA,NA,8,Daniel Carlson,2026-10-02,NOS
/nfl/rankings/k.php,weekly-k,wp,Harrison Mevis,26638,K,LAR,17.31,2.89,11,27,NA,harrison-mevis.php,NA,NA,65.9,NA,NA,NA,NA,NA,11,Harrison Mevis,2026-10-02,LAR
/nfl/rankings/k.php,weekly-k,wp,Matt Gay,18545,K,LV,17.56,3.55,12,25,NA,matt-gay.php,NA,NA,11.6,NA,NA,NA,NA,NA,13,Matt Gay,2026-10-02,LVR
/nfl/rankings/k.php,weekly-k,wp,Trey Smack,28507,K,GB,18.64,3.4,12,26,NA,trey-smack.php,NA,NA,17,NA,NA,NA,NA,NA,11,Trey Smack,2026-10-02,GBP
/nfl/rankings/k.php,weekly-k,wp,Nick Folk,9491,K,ATL,19.2,3.19,14,27,NA,nick-folk.php,NA,NA,2.4,NA,NA,NA,NA,NA,11,Nick Folk,2026-10-02,ATL
/nfl/rankings/k.php,weekly-k,wp,Cairo Santos,13731,K,CHI,19.62,3.48,14,28,NA,cairo-santos.php,NA,NA,24.6,NA,NA,NA,NA,NA,10,Cairo Santos,2026-10-02,CHI
/nfl/rankings/k.php,weekly-k,wp,Chad Ryland,25354,K,ARI,20.43,2.73,13,27,NA,chad-ryland.php,NA,NA,1.2,NA,NA,NA,NA,NA,14,Chad Ryland,2026-10-02,ARI
/nfl/rankings/k.php,weekly-k,wp,Wil Lutz,16026,K,DEN,22.23,2.1,18,28,NA,wil-lutz.php,NA,NA,8.6,NA,NA,NA,NA,NA,10,Wil Lutz,2026-10-02,DEN
/nfl/rankings/k.php,weekly-k,wp,Jason Sanders,17533,K,NYJ,23.26,2.14,19,28,NA,jason-sanders.php,NA,NA,0.7,NA,NA,NA,NA,NA,13,Jason Sanders,2026-10-02,NYJ
/nfl/rankings/k.php,weekly-k,wp,Chase McLaughlin,19058,K,TB,24.03,4.49,10,30,NA,chase-mclaughlin.php,NA,NA,22.3,NA,NA,NA,NA,NA,10,Chase McLaughlin,2026-10-02,TBB
/nfl/rankings/k.php,weekly-k,wp,Drew Stevens,28175,K,WAS,24.63,3.15,17,31,NA,drew-stevens.php,NA,NA,0.9,NA,NA,NA,NA,3,7,Drew Stevens,2026-10-02,WAS
/nfl/rankings/k.php,weekly-k,wp,Andy Borregales,27291,K,NE,25.45,3.34,11,30,NA,andres-borregales.php,NA,NA,7.5,NA,NA,NA,NA,NA,11,Andy Borregales,2026-10-02,NEP
/nfl/rankings/k.php,weekly-k,wp,Jake Elliott,16540,K,PHI,25.67,2.42,20,30,NA,jake-elliott.php,NA,NA,7,NA,NA,NA,NA,NA,10,Jake Elliott,2026-10-02,PHI
/nfl/rankings/k.php,weekly-k,wp,Cameron Dicker,23901,K,LAC,27.44,1.89,23,31,NA,cameron-dicker.php,NA,NA,83.3,NA,NA,NA,NA,-4,7,Cameron Dicker,2026-10-02,LAC
/nfl/rankings/k.php,weekly-k,wp,Dominic Zvada,28176,K,NYG,26.5,3.46,18,32,NA,dominic-zvada.php,NA,NA,1.7,NA,NA,NA,NA,NA,8,Dominic Zvada,2026-10-02,NYG
/nfl/rankings/k.php,weekly-k,wp,Andre Szmyt,25713,K,CLE,28.89,2.2,20,32,NA,andre-szmyt.php,NA,NA,0.8,NA,NA,NA,NA,NA,11,Andre Szmyt,2026-10-02,CLE
/nfl/rankings/k.php,weekly-k,wp,Joey Slye,19028,K,TEN,31.15,0.7,29,32,NA,joey-slye.php,NA,NA,0.8,NA,NA,NA,NA,NA,9,Joey Slye,2026-10-02,TEN
/nfl/rankings/k.php,weekly-k,wp,Riley Patterson,23370,K,MIA,31.54,0.75,29,32,NA,riley-patterson.php,NA,NA,0.8,NA,NA,NA,NA,NA,6,Riley Patterson,2026-10-02,MIA
/nfl/rankings/lb.php,weekly-lb,wp,Roquan Smith,17311,LB,BAL,2.75,1.79,1,7,NA,roquan-smith.php,NA,NA,88,NA,NA,NA,NA,2,13,Roquan Smith,2026-10-02,BAL
/nfl/rankings/lb.php,weekly-lb,wp,Fred Warner,17526,LB,SF,3.54,1.5,2,8,NA,fred-warner.php,NA,NA,90.7,NA,NA,NA,NA,1,8,Fred Warner,2026-10-02,SFO
/nfl/rankings/lb.php,weekly-lb,wp,Jordyn Brooks,19292,LB,MIA,3.88,4.9,1,19,NA,jordyn-brooks.php,NA,NA,71,NA,NA,NA,NA,-1,6,Jordyn Brooks,2026-10-02,MIA
/nfl/rankings/lb.php,weekly-lb,wp,Blake Cashman,18421,LB,MIN,4.54,1.26,2,7,NA,blake-cashman.php,NA,NA,58.1,NA,NA,NA,NA,2,6,Blake Cashman,2026-10-02,MIN
/nfl/rankings/lb.php,weekly-lb,wp,Carson Schwesinger,27236,LB,CLE,6.63,2.6,3,13,NA,carson-schwesinger.php,NA,NA,76.4,NA,NA,NA,NA,2,11,Carson Schwesinger,2026-10-02,CLE
/nfl/rankings/lb.php,weekly-lb,wp,Jacob Rodriguez,28195,LB,MIA,6.83,4.26,1,18,NA,jacob-rodriguez.php,NA,NA,19.8,NA,NA,NA,NA,-4,6,Jacob Rodriguez,2026-10-02,MIA
/nfl/rankings/lb.php,weekly-lb,wp,Nakobe Dean,23702,LB,LV,7.79,2.74,2,13,NA,nakobe-dean.php,NA,NA,81.3,NA,NA,NA,NA,4,13,Nakobe Dean,2026-10-02,LVR
/nfl/rankings/lb.php,weekly-lb,wp,Ernest Jones IV,23245,LB,SEA,8.21,1.5,6,11,NA,ernest-jones.php,NA,NA,48.4,NA,NA,NA,NA,-2,11,Ernest Jones,2026-10-02,SEA
/nfl/rankings/lb.php,weekly-lb,wp,Nick Bolton,22689,LB,KC,9.25,1.36,8,14,NA,nick-bolton.php,NA,NA,80.4,NA,NA,NA,NA,NA,5,Nick Bolton,2026-10-02,KCC
/nfl/rankings/lb.php,weekly-lb,wp,Anthony Hill Jr.,27954,LB,TEN,10.21,5.57,4,33,NA,anthony-hill-jr.php,NA,NA,22.3,NA,NA,NA,NA,-2,9,Anthony Hill,2026-10-02,TEN
/nfl/rankings/lb.php,weekly-lb,wp,Jack Campbell,25435,LB,DET,11.13,2.91,4,18,NA,jack-campbell.php,NA,NA,85.4,NA,NA,NA,NA,NA,6,Jack Campbell,2026-10-02,DET
/nfl/rankings/lb.php,weekly-lb,wp,Zack Baun,19238,LB,PHI,11.38,3.09,3,16,NA,zack-baun.php,NA,NA,66,NA,NA,NA,NA,NA,10,Zack Baun,2026-10-02,PHI
/nfl/rankings/lb.php,weekly-lb,wp,Alex Singleton,14399,LB,DEN,13.5,2.96,10,22,NA,alex-singleton.php,NA,NA,41.1,NA,NA,NA,NA,-3,10,Alex Singleton,2026-10-02,DEN
/nfl/rankings/lb.php,weekly-lb,wp,Edgerrin Cooper,26137,LB,GB,14.25,3.94,6,25,NA,edgerrin-cooper.php,NA,NA,38,NA,NA,NA,NA,3,11,Edgerrin Cooper,2026-10-02,GBP
/nfl/rankings/lb.php,weekly-lb,wp,Foyesade Oluokun,17607,LB,JAC,15.96,3.27,10,26,NA,foyesade-oluokun.php,NA,NA,67,NA,NA,NA,NA,NA,7,Foyesade Oluokun,2026-10-02,JAC
/nfl/rankings/lb.php,weekly-lb,wp,Quay Walker,23729,LB,LV,16.25,1.64,13,20,NA,quay-walker.php,NA,NA,38,NA,NA,NA,NA,NA,13,Quay Walker,2026-10-02,LVR
/nfl/rankings/lb.php,weekly-lb,wp,Jihaad Campbell,27051,LB,PHI,17.96,2.15,14,23,NA,jihaad-campbell.php,NA,NA,20.3,NA,NA,NA,NA,NA,10,Jihaad Campbell,2026-10-02,PHI
/nfl/rankings/lb.php,weekly-lb,wp,Azeez Al-Shaair,18361,LB,HOU,20.58,3.53,16,29,NA,azeez-al-shaair.php,NA,NA,22.1,NA,NA,NA,NA,NA,8,Azeez Al-Shaair,2026-10-02,HOU
/nfl/rankings/lb.php,weekly-lb,wp,Kaden Elliss,18716,LB,NO,20.83,4.17,14,31,NA,kaden-elliss.php,NA,NA,16.8,NA,NA,NA,NA,-3,8,Kaden Elliss,2026-10-02,NOS
/nfl/rankings/lb.php,weekly-lb,wp,Nate Landman,24674,LB,LAR,22.63,5.81,14,40,NA,nathan-landman.php,NA,NA,36.6,NA,NA,NA,NA,NA,11,Nate Landman,2026-10-02,LAR
/nfl/rankings/lb.php,weekly-lb,wp,Tremaine Edmunds,17342,LB,NYG,22.67,4.24,19,41,NA,tremaine-edmunds.php,NA,NA,18.4,NA,NA,NA,NA,NA,8,Tremaine Edmunds,2026-10-02,NYG
/nfl/rankings/lb.php,weekly-lb,wp,Terrel Bernard,23772,LB,BUF,23.33,3.47,21,38,NA,terrel-bernard.php,NA,NA,23.4,NA,NA,NA,NA,NA,7,Terrel Bernard,2026-10-02,BUF
/nfl/rankings/lb.php,weekly-lb,wp,Eric Wilson,16691,LB,MIN,24.38,4.44,15,39,NA,eric-wilson.php,NA,NA,8.9,NA,NA,NA,NA,3,6,Eric Wilson,2026-10-02,MIN
/nfl/rankings/lb.php,weekly-lb,wp,Robert Spillane,18103,LB,NE,26.38,7.12,17,49,NA,robert-spillane.php,NA,NA,25.2,NA,NA,NA,NA,NA,11,Robert Spillane,2026-10-02,NEP
/nfl/rankings/lb.php,weekly-lb,wp,Devin Lloyd,23710,LB,CAR,26.5,15.57,2,64,NA,devin-lloyd.php,NA,NA,53.8,NA,NA,NA,NA,7,5,Devin Lloyd,2026-10-02,CAR
/nfl/rankings/lb.php,weekly-lb,wp,Barrett Carter,26108,LB,CIN,27.46,3.95,24,41,NA,barrett-carter.php,NA,NA,11.6,NA,NA,NA,NA,NA,6,Barrett Carter,2026-10-02,CIN
/nfl/rankings/lb.php,weekly-lb,wp,Demetrius Knight Jr.,27299,LB,CIN,28.46,3.1,23,37,NA,demetrius-knight-jr.php,NA,NA,37.5,NA,NA,NA,NA,6,6,Demetrius Knight,2026-10-02,CIN
/nfl/rankings/lb.php,weekly-lb,wp,Jamien Sherwood,23194,LB,NYJ,29.54,5.96,17,45,NA,jamien-sherwood.php,NA,NA,30.8,NA,NA,NA,NA,NA,13,Jamien Sherwood,2026-10-02,NYJ
/nfl/rankings/lb.php,weekly-lb,wp,Demario Davis,11293,LB,NYJ,29.75,4.49,18,36,NA,demario-davis.php,NA,NA,12.4,NA,NA,NA,NA,NA,13,Demario Davis,2026-10-02,NYJ
/nfl/rankings/lb.php,weekly-lb,wp,Akeem Davis-Gaither,19261,LB,IND,29.75,5.02,23,45,NA,akeem-davis-gaither.php,NA,NA,10.5,NA,NA,NA,NA,NA,13,Akeem Davis-Gaither,2026-10-02,IND
/nfl/rankings/lb.php,weekly-lb,wp,Drake Thomas,25905,LB,SEA,31.46,4.82,19,41,NA,drake-thomas.php,NA,NA,8.3,NA,NA,NA,NA,7,11,Drake Thomas,2026-10-02,SEA
/nfl/rankings/lb.php,weekly-lb,wp,Jack Gibbens,24690,LB,ARI,31.5,6.02,21,47,NA,jack-gibbens.php,NA,NA,6.1,NA,NA,NA,NA,NA,14,Jack Gibbens,2026-10-02,ARI
/nfl/rankings/lb.php,weekly-lb,wp,Arvell Reese,28053,LB,NYG,31.92,5.95,16,44,NA,arvell-reese.php,NA,NA,26.6,NA,NA,NA,NA,NA,8,Arvell Reese,2026-10-02,NYG
/nfl/rankings/lb.php,weekly-lb,wp,Payton Wilson,26183,LB,PIT,33.04,2.7,27,38,NA,payton-wilson.php,NA,NA,9.1,NA,NA,NA,NA,NA,9,Payton Wilson,2026-10-02,PIT
/nfl/rankings/lb.php,weekly-lb,wp,Patrick Queen,19421,LB,PIT,35.46,2.93,29,43,NA,patrick-queen.php,NA,NA,14.5,NA,NA,NA,NA,NA,9,Patrick Queen,2026-10-02,PIT
/nfl/rankings/lb.php,weekly-lb,wp,Sonny Styles,27216,LB,WAS,36.63,5.71,24,48,NA,sonny-styles.php,NA,NA,48.1,NA,NA,NA,NA,NA,7,Sonny Styles,2026-10-02,WAS
/nfl/rankings/lb.php,weekly-lb,wp,Zaire Franklin,17563,LB,GB,37.33,3.95,27,47,NA,zaire-franklin.php,NA,NA,21.3,NA,NA,NA,NA,NA,11,Zaire Franklin,2026-10-02,GBP
/nfl/rankings/lb.php,weekly-lb,wp,Mack Wilson Sr.,18251,LB,ARI,37.63,6.35,30,60,NA,mack-wilson.php,NA,NA,6.4,NA,NA,NA,NA,-13,14,Mack Wilson,2026-10-02,ARI
/nfl/rankings/lb.php,weekly-lb,wp,Devin Bush Jr.,18237,LB,CHI,39,5.25,24,48,NA,devin-bush.php,NA,NA,27.4,NA,NA,NA,NA,NA,10,Devin Bush,2026-10-02,CHI
/nfl/rankings/lb.php,weekly-lb,wp,Daiyan Henley,25436,LB,LAC,39,4.9,25,54,NA,daiyanhenley.php,NA,NA,24.3,NA,NA,NA,NA,NA,7,Daiyan Henley,2026-10-02,LAC
/nfl/rankings/lb.php,weekly-lb,wp,Derrick Barnes,23210,LB,DET,40.21,9.19,13,55,NA,derrick-barnes.php,NA,NA,16,NA,NA,NA,NA,7,6,Derrick Barnes,2026-10-02,DET
/nfl/rankings/lb.php,weekly-lb,wp,Christian Elliss,23367,LB,NE,42.29,5.64,28,59,NA,christian-elliss.php,NA,NA,13.2,NA,NA,NA,NA,NA,11,Christian Elliss,2026-10-02,NEP
/nfl/rankings/lb.php,weekly-lb,wp,T.J. Edwards,18281,LB,CHI,42.58,6.21,31,62,NA,tj-edwards.php,NA,NA,10.8,NA,NA,NA,NA,NA,10,TJ Edwards,2026-10-02,CHI
/nfl/rankings/lb.php,weekly-lb,wp,Drue Tranquill,18459,LB,KC,44.25,3.29,35,52,NA,drue-tranquill.php,NA,NA,16.8,NA,NA,NA,NA,NA,5,Drue Tranquill,2026-10-02,KCC
/nfl/rankings/lb.php,weekly-lb,wp,T.J. Watt,16469,LB,PIT,46.42,3.8,38,57,NA,tj-watt.php,NA,NA,67.2,NA,NA,NA,NA,7,9,TJ Watt,2026-10-02,PIT
/nfl/rankings/lb.php,weekly-lb,wp,Bobby Okereke,18678,LB,CAR,46.83,11.12,17,77,NA,bobby-okereke.php,NA,NA,11.3,NA,NA,NA,NA,7,5,Bobby Okereke,2026-10-02,CAR
/nfl/rankings/lb.php,weekly-lb,wp,Divine Deablo,23208,LB,ATL,48.75,4.89,42,66,NA,divine-deablo.php,NA,NA,17.4,NA,NA,NA,NA,NA,11,Divine Deablo,2026-10-02,ATL
/nfl/rankings/lb.php,weekly-lb,wp,Quincy Williams,18679,LB,CLE,47.43,7.18,33,69,NA,quincy-williams.php,NA,NA,9.6,NA,NA,NA,NA,NA,11,Quincy Williams,2026-10-02,CLE
/nfl/rankings/lb.php,weekly-lb,wp,Dre Greenlaw,18310,LB,SF,53.42,8.22,46,79,NA,dre-greenlaw.php,NA,NA,4.1,NA,NA,NA,NA,NA,8,Dre Greenlaw,2026-10-02,SFO
/nfl/rankings/lb.php,weekly-lb,wp,Andrew Van Ginkel,18573,LB,MIN,49.96,3.41,45,58,NA,andrew-van-ginkel.php,NA,NA,51.6,NA,NA,NA,NA,NA,6,Andrew Van Ginkel,2026-10-02,MIN
/nfl/rankings/lb.php,weekly-lb,wp,Alex Anzalone,16720,LB,TB,53.56,7.18,43,72,NA,alex-anzalone.php,NA,NA,9.7,NA,NA,NA,NA,NA,10,Alex Anzalone,2026-10-02,TBB
/nfl/rankings/lb.php,weekly-lb,wp,Ventrell Miller,23477,LB,JAC,51,8.98,34,74,NA,ventrell-miller.php,NA,NA,15.8,NA,NA,NA,NA,NA,7,Ventrell Miller,2026-10-02,JAC
/nfl/rankings/lb.php,weekly-lb,wp,Alex Highsmith,19316,LB,PIT,57.4,7.43,48,71,NA,alex-highsmith.php,NA,NA,21.4,NA,NA,NA,NA,NA,9,Alex Highsmith,2026-10-02,PIT
/nfl/rankings/lb.php,weekly-lb,wp,Trenton Simpson,24716,LB,BAL,60,16.68,33,105,NA,trenton-simpson.php,NA,NA,1.2,NA,NA,NA,NA,6,13,Trenton Simpson,2026-10-02,BAL
/nfl/rankings/lb.php,weekly-lb,wp,Dee Winters,25579,LB,DAL,60.08,9.71,44,83,NA,dee-winters.php,NA,NA,4.6,NA,NA,NA,NA,NA,14,Dee Winters,2026-10-02,DAL
/nfl/rankings/lb.php,weekly-lb,wp,Josiah Trotter,28077,LB,TB,40.7,14.89,13,56,NA,josiah-trotter.php,NA,NA,23,NA,NA,NA,NA,NA,10,Josiah Trotter,2026-10-02,TBB
/nfl/rankings/lb.php,weekly-lb,wp,Dorian Williams,25453,LB,BUF,59.25,9.38,42,84,NA,dorian-williams.php,NA,NA,2.3,NA,NA,NA,NA,NA,7,Dorian Williams,2026-10-02,BUF
/nfl/rankings/lb.php,weekly-lb,wp,Jaishawn Barham,28200,LB,DAL,62.33,14.74,36,88,NA,jaishawn-barham.php,NA,NA,7.5,NA,NA,NA,NA,-7,14,Jaishawn Barham,2026-10-02,DAL
/nfl/rankings/lb.php,weekly-lb,wp,Pete Werner,22809,LB,NO,62.42,8.52,51,79,NA,pete-werner.php,NA,NA,4.9,NA,NA,NA,NA,NA,8,Pete Werner,2026-10-02,NOS
/nfl/rankings/lb.php,weekly-lb,wp,Jake Hansen,24004,LB,HOU,57.36,7.74,50,78,NA,jake-hansen.php,NA,NA,1,NA,NA,NA,NA,NA,8,Jake Hansen,2026-10-02,HOU
/nfl/rankings/lb.php,weekly-lb,wp,Dallas Turner,26097,DL,MIN,51,6.81,37,60,NA,dallas-turner.php,NA,NA,38.8,NA,NA,NA,NA,8,6,Dallas Turner,2026-10-02,MIN
/nfl/rankings/lb.php,weekly-lb,wp,Greg Rousseau,19787,DL,BUF,54.6,19.09,23,97,NA,gregory-rousseau.php,NA,NA,61.7,NA,NA,NA,NA,37,7,Gregory Rousseau,2026-10-02,BUF
/nfl/rankings/lb.php,weekly-lb,wp,Justin Strnad,19520,LB,DEN,67.45,7.32,59,86,NA,justin-strnad.php,NA,NA,1.8,NA,NA,NA,NA,NA,10,Justin Strnad,2026-10-02,DEN
/nfl/rankings/lb.php,weekly-lb,wp,Omar Speights,26730,LB,LAR,71.18,9.52,59,89,NA,omar-speights.php,NA,NA,2.4,NA,NA,NA,NA,NA,11,Omar Speights,2026-10-02,LAR
/nfl/rankings/lb.php,weekly-lb,wp,Danielle Hunter,14036,DL,HOU,64.3,9.14,40,76,NA,danielle-hunter.php,NA,NA,39.7,NA,NA,NA,NA,11,8,Danielle Hunter,2026-10-02,HOU
/nfl/rankings/lb.php,weekly-lb,wp,Abdul Carter,27022,DL,NYG,57.89,7.61,43,71,NA,abdul-carter.php,NA,NA,21.4,NA,NA,NA,NA,NA,8,Abdul Carter,2026-10-02,NYG
/nfl/rankings/lb.php,weekly-lb,wp,Cedric Gray,26168,LB,TEN,68.7,11.57,56,90,NA,cedric-gray.php,NA,NA,26.2,NA,NA,NA,NA,-11,9,Cedric Gray,2026-10-02,TEN
/nfl/rankings/lb.php,weekly-lb,wp,Josh Hines-Allen,18201,DL,JAC,66.22,3.99,62,74,NA,josh-allen-olb.php,NA,NA,24.4,NA,NA,NA,NA,NA,7,Josh Hines-Allen,2026-10-02,JAC
/nfl/rankings/lb.php,weekly-lb,wp,Tuli Tuipulotu,25364,DL,LAC,66.56,6.95,56,76,NA,tuli-tuipulotu.php,NA,NA,31.2,NA,NA,NA,NA,12,7,Tuli Tuipulotu,2026-10-02,LAC
/nfl/rankings/lb.php,weekly-lb,wp,Cody Barton,18542,LB,TEN,76.1,9.34,63,94,NA,cody-barton.php,NA,NA,2.5,NA,NA,NA,NA,-8,9,Cody Barton,2026-10-02,TEN
/nfl/rankings/lb.php,weekly-lb,wp,Jaylon Carlies,26465,LB,IND,73.22,7.9,65,88,NA,jaylon-carlies.php,NA,NA,0.9,NA,NA,NA,NA,NA,13,Jaylon Carlies,2026-10-02,IND
/nfl/rankings/lb.php,weekly-lb,wp,Lukas Van Ness,25291,DL,GB,74.89,8.21,61,90,NA,lukas-van-ness.php,NA,NA,12,NA,NA,NA,NA,NA,11,Lukas Van Ness,2026-10-02,GBP
/nfl/rankings/lb.php,weekly-lb,wp,Bradley Chubb,17277,LB,BUF,75.22,6.55,66,84,NA,bradley-chubb.php,NA,NA,7.2,NA,NA,NA,NA,10,7,Bradley Chubb,2026-10-02,BUF
/nfl/rankings/lb.php,weekly-lb,wp,Nik Bonitto,23763,DL,DEN,76,11.33,50,91,NA,nik-bonitto.php,NA,NA,34.2,NA,NA,NA,NA,NA,10,Nik Bonitto,2026-10-02,DEN
/nfl/rankings/lb.php,weekly-lb,wp,Del'Shawn Phillips,18858,LB,LAC,76.89,7.84,67,91,NA,delshawn-phillips.php,NA,NA,0.8,NA,NA,NA,NA,-11,7,DelShawn Phillips,2026-10-02,LAC
/nfl/rankings/lb.php,weekly-lb,wp,Kendal Daniels,28290,DB,ATL,87.4,10.53,73,113,NA,kendal-daniels.php,NA,NA,1.4,NA,NA,NA,NA,NA,11,Kendal Daniels,2026-10-02,ATL
/nfl/rankings/lb.php,weekly-lb,wp,Byron Young,25449,DL,LAR,75.38,12.55,60,97,NA,byron-young-edge.php,NA,NA,28.3,NA,NA,NA,NA,12,11,Byron Young,2026-10-02,LAR
/nfl/rankings/lb.php,weekly-lb,wp,Jalyx Hunt,26337,LB,PHI,83,7.07,75,93,NA,jalyx-hunt.php,NA,NA,4.1,NA,NA,NA,NA,-14,10,Jalyx Hunt,2026-10-02,PHI
/nfl/rankings/lb.php,weekly-lb,wp,Frankie Luvu,17963,LB,WAS,76.38,18.01,57,116,NA,frankie-luvu.php,NA,NA,5.7,NA,NA,NA,NA,-13,7,Frankie Luvu,2026-10-02,WAS
/nfl/rankings/lb.php,weekly-lb,wp,David Bailey,27191,DL,NYJ,77.25,12.59,58,95,NA,david-bailey-edge.php,NA,NA,19.3,NA,NA,NA,NA,11,13,David Bailey,2026-10-02,NYJ
/nfl/rankings/lb.php,weekly-lb,wp,Rashan Gary,18209,LB,DAL,86.67,5.93,77,98,NA,rashan-gary.php,NA,NA,11.4,NA,NA,NA,NA,NA,14,Rashan Gary,2026-10-02,DAL
/nfl/rankings/lb.php,weekly-lb,wp,Nick Herbig,25464,LB,PIT,79.63,10.7,63,94,NA,nick-herbig.php,NA,NA,5.8,NA,NA,NA,NA,-9,9,Nick Herbig,2026-10-02,PIT
/nfl/rankings/lb.php,weekly-lb,wp,Jaelan Phillips,22734,DL,CAR,79.75,8.48,72,99,NA,jaelan-phillips.php,NA,NA,6.2,NA,NA,NA,NA,8,5,Jaelan Phillips,2026-10-02,CAR
/nfl/rankings/lb.php,weekly-lb,wp,Khalil Mack,12169,LB,LAC,81.38,8.08,73,94,NA,khalil-mack.php,NA,NA,4.7,NA,NA,NA,NA,NA,7,Khalil Mack,2026-10-02,LAC
/nfl/rankings/lb.php,weekly-lb,wp,Teddye Buchanan,27146,LB,BAL,92.33,22.21,76,153,NA,teddye-buchanan.php,NA,NA,2,NA,NA,NA,NA,-12,13,Teddye Buchanan,2026-10-02,BAL
/nfl/rankings/lb.php,weekly-lb,wp,SirVocea Dennis,23990,LB,TB,91.38,29.39,74,168,NA,sirvocea-dennis.php,NA,NA,4.8,NA,NA,NA,NA,-10,10,SirVocea Dennis,2026-10-02,TBB
/nfl/rankings/lb.php,weekly-lb,wp,DeMarvion Overshown,25314,LB,DAL,71,9.68,60,89,NA,demarvion-overshown.php,NA,NA,7.7,NA,NA,NA,NA,NA,14,DeMarvion Overshown,2026-10-02,DAL
/nfl/rankings/lb.php,weekly-lb,wp,Trey Hendrickson,16719,DL,BAL,82.14,13.97,67,104,NA,trey-hendrickson.php,NA,NA,26.2,NA,NA,NA,NA,30,13,Trey Hendrickson,2026-10-02,BAL
/nfl/rankings/lb.php,weekly-lb,wp,Harold Perkins Jr.,27021,LB,ATL,91.63,8.72,80,103,NA,harold-perkins-jr.php,NA,NA,1,NA,NA,NA,NA,-10,11,Harold Perkins,2026-10-02,ATL
/nfl/rankings/lb.php,weekly-lb,wp,Odafe Oweh,22714,DL,WAS,85.57,7.4,73,98,NA,odafe-oweh.php,NA,NA,6.1,NA,NA,NA,NA,NA,7,Odafe Oweh,2026-10-02,WAS
/nfl/rankings/lb.php,weekly-lb,wp,Bryce Boettcher,28255,LB,IND,100.89,16.03,86,136,NA,bryce-boettcher.php,NA,NA,1.1,NA,NA,NA,NA,NA,13,Bryce Boettcher,2026-10-02,IND
/nfl/rankings/lb.php,weekly-lb,wp,Donovan Ezeiruaku,27033,DL,DAL,90.86,9.48,75,100,NA,donovan-ezeiruaku.php,NA,NA,12.1,NA,NA,NA,NA,15,14,Donovan Ezeiruaku,2026-10-02,DAL
/nfl/rankings/lb.php,weekly-lb,wp,Travon Walker,23724,DL,JAC,91.43,5.29,84,100,NA,travon-walker.php,NA,NA,9.8,NA,NA,NA,NA,NA,7,Travon Walker,2026-10-02,JAC
/nfl/rankings/lb.php,weekly-lb,wp,CJ Allen,27970,LB,IND,103.25,26.37,80,171,NA,cj-allen.php,NA,NA,10.9,NA,NA,NA,NA,NA,13,CJ Allen,2026-10-02,IND
/nfl/rankings/lb.php,weekly-lb,wp,Jared Verse,25234,DL,CLE,89.5,9.31,75,103,NA,jared-verse.php,NA,NA,26.4,NA,NA,NA,NA,NA,11,Jared Verse,2026-10-02,CLE
/nfl/rankings/lb.php,weekly-lb,wp,Kain Medrano,27533,LB,WAS,82.2,26.46,56,118,NA,kain-medrano.php,NA,NA,0.6,NA,NA,NA,NA,NA,7,Kain Medrano,2026-10-02,WAS
/nfl/rankings/lb.php,weekly-lb,wp,Christian Rozeboom,19713,LB,TB,97,32.85,70,169,NA,christian-rozeboom.php,NA,NA,2,NA,NA,NA,NA,NA,10,Christian Rozeboom,2026-10-02,TBB
/nfl/rankings/lb.php,weekly-lb,wp,Malcolm Rodriguez,23822,LB,DET,100.71,18.35,84,142,NA,malcolm-rodriguez.php,NA,NA,1.3,NA,NA,NA,NA,-11,6,Malcolm Rodriguez,2026-10-02,DET
/nfl/rankings/lb.php,weekly-lb,wp,Yaya Diaby,25264,DL,TB,95,6.14,83,102,NA,yaya-diaby.php,NA,NA,7,NA,NA,NA,NA,NA,10,YaYa Diaby,2026-10-02,TBB
/nfl/rankings/lb.php,weekly-lb,wp,Elijah Ponder,27734,DL,NE,86.2,12.51,68,105,NA,elijah-ponder-de.php,NA,NA,1.5,NA,NA,NA,NA,NA,11,Elijah Ponder,2026-10-02,NEP
/nfl/rankings/lb.php,weekly-lb,wp,Carl Granderson,18295,DL,NO,96.83,3.62,89,100,NA,carl-granderson.php,NA,NA,11.8,NA,NA,NA,NA,NA,8,Carl Granderson,2026-10-02,NOS
/nfl/rankings/lb.php,weekly-lb,wp,Za'Darius Smith,14060,LB,ATL,104.57,16.4,84,127,NA,zadarius-smith.php,NA,NA,2,NA,NA,NA,NA,-14,11,ZaDarius Smith,2026-10-02,ATL
/nfl/rankings/lb.php,weekly-lb,wp,Troy Dye,19269,LB,LAC,89.6,31.14,49,128,NA,troy-dye.php,NA,NA,0.9,NA,NA,NA,NA,NA,7,Troy Dye,2026-10-02,LAC
/nfl/rankings/lb.php,weekly-lb,wp,Willie Gay Jr.,19480,LB,MIA,94.6,16.13,69,115,NA,willie-gay.php,NA,NA,1.7,NA,NA,NA,NA,NA,6,Willie Gay,2026-10-02,MIA
/nfl/rankings/lb.php,weekly-lb,wp,Tavius Robinson,25478,DL,BAL,97.4,4.45,89,101,NA,tavius-robinson.php,NA,NA,1.2,NA,NA,NA,NA,NA,13,Tavius Robinson,2026-10-02,BAL
/nfl/rankings/lb.php,weekly-lb,wp,Danny Stutsman,27031,LB,NO,100,34.19,61,143,NA,danny-stutsman.php,NA,NA,0.7,NA,NA,NA,NA,NA,8,Danny Stutsman,2026-10-02,NOS
/nfl/rankings/lb.php,weekly-lb,wp,Nolan Smith Jr.,24711,DL,PHI,100.2,10.81,86,118,NA,nolan-smith.php,NA,NA,3.2,NA,NA,NA,NA,-10,10,Nolan Smith,2026-10-02,PHI
/nfl/rankings/lb.php,weekly-lb,wp,DeMarcus Lawrence,12217,DL,SEA,91,10.89,74,104,NA,demarcus-lawrence.php,NA,NA,8.6,NA,NA,NA,NA,NA,11,DeMarcus Lawrence,2026-10-02,SEA
/nfl/rankings/lb.php,weekly-lb,wp,Jonah Elliss,26157,LB,DEN,102.4,5.68,96,113,NA,jonah-elliss.php,NA,NA,0.8,NA,NA,NA,NA,-10,10,Jonah Elliss,2026-10-02,DEN
/nfl/rankings/lb.php,weekly-lb,wp,Jaden Dugger,28473,LB,SF,107.2,12.98,92,125,NA,jaden-dugger.php,NA,NA,1,NA,NA,NA,NA,-15,8,Jaden Dugger,2026-10-02,SFO
/nfl/rankings/lb.php,weekly-lb,wp,Gabe Jacas,27959,LB,NE,88.67,12.28,73,103,NA,gabe-jacas.php,NA,NA,1.5,NA,NA,NA,NA,NA,11,Gabe Jacas,2026-10-02,NEP
/nfl/rankings/lb.php,weekly-lb,wp,Josaiah Stewart,27034,DL,LAR,98,8.83,86,107,NA,josaiah-stewart.php,NA,NA,0.7,NA,NA,NA,NA,NA,11,Josaiah Stewart,2026-10-02,LAR
/nfl/rankings/lb.php,weekly-lb,wp,Cameron Thomas,23737,DL,ATL,98.33,7.13,91,108,NA,cameron-thomas.php,NA,NA,0.7,NA,NA,NA,NA,NA,11,Cameron Thomas,2026-10-02,ATL
/nfl/rankings/lb.php,weekly-lb,wp,Tyrel Dodson,18584,LB,CAR,117,30.7,96,170,NA,tyrel-dodson.php,NA,NA,3.1,NA,NA,NA,NA,-16,5,Tyrel Dodson,2026-10-02,CAR
/nfl/rankings/lb.php,weekly-lb,wp,Boye Mafe,23736,DL,CIN,103.33,4.03,100,109,NA,boye-mafe.php,NA,NA,9.7,NA,NA,NA,NA,NA,6,Boye Mafe,2026-10-02,CIN
/nfl/rankings/lb.php,weekly-lb,wp,Austin Booker,26313,LB,CHI,105,1.41,103,106,NA,austin-booker.php,NA,NA,6.1,NA,NA,NA,NA,NA,10,Austin Booker,2026-10-02,CHI
/nfl/rankings/lb.php,weekly-lb,wp,Patrick Jones II,23254,DL,CAR,106,7.12,96,112,NA,patrick-jones-de.php,NA,NA,0.9,NA,NA,NA,NA,NA,5,Patrick Jones,2026-10-02,CAR
/nfl/rankings/lb.php,weekly-lb,wp,Josh Uche,19257,DL,MIA,107,8.83,95,116,NA,josh-uche.php,NA,NA,1.3,NA,NA,NA,NA,NA,6,Josh Uche,2026-10-02,MIA
/nfl/rankings/lb.php,weekly-lb,wp,Arden Key,17279,DL,IND,108,7.35,99,117,NA,arden-key.php,NA,NA,0.8,NA,NA,NA,NA,NA,13,Arden Key,2026-10-02,IND
/nfl/rankings/lb.php,weekly-lb,wp,Rueben Bain Jr.,28772,DL,TB,108,4.24,102,111,NA,rueben-bain.php,NA,NA,17.4,NA,NA,NA,NA,NA,10,Rueben Bain,2026-10-02,TBB
/nfl/rankings/lb.php,weekly-lb,wp,Chop Robinson,26105,DL,MIA,108,3.74,104,113,NA,chop-robinson.php,NA,NA,3.1,NA,NA,NA,NA,NA,6,Chop Robinson,2026-10-02,MIA
/nfl/rankings/lb.php,weekly-lb,wp,Kingsley Enagbare,23487,DL,NYJ,111.67,4.78,105,116,NA,kingsley-enagbare.php,NA,NA,1.5,NA,NA,NA,NA,NA,13,Kingsley Enagbare,2026-10-02,NYJ
/nfl/rankings/lb.php,weekly-lb,wp,Josh Sweat,17363,DL,ARI,115.33,9.46,103,126,NA,josh-sweat.php,NA,NA,2.9,NA,NA,NA,NA,NA,14,Josh Sweat,2026-10-02,ARI
/nfl/rankings/lb.php,weekly-lb,wp,K'Lavon Chaisson,19228,DL,WAS,115.33,4.5,109,119,NA,klavon-chaisson.php,NA,NA,1.6,NA,NA,NA,NA,NA,7,KLavon Chaisson,2026-10-02,WAS
/nfl/rankings/lb.php,weekly-lb,wp,Jonathan Greenard,19276,DL,PHI,116.33,18.01,92,135,NA,jonathan-greenard.php,NA,NA,10.4,NA,NA,NA,NA,NA,10,Jonathan Greenard,2026-10-02,PHI
/nfl/rankings/lb.php,weekly-lb,wp,Derick Hall,24697,DL,SEA,116.33,3.3,112,120,NA,derick-hall.php,NA,NA,1.1,NA,NA,NA,NA,NA,11,Derick Hall,2026-10-02,SEA
/nfl/rankings/lb.php,weekly-lb,wp,DJ Wonnum,19355,DL,DET,117,5.1,112,124,NA,dj-wonnum.php,NA,NA,1.9,NA,NA,NA,NA,NA,6,DJ Wonnum,2026-10-02,DET
/nfl/rankings/lb.php,weekly-lb,wp,Kayvon Thibodeaux,23484,DL,NYG,118.67,14.82,98,132,NA,kayvon-thibodeaux.php,NA,NA,8.9,NA,NA,NA,NA,NA,8,Kayvon Thibodeaux,2026-10-02,NYG
/nfl/rankings/lb.php,weekly-lb,wp,D'Marco Jackson,23806,LB,CHI,118.67,3.3,114,121,NA,dmarco-jackson.php,NA,NA,0.8,NA,NA,NA,NA,NA,10,DMarco Jackson,2026-10-02,CHI
/nfl/rankings/lb.php,weekly-lb,wp,Garret Wallow,23206,LB,SF,110,4,106,114,NA,garret-wallow.php,NA,NA,0.8,NA,NA,NA,NA,NA,8,Garret Wallow,2026-10-02,SFO
/nfl/rankings/lb.php,weekly-lb,wp,Ivan Pace Jr.,25452,LB,MIN,120.5,36.5,84,157,NA,ivan-pace-jr.php,NA,NA,1.3,NA,NA,NA,NA,NA,6,Ivan Pace,2026-10-02,MIN
/nfl/rankings/lb.php,weekly-lb,wp,Khalid Kareem,19326,DL,SF,120,9,111,129,NA,khalid-kareem.php,NA,NA,0.7,NA,NA,NA,NA,NA,8,Khalid Kareem,2026-10-02,SFO
/nfl/rankings/lb.php,weekly-lb,wp,Zaven Collins,22698,LB,ARI,122,1,121,123,NA,zaven-collins.php,NA,NA,1.4,NA,NA,NA,NA,NA,14,Zaven Collins,2026-10-02,ARI
/nfl/rankings/lb.php,weekly-lb,wp,Dennis Gardeck,17906,LB,JAC,126.5,3.5,123,130,NA,dennis-gardeck.php,NA,NA,0.8,NA,NA,NA,NA,NA,7,Dennis Gardeck,2026-10-02,JAC
/nfl/rankings/lb.php,weekly-lb,wp,Uchenna Nwosu,17448,LB,SEA,127.5,3.5,124,131,NA,uchenna-nwosu.php,NA,NA,1.8,NA,NA,NA,NA,NA,11,Uchenna Nwosu,2026-10-02,SEA
/nfl/rankings/lb.php,weekly-lb,wp,Dani Dennis-Sutton,28180,DL,GB,130,3,127,133,NA,dani-dennissutton.php,NA,NA,0.8,NA,NA,NA,NA,NA,11,Dani Dennis-Sutton,2026-10-02,GBP
/nfl/rankings/lb.php,weekly-lb,wp,Trevor Nowaske,25793,LB,DET,131,6,125,137,NA,trevor-nowaske.php,NA,NA,1,NA,NA,NA,NA,NA,6,Trevor Nowaske,2026-10-02,DET
/nfl/rankings/lb.php,weekly-lb,wp,Akheem Mesidor,27078,DL,LAC,131,3,128,134,NA,akheem-mesidor.php,NA,NA,8.1,NA,NA,NA,NA,NA,7,Akheem Mesidor,2026-10-02,LAC
/nfl/rankings/lb.php,weekly-lb,wp,Keion White,25281,DL,SF,132,3,129,135,NA,keion-white.php,NA,NA,0.7,NA,NA,NA,NA,NA,8,Keion White,2026-10-02,SFO
/nfl/rankings/lb.php,weekly-lb,wp,Sam Williams,23746,DL,CLE,133,13,120,146,NA,sam-williams-dt.php,NA,NA,0.7,NA,NA,NA,NA,NA,11,Sam Williams,2026-10-02,CLE
/nfl/rankings/lb.php,weekly-lb,wp,Princely Umanmielen,26130,DL,CAR,134,4,130,138,NA,princely-umanmielen.php,NA,NA,0.7,NA,NA,NA,NA,NA,5,Princely Umanmielen,2026-10-02,CAR
/nfl/rankings/lb.php,weekly-lb,wp,Michael Hoecht,20024,DL,BUF,137.5,13.5,124,151,NA,michael-hoecht.php,NA,NA,0.6,NA,NA,NA,NA,NA,7,Michael Hoecht,2026-10-02,BUF
/nfl/rankings/lb.php,weekly-lb,wp,Jacob Martin,17629,LB,TEN,135,4,131,139,NA,jake-martin.php,NA,NA,1.2,NA,NA,NA,NA,NA,9,Jacob Martin,2026-10-02,TEN
/nfl/rankings/lb.php,weekly-lb,wp,Samson Ebukam,16734,LB,ATL,136,4,132,140,NA,samson-ebukam.php,NA,NA,0.9,NA,NA,NA,NA,NA,11,Samson Ebukam,2026-10-02,ATL
/nfl/rankings/lb.php,weekly-lb,wp,Romello Height,28052,DL,SF,137,4,133,141,NA,romello-height.php,NA,NA,1.6,NA,NA,NA,NA,NA,8,Romello Height,2026-10-02,SFO
/nfl/rankings/lb.php,weekly-lb,wp,Al-Quadin Muhammad,16715,DL,TB,138,4,134,142,NA,al-quadin-muhammad.php,NA,NA,0.7,NA,NA,NA,NA,NA,10,Al-Quadin Muhammad,2026-10-02,TBB
/nfl/rankings/lb.php,weekly-lb,wp,Kyle Van Noy,12171,LB,MIN,150.5,14.5,136,165,NA,kyle-van-noy.php,NA,NA,3.3,NA,NA,NA,NA,NA,6,Kyle Van Noy,2026-10-02,MIN
/nfl/rankings/ppr-superflex.php,weekly-op,wsf,Jahmyr Gibbs,22968,RB,DET,1.15,0.66,1,4,NA,jahmyr-gibbs.php,NA,NA,99.8,NA,NA,NA,NA,NA,6,Jahmyr Gibbs,2026-10-02,DET
/nfl/rankings/ppr-superflex.php,weekly-op,wsf,Josh Allen,17298,QB,BUF,2,0,2,2,NA,josh-allen-qb.php,NA,NA,99.8,NA,NA,NA,NA,NA,7,Josh Allen,2026-10-02,BUF
/nfl/rankings/ppr-superflex.php,weekly-op,wsf,Jaxon Smith-Njigba,23070,WR,SEA,3.1,0.63,3,7,NA,jaxon-smith-njigba.php,NA,NA,99.8,NA,NA,NA,NA,NA,11,Jaxon Smith-Njigba,2026-10-02,SEA
/nfl/rankings/ppr-superflex.php,weekly-op,wsf,Bijan Robinson,23133,RB,ATL,3.87,0.69,1,5,NA,bijan-robinson.php,NA,NA,99.8,NA,NA,NA,NA,NA,11,Bijan Robinson,2026-10-02,ATL
/nfl/rankings/ppr-superflex.php,weekly-op,wsf,Lamar Jackson,17233,QB,BAL,6.59,1.63,5,13,NA,lamar-jackson.php,NA,NA,99.8,NA,NA,NA,NA,NA,13,Lamar Jackson,2026-10-02,BAL
/nfl/rankings/ppr-superflex.php,weekly-op,wsf,Amon-Ra St. Brown,19799,WR,DET,8.41,2.41,7,17,NA,amonra-stbrown.php,NA,NA,99.8,NA,NA,NA,NA,1,6,Amon-Ra St Brown,2026-10-02,DET
/nfl/rankings/ppr-superflex.php,weekly-op,wsf,Kenneth Walker III,23021,RB,KC,8.97,5.63,5,20,NA,kenneth-walker-rb.php,NA,NA,99.6,NA,NA,NA,NA,NA,5,Kenneth Walker,2026-10-02,KCC
/nfl/rankings/ppr-superflex.php,weekly-op,wsf,Ja'Marr Chase,19788,WR,CIN,9.38,5.08,7,40,NA,jamarr-chase.php,NA,NA,99.8,NA,NA,NA,NA,-1,6,JaMarr Chase,2026-10-02,CIN
/nfl/rankings/ppr-superflex.php,weekly-op,wsf,Trevor Lawrence,19780,QB,JAC,9.46,2.7,5,16,NA,trevor-lawrence.php,NA,NA,91.4,NA,NA,NA,NA,NA,7,Trevor Lawrence,2026-10-02,JAC
/nfl/rankings/ppr-superflex.php,weekly-op,wsf,Joe Burrow,19196,QB,CIN,11.59,2.76,6,21,NA,joe-burrow.php,NA,NA,98.3,NA,NA,NA,NA,NA,6,Joe Burrow,2026-10-02,CIN
/nfl/rankings/ppr-superflex.php,weekly-op,wsf,Christian McCaffrey,16393,RB,SF,11.92,4.57,4,18,NA,christian-mccaffrey.php,NA,NA,99.8,NA,NA,NA,NA,1,8,Christian McCaffrey,2026-10-02,SFO
/nfl/rankings/ppr-superflex.php,weekly-op,wsf,Patrick Mahomes II,16413,QB,KC,12.31,2.99,7,21,NA,patrick-mahomes.php,NA,NA,93.7,NA,NA,NA,NA,NA,5,Patrick Mahomes,2026-10-02,KCC
/nfl/rankings/ppr-superflex.php,weekly-op,wsf,Chris Olave,20111,WR,NO,12.44,4.3,7,30,NA,chris-olave.php,NA,NA,99.5,NA,NA,NA,NA,NA,8,Chris Olave,2026-10-02,NOS
/nfl/rankings/ppr-superflex.php,weekly-op,wsf,Tyler Shough,23096,QB,NO,13.97,2.29,8,19,NA,tyler-shough.php,NA,NA,87.3,NA,NA,NA,NA,NA,8,Tyler Shough,2026-10-02,NOS
/nfl/rankings/ppr-superflex.php,weekly-op,wsf,Brock Purdy,19797,QB,SF,14.44,2.09,8,19,NA,brock-purdy.php,NA,NA,92.3,NA,NA,NA,NA,NA,8,Brock Purdy,2026-10-02,SFO
/nfl/rankings/ppr-superflex.php,weekly-op,wsf,Jared Goff,15501,QB,DET,15.92,2.63,10,23,NA,jared-goff.php,NA,NA,83.1,NA,NA,NA,NA,NA,6,Jared Goff,2026-10-02,DET
/nfl/rankings/ppr-superflex.php,weekly-op,wsf,Dak Prescott,15600,QB,DAL,18.74,2.14,13,23,NA,dak-prescott.php,NA,NA,95.6,NA,NA,NA,NA,NA,14,Dak Prescott,2026-10-02,DAL
/nfl/rankings/ppr-superflex.php,weekly-op,wsf,Jonathan Taylor,19217,RB,IND,19.26,8.2,5,39,NA,jonathan-taylor.php,NA,NA,99.8,NA,NA,NA,NA,NA,13,Jonathan Taylor,2026-10-02,IND
/nfl/rankings/ppr-superflex.php,weekly-op,wsf,Bryce Young,22900,QB,CAR,21,2.2,14,25,NA,bryce-young.php,NA,NA,59,NA,NA,NA,NA,NA,5,Bryce Young,2026-10-02,CAR
/nfl/rankings/ppr-superflex.php,weekly-op,wsf,Jalen Hurts,19275,QB,PHI,22,4.36,14,33,NA,jalen-hurts.php,NA,NA,98.5,NA,NA,NA,NA,NA,10,Jalen Hurts,2026-10-02,PHI
/nfl/rankings/ppr-superflex.php,weekly-op,wsf,Derrick Henry,15514,RB,BAL,22.15,8.73,11,39,NA,derrick-henry.php,NA,NA,99.7,NA,NA,NA,NA,-1,13,Derrick Henry,2026-10-02,BAL
/nfl/rankings/ppr-superflex.php,weekly-op,wsf,CeeDee Lamb,19202,WR,DAL,24.77,8.77,10,40,NA,ceedee-lamb.php,NA,NA,99.8,NA,NA,NA,NA,NA,14,CeeDee Lamb,2026-10-02,DAL
/nfl/rankings/ppr-superflex.php,weekly-op,wsf,Kyler Murray,18600,QB,MIN,24.77,4.31,19,37,NA,kyler-murray.php,NA,NA,63.9,NA,NA,NA,NA,NA,6,Kyler Murray,2026-10-02,MIN
/nfl/rankings/ppr-superflex.php,weekly-op,wsf,Jordan Love,19246,QB,GB,26.13,3.74,22,36,NA,jordan-love.php,NA,NA,62.7,NA,NA,NA,NA,NA,11,Jordan Love,2026-10-02,GBP
/nfl/rankings/ppr-superflex.php,weekly-op,wsf,Drake Maye,23046,QB,NE,26.59,4.27,22,38,NA,drake-maye.php,NA,NA,88.5,NA,NA,NA,NA,NA,11,Drake Maye,2026-10-02,NEP
/nfl/rankings/ppr-superflex.php,weekly-op,wsf,C.J. Stroud,23071,QB,HOU,27.33,3.67,22,38,NA,cj-stroud.php,NA,NA,41.7,NA,NA,NA,NA,NA,8,CJ Stroud,2026-10-02,HOU
/nfl/rankings/ppr-superflex.php,weekly-op,wsf,Matthew Stafford,9451,QB,LAR,29.1,3.87,22,37,NA,matthew-stafford.php,NA,NA,89.9,NA,NA,NA,NA,NA,11,Matthew Stafford,2026-10-02,LAR
/nfl/rankings/ppr-superflex.php,weekly-op,wsf,Garrett Wilson,23072,WR,NYJ,29.13,4.08,17,43,NA,garrett-wilson.php,NA,NA,98.3,NA,NA,NA,NA,NA,13,Garrett Wilson,2026-10-02,NYJ
/nfl/rankings/ppr-superflex.php,weekly-op,wsf,Drake London,23163,WR,ATL,29.64,6.44,16,48,NA,drake-london.php,NA,NA,99.6,NA,NA,NA,NA,NA,11,Drake London,2026-10-02,ATL
/nfl/rankings/ppr-superflex.php,weekly-op,wsf,Brock Bowers,22955,TE,LV,30.05,7.98,26,46,NA,brock-bowers.php,NA,NA,99.6,NA,NA,NA,NA,NA,13,Brock Bowers,2026-10-02,LVR
/nfl/rankings/ppr-superflex.php,weekly-op,wsf,Bo Nix,22910,QB,DEN,30.67,5.62,21,53,NA,bo-nix.php,NA,NA,78.2,NA,NA,NA,NA,NA,10,Bo Nix,2026-10-02,DEN
/nfl/rankings/ppr-superflex.php,weekly-op,wsf,Jaylen Warren,24209,RB,PIT,31.97,10.29,19,47,NA,jaylen-warren.php,NA,NA,93.1,NA,NA,NA,NA,3,9,Jaylen Warren,2026-10-02,PIT
/nfl/rankings/ppr-superflex.php,weekly-op,wsf,Marcus Mariota,13890,QB,WAS,33.67,2.56,25,37,NA,marcus-mariota.php,NA,NA,11.5,NA,NA,NA,NA,NA,7,Marcus Mariota,2026-10-02,WAS
/nfl/rankings/ppr-superflex.php,weekly-op,wsf,Ashton Jeanty,25989,RB,LV,33.69,5.7,27,47,NA,ashton-jeanty.php,NA,NA,99.7,NA,NA,NA,NA,NA,13,Ashton Jeanty,2026-10-02,LVR
/nfl/rankings/ppr-superflex.php,weekly-op,wsf,Jacoby Brissett,15642,QB,ARI,36.62,3.33,27,44,NA,jacoby-brissett.php,NA,NA,12.6,NA,NA,NA,NA,NA,14,Jacoby Brissett,2026-10-02,ARI
/nfl/rankings/ppr-superflex.php,weekly-op,wsf,Sam Darnold,17236,QB,SEA,38.26,5.29,24,52,NA,sam-darnold.php,NA,NA,49,NA,NA,NA,NA,NA,11,Sam Darnold,2026-10-02,SEA
/nfl/rankings/ppr-superflex.php,weekly-op,wsf,Daniel Jones,18232,QB,IND,38.41,6.14,28,56,NA,daniel-jones.php,NA,NA,24.5,NA,NA,NA,NA,NA,13,Daniel Jones,2026-10-02,IND
/nfl/rankings/ppr-superflex.php,weekly-op,wsf,James Cook III,22958,RB,BUF,38.44,4.96,20,51,NA,james-cook.php,NA,NA,99.8,NA,NA,NA,NA,NA,7,James Cook,2026-10-02,BUF
/nfl/rankings/ppr-superflex.php,weekly-op,wsf,Zay Flowers,22916,WR,BAL,38.77,6.69,17,61,NA,zay-flowers.php,NA,NA,98.8,NA,NA,NA,NA,NA,13,Zay Flowers,2026-10-02,BAL
/nfl/rankings/ppr-superflex.php,weekly-op,wsf,Jeremiyah Love,25403,RB,ARI,40.87,10.09,19,64,NA,jeremiyah-love.php,NA,NA,99.2,NA,NA,NA,NA,NA,14,Jeremiyah Love,2026-10-02,ARI
/nfl/rankings/ppr-superflex.php,weekly-op,wsf,Parker Washington,23106,WR,JAC,41.28,5.17,30,60,NA,parker-washington.php,NA,NA,94.3,NA,NA,NA,NA,3,7,Parker Washington,2026-10-02,JAC
/nfl/rankings/ppr-superflex.php,weekly-op,wsf,Trey McBride,22936,TE,ARI,41.82,8.04,26,46,NA,trey-mcbride.php,NA,NA,99.7,NA,NA,NA,NA,NA,14,Trey McBride,2026-10-02,ARI
/nfl/rankings/ppr-superflex.php,weekly-op,wsf,Chase Brown,25324,RB,CIN,42.54,8.01,20,53,NA,chase-brown.php,NA,NA,99.5,NA,NA,NA,NA,NA,6,Chase Brown,2026-10-02,CIN
/nfl/rankings/ppr-superflex.php,weekly-op,wsf,Geno Smith,11687,QB,NYJ,42.87,6.78,32,55,NA,geno-smith.php,NA,NA,11.8,NA,NA,NA,NA,NA,13,Geno Smith,2026-10-02,NYJ
/nfl/rankings/ppr-superflex.php,weekly-op,wsf,Chuba Hubbard,19792,RB,CAR,46.05,7.75,28,59,NA,chuba-hubbard.php,NA,NA,94.7,NA,NA,NA,NA,NA,5,Chuba Hubbard,2026-10-02,CAR
/nfl/rankings/ppr-superflex.php,weekly-op,wsf,Christian Watson,23886,WR,GB,47.64,3.75,40,61,NA,christian-watson.php,NA,NA,95.1,NA,NA,NA,NA,NA,11,Christian Watson,2026-10-02,GBP
/nfl/rankings/ppr-superflex.php,weekly-op,wsf,Puka Nacua,23180,WR,LAR,49.38,32.53,10,146,NA,puka-nacua.php,NA,NA,99.8,NA,NA,NA,NA,28,11,Puka Nacua,2026-10-02,LAR
/nfl/rankings/ppr-superflex.php,weekly-op,wsf,Aaron Jones Sr.,16673,RB,MIN,51.72,6.11,41,73,NA,aaron-jones.php,NA,NA,85.3,NA,NA,NA,NA,NA,6,Aaron Jones,2026-10-02,MIN
/nfl/rankings/ppr-superflex.php,weekly-op,wsf,Justin Herbert,18635,QB,LAC,53.33,5.31,38,64,NA,justin-herbert.php,NA,NA,84.7,NA,NA,NA,NA,NA,7,Justin Herbert,2026-10-02,LAC
/nfl/rankings/ppr-superflex.php,weekly-op,wsf,Tetairoa McMillan,25417,WR,CAR,53.36,8.84,43,80,NA,tetairoa-mcmillan.php,NA,NA,97.9,NA,NA,NA,NA,3,5,Tetairoa McMillan,2026-10-02,CAR
/nfl/rankings/ppr-superflex.php,weekly-op,wsf,Nico Collins,20130,WR,HOU,53.44,16.32,36,103,NA,nico-collins.php,NA,NA,99.1,NA,NA,NA,NA,24,8,Nico Collins,2026-10-02,HOU
/nfl/rankings/ppr-superflex.php,weekly-op,wsf,Kyren Williams,23059,RB,LAR,53.82,6.83,41,69,NA,kyren-williams.php,NA,NA,99,NA,NA,NA,NA,NA,11,Kyren Williams,2026-10-02,LAR
/nfl/rankings/ppr-superflex.php,weekly-op,wsf,Kirk Cousins,11177,QB,LV,55.54,2.77,52,65,NA,kirk-cousins.php,NA,NA,24.2,NA,NA,NA,NA,NA,13,Kirk Cousins,2026-10-02,LVR
/nfl/rankings/ppr-superflex.php,weekly-op,wsf,Michael Penix Jr.,22973,QB,ATL,55.95,2.75,53,65,NA,michael-penix-jr.php,NA,NA,8,NA,NA,NA,NA,NA,11,Michael Penix,2026-10-02,ATL
/nfl/rankings/ppr-superflex.php,weekly-op,wsf,George Pickens,22963,WR,DAL,56.54,7.73,48,72,NA,george-pickens.php,NA,NA,99.5,NA,NA,NA,NA,NA,14,George Pickens,2026-10-02,DAL
/nfl/rankings/ppr-superflex.php,weekly-op,wsf,Davante Adams,12123,WR,LAR,57.26,13.2,36,75,NA,davante-adams.php,NA,NA,97.9,NA,NA,NA,NA,-3,11,Davante Adams,2026-10-02,LAR
/nfl/rankings/ppr-superflex.php,weekly-op,wsf,Deshaun Watson,16398,QB,CLE,57.67,3.36,53,65,NA,deshaun-watson.php,NA,NA,8.7,NA,NA,NA,NA,NA,11,Deshaun Watson,2026-10-02,CLE
/nfl/rankings/ppr-superflex.php,weekly-op,wsf,D'Andre Swift,19210,RB,CHI,58.85,7.15,32,66,NA,dandre-swift.php,NA,NA,96.7,NA,NA,NA,NA,NA,10,DAndre Swift,2026-10-02,CHI
/nfl/rankings/ppr-superflex.php,weekly-op,wsf,Tee Higgins,19211,WR,CIN,59.95,8.06,48,75,NA,tee-higgins.php,NA,NA,98.1,NA,NA,NA,NA,NA,6,Tee Higgins,2026-10-02,CIN
/nfl/rankings/ppr-superflex.php,weekly-op,wsf,Saquon Barkley,17240,RB,PHI,60.54,7.02,45,73,NA,saquon-barkley.php,NA,NA,99.7,NA,NA,NA,NA,-5,10,Saquon Barkley,2026-10-02,PHI
/nfl/rankings/ppr-superflex.php,weekly-op,wsf,Jameis Winston,13891,QB,NYG,60.92,5.1,53,76,NA,jameis-winston.php,NA,NA,4.6,NA,NA,NA,NA,NA,8,Jameis Winston,2026-10-02,NYG
/nfl/rankings/ppr-superflex.php,weekly-op,wsf,Rashee Rice,23113,WR,KC,61.67,6.86,50,79,NA,rashee-rice.php,NA,NA,98.8,NA,NA,NA,NA,NA,5,Rashee Rice,2026-10-02,KCC
/nfl/rankings/ppr-superflex.php,weekly-op,wsf,Cam Skattebo,27166,RB,NYG,62.72,7.41,47,82,NA,cam-skattebo.php,NA,NA,98.1,NA,NA,NA,NA,NA,8,Cam Skattebo,2026-10-02,NYG
/nfl/rankings/ppr-superflex.php,weekly-op,wsf,Aaron Rodgers,9001,QB,PIT,62.9,5.23,53,72,NA,aaron-rodgers.php,NA,NA,9.9,NA,NA,NA,NA,NA,9,Aaron Rodgers,2026-10-02,PIT
/nfl/rankings/ppr-superflex.php,weekly-op,wsf,Josh Downs,24706,WR,IND,64.74,6.65,53,78,NA,josh-downs.php,NA,NA,84,NA,NA,NA,NA,NA,13,Josh Downs,2026-10-02,IND
/nfl/rankings/ppr-superflex.php,weekly-op,wsf,Jalon Daniels,26060,QB,TB,66.03,6.44,56,77,NA,jalon-daniels.php,NA,NA,1.6,NA,NA,NA,NA,NA,10,Jalon Daniels,2026-10-02,TBB
/nfl/rankings/ppr-superflex.php,weekly-op,wsf,Matthew Golden,26024,WR,GB,67.15,7.22,59,87,NA,matthew-golden.php,NA,NA,87.8,NA,NA,NA,NA,NA,11,Matthew Golden,2026-10-02,GBP
/nfl/rankings/ppr-superflex.php,weekly-op,wsf,Javonte Williams,22739,RB,DAL,68.05,1.68,64,70,NA,javonte-williams.php,NA,NA,99.2,NA,NA,NA,NA,NA,14,Javonte Williams,2026-10-02,DAL
/nfl/rankings/ppr-superflex.php,weekly-op,wsf,Jaylen Waddle,19790,WR,DEN,72.28,6.93,60,84,NA,jaylen-waddle.php,NA,NA,96.9,NA,NA,NA,NA,-4,10,Jaylen Waddle,2026-10-02,DEN
/nfl/rankings/ppr-superflex.php,weekly-op,wsf,Bucky Irving,25981,RB,TB,73.03,6.08,65,99,NA,bucky-irving.php,NA,NA,97,NA,NA,NA,NA,NA,10,Bucky Irving,2026-10-02,TBB
/nfl/rankings/ppr-superflex.php,weekly-op,wsf,George Kittle,16499,TE,SF,75.1,3.26,73,92,NA,george-kittle.php,NA,NA,95.8,NA,NA,NA,NA,1,8,George Kittle,2026-10-02,SFO
/nfl/rankings/ppr-superflex.php,weekly-op,wsf,Michael Wilson,25333,WR,ARI,75.28,6.51,60,87,NA,michael-wilson.php,NA,NA,87.6,NA,NA,NA,NA,NA,14,Michael Wilson,2026-10-02,ARI
/nfl/rankings/ppr-superflex.php,weekly-op,wsf,Bhayshul Tuten,27297,RB,JAC,75.38,9.48,63,108,NA,bhayshul-tuten.php,NA,NA,94.1,NA,NA,NA,NA,NA,7,Bhayshul Tuten,2026-10-02,JAC
/nfl/rankings/ppr-superflex.php,weekly-op,wsf,Malik Nabers,25409,WR,NYG,77.38,6.56,67,91,NA,malik-nabers.php,NA,NA,98.6,NA,NA,NA,NA,-4,8,Malik Nabers,2026-10-02,NYG
/nfl/rankings/ppr-superflex.php,weekly-op,wsf,Malik Willis,23499,QB,MIA,70.47,11.17,56,129,NA,malik-willis.php,NA,NA,25.4,NA,NA,NA,NA,NA,6,Malik Willis,2026-10-02,MIA
/nfl/rankings/ppr-superflex.php,weekly-op,wsf,DJ Moore,17265,WR,BUF,79.85,5.66,63,92,NA,dj-moore-wr.php,NA,NA,96,NA,NA,NA,NA,-3,7,DJ Moore,2026-10-02,BUF
/nfl/rankings/ppr-superflex.php,weekly-op,wsf,Tyler Warren,26434,TE,IND,80.1,4.58,70,93,NA,tyler-warren.php,NA,NA,98.7,NA,NA,NA,NA,3,13,Tyler Warren,2026-10-02,IND
/nfl/rankings/ppr-superflex.php,weekly-op,wsf,Braelon Allen,24346,RB,NYJ,82.51,8.61,69,113,NA,braelon-allen.php,NA,NA,71.3,NA,NA,NA,NA,NA,13,Braelon Allen,2026-10-02,NYJ
/nfl/rankings/ppr-superflex.php,weekly-op,wsf,David Montgomery,18239,RB,HOU,83.15,7.47,69,100,NA,david-montgomery.php,NA,NA,96.4,NA,NA,NA,NA,NA,8,David Montgomery,2026-10-02,HOU
/nfl/rankings/ppr-superflex.php,weekly-op,wsf,Travis Kelce,11594,TE,KC,83.97,3.89,74,97,NA,travis-kelce.php,NA,NA,95.8,NA,NA,NA,NA,-2,5,Travis Kelce,2026-10-02,KCC
/nfl/rankings/ppr-superflex.php,weekly-op,wsf,Luther Burden III,27016,WR,CHI,84.9,5.37,71,97,NA,luther-burden-iii.php,NA,NA,92.8,NA,NA,NA,NA,5,10,Luther Burden,2026-10-02,CHI
/nfl/rankings/ppr-superflex.php,weekly-op,wsf,Terry McLaurin,18466,WR,WAS,87.1,3.89,78,93,NA,terry-mclaurin.php,NA,NA,94.5,NA,NA,NA,NA,NA,7,Terry McLaurin,2026-10-02,WAS
/nfl/rankings/ppr-superflex.php,weekly-op,wsf,Dalton Kincaid,25247,TE,BUF,87.46,6.3,78,107,NA,dalton-kincaid.php,NA,NA,95.1,NA,NA,NA,NA,-1,7,Dalton Kincaid,2026-10-02,BUF
/nfl/rankings/ppr-superflex.php,weekly-op,wsf,Stefon Diggs,13981,WR,WAS,90.82,8.12,80,110,NA,stefon-diggs.php,NA,NA,88.1,NA,NA,NA,NA,NA,7,Stefon Diggs,2026-10-02,WAS
/nfl/rankings/ppr-superflex.php,weekly-op,wsf,Sam LaPorta,22978,TE,DET,92.46,3.1,86,99,NA,sam-laporta.php,NA,NA,97.5,NA,NA,NA,NA,NA,6,Sam LaPorta,2026-10-02,DET
/nfl/rankings/ppr-superflex.php,weekly-op,wsf,Jordan Addison,23107,WR,MIN,92.69,10.98,72,122,NA,jordan-addison.php,NA,NA,81,NA,NA,NA,NA,NA,6,Jordan Addison,2026-10-02,MIN
/nfl/rankings/ppr-superflex.php,weekly-op,wsf,Juwan Johnson,19562,TE,NO,93.05,4.21,84,99,NA,juwan-johnson.php,NA,NA,66.3,NA,NA,NA,NA,NA,8,Juwan Johnson,2026-10-02,NOS
/nfl/rankings/ppr-superflex.php,weekly-op,wsf,Cam Ward,24755,QB,TEN,84.24,22.02,64,131,NA,cam-ward.php,NA,NA,10.4,NA,NA,NA,NA,NA,9,Cam Ward,2026-10-02,TEN
/nfl/rankings/ppr-superflex.php,weekly-op,wsf,Deebo Samuel Sr.,18244,WR,SF,93.62,10.29,79,121,NA,deebo-samuel.php,NA,NA,79.7,NA,NA,NA,NA,-6,8,Deebo Samuel,2026-10-02,SFO
/nfl/rankings/ppr-superflex.php,weekly-op,wsf,DK Metcalf,18219,WR,PIT,93.97,5.3,85,110,NA,dk-metcalf.php,NA,NA,90.9,NA,NA,NA,NA,-4,9,DK Metcalf,2026-10-02,PIT
/nfl/rankings/ppr-superflex.php,weekly-op,wsf,Jameson Williams,23677,WR,DET,94.87,6.52,82,119,NA,jameson-williams.php,NA,NA,93.7,NA,NA,NA,NA,NA,6,Jameson Williams,2026-10-02,DET
/nfl/rankings/ppr-superflex.php,weekly-op,wsf,Devaughn Vele,26409,WR,NO,95.05,8.74,80,109,NA,devaughn-vele.php,NA,NA,45.2,NA,NA,NA,NA,-8,8,Devaughn Vele,2026-10-02,NOS
/nfl/rankings/ppr-superflex.php,weekly-op,wsf,Ladd McConkey,26122,WR,LAC,86.29,6.91,75,110,NA,ladd-mcconkey.php,NA,NA,97.4,NA,NA,NA,NA,-3,7,Ladd McConkey,2026-10-02,LAC
/nfl/rankings/ppr-superflex.php,weekly-op,wsf,Quinshon Judkins,25391,RB,CLE,96.51,7.11,83,113,NA,quinshon-judkins.php,NA,NA,94.7,NA,NA,NA,NA,NA,11,Quinshon Judkins,2026-10-02,CLE
/nfl/rankings/ppr-superflex.php,weekly-op,wsf,Omarion Hampton,25395,RB,LAC,98.77,8.86,82,113,NA,omarion-hampton.php,NA,NA,99.1,NA,NA,NA,NA,-3,7,Omarion Hampton,2026-10-02,LAC
/nfl/rankings/ppr-superflex.php,weekly-op,wsf,Keenan Allen,11616,WR,IND,100.97,7.4,87,124,NA,keenan-allen.php,NA,NA,40.7,NA,NA,NA,NA,NA,13,Keenan Allen,2026-10-02,IND
/nfl/rankings/ppr-superflex.php,weekly-op,wsf,Harold Fannin Jr.,27050,TE,CLE,101.74,6.53,94,115,NA,harold-fannin-jr.php,NA,NA,92.4,NA,NA,NA,NA,2,11,Harold Fannin,2026-10-02,CLE
/nfl/rankings/ppr-superflex.php,weekly-op,wsf,Isaiah Likely,23781,TE,NYG,101.97,6.36,93,119,NA,isaiah-likely.php,NA,NA,88.2,NA,NA,NA,NA,2,8,Isaiah Likely,2026-10-02,NYG
/nfl/rankings/ppr-superflex.php,weekly-op,wsf,Jakobi Meyers,18598,WR,JAC,102.18,9.2,83,125,NA,jakobi-meyers.php,NA,NA,66.4,NA,NA,NA,NA,NA,7,Jakobi Meyers,2026-10-02,JAC
/nfl/rankings/ppr-superflex.php,weekly-op,wsf,Rhamondre Stevenson,22726,RB,NE,104.21,8.61,77,130,NA,rhamondre-stevenson.php,NA,NA,90.6,NA,NA,NA,NA,NA,11,Rhamondre Stevenson,2026-10-02,NEP
/nfl/rankings/ppr-superflex.php,weekly-op,wsf,Tucker Kraft,25298,TE,GB,104.87,3.21,98,113,NA,tucker-kraft.php,NA,NA,93.3,NA,NA,NA,NA,-2,11,Tucker Kraft,2026-10-02,GBP
/nfl/rankings/ppr-superflex.php,weekly-op,wsf,Jacory Croskey-Merritt,27316,RB,WAS,106.21,12.11,84,151,NA,jacory-croskeymerritt.php,NA,NA,78.7,NA,NA,NA,NA,NA,7,Jacory Croskey-Merritt,2026-10-02,WAS
/nfl/rankings/ppr-superflex.php,weekly-op,wsf,Dalton Schultz,17349,TE,HOU,107.92,8.21,87,120,NA,dalton-schultz.php,NA,NA,68.4,NA,NA,NA,NA,-2,8,Dalton Schultz,2026-10-02,HOU
/nfl/rankings/ppr-superflex.php,weekly-op,wsf,Alvin Kamara,16421,RB,NO,108.21,17.72,73,144,NA,alvin-kamara.php,NA,NA,54.9,NA,NA,NA,NA,7,8,Alvin Kamara,2026-10-02,NOS
/nfl/rankings/ppr-superflex.php,weekly-op,wsf,Kenyon Sadiq,26055,TE,NYJ,108.41,6.82,97,120,NA,kenyon-sadiq.php,NA,NA,52.5,NA,NA,NA,NA,NA,13,Kenyon Sadiq,2026-10-02,NYJ
/nfl/rankings/ppr-superflex.php,weekly-op,wsf,Emeka Egbuka,23062,WR,TB,108.59,10.53,89,126,NA,emeka-egbuka.php,NA,NA,96.8,NA,NA,NA,NA,-4,10,Emeka Egbuka,2026-10-02,TBB
/nfl/rankings/ppr-superflex.php,weekly-op,wsf,Malik Washington,26314,WR,MIA,109.08,7.77,98,132,NA,malik-washington.php,NA,NA,30.2,NA,NA,NA,NA,5,6,Malik Washington,2026-10-02,MIA
/nfl/rankings/ppr-superflex.php,weekly-op,wsf,Case Keenum,11425,QB,CHI,73.29,27.78,36,142,NA,case-keenum.php,NA,NA,3.9,NA,NA,NA,NA,NA,10,Case Keenum,2026-10-02,CHI
/nfl/rankings/ppr-superflex.php,weekly-op,wsf,Denzel Boston,27339,WR,CLE,110.54,10.52,83,134,NA,denzel-boston.php,NA,NA,64,NA,NA,NA,NA,-6,11,Denzel Boston,2026-10-02,CLE
/nfl/rankings/ppr-superflex.php,weekly-op,wsf,Carnell Tate,26009,WR,TEN,110.72,6.47,92,124,NA,carnell-tate.php,NA,NA,86.2,NA,NA,NA,NA,NA,9,Carnell Tate,2026-10-02,TEN
/nfl/rankings/ppr-superflex.php,weekly-op,wsf,TreVeyon Henderson,23065,RB,NE,112.15,12.63,66,147,NA,treveyon-henderson.php,NA,NA,92.2,NA,NA,NA,NA,-3,11,TreVeyon Henderson,2026-10-02,NEP
/nfl/rankings/ppr-superflex.php,weekly-op,wsf,Dontayvion Wicks,24354,WR,PHI,114.72,11.4,87,136,NA,dontayvion-wicks.php,NA,NA,34.2,NA,NA,NA,NA,-5,10,Dontayvion Wicks,2026-10-02,PHI
/nfl/rankings/ppr-superflex.php,weekly-op,wsf,Tony Pollard,18705,RB,TEN,115.1,8.15,100,142,NA,tony-pollard.php,NA,NA,87.9,NA,NA,NA,NA,NA,9,Tony Pollard,2026-10-02,TEN
/nfl/rankings/ppr-superflex.php,weekly-op,wsf,Mark Andrews,17269,TE,BAL,115.62,9.35,104,142,NA,mark-andrews.php,NA,NA,81,NA,NA,NA,NA,NA,13,Mark Andrews,2026-10-02,BAL
/nfl/rankings/ppr-superflex.php,weekly-op,wsf,Wan'Dale Robinson,22985,WR,TEN,116.59,9.46,97,133,NA,wandale-robinson.php,NA,NA,64.2,NA,NA,NA,NA,NA,9,WanDale Robinson,2026-10-02,TEN
/nfl/rankings/ppr-superflex.php,weekly-op,wsf,RJ Harvey,27142,RB,DEN,116.64,9.26,100,128,NA,rj-harvey.php,NA,NA,77.7,NA,NA,NA,NA,NA,10,RJ Harvey,2026-10-02,DEN
/nfl/rankings/ppr-superflex.php,weekly-op,wsf,Justin Jefferson,19236,WR,MIN,109.08,51.63,36,217,NA,justin-jefferson.php,NA,NA,99.8,NA,NA,NA,NA,11,6,Justin Jefferson,2026-10-02,MIN
/nfl/rankings/ppr-superflex.php,weekly-op,wsf,KC Concepcion Jr.,27331,WR,CLE,118.18,8.75,106,152,NA,kevin-concepcion.php,NA,NA,63.9,NA,NA,NA,NA,NA,11,KC Concepcion,2026-10-02,CLE
/nfl/rankings/ppr-superflex.php,weekly-op,wsf,Romeo Doubs,23794,WR,NE,119.1,8.4,97,138,NA,romeo-doubs.php,NA,NA,63.3,NA,NA,NA,NA,-7,11,Romeo Doubs,2026-10-02,NEP
/nfl/rankings/ppr-superflex.php,weekly-op,wsf,Colston Loveland,26006,TE,CHI,119.33,10.03,102,143,NA,colston-loveland.php,NA,NA,93.7,NA,NA,NA,NA,NA,10,Colston Loveland,2026-10-02,CHI
/nfl/rankings/ppr-superflex.php,weekly-op,wsf,Jadarian Price,27329,RB,SEA,123.51,10.56,100,161,NA,jadarian-price.php,NA,NA,91.9,NA,NA,NA,NA,NA,11,Jadarian Price,2026-10-02,SEA
/nfl/rankings/ppr-superflex.php,weekly-op,wsf,Rome Odunze,25411,WR,CHI,123.69,7.83,111,151,NA,rome-odunze.php,NA,NA,88.8,NA,NA,NA,NA,NA,10,Rome Odunze,2026-10-02,CHI
/nfl/rankings/ppr-superflex.php,weekly-op,wsf,J.K. Dobbins,19245,RB,DEN,123.82,11.11,100,162,NA,jk-dobbins.php,NA,NA,82.4,NA,NA,NA,NA,NA,10,JK Dobbins,2026-10-02,DEN
/nfl/rankings/ppr-superflex.php,weekly-op,wsf,Courtland Sutton,17253,WR,DEN,125.54,5.16,116,136,NA,courtland-sutton.php,NA,NA,80.2,NA,NA,NA,NA,5,10,Courtland Sutton,2026-10-02,DEN
/nfl/rankings/ppr-superflex.php,weekly-op,wsf,Kalif Raymond,16081,WR,CHI,127.51,13.09,88,146,NA,kalif-raymond.php,NA,NA,42.3,NA,NA,NA,NA,NA,10,Kalif Raymond,2026-10-02,CHI
/nfl/rankings/ppr-superflex.php,weekly-op,wsf,Darren Waller,14104,TE,CAR,127.92,12.49,98,143,NA,darren-waller.php,NA,NA,28,NA,NA,NA,NA,NA,5,Darren Waller,2026-10-02,CAR
/nfl/rankings/ppr-superflex.php,weekly-op,wsf,Khalil Shakir,23748,WR,BUF,128.28,7.48,111,139,NA,khalil-shakir.php,NA,NA,57.5,NA,NA,NA,NA,-7,7,Khalil Shakir,2026-10-02,BUF
/nfl/rankings/ppr-superflex.php,weekly-op,wsf,Tre Tucker,25337,WR,LV,128.28,5.09,118,137,NA,tre-tucker.php,NA,NA,45.5,NA,NA,NA,NA,NA,13,Tre Tucker,2026-10-02,LVR
/nfl/rankings/ppr-superflex.php,weekly-op,wsf,Brenton Strange,25345,TE,JAC,129.46,11.37,115,154,NA,brenton-strange.php,NA,NA,33.2,NA,NA,NA,NA,4,7,Brenton Strange,2026-10-02,JAC
/nfl/rankings/ppr-superflex.php,weekly-op,wsf,Xavier Worthy,23019,WR,KC,129.62,7.63,116,153,NA,xavier-worthy.php,NA,NA,68.6,NA,NA,NA,NA,NA,5,Xavier Worthy,2026-10-02,KCC
/nfl/rankings/ppr-superflex.php,weekly-op,wsf,Mack Hollins,16489,WR,NE,130.33,9.49,108,153,NA,mack-hollins.php,NA,NA,5.8,NA,NA,NA,NA,NA,11,Mack Hollins,2026-10-02,NEP
/nfl/rankings/ppr-superflex.php,weekly-op,wsf,Woody Marks,27520,RB,HOU,134.85,10.24,113,151,NA,woody-marks.php,NA,NA,52.9,NA,NA,NA,NA,NA,8,Woody Marks,2026-10-02,HOU
/nfl/rankings/ppr-superflex.php,weekly-op,wsf,Michael Pittman Jr.,19278,WR,PIT,137.05,11.83,106,172,NA,michael-pittman.php,NA,NA,75,NA,NA,NA,NA,7,9,Michael Pittman,2026-10-02,PIT
/nfl/rankings/ppr-superflex.php,weekly-op,wsf,Rashod Bateman,19794,WR,BAL,137.46,10.09,122,160,NA,rashod-bateman.php,NA,NA,34.5,NA,NA,NA,NA,NA,13,Rashod Bateman,2026-10-02,BAL
/nfl/rankings/ppr-superflex.php,weekly-op,wsf,Jake Ferguson,22718,TE,DAL,137.92,8.78,114,149,NA,jake-ferguson.php,NA,NA,81.5,NA,NA,NA,NA,NA,14,Jake Ferguson,2026-10-02,DAL
/nfl/rankings/ppr-superflex.php,weekly-op,wsf,T.J. Hockenson,18290,TE,MIN,138.03,11.43,114,152,NA,tj-hockenson.php,NA,NA,42.6,NA,NA,NA,NA,NA,6,TJ Hockenson,2026-10-02,MIN
/nfl/rankings/ppr-superflex.php,weekly-op,wsf,Quentin Johnston,23123,WR,LAC,138.72,4.41,132,152,NA,quentin-johnston.php,NA,NA,66.3,NA,NA,NA,NA,NA,7,Quentin Johnston,2026-10-02,LAC
/nfl/rankings/ppr-superflex.php,weekly-op,wsf,Kyle Monangai,27131,RB,CHI,138.79,12.39,112,150,NA,kyle-monangai.php,NA,NA,79.5,NA,NA,NA,NA,NA,10,Kyle Monangai,2026-10-02,CHI
/nfl/rankings/ppr-superflex.php,weekly-op,wsf,Chris Godwin Jr.,16406,WR,TB,139.36,12.8,118,168,NA,chris-godwin.php,NA,NA,75.5,NA,NA,NA,NA,-9,10,Chris Godwin,2026-10-02,TBB
/nfl/rankings/ppr-superflex.php,weekly-op,wsf,DeVonta Smith,19222,WR,PHI,64.1,37.48,31,197,NA,devonta-smith.php,NA,NA,99.4,NA,NA,NA,NA,-7,10,DeVonta Smith,2026-10-02,PHI
/nfl/rankings/ppr-superflex.php,weekly-op,wsf,Brian Thomas Jr.,23000,WR,JAC,140.33,8.96,126,161,NA,brian-thomas-jr.php,NA,NA,73.8,NA,NA,NA,NA,NA,7,Brian Thomas,2026-10-02,JAC
/nfl/rankings/ppr-superflex.php,weekly-op,wsf,Hunter Henry,15561,TE,NE,141.44,4.89,130,153,NA,hunter-henry.php,NA,NA,54.8,NA,NA,NA,NA,NA,11,Hunter Henry,2026-10-02,NEP
/nfl/rankings/ppr-superflex.php,weekly-op,wsf,Pat Freiermuth,20163,TE,PIT,142.74,10.04,120,163,NA,pat-freiermuth.php,NA,NA,18.3,NA,NA,NA,NA,NA,9,Pat Freiermuth,2026-10-02,PIT
/nfl/rankings/ppr-superflex.php,weekly-op,wsf,Rachaad White,23891,RB,WAS,143.49,11.72,108,176,NA,rachaad-white.php,NA,NA,65.3,NA,NA,NA,NA,NA,7,Rachaad White,2026-10-02,WAS
/nfl/rankings/ppr-superflex.php,weekly-op,wsf,Ollie Gordon II,25984,RB,MIA,144.87,6.49,129,161,NA,ollie-gordon.php,NA,NA,65.2,NA,NA,NA,NA,NA,6,Ollie Gordon,2026-10-02,MIA
/nfl/rankings/ppr-superflex.php,weekly-op,wsf,Marvin Harrison Jr.,23064,WR,ARI,146.03,8.97,126,167,NA,marvin-harrison-jr.php,NA,NA,74.8,NA,NA,NA,NA,NA,14,Marvin Harrison,2026-10-02,ARI
/nfl/rankings/ppr-superflex.php,weekly-op,wsf,Kyle Pitts Sr.,20164,TE,ATL,146.77,7.85,131,176,NA,kyle-pitts.php,NA,NA,80,NA,NA,NA,NA,-4,11,Kyle Pitts,2026-10-02,ATL
/nfl/rankings/ppr-superflex.php,weekly-op,wsf,Ryan Flournoy,26398,WR,DAL,149.15,8.74,135,172,NA,ryan-flournoy.php,NA,NA,7,NA,NA,NA,NA,NA,14,Ryan Flournoy,2026-10-02,DAL
/nfl/rankings/ppr-superflex.php,weekly-op,wsf,Jalen Coker,26403,WR,CAR,126.97,45.94,61,215,NA,jalen-coker.php,NA,NA,89.8,NA,NA,NA,NA,NA,5,Jalen Coker,2026-10-02,CAR
/nfl/rankings/ppr-superflex.php,weekly-op,wsf,Chris Bell,26038,WR,MIA,150.59,11.42,136,184,NA,chris-bell.php,NA,NA,7.8,NA,NA,NA,NA,NA,6,Chris Bell,2026-10-02,MIA
/nfl/rankings/ppr-superflex.php,weekly-op,wsf,Tre' Harris,26215,WR,LAC,152.08,11.66,126,190,NA,tre-harris.php,NA,NA,7.3,NA,NA,NA,NA,NA,7,Tre Harris,2026-10-02,LAC
/nfl/rankings/ppr-superflex.php,weekly-op,wsf,Makai Lemon,25420,WR,PHI,153.05,14.89,109,182,NA,makai-lemon.php,NA,NA,60.1,NA,NA,NA,NA,NA,10,Makai Lemon,2026-10-02,PHI
/nfl/rankings/ppr-superflex.php,weekly-op,wsf,AJ Barner,26335,TE,SEA,153.08,4,142,163,NA,aj-barner.php,NA,NA,15.4,NA,NA,NA,NA,NA,11,AJ Barner,2026-10-02,SEA
/nfl/rankings/ppr-superflex.php,weekly-op,wsf,Tyler Higbee,15623,TE,LAR,153.13,14.94,131,192,NA,tyler-higbee.php,NA,NA,2.3,NA,NA,NA,NA,NA,11,Tyler Higbee,2026-10-02,LAR
/nfl/rankings/ppr-superflex.php,weekly-op,wsf,Oronde Gadsden II,25997,TE,LAC,155.28,6.64,141,176,NA,oronde-gadsden-ii.php,NA,NA,18.4,NA,NA,NA,NA,NA,7,Oronde Gadsden,2026-10-02,LAC
/nfl/rankings/ppr-superflex.php,weekly-op,wsf,Tyler Allgeier,24172,RB,ARI,155.49,8.9,144,176,NA,tyler-allgeier.php,NA,NA,42.6,NA,NA,NA,NA,NA,14,Tyler Allgeier,2026-10-02,ARI
/nfl/rankings/ppr-superflex.php,weekly-op,wsf,Pat Bryant,27211,WR,DEN,159.36,9.06,126,181,NA,pat-bryant.php,NA,NA,9.1,NA,NA,NA,NA,NA,10,Pat Bryant,2026-10-02,DEN
/nfl/rankings/ppr-superflex.php,weekly-op,wsf,Blake Corum,23013,RB,LAR,160.59,4.76,148,166,NA,blake-corum.php,NA,NA,78.9,NA,NA,NA,NA,NA,11,Blake Corum,2026-10-02,LAR
/nfl/rankings/ppr-superflex.php,weekly-op,wsf,Kendre Miller,24360,RB,NO,165.18,18.37,143,205,NA,kendre-miller.php,NA,NA,6.7,NA,NA,NA,NA,12,8,Kendre Miller,2026-10-02,NOS
/nfl/rankings/ppr-superflex.php,weekly-op,wsf,Rashid Shaheed,24687,WR,SEA,167.72,7.88,158,194,NA,rashid-shaheed.php,NA,NA,36.4,NA,NA,NA,NA,NA,11,Rashid Shaheed,2026-10-02,SEA
/nfl/rankings/ppr-superflex.php,weekly-op,wsf,Kayshon Boutte,22989,WR,HOU,168.31,13.81,153,231,NA,kayshon-boutte.php,NA,NA,18.6,NA,NA,NA,NA,NA,8,Kayshon Boutte,2026-10-02,HOU
/nfl/rankings/ppr-superflex.php,weekly-op,wsf,Mike Gesicki,17272,TE,CIN,162.87,5.78,153,178,NA,mike-gesicki.php,NA,NA,10.1,NA,NA,NA,NA,NA,6,Mike Gesicki,2026-10-02,CIN
/nfl/rankings/ppr-superflex.php,weekly-op,wsf,Kaleb Johnson,27165,RB,GB,170.26,11.46,159,204,NA,kaleb-johnson-rb.php,NA,NA,7.5,NA,NA,NA,NA,NA,11,Kaleb Johnson,2026-10-02,GBP
/nfl/rankings/ppr-superflex.php,weekly-op,wsf,Keaton Mitchell,25360,RB,LAC,172.03,14.14,151,209,NA,keaton-mitchell.php,NA,NA,31.1,NA,NA,NA,NA,NA,7,Keaton Mitchell,2026-10-02,LAC
/nfl/rankings/ppr-superflex.php,weekly-op,wsf,Xavier Hutchinson,25332,WR,HOU,165.47,10.99,137,196,NA,xavier-hutchinson.php,NA,NA,7.5,NA,NA,NA,NA,NA,8,Xavier Hutchinson,2026-10-02,HOU
/nfl/rankings/ppr-superflex.php,weekly-op,wsf,Mike Evans,12119,WR,SF,150.92,68.79,67,433,NA,mike-evans.php,NA,NA,94.1,NA,NA,NA,NA,NA,8,Mike Evans,2026-10-02,SFO
/nfl/rankings/ppr-superflex.php,weekly-op,wsf,Malachi Fields,27994,WR,NYG,172.85,10.56,156,219,NA,malachi-fields.php,NA,NA,11.6,NA,NA,NA,NA,NA,8,Malachi Fields,2026-10-02,NYG
/nfl/rankings/ppr-superflex.php,weekly-op,wsf,Emanuel Wilson,25885,RB,SEA,173.1,14.65,148,205,NA,emanuel-wilson.php,NA,NA,25.6,NA,NA,NA,NA,NA,11,Emanuel Wilson,2026-10-02,SEA
/nfl/rankings/ppr-superflex.php,weekly-op,wsf,Kenny Gainwell,23310,RB,TB,176.23,16.04,129,206,NA,kenneth-gainwell.php,NA,NA,61.9,NA,NA,NA,NA,NA,10,Kenny Gainwell,2026-10-02,TBB
/nfl/rankings/ppr-superflex.php,weekly-op,wsf,Kendrick Bourne,17066,WR,ARI,169.47,16.81,152,257,NA,kendrick-bourne.php,NA,NA,1.4,NA,NA,NA,NA,NA,14,Kendrick Bourne,2026-10-02,ARI
/nfl/rankings/ppr-superflex.php,weekly-op,wsf,Emmett Johnson,28107,RB,KC,177.33,13.92,157,207,NA,emmett-johnson.php,NA,NA,27.2,NA,NA,NA,NA,NA,5,Emmett Johnson,2026-10-02,KCC
/nfl/rankings/ppr-superflex.php,weekly-op,wsf,Michael Mayer,23056,TE,LV,173.13,13.35,148,220,NA,michael-mayer.php,NA,NA,8.8,NA,NA,NA,NA,NA,13,Michael Mayer,2026-10-02,LVR
/nfl/rankings/ppr-superflex.php,weekly-op,wsf,Tyjae Spears,25323,RB,TEN,182.13,11.2,165,202,NA,tyjae-spears.php,NA,NA,39.4,NA,NA,NA,NA,NA,9,Tyjae Spears,2026-10-02,TEN
/nfl/rankings/ppr-superflex.php,weekly-op,wsf,MarShawn Lloyd,23118,RB,GB,182.72,14.15,150,203,NA,marshawn-lloyd.php,NA,NA,57.4,NA,NA,NA,NA,NA,11,MarShawn Lloyd,2026-10-02,GBP
/nfl/rankings/ppr-superflex.php,weekly-op,wsf,Roman Wilson,28896,WR,PIT,170.59,7.21,154,187,NA,roman-wilson-wr.php,NA,NA,3.8,NA,NA,NA,NA,NA,9,Roman Wilson,2026-10-02,PIT
/nfl/rankings/ppr-superflex.php,weekly-op,wsf,Chris Rodriguez Jr.,22986,RB,JAC,185.21,16.07,158,212,NA,chris-rodriguez-jr.php,NA,NA,31.6,NA,NA,NA,NA,-5,7,Chris Rodriguez,2026-10-02,JAC
/nfl/rankings/ppr-superflex.php,weekly-op,wsf,Evan Engram,16411,TE,DEN,174.35,6.63,164,191,NA,evan-engram.php,NA,NA,4,NA,NA,NA,NA,NA,10,Evan Engram,2026-10-02,DEN
/nfl/rankings/ppr-superflex.php,weekly-op,wsf,Mike Washington Jr.,28108,RB,LV,189.28,16.43,150,221,NA,mike-washington-jr.php,NA,NA,39.6,NA,NA,NA,NA,NA,13,Mike Washington,2026-10-02,LVR
/nfl/rankings/ppr-superflex.php,weekly-op,wsf,Cade Otton,23181,TE,TB,168.97,9.24,145,187,NA,cade-otton.php,NA,NA,6.8,NA,NA,NA,NA,NA,10,Cade Otton,2026-10-02,TBB
/nfl/rankings/ppr-superflex.php,weekly-op,wsf,Jalen Nailor,24177,WR,LV,178.62,8.21,165,197,NA,jalen-nailor.php,NA,NA,18.8,NA,NA,NA,NA,NA,13,Jalen Nailor,2026-10-02,LVR
/nfl/rankings/ppr-superflex.php,weekly-op,wsf,Ted Hurst III,28130,WR,TB,178.92,8.03,159,200,NA,ted-hurst.php,NA,NA,4.5,NA,NA,NA,NA,NA,10,Ted Hurst,2026-10-02,TBB
/nfl/rankings/ppr-superflex.php,weekly-op,wsf,Cooper Kupp,16433,WR,SEA,180.62,12.6,159,245,NA,cooper-kupp.php,NA,NA,12.6,NA,NA,NA,NA,NA,11,Cooper Kupp,2026-10-02,SEA
/nfl/rankings/ppr-superflex.php,weekly-op,wsf,Kaelon Black,28401,RB,SF,193.9,17.27,163,217,NA,kaelon-black.php,NA,NA,33.9,NA,NA,NA,NA,-9,8,Kaelon Black,2026-10-02,SFO
/nfl/rankings/ppr-superflex.php,weekly-op,wsf,Brian Robinson Jr.,20094,RB,ATL,194.18,14.42,149,210,NA,brian-robinson-jr.php,NA,NA,34.4,NA,NA,NA,NA,NA,11,Brian Robinson,2026-10-02,ATL
/nfl/rankings/ppr-superflex.php,weekly-op,wsf,DeMario Douglas,25304,WR,NE,175.31,11.33,138,196,NA,demario-douglas.php,NA,NA,2.9,NA,NA,NA,NA,NA,11,Demario Douglas,2026-10-02,NEP
/nfl/rankings/ppr-superflex.php,weekly-op,wsf,Greg Dulcich,23153,TE,MIA,177.92,8.09,152,189,NA,greg-dulcich.php,NA,NA,7,NA,NA,NA,NA,NA,6,Greg Dulcich,2026-10-02,MIA
/nfl/rankings/ppr-superflex.php,weekly-op,wsf,Isaiah Williams,26379,WR,NYJ,179.28,11.84,144,214,NA,isaiah-williams-wr.php,NA,NA,1.7,NA,NA,NA,NA,NA,13,Isaiah Williams,2026-10-02,NYJ
/nfl/rankings/ppr-superflex.php,weekly-op,wsf,Justice Hill,18256,RB,BAL,198.97,8.12,174,213,NA,justice-hill.php,NA,NA,8.3,NA,NA,NA,NA,NA,13,Justice Hill,2026-10-02,BAL
/nfl/rankings/ppr-superflex.php,weekly-op,wsf,Najee Harris,19302,RB,NYG,202.49,11.05,169,237,NA,najee-harris-rb.php,NA,NA,6.8,NA,NA,NA,NA,NA,8,Najee Harris,2026-10-02,NYG
/nfl/rankings/ppr-superflex.php,weekly-op,wsf,Jaylin Noel,27122,WR,HOU,191.22,16.92,162,242,NA,jaylin-noel.php,NA,NA,4.6,NA,NA,NA,NA,NA,8,Jaylin Noel,2026-10-02,HOU
/nfl/rankings/ppr-superflex.php,weekly-op,wsf,Tyquan Thornton,22913,WR,KC,192.05,13.67,169,245,NA,tyquan-thornton.php,NA,NA,2.6,NA,NA,NA,NA,NA,5,Tyquan Thornton,2026-10-02,KCC
/nfl/rankings/ppr-superflex.php,weekly-op,wsf,Jauan Jennings,19590,WR,MIN,191.44,24.89,147,290,NA,jauan-jennings.php,NA,NA,12.3,NA,NA,NA,NA,NA,6,Jauan Jennings,2026-10-02,MIN
/nfl/rankings/ppr-superflex.php,weekly-op,wsf,George Holani,22915,RB,SEA,205.37,6.86,183,218,NA,george-holani.php,NA,NA,4.3,NA,NA,NA,NA,NA,11,George Holani,2026-10-02,SEA
/nfl/rankings/ppr-superflex.php,weekly-op,wsf,Samaje Perine,16423,RB,CIN,206.37,7.73,180,224,NA,samaje-perine.php,NA,NA,5.9,NA,NA,NA,NA,NA,6,Samaje Perine,2026-10-02,CIN
/nfl/rankings/ppr-superflex.php,weekly-op,wsf,Ty Johnson,18406,RB,BUF,206.5,10.89,176,228,NA,ty-johnson.php,NA,NA,1.6,NA,NA,NA,NA,NA,7,Ty Johnson,2026-10-02,BUF
/nfl/rankings/ppr-superflex.php,weekly-op,wsf,Tyson Bagent,25321,QB,CHI,103.69,65.11,44,352,NA,tyson-bagent.php,NA,NA,1.1,NA,NA,NA,NA,NA,10,Tyson Bagent,2026-10-02,CHI
/nfl/rankings/ppr-superflex.php,weekly-op,wsf,Darnell Washington,22967,TE,PIT,191.57,12.92,168,219,NA,darnell-washington.php,NA,NA,2.5,NA,NA,NA,NA,NA,9,Darnell Washington,2026-10-02,PIT
/nfl/rankings/ppr-superflex.php,weekly-op,wsf,Gunnar Helm,27109,TE,TEN,184.82,4.86,174,192,NA,gunnar-helm.php,NA,NA,3.8,NA,NA,NA,NA,NA,9,Gunnar Helm,2026-10-02,TEN
/nfl/rankings/ppr-superflex.php,weekly-op,wsf,Konata Mumpfield,27449,WR,LAR,205.03,25.41,159,273,NA,konata-mumpfield.php,NA,NA,4.2,NA,NA,NA,NA,NA,11,Konata Mumpfield,2026-10-02,LAR
/nfl/rankings/ppr-superflex.php,weekly-op,wsf,Antonio Williams,25418,WR,WAS,194.26,10.83,170,233,NA,antonio-williams-wr.php,NA,NA,8.5,NA,NA,NA,NA,NA,7,Antonio Williams,2026-10-02,WAS
/nfl/rankings/ppr-superflex.php,weekly-op,wsf,Keon Coleman,26019,WR,BUF,194.37,14.16,161,253,NA,keon-coleman.php,NA,NA,8.7,NA,NA,NA,NA,NA,7,Keon Coleman,2026-10-02,BUF
/nfl/rankings/ppr-superflex.php,weekly-op,wsf,Raheim Sanders,24351,RB,CLE,209.22,12.59,162,235,NA,raheim-sanders.php,NA,NA,3,NA,NA,NA,NA,NA,11,Raheim Sanders,2026-10-02,CLE
/nfl/rankings/ppr-superflex.php,weekly-op,wsf,Jaylen Wright,25987,RB,MIA,209.61,37.14,166,395,NA,jaylen-wright.php,NA,NA,23.1,NA,NA,NA,NA,11,6,Jaylen Wright,2026-10-02,MIA
/nfl/rankings/ppr-superflex.php,weekly-op,wsf,Isaiah Davis,25977,RB,NYJ,208.17,20.96,175,269,NA,isaiah-davis.php,NA,NA,3.7,NA,NA,NA,NA,NA,13,Isaiah Davis,2026-10-02,NYJ
/nfl/rankings/ppr-superflex.php,weekly-op,wsf,Isaac TeSlaa,27446,WR,DET,201.56,12.34,189,242,NA,isaac-teslaa.php,NA,NA,3.7,NA,NA,NA,NA,NA,6,Isaac TeSlaa,2026-10-02,DET
/nfl/rankings/ppr-superflex.php,weekly-op,wsf,Zach Ertz,11689,TE,PHI,195.12,11.36,175,222,NA,zach-ertz.php,NA,NA,3.6,NA,NA,NA,NA,NA,10,Zach Ertz,2026-10-02,PHI
/nfl/rankings/ppr-superflex.php,weekly-op,wsf,Chris Brooks,25823,RB,GB,220.44,14.8,202,266,NA,christopher-brooks.php,NA,NA,7.2,NA,NA,NA,NA,NA,11,Chris Brooks,2026-10-02,GBP
/nfl/rankings/ppr-superflex.php,weekly-op,wsf,Elic Ayomanor,27059,WR,TEN,204.27,7.64,192,230,NA,elic-ayomanor.php,NA,NA,1.5,NA,NA,NA,NA,NA,9,Elic Ayomanor,2026-10-02,TEN
/nfl/rankings/ppr-superflex.php,weekly-op,wsf,Darnell Mooney,19810,WR,NYG,205.21,12.56,183,238,NA,darnell-mooney.php,NA,NA,3.2,NA,NA,NA,NA,9,8,Darnell Mooney,2026-10-02,NYG
/nfl/rankings/ppr-superflex.php,weekly-op,wsf,Jahan Dotson,23101,WR,ATL,199.47,13.25,178,241,NA,jahan-dotson.php,NA,NA,1.7,NA,NA,NA,NA,NA,11,Jahan Dotson,2026-10-02,ATL
/nfl/rankings/ppr-superflex.php,weekly-op,wsf,Joshua Palmer,22845,WR,BUF,210.61,14.46,181,241,NA,josh-palmer.php,NA,NA,2.6,NA,NA,NA,NA,NA,7,Josh Palmer,2026-10-02,BUF
/nfl/rankings/ppr-superflex.php,weekly-op,wsf,Will Shipley,22930,RB,PHI,227.91,22.46,201,307,NA,will-shipley.php,NA,NA,0.9,NA,NA,NA,NA,NA,10,Will Shipley,2026-10-02,PHI
/nfl/rankings/ppr-superflex.php,weekly-op,wsf,Sione Vaki,26309,RB,DET,230.06,17.08,205,293,NA,sione-vaki.php,NA,NA,1.1,NA,NA,NA,NA,NA,6,Sione Vaki,2026-10-02,DET
/nfl/rankings/ppr-superflex.php,weekly-op,wsf,Bryce Lance,28129,WR,NO,212.53,8.94,198,235,NA,bryce-lance.php,NA,NA,1,NA,NA,NA,NA,NA,8,Bryce Lance,2026-10-02,NOS
/nfl/rankings/ppr-superflex.php,weekly-op,wsf,DeeJay Dallas,19521,RB,MIN,232.26,16.91,203,267,NA,deejay-dallas.php,NA,NA,0.7,NA,NA,NA,NA,NA,6,DeeJay Dallas,2026-10-02,MIN
/nfl/rankings/ppr-superflex.php,weekly-op,wsf,Laquon Treadwell,15495,WR,IND,213.94,17.99,179,275,NA,laquon-treadwell.php,NA,NA,0.1,NA,NA,NA,NA,NA,13,Laquon Treadwell,2026-10-02,IND
/nfl/rankings/ppr-superflex.php,weekly-op,wsf,Jerry Jeudy,19201,WR,CLE,211.81,9.4,198,240,NA,jerry-jeudy.php,NA,NA,15.6,NA,NA,NA,NA,NA,11,Jerry Jeudy,2026-10-02,CLE
/nfl/rankings/ppr-superflex.php,weekly-op,wsf,Tank Bigsby,22908,RB,PHI,243.08,25.68,205,325,NA,tank-bigsby.php,NA,NA,27.6,NA,NA,NA,NA,NA,10,Tank Bigsby,2026-10-02,PHI
/nfl/rankings/ppr-superflex.php,weekly-op,wsf,AJ Dillon,19358,RB,CAR,241.03,17.68,210,282,NA,aj-dillon.php,NA,NA,1,NA,NA,NA,NA,NA,5,AJ Dillon,2026-10-02,CAR
/nfl/rankings/ppr-superflex.php,weekly-op,wsf,Noah Fant,17527,TE,NO,192.93,10.75,165,218,NA,noah-fant.php,NA,NA,1.6,NA,NA,NA,NA,NA,8,Noah Fant,2026-10-02,NOS
/nfl/rankings/ppr-superflex.php,weekly-op,wsf,Colby Parkinson,19372,TE,LAR,197.79,20.8,170,282,NA,colby-parkinson.php,NA,NA,3.5,NA,NA,NA,NA,NA,11,Colby Parkinson,2026-10-02,LAR
/nfl/rankings/ppr-superflex.php,weekly-op,wsf,Kyle Juszczyk,11798,RB,SF,234.48,15.2,206,259,NA,kyle-juszczyk.php,NA,NA,0.9,NA,NA,NA,NA,NA,8,Kyle Juszczyk,2026-10-02,SFO
/nfl/rankings/ppr-superflex.php,weekly-op,wsf,Olamide Zaccheaus,18864,WR,ATL,226.9,10.86,214,256,NA,olamide-zaccheaus.php,NA,NA,0.6,NA,NA,NA,NA,NA,11,Olamide Zaccheaus,2026-10-02,ATL
/nfl/rankings/ppr-superflex.php,weekly-op,wsf,Jordan Watkins,27486,WR,SF,228.68,32.89,189,340,NA,jordan-watkins.php,NA,NA,0.6,NA,NA,NA,NA,NA,8,Jordan Watkins,2026-10-02,SFO
/nfl/rankings/ppr-superflex.php,weekly-op,wsf,Kyle Williams,27487,WR,NE,229.1,13.02,213,290,NA,kyle-williams-wr-2025.php,NA,NA,1.6,NA,NA,NA,NA,NA,11,Kyle Williams,2026-10-02,NEP
/nfl/rankings/ppr-superflex.php,weekly-op,wsf,Calvin Ridley,17258,WR,TEN,232.32,13.37,212,284,NA,calvin-ridley.php,NA,NA,6.3,NA,NA,NA,NA,NA,9,Calvin Ridley,2026-10-02,TEN
/nfl/rankings/ppr-superflex.php,weekly-op,wsf,Demond Claiborne,28084,RB,MIN,250.12,19.55,210,303,NA,demond-claiborne.php,NA,NA,3.7,NA,NA,NA,NA,NA,6,Demond Claiborne,2026-10-02,MIN
/nfl/rankings/ppr-superflex.php,weekly-op,wsf,Germie Bernard,26039,WR,PIT,221,12.39,198,248,NA,germie-bernard.php,NA,NA,5.7,NA,NA,NA,NA,NA,9,Germie Bernard,2026-10-02,PIT
/nfl/rankings/ppr-superflex.php,weekly-op,wsf,Brycen Tremayne,25631,WR,CAR,214,28.61,133,289,NA,brycen-tremayne.php,NA,NA,0.1,NA,NA,NA,NA,NA,5,Brycen Tremayne,2026-10-02,CAR
/nfl/rankings/ppr-superflex.php,weekly-op,wsf,Tez Johnson,27147,WR,TB,236.39,9.93,225,263,NA,tez-johnson.php,NA,NA,0.6,NA,NA,NA,NA,NA,10,Tez Johnson,2026-10-02,TBB
/nfl/rankings/ppr-superflex.php,weekly-op,wsf,Kimani Vidal,26355,RB,LAC,255.88,22.43,209,321,NA,kimani-vidal.php,NA,NA,2.2,NA,NA,NA,NA,NA,7,Kimani Vidal,2026-10-02,LAC
/nfl/rankings/ppr-superflex.php,weekly-op,wsf,Kevin Coleman Jr.,28067,WR,MIA,234.27,18.21,198,282,NA,kevin-coleman-jr.php,NA,NA,1.1,NA,NA,NA,NA,NA,6,Kevin Coleman,2026-10-02,MIA
/nfl/rankings/ppr-superflex.php,weekly-op,wsf,Troy Franklin,23092,WR,DEN,239.1,18.65,207,294,NA,troy-franklin.php,NA,NA,1.4,NA,NA,NA,NA,NA,10,Troy Franklin,2026-10-02,DEN
/nfl/rankings/ppr-superflex.php,weekly-op,wsf,Zachariah Branch,25419,WR,ATL,241.13,16.46,220,282,NA,zachariah-branch.php,NA,NA,8.7,NA,NA,NA,NA,NA,11,Zachariah Branch,2026-10-02,ATL
/nfl/rankings/ppr-superflex.php,weekly-op,wsf,Ray Davis,26191,RB,BUF,260.67,26.93,216,325,NA,ray-davis.php,NA,NA,7.4,NA,NA,NA,NA,NA,7,Ray Davis,2026-10-02,BUF
/nfl/rankings/ppr-superflex.php,weekly-op,wsf,Chris Moore,15654,WR,BAL,238.52,10.35,219,264,NA,chris-moore.php,NA,NA,0.4,NA,NA,NA,NA,NA,13,Chris Moore,2026-10-02,BAL
/nfl/rankings/ppr-superflex.php,weekly-op,wsf,Seth McGowan,23079,RB,IND,268.29,22.83,222,338,NA,seth-mcgowan.php,NA,NA,1.8,NA,NA,NA,NA,NA,13,Seth McGowan,2026-10-02,IND
/nfl/rankings/ppr-superflex.php,weekly-op,wsf,Adonai Mitchell,24357,WR,NYJ,218.8,47.58,113,351,NA,adonai-mitchell.php,NA,NA,37.1,NA,NA,NA,NA,-10,13,Adonai Mitchell,2026-10-02,NYJ
/nfl/rankings/ppr-superflex.php,weekly-op,wsf,LeQuint Allen Jr.,27285,RB,JAC,266.22,29.39,218,325,NA,lequint-allen-jr.php,NA,NA,0.7,NA,NA,NA,NA,NA,7,LeQuint Allen,2026-10-02,JAC
/nfl/rankings/ppr-superflex.php,weekly-op,wsf,KaVontae Turpin,18520,WR,DAL,253.76,20.97,231,290,NA,kavontae-turpin.php,NA,NA,2.7,NA,NA,NA,NA,NA,14,KaVontae Turpin,2026-10-02,DAL
/nfl/rankings/ppr-superflex.php,weekly-op,wsf,Kaytron Allen,24362,RB,WAS,270.69,26.53,221,322,NA,kaytron-allen.php,NA,NA,4.2,NA,NA,NA,NA,NA,7,Kaytron Allen,2026-10-02,WAS
/nfl/rankings/ppr-superflex.php,weekly-op,wsf,Tyler Badie,23812,RB,DEN,260.47,13.54,224,292,NA,tyler-badie.php,NA,NA,1,NA,NA,NA,NA,NA,10,Tyler Badie,2026-10-02,DEN
/nfl/rankings/ppr-superflex.php,weekly-op,wsf,Skyy Moore,23905,WR,GB,228.08,12.7,199,255,NA,skyy-moore.php,NA,NA,1.4,NA,NA,NA,NA,NA,11,Skyy Moore,2026-10-02,GBP
/nfl/rankings/ppr-superflex.php,weekly-op,wsf,Ameer Abdullah,13924,RB,JAC,263.03,19.9,223,322,NA,ameer-abdullah.php,NA,NA,0.6,NA,NA,NA,NA,NA,7,Ameer Abdullah,2026-10-02,JAC
/nfl/rankings/ppr-superflex.php,weekly-op,wsf,Devontez Walker,26011,WR,BAL,253.32,17.66,232,301,NA,devontez-walker.php,NA,NA,0.6,NA,NA,NA,NA,NA,13,Devontez Walker,2026-10-02,BAL
/nfl/rankings/ppr-superflex.php,weekly-op,wsf,Dohnte Meyers,28178,WR,CIN,224.08,22.88,192,297,NA,dohnte-meyers.php,NA,NA,1.5,NA,NA,NA,NA,NA,6,Dohnte Meyers,2026-10-02,CIN
/nfl/rankings/ppr-superflex.php,weekly-op,wsf,Travis Hunter,26034,WR,JAC,255.71,21.55,231,302,NA,travis-hunter.php,NA,NA,50,NA,NA,NA,NA,NA,7,Travis Hunter,2026-10-02,JAC
/nfl/rankings/ppr-superflex.php,weekly-op,wsf,Tyrone Tracy Jr.,22980,RB,NYG,274.48,32.06,224,336,NA,tyrone-tracy-jr.php,NA,NA,7.5,NA,NA,NA,NA,NA,8,Tyrone Tracy,2026-10-02,NYG
/nfl/rankings/ppr-superflex.php,weekly-op,wsf,Sean Tucker,23679,RB,TB,276.16,36.6,219,386,NA,sean-tucker.php,NA,NA,3.4,NA,NA,NA,NA,NA,10,Sean Tucker,2026-10-02,TBB
/nfl/rankings/ppr-superflex.php,weekly-op,wsf,Josh Cameron,28137,WR,JAC,242.92,18.04,202,279,NA,josh-cameron.php,NA,NA,0.7,NA,NA,NA,NA,NA,7,Josh Cameron,2026-10-02,JAC
/nfl/rankings/ppr-superflex.php,weekly-op,wsf,Jacob Cowing,25289,WR,SF,236.25,13.95,195,260,NA,jacob-cowing.php,NA,NA,0.6,NA,NA,NA,NA,NA,8,Jacob Cowing,2026-10-02,SFO
/nfl/rankings/ppr-superflex.php,weekly-op,wsf,CJ Donaldson,25396,RB,NO,271.07,17.26,242,327,NA,cj-donaldson.php,NA,NA,2.3,NA,NA,NA,NA,NA,8,CJ Donaldson,2026-10-02,NOS
/nfl/rankings/ppr-superflex.php,weekly-op,wsf,Cody White,19739,WR,LV,240.54,18.13,182,279,NA,cody-white-wr.php,NA,NA,0.7,NA,NA,NA,NA,NA,13,Cody White,2026-10-02,LVR
/nfl/rankings/ppr-superflex.php,weekly-op,wsf,Tommy Tremble,22795,TE,CAR,223.86,8.77,216,244,NA,tommy-tremble.php,NA,NA,0.6,NA,NA,NA,NA,4,5,Tommy Tremble,2026-10-02,CAR
/nfl/rankings/ppr-superflex.php,weekly-op,wsf,Travis Homer,18616,RB,PIT,269.36,21.38,229,306,NA,travis-homer.php,NA,NA,0.6,NA,NA,NA,NA,NA,9,Travis Homer,2026-10-02,PIT
/nfl/rankings/ppr-superflex.php,weekly-op,wsf,Nicholas Singleton,24343,RB,TEN,283.7,37.77,226,354,NA,nick-singleton.php,NA,NA,8.1,NA,NA,NA,NA,NA,9,Nicholas Singleton,2026-10-02,TEN
/nfl/rankings/ppr-superflex.php,weekly-op,wsf,John Metchie III,22895,WR,CAR,245.26,23.85,184,283,NA,john-metchie.php,NA,NA,1.3,NA,NA,NA,NA,NA,5,John Metchie,2026-10-02,CAR
/nfl/rankings/ppr-superflex.php,weekly-op,wsf,Brashard Smith,27259,RB,KC,291.46,36.98,251,367,NA,brashard-smith.php,NA,NA,1.3,NA,NA,NA,NA,NA,5,Brashard Smith,2026-10-02,KCC
/nfl/rankings/ppr-superflex.php,weekly-op,wsf,Jacob Saylors,25693,RB,DET,296.72,49.03,247,402,NA,jacob-saylors.php,NA,NA,1,NA,NA,NA,NA,NA,6,Jacob Saylors,2026-10-02,DET
/nfl/rankings/ppr-superflex.php,weekly-op,wsf,Emari Demercado,25654,RB,DAL,286.67,50.37,228,406,NA,emari-demercado.php,NA,NA,1.3,NA,NA,NA,NA,NA,14,Emari Demercado,2026-10-02,DAL
/nfl/rankings/ppr-superflex.php,weekly-op,wsf,Cole Kmet,19229,TE,CHI,226.74,8.05,220,246,NA,cole-kmet.php,NA,NA,1.8,NA,NA,NA,NA,NA,10,Cole Kmet,2026-10-02,CHI
/nfl/rankings/ppr-superflex.php,weekly-op,wsf,Jeremy Ruckert,23742,TE,NYJ,218.89,16.75,192,255,NA,jeremy-ruckert.php,NA,NA,0.6,NA,NA,NA,NA,NA,13,Jeremy Ruckert,2026-10-02,NYJ
/nfl/rankings/ppr-superflex.php,weekly-op,wsf,Corey Kiner,22997,RB,NE,290.78,28.14,254,356,NA,corey-kiner.php,NA,NA,0.6,NA,NA,NA,NA,NA,11,Corey Kiner,2026-10-02,NEP
/nfl/rankings/ppr-superflex.php,weekly-op,wsf,Tyler Goodson,22976,RB,DAL,268,14.95,241,296,NA,tyler-goodson.php,NA,NA,0.7,NA,NA,NA,NA,NA,14,Tyler Goodson,2026-10-02,DAL
/nfl/rankings/ppr-superflex.php,weekly-op,wsf,Hunter Luepke,25941,RB,DAL,279.54,20.69,249,325,NA,hunter-luepke.php,NA,NA,0.6,NA,NA,NA,NA,NA,14,Hunter Luepke,2026-10-02,DAL
/nfl/rankings/ppr-superflex.php,weekly-op,wsf,Dawson Knox,18631,TE,BUF,229,8.57,219,253,NA,dawson-knox.php,NA,NA,1.7,NA,NA,NA,NA,10,7,Dawson Knox,2026-10-02,BUF
/nfl/rankings/ppr-superflex.php,weekly-op,wsf,Tory Horton,26022,WR,SEA,252.35,14.86,225,288,NA,tory-horton.php,NA,NA,1.8,NA,NA,NA,NA,NA,11,Tory Horton,2026-10-02,SEA
/nfl/rankings/ppr-superflex.php,weekly-op,wsf,Chimere Dike,27315,WR,TEN,274.41,37.23,232,338,NA,chimere-dike.php,NA,NA,1.5,NA,NA,NA,NA,NA,9,Chimere Dike,2026-10-02,TEN
/nfl/rankings/ppr-superflex.php,weekly-op,wsf,Davis Allen,23761,TE,LAR,239.72,23.24,220,292,NA,davis-allen.php,NA,NA,1,NA,NA,NA,NA,NA,11,Davis Allen,2026-10-02,LAR
/nfl/rankings/ppr-superflex.php,weekly-op,wsf,Noah Gray,19539,TE,KC,234.29,12.82,224,272,NA,noah-gray.php,NA,NA,0.6,NA,NA,NA,NA,NA,5,Noah Gray,2026-10-02,KCC
/nfl/rankings/ppr-superflex.php,weekly-op,wsf,Shedeur Sanders,25968,QB,CLE,174.77,54.21,141,318,NA,shedeur-sanders.php,NA,NA,2.6,NA,NA,NA,NA,NA,11,Shedeur Sanders,2026-10-02,CLE
/nfl/rankings/ppr-superflex.php,weekly-op,wsf,Rasheen Ali,25983,RB,BAL,299.96,39.29,260,376,NA,rasheen-ali.php,NA,NA,0.6,NA,NA,NA,NA,NA,13,Rasheen Ali,2026-10-02,BAL
/nfl/rankings/ppr-superflex.php,weekly-op,wsf,Terrance Ferguson,23091,TE,LAR,225.56,64.17,147,428,NA,terrance-ferguson.php,NA,NA,24.6,NA,NA,NA,NA,-7,11,Terrance Ferguson,2026-10-02,LAR
/nfl/rankings/ppr-superflex.php,weekly-op,wsf,Chig Okonkwo,23982,TE,WAS,197.71,61.42,153,408,NA,chigoziem-okonkwo.php,NA,NA,19.7,NA,NA,NA,NA,NA,7,Chigoziem Okonkwo,2026-10-02,WAS
/nfl/rankings/ppr-superflex.php,weekly-op,wsf,Bam Knight,24901,RB,ARI,301.71,36.84,259,366,NA,zonovan-bam-knight.php,NA,NA,0.7,NA,NA,NA,NA,NA,14,Bam Knight,2026-10-02,ARI
/nfl/rankings/ppr-superflex.php,weekly-op,wsf,Foster Moreau,18397,TE,HOU,238.19,14.35,225,264,NA,foster-moreau.php,NA,NA,1.2,NA,NA,NA,NA,NA,8,Foster Moreau,2026-10-02,HOU
/nfl/rankings/ppr-superflex.php,weekly-op,wsf,Breece Hall,22982,RB,NYJ,261.44,52,202,419,NA,breece-hall.php,NA,NA,98.3,NA,NA,NA,NA,-25,13,Breece Hall,2026-10-02,NYJ
/nfl/rankings/ppr-superflex.php,weekly-op,wsf,Jonnu Smith,16460,TE,GB,241.25,16.14,220,285,NA,jonnu-smith.php,NA,NA,0.9,NA,NA,NA,NA,NA,11,Jonnu Smith,2026-10-02,GBP
/nfl/rankings/ppr-superflex.php,weekly-op,wsf,Tutu Atwell,20126,WR,LAR,265.72,43.03,234,415,NA,tutu-atwell.php,NA,NA,0.8,NA,NA,NA,NA,-11,11,Tutu Atwell,2026-10-02,LAR
/nfl/rankings/ppr-superflex.php,weekly-op,wsf,Jordan James,27310,RB,SF,311.71,46.83,262,400,NA,jordan-james.php,NA,NA,1.3,NA,NA,NA,NA,NA,8,Jordan James,2026-10-02,SFO
/nfl/rankings/ppr-superflex.php,weekly-op,wsf,Drew Lock,18225,QB,SEA,208.46,71.29,141,354,NA,drew-lock.php,NA,NA,2.1,NA,NA,NA,NA,NA,11,Drew Lock,2026-10-02,SEA
/nfl/rankings/ppr-superflex.php,weekly-op,wsf,Alec Ingold,18571,RB,LAC,281.05,18.53,257,325,NA,alec-ingold.php,NA,NA,1,NA,NA,NA,NA,NA,7,Alec Ingold,2026-10-02,LAC
/nfl/rankings/ppr-superflex.php,weekly-op,wsf,Treylon Burks,22905,WR,WAS,252.63,17.57,237,296,NA,treylon-burks.php,NA,NA,1.7,NA,NA,NA,NA,NA,7,Treylon Burks,2026-10-02,WAS
/nfl/rankings/ppr-superflex.php,weekly-op,wsf,Jared Wayne,25495,WR,HOU,265.94,19.79,214,287,NA,jared-wayne.php,NA,NA,0,NA,NA,NA,NA,NA,8,Jared Wayne,2026-10-02,HOU
/nfl/rankings/ppr-superflex.php,weekly-op,wsf,Theo Johnson,23104,TE,NYG,245.27,23.29,225,323,NA,theo-johnson.php,NA,NA,1.5,NA,NA,NA,NA,-6,8,Theo Johnson,2026-10-02,NYG
/nfl/rankings/ppr-superflex.php,weekly-op,wsf,Tahj Brooks,26212,RB,CIN,307.24,46.14,257,384,NA,tahj-brooks.php,NA,NA,0.7,NA,NA,NA,NA,NA,6,Tahj Brooks,2026-10-02,CIN
/nfl/rankings/ppr-superflex.php,weekly-op,wsf,Caleb Douglas,28135,WR,MIA,199.45,42.02,156,274,NA,caleb-douglas.php,NA,NA,19.7,NA,NA,NA,NA,NA,6,Caleb Douglas,2026-10-02,MIA
/nfl/rankings/ppr-superflex.php,weekly-op,wsf,Dyami Brown,20113,WR,WAS,262.67,21.11,237,301,NA,dyami-brown.php,NA,NA,0.6,NA,NA,NA,NA,NA,7,Dyami Brown,2026-10-02,WAS
/nfl/rankings/ppr-superflex.php,weekly-op,wsf,Roschon Johnson,25322,RB,CHI,305.6,42.92,255,383,NA,roschon-johnson.php,NA,NA,1.3,NA,NA,NA,NA,NA,10,Roschon Johnson,2026-10-02,CHI
/nfl/rankings/ppr-superflex.php,weekly-op,wsf,Mitchell Evans,27138,TE,CAR,254.93,16.42,244,307,NA,mitchell-evans.php,NA,NA,1,NA,NA,NA,NA,NA,5,Mitchell Evans,2026-10-02,CAR
/nfl/rankings/ppr-superflex.php,weekly-op,wsf,Jaleel McLaughlin,25876,RB,CLE,300.22,29.62,256,352,NA,jaleel-mclaughlin.php,NA,NA,0.6,NA,NA,NA,NA,-10,11,Jaleel McLaughlin,2026-10-02,CLE
/nfl/rankings/ppr-superflex.php,weekly-op,wsf,Austin Hooper,15581,TE,ATL,248.85,12.53,230,267,NA,austin-hooper.php,NA,NA,0.9,NA,NA,NA,NA,NA,11,Austin Hooper,2026-10-02,ATL
/nfl/rankings/ppr-superflex.php,weekly-op,wsf,Matt Hibner,28168,TE,BAL,252.92,14.92,226,283,NA,matthew-hibner.php,NA,NA,1.2,NA,NA,NA,NA,NA,13,Matt Hibner,2026-10-02,BAL
/nfl/rankings/ppr-superflex.php,weekly-op,wsf,Lew Nichols III,25443,RB,PIT,304.44,33.75,264,362,NA,lew-nichols.php,NA,NA,2,NA,NA,NA,NA,NA,9,Lew Nichols,2026-10-02,PIT
/nfl/rankings/ppr-superflex.php,weekly-op,wsf,Elijah Arroyo,23004,TE,SEA,256,13.32,233,275,NA,elijah-arroyo.php,NA,NA,0.9,NA,NA,NA,NA,-11,11,Elijah Arroyo,2026-10-02,SEA
/nfl/rankings/ppr-superflex.php,weekly-op,wsf,Patrick Ricard,17145,RB,NYG,306.06,41.13,266,366,NA,patrick-ricard.php,NA,NA,0.8,NA,NA,NA,NA,NA,8,Patrick Ricard,2026-10-02,NYG
/nfl/rankings/ppr-superflex.php,weekly-op,wsf,Dylan Laube,26194,RB,LV,313.16,42.33,263,372,NA,dylan-laube.php,NA,NA,0.8,NA,NA,NA,NA,NA,13,Dylan Laube,2026-10-02,LVR
/nfl/rankings/ppr-superflex.php,weekly-op,wsf,Drew Sample,18561,TE,CIN,251.33,15.9,234,273,NA,drew-sample.php,NA,NA,0.6,NA,NA,NA,NA,-6,6,Drew Sample,2026-10-02,CIN
/nfl/rankings/ppr-superflex.php,weekly-op,wsf,Jalen Royals,27076,WR,KC,281.29,9,264,295,NA,jalen-royals.php,NA,NA,0.6,NA,NA,NA,NA,NA,5,Jalen Royals,2026-10-02,KCC
/nfl/rankings/ppr-superflex.php,weekly-op,wsf,Xavier Legette,26136,WR,CAR,249.18,52.92,195,394,NA,xavier-legette.php,NA,NA,1.3,NA,NA,NA,NA,NA,5,Xavier Legette,2026-10-02,CAR
/nfl/rankings/ppr-superflex.php,weekly-op,wsf,Bo Melton,24049,WR,GB,279.15,24.83,254,345,NA,bo-melton.php,NA,NA,0.6,NA,NA,NA,NA,NA,11,Bo Melton,2026-10-02,GBP
/nfl/rankings/ppr-superflex.php,weekly-op,wsf,Sterling Shepard,15569,WR,NYJ,267.17,45.97,219,345,NA,sterling-shepard.php,NA,NA,1.8,NA,NA,NA,NA,NA,13,Sterling Shepard,2026-10-02,NYJ
/nfl/rankings/ppr-superflex.php,weekly-op,wsf,Reggie Gilliam,19844,RB,NE,319,45.86,271,393,NA,reggie-gilliam.php,NA,NA,0.1,NA,NA,NA,NA,NA,11,Reggie Gilliam,2026-10-02,NEP
/nfl/rankings/ppr-superflex.php,weekly-op,wsf,Jordan Whittington,23135,WR,LAR,284.85,21.25,253,318,NA,jordan-whittington.php,NA,NA,0.6,NA,NA,NA,NA,NA,11,Jordan Whittington,2026-10-02,LAR
/nfl/rankings/ppr-superflex.php,weekly-op,wsf,Darius Slayton,18706,WR,IND,259.55,31.88,231,353,NA,darius-slayton.php,NA,NA,1,NA,NA,NA,NA,NA,13,Darius Slayton,2026-10-02,IND
/nfl/rankings/ppr-superflex.php,weekly-op,wsf,Malik Benson,26012,WR,LV,286.62,21.22,239,308,NA,malik-benson.php,NA,NA,0.6,NA,NA,NA,NA,-16,13,Malik Benson,2026-10-02,LVR
/nfl/rankings/ppr-superflex.php,weekly-op,wsf,Daniel Bellinger,24238,TE,TEN,274.67,16.28,247,319,NA,daniel-bellinger.php,NA,NA,2.8,NA,NA,NA,NA,-8,9,Daniel Bellinger,2026-10-02,TEN
/nfl/rankings/ppr-superflex.php,weekly-op,wsf,J. Michael Sturdivant,26139,WR,GB,275.75,31.13,235,338,NA,jmichael-sturdivant.php,NA,NA,0,NA,NA,NA,NA,NA,11,J Michael Sturdivant,2026-10-02,GBP
/nfl/rankings/ppr-superflex.php,weekly-op,wsf,Devin Singletary,18280,RB,NYG,299.14,36.96,267,378,NA,devin-singletary.php,NA,NA,7.5,NA,NA,NA,NA,NA,8,Devin Singletary,2026-10-02,NYG
/nfl/rankings/ppr-superflex.php,weekly-op,wsf,Johnny Mundt,16743,TE,PHI,268.91,16.44,241,301,NA,johnny-mundt.php,NA,NA,0.2,NA,NA,NA,NA,NA,10,Johnny Mundt,2026-10-02,PHI
/nfl/rankings/ppr-superflex.php,weekly-op,wsf,Andrew Beck,18748,RB,NYJ,308.57,41.67,267,381,NA,andrew-beck.php,NA,NA,0,NA,NA,NA,NA,NA,13,Andrew Beck,2026-10-02,NYJ
/nfl/rankings/ppr-superflex.php,weekly-op,wsf,Erick All Jr.,23837,TE,CIN,278.45,18.16,247,300,NA,erick-all.php,NA,NA,0.6,NA,NA,NA,NA,-12,6,Erick All,2026-10-02,CIN
/nfl/rankings/ppr-superflex.php,weekly-op,wsf,Brevyn Spann-Ford,26003,TE,DAL,263.2,17.52,230,287,NA,brevyn-spann-ford.php,NA,NA,0.1,NA,NA,NA,NA,NA,14,Brevyn Spann-Ford,2026-10-02,DAL
/nfl/rankings/ppr-superflex.php,weekly-op,wsf,Adam Prentice,23451,RB,DEN,303.69,38.12,270,371,NA,adam-prentice.php,NA,NA,1,NA,NA,NA,NA,NA,10,Adam Prentice,2026-10-02,DEN
/nfl/rankings/ppr-superflex.php,weekly-op,wsf,Marvin Mims Jr.,23080,WR,DEN,283.18,45.59,248,418,NA,marvin-mims.php,NA,NA,2.6,NA,NA,NA,NA,NA,10,Marvin Mims,2026-10-02,DEN
/nfl/rankings/ppr-superflex.php,weekly-op,wsf,Ben Sinnott,26310,TE,WAS,286.09,33,239,334,NA,ben-sinnott.php,NA,NA,0.6,NA,NA,NA,NA,NA,7,Ben Sinnott,2026-10-02,WAS
/nfl/rankings/ppr-superflex.php,weekly-op,wsf,Adam Trautman,19423,TE,DEN,273.2,3.84,268,279,NA,adam-trautman.php,NA,NA,0.6,NA,NA,NA,NA,NA,10,Adam Trautman,2026-10-02,DEN
/nfl/rankings/ppr-superflex.php,weekly-op,wsf,Brock Wright,23341,TE,DET,274.8,14.64,256,298,NA,brock-wright.php,NA,NA,0.6,NA,NA,NA,NA,NA,6,Brock Wright,2026-10-02,DET
/nfl/rankings/ppr-superflex.php,weekly-op,wsf,Elijah Higgins,23119,TE,ARI,275.6,16.96,239,299,NA,elijah-higgins.php,NA,NA,0.6,NA,NA,NA,NA,NA,14,Elijah Higgins,2026-10-02,ARI
/nfl/rankings/ppr-superflex.php,weekly-op,wsf,Nate Adkins,25881,TE,DEN,258.78,21.1,227,310,NA,nate-adkins.php,NA,NA,0.6,NA,NA,NA,NA,NA,10,Nate Adkins,2026-10-02,DEN
/nfl/rankings/ppr-superflex.php,weekly-op,wsf,Darius Cooper,27866,WR,PHI,292.64,49.66,206,349,NA,darius-cooper.php,NA,NA,0.6,NA,NA,NA,NA,-17,10,Darius Cooper,2026-10-02,PHI
/nfl/rankings/ppr-superflex.php,weekly-op,wsf,Will Kacmarek,28403,TE,MIA,292.82,12.61,282,326,NA,will-kacmarek.php,NA,NA,0.7,NA,NA,NA,NA,-7,6,Will Kacmarek,2026-10-02,MIA
/nfl/rankings/ppr-superflex.php,weekly-op,wsf,Jarquez Hunter,24335,RB,MIA,308.75,41.56,268,383,NA,jarquez-hunter.php,NA,NA,1,NA,NA,NA,NA,NA,6,Jarquez Hunter,2026-10-02,MIA
/nfl/rankings/ppr-superflex.php,weekly-op,wsf,Xavier Smith,25627,WR,LAR,298.82,20.91,264,344,NA,xavier-smith.php,NA,NA,0.6,NA,NA,NA,NA,NA,11,Xavier Smith,2026-10-02,LAR
/nfl/rankings/ppr-superflex.php,weekly-op,wsf,John Bates,22833,TE,WAS,289,27.64,236,318,NA,john-bates.php,NA,NA,1.2,NA,NA,NA,NA,NA,7,John Bates,2026-10-02,WAS
/nfl/rankings/ppr-superflex.php,weekly-op,wsf,Durham Smythe,17508,TE,BAL,290.5,21.08,269,331,NA,durham-smythe.php,NA,NA,0.6,NA,NA,NA,NA,NA,13,Durham Smythe,2026-10-02,BAL
/nfl/rankings/ppr-superflex.php,weekly-op,wsf,Luke Schoonmaker,25267,TE,DAL,293.7,13.28,273,317,NA,luke-schoonmaker.php,NA,NA,0.8,NA,NA,NA,NA,-12,14,Luke Schoonmaker,2026-10-02,DAL
/nfl/rankings/ppr-superflex.php,weekly-op,wsf,Nate Boerkircher,28427,TE,JAC,279.11,21.34,255,317,NA,nate-boerkircher.php,NA,NA,1.7,NA,NA,NA,NA,NA,7,Nate Boerkircher,2026-10-02,JAC
/nfl/rankings/ppr-superflex.php,weekly-op,wsf,Blake Whiteheart,25657,TE,CLE,279.89,13.41,266,314,NA,blake-whiteheart.php,NA,NA,0,NA,NA,NA,NA,NA,11,Blake Whiteheart,2026-10-02,CLE
/nfl/rankings/ppr-superflex.php,weekly-op,wsf,Elijah Sarratt,27463,WR,BAL,284.56,58.78,234,429,NA,elijah-sarratt.php,NA,NA,4.1,NA,NA,NA,NA,-24,13,Elijah Sarratt,2026-10-02,BAL
/nfl/rankings/ppr-superflex.php,weekly-op,wsf,KhaDarel Hodge,18166,WR,FA,266.75,38.8,233,344,NA,khadarel-hodge.php,NA,NA,1.2,NA,NA,NA,NA,NA,NA,KhaDarel Hodge,2026-10-02,FA
/nfl/rankings/ppr-superflex.php,weekly-op,wsf,LaJohntay Wester,27447,WR,BAL,304,24.61,253,334,NA,lajohntay-wester.php,NA,NA,0.7,NA,NA,NA,NA,-30,13,LaJohntay Wester,2026-10-02,BAL
/nfl/rankings/ppr-superflex.php,weekly-op,wsf,Zavion Thomas,28132,WR,CHI,318.45,20.28,291,357,NA,zavion-thomas.php,NA,NA,1.8,NA,NA,NA,NA,-16,10,Zavion Thomas,2026-10-02,CHI
/nfl/rankings/ppr-superflex.php,weekly-op,wsf,Cyrus Allen,28424,WR,KC,328.58,23.75,284,363,NA,cyrus-allen.php,NA,NA,10.6,NA,NA,NA,NA,-17,5,Cyrus Allen,2026-10-02,KCC
/nfl/rankings/ppr-superflex.php,weekly-op,wsf,Ryan Miller,25857,WR,MIA,311.8,44.91,265,432,NA,ryan-miller-wr.php,NA,NA,1,NA,NA,NA,NA,NA,6,Ryan Miller,2026-10-02,MIA
/nfl/rankings/ppr-superflex.php,weekly-op,wsf,Sam Roush,28161,TE,CHI,298.44,20.42,261,320,NA,sam-roush.php,NA,NA,0.7,NA,NA,NA,NA,NA,10,Sam Roush,2026-10-02,CHI
/nfl/rankings/ppr-superflex.php,weekly-op,wsf,Efton Chism III,27445,WR,NE,300.11,19.3,278,332,NA,efton-chismi.php,NA,NA,0.6,NA,NA,NA,NA,NA,11,Efton Chism,2026-10-02,NEP
/nfl/rankings/ppr-superflex.php,weekly-op,wsf,Caleb Williams,23084,QB,CHI,193.8,124.88,27,377,NA,caleb-williams.php,NA,NA,92.3,NA,NA,NA,NA,NA,10,Caleb Williams,2026-10-02,CHI
/nfl/rankings/ppr-superflex.php,weekly-op,wsf,Jackson Hawes,27469,TE,BUF,316.6,13.65,296,335,NA,jackson-hawes.php,NA,NA,0.6,NA,NA,NA,NA,NA,7,Jackson Hawes,2026-10-02,BUF
/nfl/rankings/ppr-superflex.php,weekly-op,wsf,Tai Felton,27182,WR,MIN,330.91,47.05,239,375,NA,tai-felton.php,NA,NA,0.6,NA,NA,NA,NA,NA,6,Tai Felton,2026-10-02,MIN
/nfl/rankings/ppr-superflex.php,weekly-op,wsf,Deion Burks,27093,WR,IND,292.5,19.51,263,323,NA,deion-burks.php,NA,NA,2,NA,NA,NA,NA,NA,13,Deion Burks,2026-10-02,IND
/nfl/rankings/ppr-superflex.php,weekly-op,wsf,Luke Farrell,19501,TE,SF,292.75,9.55,270,301,NA,luke-farrell.php,NA,NA,0.6,NA,NA,NA,NA,-26,8,Luke Farrell,2026-10-02,SFO
/nfl/rankings/ppr-superflex.php,weekly-op,wsf,Isaiah Bond,24371,WR,CLE,322.7,21.47,292,357,NA,isaiah-bond.php,NA,NA,0.6,NA,NA,NA,NA,-31,11,Isaiah Bond,2026-10-02,CLE
/nfl/rankings/ppr-superflex.php,weekly-op,wsf,Max Klare,27993,TE,LAR,312.89,18.72,271,346,NA,max-klare.php,NA,NA,2,NA,NA,NA,NA,NA,11,Max Klare,2026-10-02,LAR
/nfl/rankings/ppr-superflex.php,weekly-op,wsf,Mo Alie-Cox,16579,TE,IND,299.13,18.75,279,328,NA,mo-alie-cox.php,NA,NA,0.6,NA,NA,NA,NA,NA,13,Mo Alie-Cox,2026-10-02,IND
/nfl/rankings/ppr-superflex.php,weekly-op,wsf,Tanner Hudson,17826,TE,CIN,280.29,16.3,266,317,NA,tanner-hudson.php,NA,NA,2.3,NA,NA,NA,NA,NA,6,Tanner Hudson,2026-10-02,CIN
/nfl/rankings/ppr-superflex.php,weekly-op,wsf,Oscar Delp,25430,TE,NO,302.88,16.03,283,331,NA,oscar-delp.php,NA,NA,1.2,NA,NA,NA,NA,NA,8,Oscar Delp,2026-10-02,NOS
/nfl/rankings/ppr-superflex.php,weekly-op,wsf,Jalen Tolbert,23770,WR,MIA,304,48.92,236,357,NA,jalen-tolbert.php,NA,NA,1.1,NA,NA,NA,NA,-28,6,Jalen Tolbert,2026-10-02,MIA
/nfl/rankings/ppr-superflex.php,weekly-op,wsf,Marlin Klein,28157,TE,HOU,304.88,34.55,269,354,NA,marlin-klein.php,NA,NA,0.6,NA,NA,NA,NA,-27,8,Marlin Klein,2026-10-02,HOU
/nfl/rankings/ppr-superflex.php,weekly-op,wsf,Jahdae Walker,27810,WR,CHI,334.2,28.85,288,370,NA,jahdae-walker.php,NA,NA,0.8,NA,NA,NA,NA,NA,10,Jahdae Walker,2026-10-02,CHI
/nfl/rankings/ppr-superflex.php,weekly-op,wsf,Ben Skowronek,22843,WR,PIT,311.5,18.45,282,343,NA,ben-skowronek.php,NA,NA,0.1,NA,NA,NA,NA,NA,9,Ben Skowronek,2026-10-02,PIT
/nfl/rankings/ppr-superflex.php,weekly-op,wsf,Dareke Young,24570,WR,LV,325.33,14.54,306,350,NA,dareke-young.php,NA,NA,1,NA,NA,NA,NA,NA,13,Dareke Young,2026-10-02,LVR
/nfl/rankings/ppr-superflex.php,weekly-op,wsf,Jelani Woods,23829,TE,NYJ,316.88,13.94,286,335,NA,jelani-woods.php,NA,NA,3.9,NA,NA,NA,NA,NA,13,Jelani Woods,2026-10-02,NYJ
/nfl/rankings/ppr-superflex.php,weekly-op,wsf,Charlie Woerner,19665,TE,ATL,319.63,4,316,328,NA,charlie-woerner.php,NA,NA,0,NA,NA,NA,NA,NA,11,Charlie Woerner,2026-10-02,ATL
/nfl/rankings/ppr-superflex.php,weekly-op,wsf,Jonathan Mingo,23030,WR,DAL,320.25,11.64,302,341,NA,jonathan-mingo.php,NA,NA,0.6,NA,NA,NA,NA,NA,14,Jonathan Mingo,2026-10-02,DAL
/nfl/rankings/ppr-superflex.php,weekly-op,wsf,Jaylin Lane,27454,WR,WAS,320.88,14.72,306,351,NA,jaylin-lane.php,NA,NA,0.6,NA,NA,NA,NA,NA,7,Jaylin Lane,2026-10-02,WAS
/nfl/rankings/ppr-superflex.php,weekly-op,wsf,Carson Wentz,15520,QB,MIN,253.4,80.2,142,369,NA,carson-wentz.php,NA,NA,1.4,NA,NA,NA,NA,NA,6,Carson Wentz,2026-10-02,MIN
/nfl/rankings/ppr-superflex.php,weekly-op,wsf,Colson Yankoff,26576,TE,WAS,286.83,23.91,258,326,NA,colson-yankoff.php,NA,NA,1.1,NA,NA,NA,NA,NA,7,Colson Yankoff,2026-10-02,WAS
/nfl/rankings/ppr-superflex.php,weekly-op,wsf,Brandin Cooks,12122,WR,SF,264.2,71.71,204,400,NA,brandin-cooks.php,NA,NA,0.8,NA,NA,NA,NA,NA,8,Brandin Cooks,2026-10-02,SFO
/nfl/rankings/ppr-superflex.php,weekly-op,wsf,Drew Ogletree,24561,TE,IND,328.13,4.31,321,335,NA,andrew-ogletree.php,NA,NA,1,NA,NA,NA,NA,NA,13,Andrew Ogletree,2026-10-02,IND
/nfl/rankings/ppr-superflex.php,weekly-op,wsf,Cade Stover,25269,TE,HOU,330.88,6.66,321,345,NA,cade-stover.php,NA,NA,0.6,NA,NA,NA,NA,NA,8,Cade Stover,2026-10-02,HOU
/nfl/rankings/ppr-superflex.php,weekly-op,wsf,Eric Saubert,16706,TE,SEA,320.71,13.71,306,342,NA,eric-saubert.php,NA,NA,1.6,NA,NA,NA,NA,NA,11,Eric Saubert,2026-10-02,SEA
/nfl/rankings/ppr-superflex.php,weekly-op,wsf,Quintin Morris,22820,TE,JAC,320.71,5.62,315,332,NA,quintin-morris.php,NA,NA,1.4,NA,NA,NA,NA,NA,7,Quintin Morris,2026-10-02,JAC
/nfl/rankings/ppr-superflex.php,weekly-op,wsf,Kevin Austin Jr.,23049,WR,NO,338.75,23.25,308,376,NA,kevin-austin.php,NA,NA,1,NA,NA,NA,NA,NA,8,Kevin Austin,2026-10-02,NOS
/nfl/rankings/ppr-superflex.php,weekly-op,wsf,Hunter Long,22783,TE,ARI,329.43,3.37,324,334,NA,hunter-long.php,NA,NA,1,NA,NA,NA,NA,NA,14,Hunter Long,2026-10-02,ARI
/nfl/rankings/ppr-superflex.php,weekly-op,wsf,Myles Price,27805,WR,MIN,353,9.92,340,373,NA,myles-price.php,NA,NA,1.2,NA,NA,NA,NA,NA,6,Myles Price,2026-10-02,MIN
/nfl/rankings/ppr-superflex.php,weekly-op,wsf,Braxton Berrios,17289,WR,NYG,317.17,16.78,297,337,NA,braxton-berrios.php,NA,NA,0.6,NA,NA,NA,NA,NA,8,Braxton Berrios,2026-10-02,NYG
/nfl/rankings/ppr-superflex.php,weekly-op,wsf,Chris Blair,22684,WR,ATL,335.29,15.1,301,350,NA,chris-blair.php,NA,NA,0,NA,NA,NA,NA,NA,11,Chris Blair,2026-10-02,ATL
/nfl/rankings/ppr-superflex.php,weekly-op,wsf,Gavin Bartholomew,26002,TE,MIN,336.43,15.42,323,363,NA,gavin-bartholomew.php,NA,NA,0,NA,NA,NA,NA,NA,6,Gavin Bartholomew,2026-10-02,MIN
/nfl/rankings/ppr-superflex.php,weekly-op,wsf,Josh Cuevas,28155,TE,BAL,336.71,9.28,318,347,NA,josh-cuevas.php,NA,NA,1.1,NA,NA,NA,NA,NA,13,Josh Cuevas,2026-10-02,BAL
/nfl/rankings/ppr-superflex.php,weekly-op,wsf,Marquez Valdes-Scantling,17528,WR,LAC,349.25,20.43,313,385,NA,marquez-valdesscantling.php,NA,NA,1.3,NA,NA,NA,NA,NA,7,Marquez Valdes-Scantling,2026-10-02,LAC
/nfl/rankings/ppr-superflex.php,weekly-op,wsf,Jayden Daniels,22902,QB,WAS,266,98.05,130,396,NA,jayden-daniels.php,NA,NA,80.9,NA,NA,NA,NA,NA,7,Jayden Daniels,2026-10-02,WAS
/nfl/rankings/ppr-superflex.php,weekly-op,wsf,Mitch Tinsley,24370,WR,CIN,300.4,4.59,294,306,NA,mitchell-tinsley.php,NA,NA,1,NA,NA,NA,NA,NA,6,Mitch Tinsley,2026-10-02,CIN
/nfl/rankings/ppr-superflex.php,weekly-op,wsf,Derius Davis,25334,WR,LAC,340.29,10.32,319,353,NA,derius-davis.php,NA,NA,1,NA,NA,NA,NA,NA,7,Derius Davis,2026-10-02,LAC
/nfl/rankings/ppr-superflex.php,weekly-op,wsf,Malik McClain,28686,WR,NYJ,340.57,25.62,302,390,NA,malik-mcclain.php,NA,NA,0,NA,NA,NA,NA,NA,13,Malik McClain,2026-10-02,NYJ
/nfl/rankings/ppr-superflex.php,weekly-op,wsf,Colbie Young,26037,WR,CIN,304.6,64.08,239,416,NA,colbie-young.php,NA,NA,0.8,NA,NA,NA,NA,-22,6,Colbie Young,2026-10-02,CIN
/nfl/rankings/ppr-superflex.php,weekly-op,wsf,Eli Raridon,28154,TE,NE,311.4,78.04,244,459,NA,eli-raridon.php,NA,NA,1.5,NA,NA,NA,NA,NA,11,Eli Raridon,2026-10-02,NEP
/nfl/rankings/ppr-superflex.php,weekly-op,wsf,Hayden Rucci,26946,TE,LAC,327.67,8.01,316,342,NA,hayden-rucci.php,NA,NA,0,NA,NA,NA,NA,NA,7,Hayden Rucci,2026-10-02,LAC
/nfl/rankings/ppr-superflex.php,weekly-op,wsf,Josh Williams,27444,RB,TB,314,54.09,274,420,NA,josh-williams-rb.php,NA,NA,0,NA,NA,NA,NA,NA,10,Josh Williams,2026-10-02,TBB
/nfl/rankings/ppr-superflex.php,weekly-op,wsf,Mason Taylor,26005,TE,NYJ,317.2,60.34,232,379,NA,mason-taylor.php,NA,NA,1.9,NA,NA,NA,NA,NA,13,Mason Taylor,2026-10-02,NYJ
/nfl/rankings/ppr-superflex.php,weekly-op,wsf,J.J. McCarthy,23018,QB,NYG,295.25,102.61,130,412,NA,jj-mccarthy.php,NA,NA,2.6,NA,NA,NA,NA,NA,8,JJ McCarthy,2026-10-02,NYG
/nfl/rankings/ppr-superflex.php,weekly-op,wsf,E.J. Jenkins,25756,TE,PHI,346,7.02,335,356,NA,ej-jenkins.php,NA,NA,1,NA,NA,NA,NA,NA,10,EJ Jenkins,2026-10-02,PHI
/nfl/rankings/ppr-superflex.php,weekly-op,wsf,Ian Thomas,17387,TE,LV,330.8,27.75,277,353,NA,ian-thomas.php,NA,NA,0,NA,NA,NA,NA,NA,13,Ian Thomas,2026-10-02,LVR
/nfl/rankings/ppr-superflex.php,weekly-op,wsf,Robert Tonyan,16502,TE,PIT,331.4,6.47,320,340,NA,robert-tonyan.php,NA,NA,0,NA,NA,NA,NA,NA,9,Robert Tonyan,2026-10-02,PIT
/nfl/rankings/ppr-superflex.php,weekly-op,wsf,Dallas Goedert,17270,TE,PHI,306.5,65.43,235,393,NA,dallas-goedert.php,NA,NA,75.6,NA,NA,NA,NA,NA,10,Dallas Goedert,2026-10-02,PHI
/nfl/rankings/ppr-superflex.php,weekly-op,wsf,British Brooks,26748,RB,HOU,364.57,33.45,290,403,NA,british-brooks.php,NA,NA,0,NA,NA,NA,NA,NA,8,British Brooks,2026-10-02,HOU
/nfl/rankings/ppr-superflex.php,weekly-op,wsf,Jake Briningstool,22924,TE,KC,337.4,12.6,318,351,NA,jake-briningstool.php,NA,NA,0,NA,NA,NA,NA,NA,5,Jake Briningstool,2026-10-02,KCC
/nfl/rankings/ppr-superflex.php,weekly-op,wsf,Fernando Mendoza,28013,QB,LV,318.25,37.61,270,375,NA,fernando-mendoza.php,NA,NA,15,NA,NA,NA,NA,NA,13,Fernando Mendoza,2026-10-02,LVR
/nfl/rankings/ppr-superflex.php,weekly-op,wsf,Josh Jacobs,18269,RB,GB,342.4,57.11,275,421,NA,josh-jacobs.php,NA,NA,85.9,NA,NA,NA,NA,NA,11,Josh Jacobs,2026-10-02,GBP
/nfl/rankings/ppr-superflex.php,weekly-op,wsf,Tanner Arkin,28166,TE,NE,345.4,30.06,323,403,NA,tanner-arkin.php,NA,NA,0,NA,NA,NA,NA,NA,11,Tanner Arkin,2026-10-02,NEP
/nfl/rankings/ppr-superflex.php,weekly-op,wsf,Mac Jones,20156,QB,SF,326,40.32,276,387,NA,mac-jones.php,NA,NA,0.9,NA,NA,NA,NA,NA,8,Mac Jones,2026-10-02,SFO
/nfl/rankings/ppr-superflex.php,weekly-op,wsf,Ashton Dulin,18656,WR,IND,348.2,22.94,304,371,NA,ashton-dulin.php,NA,NA,0.7,NA,NA,NA,NA,NA,13,Ashton Dulin,2026-10-02,IND
/nfl/rankings/ppr-superflex.php,weekly-op,wsf,Trey Lance,20082,QB,LAC,329,38.65,283,390,NA,trey-lance.php,NA,NA,0.6,NA,NA,NA,NA,NA,7,Trey Lance,2026-10-02,LAC
/nfl/rankings/ppr-superflex.php,weekly-op,wsf,Carson Beck,22953,QB,ARI,329,37.32,287,388,NA,carson-beck.php,NA,NA,2.5,NA,NA,NA,NA,NA,14,Carson Beck,2026-10-02,ARI
/nfl/rankings/ppr-superflex.php,weekly-op,wsf,Jalen Brooks,25468,WR,ARI,364,19.71,326,390,NA,jalen-brooks.php,NA,NA,1,NA,NA,NA,NA,NA,14,Jalen Brooks,2026-10-02,ARI
/nfl/rankings/ppr-superflex.php,weekly-op,wsf,Jarrett Stidham,18604,QB,DEN,329.75,37.76,285,389,NA,jarrett-stidham.php,NA,NA,0.6,NA,NA,NA,NA,NA,10,Jarrett Stidham,2026-10-02,DEN
/nfl/rankings/ppr-superflex.php,weekly-op,wsf,Anthony Richardson Sr.,24347,QB,IND,331.5,36.43,299,393,NA,anthony-richardson.php,NA,NA,1.6,NA,NA,NA,NA,NA,13,Anthony Richardson,2026-10-02,IND
/nfl/rankings/ppr-superflex.php,weekly-op,wsf,Cade Klubnik,24361,QB,NYJ,332.75,37.29,292,392,NA,cade-klubnik.php,NA,NA,1.2,NA,NA,NA,NA,NA,13,Cade Klubnik,2026-10-02,NYJ
/nfl/rankings/ppr-superflex.php,weekly-op,wsf,Brenen Thompson,28133,WR,LAC,333.75,81.36,232,430,NA,brenen-thompson.php,NA,NA,0.9,NA,NA,NA,NA,NA,7,Brenen Thompson,2026-10-02,LAC
/nfl/rankings/ppr-superflex.php,weekly-op,wsf,Ke'Shawn Williams,27724,WR,CIN,355.2,8.7,344,369,NA,keshawn-williams.php,NA,NA,0,NA,NA,NA,NA,NA,6,KeShawn Williams,2026-10-02,CIN
/nfl/rankings/ppr-superflex.php,weekly-op,wsf,Tyrod Taylor,10007,QB,GB,338.75,38.85,301,402,NA,tyrod-taylor.php,NA,NA,0.6,NA,NA,NA,NA,NA,11,Tyrod Taylor,2026-10-02,GBP
/nfl/rankings/ppr-superflex.php,weekly-op,wsf,Payne Durham,25346,TE,TB,364.8,49.89,329,463,NA,payne-durham.php,NA,NA,1.1,NA,NA,NA,NA,NA,10,Payne Durham,2026-10-02,TBB
/nfl/rankings/ppr-superflex.php,weekly-op,wsf,Jack Bech,27224,WR,LV,309.33,62.2,253,396,NA,jack-bech.php,NA,NA,1.4,NA,NA,NA,NA,-53,13,Jack Bech,2026-10-02,LVR
/nfl/rankings/ppr-superflex.php,weekly-op,wsf,Austin Ekeler,16483,RB,WAS,310.33,60.89,225,363,NA,austin-ekeler.php,NA,NA,1.9,NA,NA,NA,NA,NA,7,Austin Ekeler,2026-10-02,WAS
/nfl/rankings/ppr-superflex.php,weekly-op,wsf,Mason Rudolph,17234,QB,PIT,341.25,41.15,286,400,NA,mason-rudolph.php,NA,NA,0.7,NA,NA,NA,NA,NA,9,Mason Rudolph,2026-10-02,PIT
/nfl/rankings/ppr-superflex.php,weekly-op,wsf,Chris Manhertz,14014,TE,NYG,342.5,6.26,334,349,NA,chris-manhertz.php,NA,NA,0,NA,NA,NA,NA,NA,8,Chris Manhertz,2026-10-02,NYG
/nfl/rankings/ppr-superflex.php,weekly-op,wsf,Charlie Jones,25336,WR,NYG,360.8,20.13,339,398,NA,charlie-jones.php,NA,NA,1.2,NA,NA,NA,NA,NA,8,Charlie Jones,2026-10-02,NYG
/nfl/rankings/ppr-superflex.php,weekly-op,wsf,Gardner Minshew II,18562,QB,ARI,342.75,41.25,296,407,NA,gardner-minshew.php,NA,NA,0.6,NA,NA,NA,NA,NA,14,Gardner Minshew,2026-10-02,ARI
/nfl/rankings/ppr-superflex.php,weekly-op,wsf,Cooper Rush,16477,QB,ATL,345.25,42.11,288,405,NA,cooper-rush.php,NA,NA,0.7,NA,NA,NA,NA,NA,11,Cooper Rush,2026-10-02,ATL
/nfl/rankings/ppr-superflex.php,weekly-op,wsf,Max Bredeson,28434,RB,MIN,363.4,7.47,349,370,NA,max-bredeson.php,NA,NA,0,NA,NA,NA,NA,NA,6,Max Bredeson,2026-10-02,MIN
/nfl/rankings/ppr-superflex.php,weekly-op,wsf,Britain Covey,24234,WR,PHI,364,31.11,319,392,NA,britain-covey.php,NA,NA,1,NA,NA,NA,NA,NA,10,Britain Covey,2026-10-02,PHI
/nfl/rankings/ppr-superflex.php,weekly-op,wsf,Spencer Rattler,23081,QB,NO,328.67,49.84,269,391,NA,spencer-rattler.php,NA,NA,0.6,NA,NA,NA,NA,NA,8,Spencer Rattler,2026-10-02,NOS
/nfl/rankings/ppr-superflex.php,weekly-op,wsf,Elijah Moore,20114,WR,PHI,371.6,33.81,306,402,NA,elijah-moore.php,NA,NA,1.1,NA,NA,NA,NA,NA,10,Elijah Moore,2026-10-02,PHI
/nfl/rankings/ppr-superflex.php,weekly-op,wsf,Luke McCaffrey,26328,WR,WAS,335.67,81.95,258,449,NA,luke-mccaffrey.php,NA,NA,0.6,NA,NA,NA,NA,-40,7,Luke McCaffrey,2026-10-02,WAS
/nfl/rankings/ppr-superflex.php,weekly-op,wsf,David Moore,16757,WR,CAR,279.5,29.5,250,309,NA,david-moore.php,NA,NA,1.4,NA,NA,NA,NA,NA,5,David Moore,2026-10-02,CAR
/nfl/rankings/ppr-superflex.php,weekly-op,wsf,Ty Simpson,25368,QB,LAR,332,48.19,278,395,NA,ty-simpson.php,NA,NA,3.6,NA,NA,NA,NA,NA,11,Ty Simpson,2026-10-02,LAR
/nfl/rankings/ppr-superflex.php,weekly-op,wsf,Josh Whyle,22923,TE,GB,358.5,20.38,325,378,NA,josh-whyle.php,NA,NA,1.1,NA,NA,NA,NA,NA,11,Josh Whyle,2026-10-02,GBP
/nfl/rankings/ppr-superflex.php,weekly-op,wsf,Cameron Latu,24331,TE,NE,358.5,14.57,339,380,NA,cameron-latu.php,NA,NA,1.2,NA,NA,NA,NA,NA,11,Cameron Latu,2026-10-02,NEP
/nfl/rankings/ppr-superflex.php,weekly-op,wsf,Riley Leonard,25373,QB,IND,333.67,49.82,272,394,NA,riley-leonard.php,NA,NA,1,NA,NA,NA,NA,NA,13,Riley Leonard,2026-10-02,IND
/nfl/rankings/ppr-superflex.php,weekly-op,wsf,Kameron Johnson,26626,WR,TB,374.4,6.74,366,386,NA,kameron-johnson.php,NA,NA,0.1,NA,NA,NA,NA,NA,10,Kameron Johnson,2026-10-02,TBB
/nfl/rankings/ppr-superflex.php,weekly-op,wsf,Nikko Remigio,25772,WR,KC,377.8,37.47,345,451,NA,nikko-remigio.php,NA,NA,0.6,NA,NA,NA,NA,NA,5,Nikko Remigio,2026-10-02,KCC
/nfl/rankings/ppr-superflex.php,weekly-op,wsf,Mitchell Trubisky,16381,QB,TEN,336.33,51.91,271,398,NA,mitch-trubisky.php,NA,NA,1,NA,NA,NA,NA,NA,9,Mitchell Trubisky,2026-10-02,TEN
/nfl/rankings/ppr-superflex.php,weekly-op,wsf,Andy Dalton,9907,QB,PHI,337,51.46,273,399,NA,andy-dalton.php,NA,NA,1,NA,NA,NA,NA,NA,10,Andy Dalton,2026-10-02,PHI
/nfl/rankings/ppr-superflex.php,weekly-op,wsf,Kyle McCord,23066,QB,MIA,337,47.08,282,397,NA,kyle-mccord.php,NA,NA,1,NA,NA,NA,NA,NA,6,Kyle McCord,2026-10-02,MIA
/nfl/rankings/ppr-superflex.php,weekly-op,wsf,Julius Chestnut,24689,RB,TEN,385.83,19.97,355,409,NA,julius-chestnut.php,NA,NA,1.2,NA,NA,NA,NA,-11,9,Julius Chestnut,2026-10-02,TEN
/nfl/rankings/ppr-superflex.php,weekly-op,wsf,Greg Dortch,18585,WR,BUF,377.4,7.96,369,388,NA,greg-dortch.php,NA,NA,0.6,NA,NA,NA,NA,NA,7,Greg Dortch,2026-10-02,BUF
/nfl/rankings/ppr-superflex.php,weekly-op,wsf,Sam Howell,23045,QB,DAL,342,50.62,280,404,NA,sam-howell.php,NA,NA,0.6,NA,NA,NA,NA,NA,14,Sam Howell,2026-10-02,DAL
/nfl/rankings/ppr-superflex.php,weekly-op,wsf,Malachi Corley,26023,WR,CLE,379.4,13.14,368,405,NA,malachi-corley.php,NA,NA,1,NA,NA,NA,NA,NA,11,Malachi Corley,2026-10-02,CLE
/nfl/rankings/ppr-superflex.php,weekly-op,wsf,Michael Burton,14191,RB,CLE,379.4,5.12,370,384,NA,michael-burton.php,NA,NA,1,NA,NA,NA,NA,NA,11,Michael Burton,2026-10-02,CLE
/nfl/rankings/ppr-superflex.php,weekly-op,wsf,Justin Fields,19781,QB,KC,344.33,41.77,309,403,NA,justin-fields.php,NA,NA,0.9,NA,NA,NA,NA,NA,5,Justin Fields,2026-10-02,KCC
/nfl/rankings/ppr-superflex.php,weekly-op,wsf,Patrick Herbert,27672,TE,LAC,367.5,41.1,331,436,NA,patrick-herbert.php,NA,NA,0,NA,NA,NA,NA,NA,7,Patrick Herbert,2026-10-02,LAC
/nfl/rankings/ppr-superflex.php,weekly-op,wsf,Keleki Latu,27287,TE,BUF,345.33,5.91,337,350,NA,keleki-latu.php,NA,NA,0,NA,NA,NA,NA,NA,7,Keleki Latu,2026-10-02,BUF
/nfl/rankings/ppr-superflex.php,weekly-op,wsf,Kene Nwangwu,23249,RB,NYJ,380.8,10.38,364,396,NA,kene-nwangwu.php,NA,NA,0.1,NA,NA,NA,NA,NA,13,Kene Nwangwu,2026-10-02,NYJ
/nfl/rankings/ppr-superflex.php,weekly-op,wsf,Odell Beckham Jr.,12127,WR,FA,304,7,297,311,NA,odell-beckham.php,NA,NA,2.7,NA,NA,NA,NA,NA,NA,Odell Beckham,2026-10-02,FA
/nfl/rankings/ppr-superflex.php,weekly-op,wsf,Simi Fehoko,23196,WR,ARI,382,12.99,362,399,NA,simi-fehoko.php,NA,NA,1,NA,NA,NA,NA,NA,14,Simi Fehoko,2026-10-02,ARI
/nfl/rankings/ppr-superflex.php,weekly-op,wsf,Joshua Dobbs,16417,QB,DET,347.67,52.68,284,413,NA,joshua-dobbs.php,NA,NA,0.6,NA,NA,NA,NA,NA,6,Joshua Dobbs,2026-10-02,DET
/nfl/rankings/ppr-superflex.php,weekly-op,wsf,Tua Tagovailoa,19198,QB,ATL,347.67,39.65,306,401,NA,tua-tagovailoa.php,NA,NA,4.9,NA,NA,NA,NA,NA,11,Tua Tagovailoa,2026-10-02,ATL
/nfl/rankings/ppr-superflex.php,weekly-op,wsf,Joe Flacco,9300,QB,CIN,349.67,42.82,315,410,NA,joe-flacco.php,NA,NA,0.8,NA,NA,NA,NA,NA,6,Joe Flacco,2026-10-02,CIN
/nfl/rankings/ppr-superflex.php,weekly-op,wsf,Seydou Traore,28163,TE,MIA,370.75,28.66,327,401,NA,seydou-traore.php,NA,NA,0,NA,NA,NA,NA,NA,6,Seydou Traore,2026-10-02,MIA
/nfl/rankings/ppr-superflex.php,weekly-op,wsf,Tanner Koziol,27499,TE,JAC,379.25,53.9,311,462,NA,tanner-koziol.php,NA,NA,1.4,NA,NA,NA,NA,NA,7,Tanner Koziol,2026-10-02,JAC
/nfl/rankings/ppr-superflex.php,weekly-op,wsf,Devin Neal,23682,RB,MIN,352.67,54.84,283,417,NA,devin-neal.php,NA,NA,1.2,NA,NA,NA,NA,NA,6,Devin Neal,2026-10-02,MIN
/nfl/rankings/ppr-superflex.php,weekly-op,wsf,Jalen Milroe,22884,QB,SEA,353,48.69,303,419,NA,jalen-milroe.php,NA,NA,0.6,NA,NA,NA,NA,NA,11,Jalen Milroe,2026-10-02,SEA
/nfl/rankings/ppr-superflex.php,weekly-op,wsf,Mark Redman,23182,TE,GB,353.33,8.18,342,361,NA,mark-redman.php,NA,NA,0,NA,NA,NA,NA,NA,11,Mark Redman,2026-10-02,GBP
/nfl/rankings/ppr-superflex.php,weekly-op,wsf,Tay Martin,24029,WR,DET,354,31.97,310,385,NA,tay-martin.php,NA,NA,1,NA,NA,NA,NA,NA,6,Tay Martin,2026-10-02,DET
/nfl/rankings/ppr-superflex.php,weekly-op,wsf,Anthony Tyus III,27700,RB,CAR,386.8,22.13,355,422,NA,anthony-tyus-iii.php,NA,NA,0,NA,NA,NA,NA,NA,5,Anthony Tyus,2026-10-02,CAR
/nfl/rankings/ppr-superflex.php,weekly-op,wsf,DJ Giddens,27097,RB,IND,375.5,37.35,313,411,NA,dj-giddens.php,NA,NA,0.7,NA,NA,NA,NA,NA,13,DJ Giddens,2026-10-02,IND
/nfl/rankings/ppr-superflex.php,weekly-op,wsf,Tom Kennedy,19052,WR,DET,391.2,32.84,358,454,NA,tom-kennedy.php,NA,NA,0,NA,NA,NA,NA,NA,6,Tom Kennedy,2026-10-02,DET
/nfl/rankings/ppr-superflex.php,weekly-op,wsf,Zach Wilson,22679,QB,NO,358.33,51.37,300,425,NA,zach-wilson.php,NA,NA,1,NA,NA,NA,NA,NA,8,Zach Wilson,2026-10-02,NOS
/nfl/rankings/ppr-superflex.php,weekly-op,wsf,Davis Mills,22799,QB,HOU,359.67,41.12,319,416,NA,davis-mills.php,NA,NA,1.1,NA,NA,NA,NA,NA,8,Davis Mills,2026-10-02,HOU
/nfl/rankings/ppr-superflex.php,weekly-op,wsf,Tyler Huntley,19297,QB,BAL,361.67,43.15,317,420,NA,tyler-huntley.php,NA,NA,1.2,NA,NA,NA,NA,NA,13,Tyler Huntley,2026-10-02,BAL
/nfl/rankings/ppr-superflex.php,weekly-op,wsf,Kaden Wetjen,28435,WR,PIT,394.8,30.33,369,452,NA,kaden-wetjen.php,NA,NA,0.7,NA,NA,NA,NA,NA,9,Kaden Wetjen,2026-10-02,PIT
/nfl/rankings/ppr-superflex.php,weekly-op,wsf,Dean Connors,28113,RB,LAR,392,12.02,374,408,NA,dean-connors.php,NA,NA,1,NA,NA,NA,NA,NA,11,Dean Connors,2026-10-02,LAR
/nfl/rankings/ppr-superflex.php,weekly-op,wsf,Jimmy Horn Jr.,27294,WR,CLE,330,24,306,354,NA,jimmy-horn-jr.php,NA,NA,0.7,NA,NA,NA,NA,NA,11,Jimmy Horn,2026-10-02,CLE
/nfl/rankings/ppr-superflex.php,weekly-op,wsf,Barion Brown,25416,WR,NO,395,26.12,368,445,NA,barion-brown.php,NA,NA,1.4,NA,NA,NA,NA,NA,8,Barion Brown,2026-10-02,NOS
/nfl/rankings/ppr-superflex.php,weekly-op,wsf,Nick Mullens,16726,QB,JAC,340,66,274,406,NA,nick-mullens.php,NA,NA,1,NA,NA,NA,NA,NA,7,Nick Mullens,2026-10-02,JAC
/nfl/rankings/ppr-superflex.php,weekly-op,wsf,Lil'Jordan Humphrey,18590,WR,DEN,372.67,37.28,341,425,NA,liljordan-humphrey.php,NA,NA,1.1,NA,NA,NA,NA,NA,10,LilJordan Humphrey,2026-10-02,DEN
/nfl/rankings/ppr-superflex.php,weekly-op,wsf,Nick Muse,24239,TE,ATL,373.67,3.68,369,378,NA,nick-muse.php,NA,NA,0,NA,NA,NA,NA,NA,11,Nick Muse,2026-10-02,ATL
/nfl/rankings/ppr-superflex.php,weekly-op,wsf,David Martin-Robinson,26922,TE,TEN,375,8.52,363,382,NA,david-martin-robinson.php,NA,NA,0,NA,NA,NA,NA,NA,9,David Martin-Robinson,2026-10-02,TEN
/nfl/rankings/ppr-superflex.php,weekly-op,wsf,Hendon Hooker,24332,QB,TEN,347,68,279,415,NA,hendon-hooker.php,NA,NA,1.2,NA,NA,NA,NA,NA,9,Hendon Hooker,2026-10-02,TEN
/nfl/rankings/ppr-superflex.php,weekly-op,wsf,Bauer Sharp,28165,TE,TB,348,8,340,356,NA,bauer-sharp.php,NA,NA,0,NA,NA,NA,NA,NA,10,Bauer Sharp,2026-10-02,TBB
/nfl/rankings/ppr-superflex.php,weekly-op,wsf,Kenny Pickett,22722,QB,CAR,348,5,343,353,NA,kenny-pickett.php,NA,NA,1,NA,NA,NA,NA,NA,5,Kenny Pickett,2026-10-02,CAR
/nfl/rankings/ppr-superflex.php,weekly-op,wsf,Tommy DeVito,25746,QB,NE,376.67,36.63,345,428,NA,tommy-devito.php,NA,NA,0.9,NA,NA,NA,NA,NA,11,Tommy DeVito,2026-10-02,NEP
/nfl/rankings/ppr-superflex.php,weekly-op,wsf,Frank Gore Jr.,25980,RB,BUF,378.67,47.17,312,414,NA,frank-gore-jr.php,NA,NA,1,NA,NA,NA,NA,NA,7,Frank Gore,2026-10-02,BUF
/nfl/rankings/ppr-superflex.php,weekly-op,wsf,Ja'Tavion Sanders,24334,TE,CAR,352,75,277,427,NA,jatavion-sanders.php,NA,NA,0.6,NA,NA,NA,NA,NA,5,JaTavion Sanders,2026-10-02,CAR
/nfl/rankings/ppr-superflex.php,weekly-op,wsf,Hollywood Brown,18226,WR,PHI,382.33,55.72,307,440,NA,marquise-brown.php,NA,NA,1.2,NA,NA,NA,NA,NA,10,Marquise Brown,2026-10-02,PHI
/nfl/rankings/ppr-superflex.php,weekly-op,wsf,Devin Leary,24698,QB,FA,275,0,275,275,NA,devin-leary.php,NA,NA,1,NA,NA,NA,NA,NA,NA,Devin Leary,2026-10-02,FA
/nfl/rankings/ppr-superflex.php,weekly-op,wsf,Graham Mertz,23186,QB,HOU,277,0,277,277,NA,graham-mertz.php,NA,NA,0,NA,NA,NA,NA,NA,8,Graham Mertz,2026-10-02,HOU
/nfl/rankings/ppr-superflex.php,weekly-op,wsf,Riley Nowakowski,28437,TE,PIT,356.5,8.5,348,365,NA,riley-nowakowski.php,NA,NA,0.6,NA,NA,NA,NA,NA,9,Riley Nowakowski,2026-10-02,PIT
/nfl/rankings/ppr-superflex.php,weekly-op,wsf,Skyler Bell,28126,WR,BUF,357,52,305,409,NA,skyler-bell.php,NA,NA,3,NA,NA,NA,NA,NA,7,Skyler Bell,2026-10-02,BUF
/nfl/rankings/ppr-superflex.php,weekly-op,wsf,Tyler Conklin,17598,TE,DET,391.33,52.67,332,460,NA,tyler-conklin.php,NA,NA,0.6,NA,NA,NA,NA,NA,6,Tyler Conklin,2026-10-02,DET
/nfl/rankings/ppr-superflex.php,weekly-op,wsf,Collin Hill,23416,QB,FA,290,0,290,290,NA,collin-hill.php,NA,NA,1,NA,NA,NA,NA,NA,NA,Collin Hill,2026-10-02,FA
/nfl/rankings/ppr-superflex.php,weekly-op,wsf,Brady Cook,27161,QB,MIA,362,64,298,426,NA,brady-cook.php,NA,NA,1,NA,NA,NA,NA,NA,6,Brady Cook,2026-10-02,MIA
/nfl/rankings/ppr-superflex.php,weekly-op,wsf,Reggie Virgil,28141,WR,ARI,368.5,74.5,294,443,NA,reggie-virgil.php,NA,NA,1.2,NA,NA,NA,NA,NA,14,Reggie Virgil,2026-10-02,ARI
/nfl/rankings/ppr-superflex.php,weekly-op,wsf,Nick Westbrook-Ikhine,19747,WR,IND,370.5,76.5,294,447,NA,nick-westbrook.php,NA,NA,1,NA,NA,NA,NA,NA,13,Nick Westbrook-Ikhine,2026-10-02,IND
/nfl/rankings/ppr-superflex.php,weekly-op,wsf,Max Brosmer,27580,QB,MIN,364.5,62.5,302,427,NA,max-brosmer.php,NA,NA,1,NA,NA,NA,NA,NA,6,Max Brosmer,2026-10-02,MIN
/nfl/rankings/ppr-superflex.php,weekly-op,wsf,Anthony Gould,26404,WR,IND,372.5,77.5,295,450,NA,anthony-gould.php,NA,NA,1,NA,NA,NA,NA,NA,13,Anthony Gould,2026-10-02,IND
/nfl/rankings/ppr-superflex.php,weekly-op,wsf,Chris Oladokun,24575,QB,FA,297,0,297,297,NA,chris-oladokun.php,NA,NA,1.6,NA,NA,NA,NA,NA,NA,Chris Oladokun,2026-10-02,FA
/nfl/rankings/ppr-superflex.php,weekly-op,wsf,CJ Daniels,28125,WR,LAR,366,68,298,434,NA,cj-daniels.php,NA,NA,1.3,NA,NA,NA,NA,NA,11,CJ Daniels,2026-10-02,LAR
/nfl/rankings/ppr-superflex.php,weekly-op,wsf,Joe Milton III,25967,QB,DAL,367,62,305,429,NA,joe-milton.php,NA,NA,0.6,NA,NA,NA,NA,NA,14,Joe Milton,2026-10-02,DAL
/nfl/rankings/ppr-superflex.php,weekly-op,wsf,Treyton Welch,26661,TE,NO,389.33,25.33,359,421,NA,treyton-welch.php,NA,NA,0,NA,NA,NA,NA,NA,8,Treyton Welch,2026-10-02,NOS
/nfl/rankings/ppr-superflex.php,weekly-op,wsf,Jake Haener,24728,QB,NYG,304,0,304,304,NA,jake-haener.php,NA,NA,1.1,NA,NA,NA,NA,NA,8,Jake Haener,2026-10-02,NYG
/nfl/rankings/ppr-superflex.php,weekly-op,wsf,J'Mari Taylor,28109,RB,JAC,306,0,306,306,NA,jmari-taylor.php,NA,NA,2.3,NA,NA,NA,NA,NA,7,JMari Taylor,2026-10-02,JAC
/nfl/rankings/ppr-superflex.php,weekly-op,wsf,Jake Browning,18557,QB,FA,307,0,307,307,NA,jake-browning.php,NA,NA,1,NA,NA,NA,NA,NA,NA,Jake Browning,2026-10-02,FA
/nfl/rankings/ppr-superflex.php,weekly-op,wsf,Kurtis Rourke,27129,QB,SF,370.5,60.5,310,431,NA,kurtis-rourke.php,NA,NA,1,NA,NA,NA,NA,NA,8,Kurtis Rourke,2026-10-02,SFO
/nfl/rankings/ppr-superflex.php,weekly-op,wsf,Jimmy Garoppolo,12208,QB,LAR,372.5,50.5,322,423,NA,jimmy-garoppolo.php,NA,NA,1.4,NA,NA,NA,NA,NA,11,Jimmy Garoppolo,2026-10-02,LAR
/nfl/rankings/ppr-superflex.php,weekly-op,wsf,Carsen Ryan,28399,TE,CLE,375,4,371,379,NA,carsen-ryan.php,NA,NA,1.1,NA,NA,NA,NA,NA,11,Carsen Ryan,2026-10-02,CLE
/nfl/rankings/ppr-superflex.php,weekly-op,wsf,Kolbe Katsis,28833,WR,DEN,376,25,351,401,NA,kolbe-katsis.php,NA,NA,0,NA,NA,NA,NA,NA,10,Kolbe Katsis,2026-10-02,DEN
/nfl/rankings/ppr-superflex.php,weekly-op,wsf,Carlos Washington Jr.,25644,RB,MIA,320,0,320,320,NA,carlos-washington-jr.php,NA,NA,0,NA,NA,NA,NA,NA,6,Carlos Washington,2026-10-02,MIA
/nfl/rankings/ppr-superflex.php,weekly-op,wsf,Brayden Willis,25469,TE,SF,379.5,0.5,379,380,NA,brayden-willis.php,NA,NA,0,NA,NA,NA,NA,NA,8,Brayden Willis,2026-10-02,SFO
/nfl/rankings/ppr-superflex.php,weekly-op,wsf,Kyle Allen,17869,QB,BUF,327,0,327,327,NA,kyle-allen.php,NA,NA,0.8,NA,NA,NA,NA,NA,7,Kyle Allen,2026-10-02,BUF
/nfl/rankings/ppr-superflex.php,weekly-op,wsf,Lewis Bond,28144,WR,HOU,387,54,333,441,NA,lewis-bond.php,NA,NA,1.1,NA,NA,NA,NA,NA,8,Lewis Bond,2026-10-02,HOU
/nfl/rankings/ppr-superflex.php,weekly-op,wsf,Arian Smith,22965,WR,NYJ,340,0,340,340,NA,arian-smith.php,NA,NA,1.2,NA,NA,NA,NA,NA,13,Arian Smith,2026-10-02,NYJ
/nfl/rankings/ppr-superflex.php,weekly-op,wsf,Quinn Ewers,23680,QB,JAC,341,0,341,341,NA,quinn-ewers.php,NA,NA,0.6,NA,NA,NA,NA,NA,7,Quinn Ewers,2026-10-02,JAC
/nfl/rankings/ppr-superflex.php,weekly-op,wsf,Ko Kieft,24568,TE,TB,414,35.36,388,464,NA,ko-kieft.php,NA,NA,0,NA,NA,NA,NA,NA,10,Ko Kieft,2026-10-02,TBB
/nfl/rankings/ppr-superflex.php,weekly-op,wsf,Tanner McKee,24740,QB,PHI,389.5,40.5,349,430,NA,tanner-mckee.php,NA,NA,1.3,NA,NA,NA,NA,NA,10,Tanner McKee,2026-10-02,PHI
/nfl/rankings/ppr-superflex.php,weekly-op,wsf,Garrett Nussmeier,22998,QB,KC,391.5,40.5,351,432,NA,garrett-nussmeier.php,NA,NA,1.4,NA,NA,NA,NA,NA,5,Garrett Nussmeier,2026-10-02,KCC
/nfl/rankings/ppr-superflex.php,weekly-op,wsf,Jalin Hyatt,25251,WR,NYG,355,0,355,355,NA,jalin-hyatt.php,NA,NA,2.7,NA,NA,NA,NA,NA,8,Jalin Hyatt,2026-10-02,NYG
/nfl/rankings/ppr-superflex.php,weekly-op,wsf,Jack Strand,28428,QB,ATL,356,0,356,356,NA,jack-strand.php,NA,NA,0,NA,NA,NA,NA,NA,11,Jack Strand,2026-10-02,ATL
/nfl/rankings/ppr-superflex.php,weekly-op,wsf,Ben Yurosek,27843,TE,MIN,359,0,359,359,NA,ben-yurosek.php,NA,NA,0,NA,NA,NA,NA,NA,6,Ben Yurosek,2026-10-02,MIN
/nfl/rankings/ppr-superflex.php,weekly-op,wsf,Phil Mafah,22928,RB,NYG,374,0,374,374,NA,phil-mafah.php,NA,NA,1,NA,NA,NA,NA,NA,8,Phil Mafah,2026-10-02,NYG
/nfl/rankings/ppr-superflex.php,weekly-op,wsf,Jabari Small,24369,RB,DET,377,0,377,377,NA,jabari-small.php,NA,NA,0,NA,NA,NA,NA,NA,6,Jabari Small,2026-10-02,DET
/nfl/rankings/ppr-superflex.php,weekly-op,wsf,Jawhar Jordan,26329,RB,HOU,406.5,17.5,389,424,NA,jawhar-jordan.php,NA,NA,1,NA,NA,NA,NA,NA,8,Jawhar Jordan,2026-10-02,HOU
/nfl/rankings/ppr-superflex.php,weekly-op,wsf,Feleipe Franks,20081,TE,CAR,383,0,383,383,NA,feleipe-franks.php,NA,NA,0,NA,NA,NA,NA,NA,5,Feleipe Franks,2026-10-02,CAR
/nfl/rankings/ppr-superflex.php,weekly-op,wsf,Devin Duvernay,19270,WR,ARI,414.5,27.5,387,442,NA,devin-duvernay.php,NA,NA,0.6,NA,NA,NA,NA,NA,14,Devin Duvernay,2026-10-02,ARI
/nfl/rankings/ppr-superflex.php,weekly-op,wsf,Jamaal Pritchett,27453,WR,NYJ,421,32,389,453,NA,jamaal-pritchett.php,NA,NA,0,NA,NA,NA,NA,NA,13,Jamaal Pritchett,2026-10-02,NYJ
/nfl/rankings/ppr-superflex.php,weekly-op,wsf,Connor Heyward,24562,TE,LV,391,0,391,391,NA,connor-heyward.php,NA,NA,0,NA,NA,NA,NA,NA,13,Connor Heyward,2026-10-02,LVR
/nfl/rankings/ppr-superflex.php,weekly-op,wsf,Nick Kallerup,27867,TE,SEA,424,32,392,456,NA,nick-kallerup.php,NA,NA,1,NA,NA,NA,NA,NA,11,Nick Kallerup,2026-10-02,SEA
/nfl/rankings/ppr-superflex.php,weekly-op,wsf,Dare Ogunbowale,16879,RB,HOU,393,0,393,393,NA,dare-ogunbowale.php,NA,NA,1,NA,NA,NA,NA,NA,8,Dare Ogunbowale,2026-10-02,HOU
/nfl/rankings/ppr-superflex.php,weekly-op,wsf,Justin Joly,28079,TE,MIA,429.5,35.5,394,465,NA,justin-joly.php,NA,NA,2.5,NA,NA,NA,NA,NA,6,Justin Joly,2026-10-02,MIA
/nfl/rankings/ppr-superflex.php,weekly-op,wsf,Jalen Cropper,25359,WR,NO,415,11,404,426,NA,jalen-morenocropper.php,NA,NA,0,NA,NA,NA,NA,NA,8,Jalen Cropper,2026-10-02,NOS
/nfl/rankings/ppr-superflex.php,weekly-op,wsf,Pierre Strong Jr.,24173,RB,GB,398,0,398,398,NA,pierre-strong-jr.php,NA,NA,1.1,NA,NA,NA,NA,NA,11,Pierre Strong,2026-10-02,GBP
/nfl/rankings/ppr-superflex.php,weekly-op,wsf,Cam Grandy,26429,TE,MIN,399,0,399,399,NA,cam-grandy.php,NA,NA,0,NA,NA,NA,NA,NA,6,Cam Grandy,2026-10-02,MIN
/nfl/rankings/ppr-superflex.php,weekly-op,wsf,Jordan Moore,27565,WR,CIN,402,0,402,402,NA,jordan-moore-wr.php,NA,NA,0,NA,NA,NA,NA,NA,6,Jordan Moore,2026-10-02,CIN
/nfl/rankings/ppr-superflex.php,weekly-op,wsf,Raylen Sharpe,28645,WR,FA,403,0,403,403,NA,raylen-sharpe.php,NA,NA,0,NA,NA,NA,NA,NA,NA,Raylen Sharpe,2026-10-02,FA
/nfl/rankings/ppr-superflex.php,weekly-op,wsf,Kylen Granson,22841,TE,TEN,407,0,407,407,NA,kylen-granson.php,NA,NA,1.2,NA,NA,NA,NA,NA,9,Kylen Granson,2026-10-02,TEN
/nfl/rankings/ppr-superflex.php,weekly-op,wsf,Jared Wiley,26343,TE,KC,417,0,417,417,NA,jared-wiley.php,NA,NA,1,NA,NA,NA,NA,NA,5,Jared Wiley,2026-10-02,KCC
/nfl/rankings/ppr-superflex.php,weekly-op,wsf,Raheem Mostert,14338,RB,LV,418,0,418,418,NA,raheem-mostert.php,NA,NA,1.1,NA,NA,NA,NA,NA,13,Raheem Mostert,2026-10-02,LVR
/nfl/rankings/ppr-superflex.php,weekly-op,wsf,Ahmani Marshall,27596,RB,CAR,422,0,422,422,NA,ahmani-marshall.php,NA,NA,0,NA,NA,NA,NA,NA,5,Ahmani Marshall,2026-10-02,CAR
/nfl/rankings/ppr-superflex.php,weekly-op,wsf,Michael Carter,22728,RB,TEN,423,0,423,423,NA,michael-carter-rb.php,NA,NA,1,NA,NA,NA,NA,NA,9,Michael Carter,2026-10-02,TEN
/nfl/rankings/ppr-superflex.php,weekly-op,wsf,Montorie Foster Jr.,27910,WR,SEA,424,0,424,424,NA,montorie-foster-jr.php,NA,NA,0.1,NA,NA,NA,NA,NA,11,Montorie Foster,2026-10-02,SEA
/nfl/rankings/ppr-superflex.php,weekly-op,wsf,Willie Carter,12198,RB,CHI,433,0,433,433,NA,willie-carter.php,NA,NA,0,NA,NA,NA,NA,NA,10,Willie Carter,2026-10-02,CHI
/nfl/rankings/ppr-superflex.php,weekly-op,wsf,Demarcus Robinson,15665,WR,SF,435,0,435,435,NA,demarcus-robinson.php,NA,NA,1.3,NA,NA,NA,NA,NA,8,Demarcus Robinson,2026-10-02,SFO
/nfl/rankings/ppr-superflex.php,weekly-op,wsf,Dallen Bentley,28352,TE,DEN,437,0,437,437,NA,dallen-bentley.php,NA,NA,1.1,NA,NA,NA,NA,NA,10,Dallen Bentley,2026-10-02,DEN
/nfl/rankings/ppr-superflex.php,weekly-op,wsf,Ricky White III,27186,WR,SEA,438,0,438,438,NA,ricky-white-iii.php,NA,NA,1,NA,NA,NA,NA,NA,11,Ricky White,2026-10-02,SEA
/nfl/rankings/ppr-superflex.php,weekly-op,wsf,Lucky Jackson,25952,WR,DET,439,0,439,439,NA,lucky-jackson.php,NA,NA,0,NA,NA,NA,NA,NA,6,Lucky Jackson,2026-10-02,DET
/nfl/rankings/ppr-superflex.php,weekly-op,wsf,Camden Brown,26025,WR,DAL,444,0,444,444,NA,camden-brown.php,NA,NA,0.6,NA,NA,NA,NA,NA,14,Camden Brown,2026-10-02,DAL
/nfl/rankings/ppr-superflex.php,weekly-op,wsf,CJ Williams,24366,WR,JAC,446,0,446,446,NA,cj-williams.php,NA,NA,0,NA,NA,NA,NA,NA,7,CJ Williams,2026-10-02,JAC
/nfl/rankings/ppr-superflex.php,weekly-op,wsf,Dillon Bell,28140,WR,MIN,448,0,448,448,NA,dillon-bell.php,NA,NA,0,NA,NA,NA,NA,NA,6,Dillon Bell,2026-10-02,MIN
/nfl/rankings/ppr-superflex.php,weekly-op,wsf,Kaden Davis,24815,WR,CHI,455,0,455,455,NA,kaden-davis.php,NA,NA,1,NA,NA,NA,NA,NA,10,Kaden Davis,2026-10-02,CHI
/nfl/rankings/ppr-superflex.php,weekly-op,wsf,Jake Tonges,24778,TE,SF,457,0,457,457,NA,jake-tonges.php,NA,NA,1.4,NA,NA,NA,NA,NA,8,Jake Tonges,2026-10-02,SFO
/nfl/rankings/ppr-superflex.php,weekly-op,wsf,Brevin Jordan,20162,TE,HOU,458,0,458,458,NA,brevin-jordan.php,NA,NA,1,NA,NA,NA,NA,NA,8,Brevin Jordan,2026-10-02,HOU
/nfl/rankings/ppr-superflex.php,weekly-op,wsf,Jack Endries,27501,TE,CIN,461,0,461,461,NA,jack-endries.php,NA,NA,2.4,NA,NA,NA,NA,NA,6,Jack Endries,2026-10-02,CIN
/nfl/rankings/ppr-superflex.php,weekly-op,wsf,Thomas Fidone II,23039,TE,NYG,466,0,466,466,NA,thomas-fidone.php,NA,NA,1,NA,NA,NA,NA,NA,8,Thomas Fidone,2026-10-02,NYG
/nfl/rankings/qb.php,weekly-qb,wp,Josh Allen,17298,QB,BUF,1,0,1,1,NA,josh-allen-qb.php,NA,NA,99.8,NA,NA,NA,NA,NA,7,Josh Allen,2026-10-02,BUF
/nfl/rankings/qb.php,weekly-qb,wp,Lamar Jackson,17233,QB,BAL,2.34,0.82,2,6,NA,lamar-jackson.php,NA,NA,99.8,NA,NA,NA,NA,NA,13,Lamar Jackson,2026-10-02,BAL
/nfl/rankings/qb.php,weekly-qb,wp,Trevor Lawrence,19780,QB,JAC,3.68,1.33,2,8,NA,trevor-lawrence.php,NA,NA,91.4,NA,NA,NA,NA,1,7,Trevor Lawrence,2026-10-02,JAC
/nfl/rankings/qb.php,weekly-qb,wp,Joe Burrow,19196,QB,CIN,4.57,1.51,2,10,NA,joe-burrow.php,NA,NA,98.3,NA,NA,NA,NA,3,6,Joe Burrow,2026-10-02,CIN
/nfl/rankings/qb.php,weekly-qb,wp,Patrick Mahomes II,16413,QB,KC,5.18,1.63,3,11,NA,patrick-mahomes.php,NA,NA,93.7,NA,NA,NA,NA,-2,5,Patrick Mahomes,2026-10-02,KCC
/nfl/rankings/qb.php,weekly-qb,wp,Tyler Shough,23096,QB,NO,6.09,1.43,3,9,NA,tyler-shough.php,NA,NA,87.3,NA,NA,NA,NA,3,8,Tyler Shough,2026-10-02,NOS
/nfl/rankings/qb.php,weekly-qb,wp,Brock Purdy,19797,QB,SF,6.57,1.27,3,9,NA,brock-purdy.php,NA,NA,92.3,NA,NA,NA,NA,NA,8,Brock Purdy,2026-10-02,SFO
/nfl/rankings/qb.php,weekly-qb,wp,Jared Goff,15501,QB,DET,7.7,1.53,4,12,NA,jared-goff.php,NA,NA,83.1,NA,NA,NA,NA,-2,6,Jared Goff,2026-10-02,DET
/nfl/rankings/qb.php,weekly-qb,wp,Dak Prescott,15600,QB,DAL,9.05,1.15,5,12,NA,dak-prescott.php,NA,NA,95.6,NA,NA,NA,NA,NA,14,Dak Prescott,2026-10-02,DAL
/nfl/rankings/qb.php,weekly-qb,wp,Bryce Young,22900,QB,CAR,10.34,1.54,6,14,NA,bryce-young.php,NA,NA,59,NA,NA,NA,NA,NA,5,Bryce Young,2026-10-02,CAR
/nfl/rankings/qb.php,weekly-qb,wp,Jalen Hurts,19275,QB,PHI,10.93,2.59,6,17,NA,jalen-hurts.php,NA,NA,98.5,NA,NA,NA,NA,-5,10,Jalen Hurts,2026-10-02,PHI
/nfl/rankings/qb.php,weekly-qb,wp,Kyler Murray,18600,QB,MIN,13,2.38,9,20,NA,kyler-murray.php,NA,NA,63.9,NA,NA,NA,NA,NA,6,Kyler Murray,2026-10-02,MIN
/nfl/rankings/qb.php,weekly-qb,wp,Jordan Love,19246,QB,GB,13.93,1.78,11,19,NA,jordan-love.php,NA,NA,62.7,NA,NA,NA,NA,NA,11,Jordan Love,2026-10-02,GBP
/nfl/rankings/qb.php,weekly-qb,wp,Drake Maye,23046,QB,NE,14.45,2.19,12,21,NA,drake-maye.php,NA,NA,88.5,NA,NA,NA,NA,NA,11,Drake Maye,2026-10-02,NEP
/nfl/rankings/qb.php,weekly-qb,wp,C.J. Stroud,23071,QB,HOU,14.82,2.17,11,22,NA,cj-stroud.php,NA,NA,41.7,NA,NA,NA,NA,2,8,CJ Stroud,2026-10-02,HOU
/nfl/rankings/qb.php,weekly-qb,wp,Matthew Stafford,9451,QB,LAR,15.43,1.95,11,20,NA,matthew-stafford.php,NA,NA,89.9,NA,NA,NA,NA,NA,11,Matthew Stafford,2026-10-02,LAR
/nfl/rankings/qb.php,weekly-qb,wp,Bo Nix,22910,QB,DEN,16.3,2.3,11,23,NA,bo-nix.php,NA,NA,78.2,NA,NA,NA,NA,NA,10,Bo Nix,2026-10-02,DEN
/nfl/rankings/qb.php,weekly-qb,wp,Marcus Mariota,13890,QB,WAS,17.89,1.43,14,21,NA,marcus-mariota.php,NA,NA,11.5,NA,NA,NA,NA,NA,7,Marcus Mariota,2026-10-02,WAS
/nfl/rankings/qb.php,weekly-qb,wp,Jacoby Brissett,15642,QB,ARI,19.55,1.66,15,22,NA,jacoby-brissett.php,NA,NA,12.6,NA,NA,NA,NA,2,14,Jacoby Brissett,2026-10-02,ARI
/nfl/rankings/qb.php,weekly-qb,wp,Daniel Jones,18232,QB,IND,19.89,1.97,16,25,NA,daniel-jones.php,NA,NA,24.5,NA,NA,NA,NA,NA,13,Daniel Jones,2026-10-02,IND
/nfl/rankings/qb.php,weekly-qb,wp,Sam Darnold,17236,QB,SEA,20.09,2.18,13,22,NA,sam-darnold.php,NA,NA,49,NA,NA,NA,NA,NA,11,Sam Darnold,2026-10-02,SEA
/nfl/rankings/qb.php,weekly-qb,wp,Geno Smith,11687,QB,NYJ,21.16,1.83,16,24,NA,geno-smith.php,NA,NA,11.8,NA,NA,NA,NA,-4,13,Geno Smith,2026-10-02,NYJ
/nfl/rankings/qb.php,weekly-qb,wp,Justin Herbert,18635,QB,LAC,24.18,1.86,21,29,NA,justin-herbert.php,NA,NA,84.7,NA,NA,NA,NA,NA,7,Justin Herbert,2026-10-02,LAC
/nfl/rankings/qb.php,weekly-qb,wp,Kirk Cousins,11177,QB,LV,24.93,1.64,21,29,NA,kirk-cousins.php,NA,NA,24.2,NA,NA,NA,NA,NA,13,Kirk Cousins,2026-10-02,LVR
/nfl/rankings/qb.php,weekly-qb,wp,Michael Penix Jr.,22973,QB,ATL,25.45,1.54,23,29,NA,michael-penix-jr.php,NA,NA,8,NA,NA,NA,NA,NA,11,Michael Penix,2026-10-02,ATL
/nfl/rankings/qb.php,weekly-qb,wp,Deshaun Watson,16398,QB,CLE,26.27,1.59,23,29,NA,deshaun-watson.php,NA,NA,8.7,NA,NA,NA,NA,NA,11,Deshaun Watson,2026-10-02,CLE
/nfl/rankings/qb.php,weekly-qb,wp,Jameis Winston,13891,QB,NYG,27.57,1.99,23,32,NA,jameis-winston.php,NA,NA,4.6,NA,NA,NA,NA,NA,8,Jameis Winston,2026-10-02,NYG
/nfl/rankings/qb.php,weekly-qb,wp,Aaron Rodgers,9001,QB,PIT,28.3,1.85,23,31,NA,aaron-rodgers.php,NA,NA,9.9,NA,NA,NA,NA,NA,9,Aaron Rodgers,2026-10-02,PIT
/nfl/rankings/qb.php,weekly-qb,wp,Jalon Daniels,26060,QB,TB,29.39,1.8,26,32,NA,jalon-daniels.php,NA,NA,1.6,NA,NA,NA,NA,NA,10,Jalon Daniels,2026-10-02,TBB
/nfl/rankings/qb.php,weekly-qb,wp,Malik Willis,23499,QB,MIA,30.14,1.59,26,33,NA,malik-willis.php,NA,NA,25.4,NA,NA,NA,NA,-3,6,Malik Willis,2026-10-02,MIA
/nfl/rankings/qb.php,weekly-qb,wp,Cam Ward,24755,QB,TEN,31.7,0.88,29,33,NA,cam-ward.php,NA,NA,10.4,NA,NA,NA,NA,NA,9,Cam Ward,2026-10-02,TEN
/nfl/rankings/qb.php,weekly-qb,wp,Case Keenum,11425,QB,CHI,28.27,4.35,19,34,NA,case-keenum.php,NA,NA,3.9,NA,NA,NA,NA,NA,10,Case Keenum,2026-10-02,CHI
/nfl/rankings/qb.php,weekly-qb,wp,Tyson Bagent,25321,QB,CHI,30.03,3.83,22,37,NA,tyson-bagent.php,NA,NA,1.1,NA,NA,NA,NA,NA,10,Tyson Bagent,2026-10-02,CHI
/nfl/rankings/qb.php,weekly-qb,wp,Shedeur Sanders,25968,QB,CLE,34.5,1.05,34,38,NA,shedeur-sanders.php,NA,NA,2.6,NA,NA,NA,NA,NA,11,Shedeur Sanders,2026-10-02,CLE
/nfl/rankings/qb.php,weekly-qb,wp,Drew Lock,18225,QB,SEA,35.93,3.59,34,48,NA,drew-lock.php,NA,NA,2.1,NA,NA,NA,NA,NA,11,Drew Lock,2026-10-02,SEA
/nfl/rankings/qb.php,weekly-qb,wp,Caleb Williams,23084,QB,CHI,36,14.38,15,60,NA,caleb-williams.php,NA,NA,92.3,NA,NA,NA,NA,NA,10,Caleb Williams,2026-10-02,CHI
/nfl/rankings/qb.php,weekly-qb,wp,Carson Wentz,15520,QB,MIN,36,0.89,35,37,NA,carson-wentz.php,NA,NA,1.4,NA,NA,NA,NA,NA,6,Carson Wentz,2026-10-02,MIN
/nfl/rankings/qb.php,weekly-qb,wp,Fernando Mendoza,28013,QB,LV,37.6,1.36,36,40,NA,fernando-mendoza.php,NA,NA,15,NA,NA,NA,NA,NA,13,Fernando Mendoza,2026-10-02,LVR
/nfl/rankings/qb.php,weekly-qb,wp,Mac Jones,20156,QB,SF,42.75,5.12,38,51,NA,mac-jones.php,NA,NA,0.9,NA,NA,NA,NA,NA,8,Mac Jones,2026-10-02,SFO
/nfl/rankings/qb.php,weekly-qb,wp,J.J. McCarthy,23018,QB,NYG,45.25,10.54,33,61,NA,jj-mccarthy.php,NA,NA,2.6,NA,NA,NA,NA,-13,8,JJ McCarthy,2026-10-02,NYG
/nfl/rankings/qb.php,weekly-qb,wp,Carson Beck,22953,QB,ARI,45.75,6.42,39,54,NA,carson-beck.php,NA,NA,2.5,NA,NA,NA,NA,NA,14,Carson Beck,2026-10-02,ARI
/nfl/rankings/qb.php,weekly-qb,wp,Trey Lance,20082,QB,LAC,45.75,2.86,42,50,NA,trey-lance.php,NA,NA,0.6,NA,NA,NA,NA,6,7,Trey Lance,2026-10-02,LAC
/nfl/rankings/qb.php,weekly-qb,wp,Jarrett Stidham,18604,QB,DEN,46.5,4.27,41,52,NA,jarrett-stidham.php,NA,NA,0.6,NA,NA,NA,NA,NA,10,Jarrett Stidham,2026-10-02,DEN
/nfl/rankings/qb.php,weekly-qb,wp,Mason Rudolph,17234,QB,PIT,47.25,6.76,36,53,NA,mason-rudolph.php,NA,NA,0.7,NA,NA,NA,NA,NA,9,Mason Rudolph,2026-10-02,PIT
/nfl/rankings/qb.php,weekly-qb,wp,Jayden Daniels,22902,QB,WAS,47.75,16.75,33,75,NA,jayden-daniels.php,NA,NA,80.9,NA,NA,NA,NA,NA,7,Jayden Daniels,2026-10-02,WAS
/nfl/rankings/qb.php,weekly-qb,wp,Anthony Richardson Sr.,24347,QB,IND,48.25,10.4,40,66,NA,anthony-richardson.php,NA,NA,1.6,NA,NA,NA,NA,-7,13,Anthony Richardson,2026-10-02,IND
/nfl/rankings/qb.php,weekly-qb,wp,Cade Klubnik,24361,QB,NYJ,49.5,7.3,41,59,NA,cade-klubnik.php,NA,NA,1.2,NA,NA,NA,NA,NA,13,Cade Klubnik,2026-10-02,NYJ
/nfl/rankings/qb.php,weekly-qb,wp,Spencer Rattler,23081,QB,NO,41.67,4.19,36,46,NA,spencer-rattler.php,NA,NA,0.6,NA,NA,NA,NA,NA,8,Spencer Rattler,2026-10-02,NOS
/nfl/rankings/qb.php,weekly-qb,wp,Cooper Rush,16477,QB,ATL,51.25,6.65,40,57,NA,cooper-rush.php,NA,NA,0.7,NA,NA,NA,NA,NA,11,Cooper Rush,2026-10-02,ATL
/nfl/rankings/qb.php,weekly-qb,wp,Justin Fields,19781,QB,KC,44.33,7.72,37,55,NA,justin-fields.php,NA,NA,0.9,NA,NA,NA,NA,-11,5,Justin Fields,2026-10-02,KCC
/nfl/rankings/qb.php,weekly-qb,wp,Ty Simpson,25368,QB,LAR,45,1.63,43,47,NA,ty-simpson.php,NA,NA,3.6,NA,NA,NA,NA,NA,11,Ty Simpson,2026-10-02,LAR
/nfl/rankings/qb.php,weekly-qb,wp,Riley Leonard,25373,QB,IND,46.67,6.55,39,55,NA,riley-leonard.php,NA,NA,1,NA,NA,NA,NA,NA,13,Riley Leonard,2026-10-02,IND
/nfl/rankings/qb.php,weekly-qb,wp,Tua Tagovailoa,19198,QB,ATL,54.25,13.48,35,73,NA,tua-tagovailoa.php,NA,NA,4.9,NA,NA,NA,NA,NA,11,Tua Tagovailoa,2026-10-02,ATL
/nfl/rankings/qb.php,weekly-qb,wp,Tyrod Taylor,10007,QB,GB,55.5,9.31,42,68,NA,tyrod-taylor.php,NA,NA,0.6,NA,NA,NA,NA,-7,11,Tyrod Taylor,2026-10-02,GBP
/nfl/rankings/qb.php,weekly-qb,wp,Joe Flacco,9300,QB,CIN,49,7.79,43,60,NA,joe-flacco.php,NA,NA,0.8,NA,NA,NA,NA,-13,6,Joe Flacco,2026-10-02,CIN
/nfl/rankings/qb.php,weekly-qb,wp,Mitchell Trubisky,16381,QB,TEN,49.33,8.99,38,60,NA,mitch-trubisky.php,NA,NA,1,NA,NA,NA,NA,NA,9,Mitchell Trubisky,2026-10-02,TEN
/nfl/rankings/qb.php,weekly-qb,wp,Andy Dalton,9907,QB,PHI,50,7.79,40,59,NA,andy-dalton.php,NA,NA,1,NA,NA,NA,NA,NA,10,Andy Dalton,2026-10-02,PHI
/nfl/rankings/qb.php,weekly-qb,wp,Kyle McCord,23066,QB,MIA,50,1.41,49,52,NA,kyle-mccord.php,NA,NA,1,NA,NA,NA,NA,NA,6,Kyle McCord,2026-10-02,MIA
/nfl/rankings/qb.php,weekly-qb,wp,Gardner Minshew II,18562,QB,ARI,59.5,6.69,49,67,NA,gardner-minshew.php,NA,NA,0.6,NA,NA,NA,NA,-9,14,Gardner Minshew,2026-10-02,ARI
/nfl/rankings/qb.php,weekly-qb,wp,Sam Howell,23045,QB,DAL,55,6.16,47,62,NA,sam-howell.php,NA,NA,0.6,NA,NA,NA,NA,NA,14,Sam Howell,2026-10-02,DAL
/nfl/rankings/qb.php,weekly-qb,wp,Nick Mullens,16726,QB,JAC,49.5,8.5,41,58,NA,nick-mullens.php,NA,NA,1,NA,NA,NA,NA,NA,7,Nick Mullens,2026-10-02,JAC
/nfl/rankings/qb.php,weekly-qb,wp,Davis Mills,22799,QB,HOU,64.5,12.74,47,83,NA,davis-mills.php,NA,NA,1.1,NA,NA,NA,NA,-14,8,Davis Mills,2026-10-02,HOU
/nfl/rankings/qb.php,weekly-qb,wp,Kenny Pickett,22722,QB,CAR,50.5,12.5,38,63,NA,kenny-pickett.php,NA,NA,1,NA,NA,NA,NA,NA,5,Kenny Pickett,2026-10-02,CAR
/nfl/rankings/qb.php,weekly-qb,wp,Tommy DeVito,25746,QB,NE,64.25,13.77,42,79,NA,tommy-devito.php,NA,NA,0.9,NA,NA,NA,NA,NA,11,Tommy DeVito,2026-10-02,NEP
/nfl/rankings/qb.php,weekly-qb,wp,Tyler Huntley,19297,QB,BAL,59.67,10.4,45,68,NA,tyler-huntley.php,NA,NA,1.2,NA,NA,NA,NA,-17,13,Tyler Huntley,2026-10-02,BAL
/nfl/rankings/qb.php,weekly-qb,wp,Joshua Dobbs,16417,QB,DET,59.67,6.34,51,66,NA,joshua-dobbs.php,NA,NA,0.6,NA,NA,NA,NA,NA,6,Joshua Dobbs,2026-10-02,DET
/nfl/rankings/qb.php,weekly-qb,wp,Hendon Hooker,24332,QB,TEN,54.5,8.5,46,63,NA,hendon-hooker.php,NA,NA,1.2,NA,NA,NA,NA,NA,9,Hendon Hooker,2026-10-02,TEN
/nfl/rankings/qb.php,weekly-qb,wp,Jalen Milroe,22884,QB,SEA,64,5.35,57,70,NA,jalen-milroe.php,NA,NA,0.6,NA,NA,NA,NA,NA,11,Jalen Milroe,2026-10-02,SEA
/nfl/rankings/qb.php,weekly-qb,wp,Jimmy Garoppolo,12208,QB,LAR,67.33,14.29,50,85,NA,jimmy-garoppolo.php,NA,NA,1.4,NA,NA,NA,NA,NA,11,Jimmy Garoppolo,2026-10-02,LAR
/nfl/rankings/qb.php,weekly-qb,wp,Zach Wilson,22679,QB,NO,68.33,1.25,67,70,NA,zach-wilson.php,NA,NA,1,NA,NA,NA,NA,NA,8,Zach Wilson,2026-10-02,NOS
/nfl/rankings/qb.php,weekly-qb,wp,Brady Cook,27161,QB,MIA,67,2,65,69,NA,brady-cook.php,NA,NA,1,NA,NA,NA,NA,NA,6,Brady Cook,2026-10-02,MIA
/nfl/rankings/qb.php,weekly-qb,wp,Max Brosmer,27580,QB,MIN,69.5,0.5,69,70,NA,max-brosmer.php,NA,NA,1,NA,NA,NA,NA,NA,6,Max Brosmer,2026-10-02,MIN
/nfl/rankings/qb.php,weekly-qb,wp,Tanner McKee,24740,QB,PHI,73.33,3.68,69,78,NA,tanner-mckee.php,NA,NA,1.3,NA,NA,NA,NA,NA,10,Tanner McKee,2026-10-02,PHI
/nfl/rankings/qb.php,weekly-qb,wp,Joe Milton III,25967,QB,DAL,72,0,72,72,NA,joe-milton.php,NA,NA,0.6,NA,NA,NA,NA,NA,14,Joe Milton,2026-10-02,DAL
/nfl/rankings/qb.php,weekly-qb,wp,Garrett Nussmeier,22998,QB,KC,78.67,8.18,71,90,NA,garrett-nussmeier.php,NA,NA,1.4,NA,NA,NA,NA,NA,5,Garrett Nussmeier,2026-10-02,KCC
/nfl/rankings/qb.php,weekly-qb,wp,Kurtis Rourke,27129,QB,SF,75.5,1.5,74,77,NA,kurtis-rourke.php,NA,NA,1,NA,NA,NA,NA,NA,8,Kurtis Rourke,2026-10-02,SFO
/nfl/rankings/ppr-rb.php,weekly-rb,wp,Jahmyr Gibbs,22968,RB,DET,1.05,0.22,1,2,NA,jahmyr-gibbs.php,NA,NA,99.8,NA,NA,NA,NA,NA,6,Jahmyr Gibbs,2026-10-02,DET
/nfl/rankings/ppr-rb.php,weekly-rb,wp,Bijan Robinson,23133,RB,ATL,1.98,0.27,1,3,NA,bijan-robinson.php,NA,NA,99.8,NA,NA,NA,NA,NA,11,Bijan Robinson,2026-10-02,ATL
/nfl/rankings/ppr-rb.php,weekly-rb,wp,Kenneth Walker III,23021,RB,KC,3.65,1.01,3,6,NA,kenneth-walker-rb.php,NA,NA,99.6,NA,NA,NA,NA,NA,5,Kenneth Walker,2026-10-02,KCC
/nfl/rankings/ppr-rb.php,weekly-rb,wp,Christian McCaffrey,16393,RB,SF,4.03,0.76,2,5,NA,christian-mccaffrey.php,NA,NA,99.8,NA,NA,NA,NA,1,8,Christian McCaffrey,2026-10-02,SFO
/nfl/rankings/ppr-rb.php,weekly-rb,wp,Jonathan Taylor,19217,RB,IND,5.6,1.55,3,9,NA,jonathan-taylor.php,NA,NA,99.8,NA,NA,NA,NA,NA,13,Jonathan Taylor,2026-10-02,IND
/nfl/rankings/ppr-rb.php,weekly-rb,wp,Derrick Henry,15514,RB,BAL,6.03,1.72,4,9,NA,derrick-henry.php,NA,NA,99.7,NA,NA,NA,NA,-1,13,Derrick Henry,2026-10-02,BAL
/nfl/rankings/ppr-rb.php,weekly-rb,wp,Jaylen Warren,24209,RB,PIT,8.08,1.98,6,12,NA,jaylen-warren.php,NA,NA,93.1,NA,NA,NA,NA,3,9,Jaylen Warren,2026-10-02,PIT
/nfl/rankings/ppr-rb.php,weekly-rb,wp,Ashton Jeanty,25989,RB,LV,8.4,1.46,7,12,NA,ashton-jeanty.php,NA,NA,99.7,NA,NA,NA,NA,NA,13,Ashton Jeanty,2026-10-02,LVR
/nfl/rankings/ppr-rb.php,weekly-rb,wp,James Cook III,22958,RB,BUF,8.95,1.05,6,13,NA,james-cook.php,NA,NA,99.8,NA,NA,NA,NA,NA,7,James Cook,2026-10-02,BUF
/nfl/rankings/ppr-rb.php,weekly-rb,wp,Jeremiyah Love,25403,RB,ARI,10.1,2.55,6,16,NA,jeremiyah-love.php,NA,NA,99.2,NA,NA,NA,NA,NA,14,Jeremiyah Love,2026-10-02,ARI
/nfl/rankings/ppr-rb.php,weekly-rb,wp,Chase Brown,25324,RB,CIN,10.7,2.05,6,14,NA,chase-brown.php,NA,NA,99.5,NA,NA,NA,NA,NA,6,Chase Brown,2026-10-02,CIN
/nfl/rankings/ppr-rb.php,weekly-rb,wp,Chuba Hubbard,19792,RB,CAR,11.7,2.23,7,15,NA,chuba-hubbard.php,NA,NA,94.7,NA,NA,NA,NA,NA,5,Chuba Hubbard,2026-10-02,CAR
/nfl/rankings/ppr-rb.php,weekly-rb,wp,Aaron Jones Sr.,16673,RB,MIN,13.3,1.79,10,20,NA,aaron-jones.php,NA,NA,85.3,NA,NA,NA,NA,NA,6,Aaron Jones,2026-10-02,MIN
/nfl/rankings/ppr-rb.php,weekly-rb,wp,Kyren Williams,23059,RB,LAR,13.93,1.79,10,18,NA,kyren-williams.php,NA,NA,99,NA,NA,NA,NA,NA,11,Kyren Williams,2026-10-02,LAR
/nfl/rankings/ppr-rb.php,weekly-rb,wp,D'Andre Swift,19210,RB,CHI,15,1.7,8,17,NA,dandre-swift.php,NA,NA,96.7,NA,NA,NA,NA,NA,10,DAndre Swift,2026-10-02,CHI
/nfl/rankings/ppr-rb.php,weekly-rb,wp,Saquon Barkley,17240,RB,PHI,15.63,1.74,12,20,NA,saquon-barkley.php,NA,NA,99.7,NA,NA,NA,NA,-5,10,Saquon Barkley,2026-10-02,PHI
/nfl/rankings/ppr-rb.php,weekly-rb,wp,Cam Skattebo,27166,RB,NYG,16.33,2.04,12,21,NA,cam-skattebo.php,NA,NA,98.1,NA,NA,NA,NA,NA,8,Cam Skattebo,2026-10-02,NYG
/nfl/rankings/ppr-rb.php,weekly-rb,wp,Javonte Williams,22739,RB,DAL,17.78,0.72,16,19,NA,javonte-williams.php,NA,NA,99.2,NA,NA,NA,NA,NA,14,Javonte Williams,2026-10-02,DAL
/nfl/rankings/ppr-rb.php,weekly-rb,wp,Bucky Irving,25981,RB,TB,19.55,1.36,16,24,NA,bucky-irving.php,NA,NA,97,NA,NA,NA,NA,NA,10,Bucky Irving,2026-10-02,TBB
/nfl/rankings/ppr-rb.php,weekly-rb,wp,Bhayshul Tuten,27297,RB,JAC,20.18,1.86,16,27,NA,bhayshul-tuten.php,NA,NA,94.1,NA,NA,NA,NA,NA,7,Bhayshul Tuten,2026-10-02,JAC
/nfl/rankings/ppr-rb.php,weekly-rb,wp,Braelon Allen,24346,RB,NYJ,21.3,1.58,19,28,NA,braelon-allen.php,NA,NA,71.3,NA,NA,NA,NA,NA,13,Braelon Allen,2026-10-02,NYJ
/nfl/rankings/ppr-rb.php,weekly-rb,wp,David Montgomery,18239,RB,HOU,21.68,1.4,18,24,NA,david-montgomery.php,NA,NA,96.4,NA,NA,NA,NA,NA,8,David Montgomery,2026-10-02,HOU
/nfl/rankings/ppr-rb.php,weekly-rb,wp,Quinshon Judkins,25391,RB,CLE,23.93,1.4,22,28,NA,quinshon-judkins.php,NA,NA,94.7,NA,NA,NA,NA,NA,11,Quinshon Judkins,2026-10-02,CLE
/nfl/rankings/ppr-rb.php,weekly-rb,wp,Omarion Hampton,25395,RB,LAC,24.63,2.05,21,30,NA,omarion-hampton.php,NA,NA,99.1,NA,NA,NA,NA,-3,7,Omarion Hampton,2026-10-02,LAC
/nfl/rankings/ppr-rb.php,weekly-rb,wp,Rhamondre Stevenson,22726,RB,NE,26.08,1.99,21,33,NA,rhamondre-stevenson.php,NA,NA,90.6,NA,NA,NA,NA,NA,11,Rhamondre Stevenson,2026-10-02,NEP
/nfl/rankings/ppr-rb.php,weekly-rb,wp,Jacory Croskey-Merritt,27316,RB,WAS,26.33,2.87,22,37,NA,jacory-croskeymerritt.php,NA,NA,78.7,NA,NA,NA,NA,NA,7,Jacory Croskey-Merritt,2026-10-02,WAS
/nfl/rankings/ppr-rb.php,weekly-rb,wp,Alvin Kamara,16421,RB,NO,27.08,3.99,20,34,NA,alvin-kamara.php,NA,NA,54.9,NA,NA,NA,NA,7,8,Alvin Kamara,2026-10-02,NOS
/nfl/rankings/ppr-rb.php,weekly-rb,wp,TreVeyon Henderson,23065,RB,NE,28.18,2.96,17,35,NA,treveyon-henderson.php,NA,NA,92.2,NA,NA,NA,NA,-3,11,TreVeyon Henderson,2026-10-02,NEP
/nfl/rankings/ppr-rb.php,weekly-rb,wp,Tony Pollard,18705,RB,TEN,28.85,1.85,24,34,NA,tony-pollard.php,NA,NA,87.9,NA,NA,NA,NA,NA,9,Tony Pollard,2026-10-02,TEN
/nfl/rankings/ppr-rb.php,weekly-rb,wp,RJ Harvey,27142,RB,DEN,29.38,2.23,25,33,NA,rj-harvey.php,NA,NA,77.7,NA,NA,NA,NA,NA,10,RJ Harvey,2026-10-02,DEN
/nfl/rankings/ppr-rb.php,weekly-rb,wp,J.K. Dobbins,19245,RB,DEN,30.75,2.37,25,39,NA,jk-dobbins.php,NA,NA,82.4,NA,NA,NA,NA,NA,10,JK Dobbins,2026-10-02,DEN
/nfl/rankings/ppr-rb.php,weekly-rb,wp,Jadarian Price,27329,RB,SEA,30.93,2.43,24,39,NA,jadarian-price.php,NA,NA,91.9,NA,NA,NA,NA,NA,11,Jadarian Price,2026-10-02,SEA
/nfl/rankings/ppr-rb.php,weekly-rb,wp,Woody Marks,27520,RB,HOU,33.45,1.86,28,37,NA,woody-marks.php,NA,NA,52.9,NA,NA,NA,NA,NA,8,Woody Marks,2026-10-02,HOU
/nfl/rankings/ppr-rb.php,weekly-rb,wp,Kyle Monangai,27131,RB,CHI,33.68,2.35,29,36,NA,kyle-monangai.php,NA,NA,79.5,NA,NA,NA,NA,NA,10,Kyle Monangai,2026-10-02,CHI
/nfl/rankings/ppr-rb.php,weekly-rb,wp,Rachaad White,23891,RB,WAS,34.75,2.43,27,44,NA,rachaad-white.php,NA,NA,65.3,NA,NA,NA,NA,NA,7,Rachaad White,2026-10-02,WAS
/nfl/rankings/ppr-rb.php,weekly-rb,wp,Ollie Gordon II,25984,RB,MIA,34.93,1.37,33,39,NA,ollie-gordon.php,NA,NA,65.2,NA,NA,NA,NA,NA,6,Ollie Gordon,2026-10-02,MIA
/nfl/rankings/ppr-rb.php,weekly-rb,wp,Tyler Allgeier,24172,RB,ARI,38.48,2.95,34,48,NA,tyler-allgeier.php,NA,NA,42.6,NA,NA,NA,NA,NA,14,Tyler Allgeier,2026-10-02,ARI
/nfl/rankings/ppr-rb.php,weekly-rb,wp,Blake Corum,23013,RB,LAR,39.25,1.3,36,41,NA,blake-corum.php,NA,NA,78.9,NA,NA,NA,NA,NA,11,Blake Corum,2026-10-02,LAR
/nfl/rankings/ppr-rb.php,weekly-rb,wp,Kendre Miller,24360,RB,NO,40.65,4.83,36,53,NA,kendre-miller.php,NA,NA,6.7,NA,NA,NA,NA,12,8,Kendre Miller,2026-10-02,NOS
/nfl/rankings/ppr-rb.php,weekly-rb,wp,Kaleb Johnson,27165,RB,GB,42.03,2.95,39,51,NA,kaleb-johnson-rb.php,NA,NA,7.5,NA,NA,NA,NA,NA,11,Kaleb Johnson,2026-10-02,GBP
/nfl/rankings/ppr-rb.php,weekly-rb,wp,Keaton Mitchell,25360,RB,LAC,42.58,3.79,37,54,NA,keaton-mitchell.php,NA,NA,31.1,NA,NA,NA,NA,NA,7,Keaton Mitchell,2026-10-02,LAC
/nfl/rankings/ppr-rb.php,weekly-rb,wp,Emanuel Wilson,25885,RB,SEA,43.43,4.33,35,52,NA,emanuel-wilson.php,NA,NA,25.6,NA,NA,NA,NA,NA,11,Emanuel Wilson,2026-10-02,SEA
/nfl/rankings/ppr-rb.php,weekly-rb,wp,Emmett Johnson,28107,RB,KC,44.23,3.79,38,54,NA,emmett-johnson.php,NA,NA,27.2,NA,NA,NA,NA,NA,5,Emmett Johnson,2026-10-02,KCC
/nfl/rankings/ppr-rb.php,weekly-rb,wp,Kenny Gainwell,23310,RB,TB,44.28,4.24,33,57,NA,kenneth-gainwell.php,NA,NA,61.9,NA,NA,NA,NA,NA,10,Kenny Gainwell,2026-10-02,TBB
/nfl/rankings/ppr-rb.php,weekly-rb,wp,Tyjae Spears,25323,RB,TEN,45.5,2.36,42,50,NA,tyjae-spears.php,NA,NA,39.4,NA,NA,NA,NA,NA,9,Tyjae Spears,2026-10-02,TEN
/nfl/rankings/ppr-rb.php,weekly-rb,wp,MarShawn Lloyd,23118,RB,GB,45.7,3.93,37,54,NA,marshawn-lloyd.php,NA,NA,57.4,NA,NA,NA,NA,NA,11,MarShawn Lloyd,2026-10-02,GBP
/nfl/rankings/ppr-rb.php,weekly-rb,wp,Chris Rodriguez Jr.,22986,RB,JAC,46.55,4.68,40,58,NA,chris-rodriguez-jr.php,NA,NA,31.6,NA,NA,NA,NA,-5,7,Chris Rodriguez,2026-10-02,JAC
/nfl/rankings/ppr-rb.php,weekly-rb,wp,Mike Washington Jr.,28108,RB,LV,47.38,5.42,37,60,NA,mike-washington-jr.php,NA,NA,39.6,NA,NA,NA,NA,NA,13,Mike Washington,2026-10-02,LVR
/nfl/rankings/ppr-rb.php,weekly-rb,wp,Brian Robinson Jr.,20094,RB,ATL,49.18,4.05,38,55,NA,brian-robinson-jr.php,NA,NA,34.4,NA,NA,NA,NA,NA,11,Brian Robinson,2026-10-02,ATL
/nfl/rankings/ppr-rb.php,weekly-rb,wp,Kaelon Black,28401,RB,SF,50.08,5.35,40,59,NA,kaelon-black.php,NA,NA,33.9,NA,NA,NA,NA,-9,8,Kaelon Black,2026-10-02,SFO
/nfl/rankings/ppr-rb.php,weekly-rb,wp,Justice Hill,18256,RB,BAL,50.3,2.52,46,58,NA,justice-hill.php,NA,NA,8.3,NA,NA,NA,NA,NA,13,Justice Hill,2026-10-02,BAL
/nfl/rankings/ppr-rb.php,weekly-rb,wp,Najee Harris,19302,RB,NYG,52.3,3.62,45,62,NA,najee-harris-rb.php,NA,NA,6.8,NA,NA,NA,NA,NA,8,Najee Harris,2026-10-02,NYG
/nfl/rankings/ppr-rb.php,weekly-rb,wp,Samaje Perine,16423,RB,CIN,54.54,2.75,48,60,NA,samaje-perine.php,NA,NA,5.9,NA,NA,NA,NA,NA,6,Samaje Perine,2026-10-02,CIN
/nfl/rankings/ppr-rb.php,weekly-rb,wp,George Holani,22915,RB,SEA,53.92,2.53,48,59,NA,george-holani.php,NA,NA,4.3,NA,NA,NA,NA,NA,11,George Holani,2026-10-02,SEA
/nfl/rankings/ppr-rb.php,weekly-rb,wp,Ty Johnson,18406,RB,BUF,54.71,3.12,49,61,NA,ty-johnson.php,NA,NA,1.6,NA,NA,NA,NA,NA,7,Ty Johnson,2026-10-02,BUF
/nfl/rankings/ppr-rb.php,weekly-rb,wp,Jaylen Wright,25987,RB,MIA,54.7,10.75,42,101,NA,jaylen-wright.php,NA,NA,23.1,NA,NA,NA,NA,11,6,Jaylen Wright,2026-10-02,MIA
/nfl/rankings/ppr-rb.php,weekly-rb,wp,Raheim Sanders,24351,RB,CLE,56,4.62,39,62,NA,raheim-sanders.php,NA,NA,3,NA,NA,NA,NA,NA,11,Raheim Sanders,2026-10-02,CLE
/nfl/rankings/ppr-rb.php,weekly-rb,wp,Isaiah Davis,25977,RB,NYJ,54.77,8.75,44,92,NA,isaiah-davis.php,NA,NA,3.7,NA,NA,NA,NA,NA,13,Isaiah Davis,2026-10-02,NYJ
/nfl/rankings/ppr-rb.php,weekly-rb,wp,Chris Brooks,25823,RB,GB,59,3.19,52,68,NA,christopher-brooks.php,NA,NA,7.2,NA,NA,NA,NA,NA,11,Chris Brooks,2026-10-02,GBP
/nfl/rankings/ppr-rb.php,weekly-rb,wp,Will Shipley,22930,RB,PHI,61,4.47,56,79,NA,will-shipley.php,NA,NA,0.9,NA,NA,NA,NA,NA,10,Will Shipley,2026-10-02,PHI
/nfl/rankings/ppr-rb.php,weekly-rb,wp,DeeJay Dallas,19521,RB,MIN,61.63,2.19,57,67,NA,deejay-dallas.php,NA,NA,0.7,NA,NA,NA,NA,NA,6,DeeJay Dallas,2026-10-02,MIN
/nfl/rankings/ppr-rb.php,weekly-rb,wp,Sione Vaki,26309,RB,DET,61.94,2.86,59,74,NA,sione-vaki.php,NA,NA,1.1,NA,NA,NA,NA,NA,6,Sione Vaki,2026-10-02,DET
/nfl/rankings/ppr-rb.php,weekly-rb,wp,Tank Bigsby,22908,RB,PHI,64.69,4.54,58,81,NA,tank-bigsby.php,NA,NA,27.6,NA,NA,NA,NA,NA,10,Tank Bigsby,2026-10-02,PHI
/nfl/rankings/ppr-rb.php,weekly-rb,wp,AJ Dillon,19358,RB,CAR,64.29,3.3,56,71,NA,aj-dillon.php,NA,NA,1,NA,NA,NA,NA,NA,5,AJ Dillon,2026-10-02,CAR
/nfl/rankings/ppr-rb.php,weekly-rb,wp,Kyle Juszczyk,11798,RB,SF,62.64,2.78,55,70,NA,kyle-juszczyk.php,NA,NA,0.9,NA,NA,NA,NA,NA,8,Kyle Juszczyk,2026-10-02,SFO
/nfl/rankings/ppr-rb.php,weekly-rb,wp,Demond Claiborne,28084,RB,MIN,67.65,3.13,60,75,NA,demond-claiborne.php,NA,NA,3.7,NA,NA,NA,NA,NA,6,Demond Claiborne,2026-10-02,MIN
/nfl/rankings/ppr-rb.php,weekly-rb,wp,Kimani Vidal,26355,RB,LAC,68.65,3.23,62,79,NA,kimani-vidal.php,NA,NA,2.2,NA,NA,NA,NA,NA,7,Kimani Vidal,2026-10-02,LAC
/nfl/rankings/ppr-rb.php,weekly-rb,wp,Ray Davis,26191,RB,BUF,69.12,5.06,63,81,NA,ray-davis.php,NA,NA,7.4,NA,NA,NA,NA,NA,7,Ray Davis,2026-10-02,BUF
/nfl/rankings/ppr-rb.php,weekly-rb,wp,LeQuint Allen Jr.,27285,RB,JAC,70.84,5.58,64,84,NA,lequint-allen-jr.php,NA,NA,0.7,NA,NA,NA,NA,NA,7,LeQuint Allen,2026-10-02,JAC
/nfl/rankings/ppr-rb.php,weekly-rb,wp,Seth McGowan,23079,RB,IND,73.88,3.5,69,82,NA,seth-mcgowan.php,NA,NA,1.8,NA,NA,NA,NA,NA,13,Seth McGowan,2026-10-02,IND
/nfl/rankings/ppr-rb.php,weekly-rb,wp,Kaytron Allen,24362,RB,WAS,73.09,3.24,69,80,NA,kaytron-allen.php,NA,NA,4.2,NA,NA,NA,NA,NA,7,Kaytron Allen,2026-10-02,WAS
/nfl/rankings/ppr-rb.php,weekly-rb,wp,Tyrone Tracy Jr.,22980,RB,NYG,73.55,4.7,68,83,NA,tyrone-tracy-jr.php,NA,NA,7.5,NA,NA,NA,NA,NA,8,Tyrone Tracy,2026-10-02,NYG
/nfl/rankings/ppr-rb.php,weekly-rb,wp,Ameer Abdullah,13924,RB,JAC,73.03,4.62,65,82,NA,ameer-abdullah.php,NA,NA,0.6,NA,NA,NA,NA,NA,7,Ameer Abdullah,2026-10-02,JAC
/nfl/rankings/ppr-rb.php,weekly-rb,wp,Tyler Badie,23812,RB,DEN,72.66,5.94,64,84,NA,tyler-badie.php,NA,NA,1,NA,NA,NA,NA,NA,10,Tyler Badie,2026-10-02,DEN
/nfl/rankings/ppr-rb.php,weekly-rb,wp,Sean Tucker,23679,RB,TB,77.03,6.1,63,99,NA,sean-tucker.php,NA,NA,3.4,NA,NA,NA,NA,NA,10,Sean Tucker,2026-10-02,TBB
/nfl/rankings/ppr-rb.php,weekly-rb,wp,Travis Homer,18616,RB,PIT,74.89,3.67,65,81,NA,travis-homer.php,NA,NA,0.6,NA,NA,NA,NA,NA,9,Travis Homer,2026-10-02,PIT
/nfl/rankings/ppr-rb.php,weekly-rb,wp,CJ Donaldson,25396,RB,NO,75.54,6.01,65,87,NA,cj-donaldson.php,NA,NA,2.3,NA,NA,NA,NA,NA,8,CJ Donaldson,2026-10-02,NOS
/nfl/rankings/ppr-rb.php,weekly-rb,wp,Nicholas Singleton,24343,RB,TEN,78.37,4.29,72,87,NA,nick-singleton.php,NA,NA,8.1,NA,NA,NA,NA,NA,9,Nicholas Singleton,2026-10-02,TEN
/nfl/rankings/ppr-rb.php,weekly-rb,wp,Emari Demercado,25654,RB,DAL,80,10.73,67,108,NA,emari-demercado.php,NA,NA,1.3,NA,NA,NA,NA,NA,14,Emari Demercado,2026-10-02,DAL
/nfl/rankings/ppr-rb.php,weekly-rb,wp,Tyler Goodson,22976,RB,DAL,75,7.19,64,92,NA,tyler-goodson.php,NA,NA,0.7,NA,NA,NA,NA,NA,14,Tyler Goodson,2026-10-02,DAL
/nfl/rankings/ppr-rb.php,weekly-rb,wp,Brashard Smith,27259,RB,KC,81.59,3.13,78,91,NA,brashard-smith.php,NA,NA,1.3,NA,NA,NA,NA,NA,5,Brashard Smith,2026-10-02,KCC
/nfl/rankings/ppr-rb.php,weekly-rb,wp,Jacob Saylors,25693,RB,DET,83.97,9,71,105,NA,jacob-saylors.php,NA,NA,1,NA,NA,NA,NA,NA,6,Jacob Saylors,2026-10-02,DET
/nfl/rankings/ppr-rb.php,weekly-rb,wp,Hunter Luepke,25941,RB,DAL,78.46,3.89,72,87,NA,hunter-luepke.php,NA,NA,0.6,NA,NA,NA,NA,NA,14,Hunter Luepke,2026-10-02,DAL
/nfl/rankings/ppr-rb.php,weekly-rb,wp,Corey Kiner,22997,RB,NE,84.88,7.08,71,96,NA,corey-kiner.php,NA,NA,0.6,NA,NA,NA,NA,NA,11,Corey Kiner,2026-10-02,NEP
/nfl/rankings/ppr-rb.php,weekly-rb,wp,Rasheen Ali,25983,RB,BAL,86.46,4.3,80,94,NA,rasheen-ali.php,NA,NA,0.6,NA,NA,NA,NA,NA,13,Rasheen Ali,2026-10-02,BAL
/nfl/rankings/ppr-rb.php,weekly-rb,wp,Breece Hall,22982,RB,NYJ,77.35,16.95,50,110,NA,breece-hall.php,NA,NA,98.3,NA,NA,NA,NA,-25,13,Breece Hall,2026-10-02,NYJ
/nfl/rankings/ppr-rb.php,weekly-rb,wp,Bam Knight,24901,RB,ARI,86.96,4.74,75,98,NA,zonovan-bam-knight.php,NA,NA,0.7,NA,NA,NA,NA,NA,14,Bam Knight,2026-10-02,ARI
/nfl/rankings/ppr-rb.php,weekly-rb,wp,Alec Ingold,18571,RB,LAC,81.53,5.16,73,89,NA,alec-ingold.php,NA,NA,1,NA,NA,NA,NA,NA,7,Alec Ingold,2026-10-02,LAC
/nfl/rankings/ppr-rb.php,weekly-rb,wp,Lew Nichols III,25443,RB,PIT,84.5,6.12,75,95,NA,lew-nichols.php,NA,NA,2,NA,NA,NA,NA,NA,9,Lew Nichols,2026-10-02,PIT
/nfl/rankings/ppr-rb.php,weekly-rb,wp,Jaleel McLaughlin,25876,RB,CLE,84.94,6.39,76,98,NA,jaleel-mclaughlin.php,NA,NA,0.6,NA,NA,NA,NA,-10,11,Jaleel McLaughlin,2026-10-02,CLE
/nfl/rankings/ppr-rb.php,weekly-rb,wp,Tahj Brooks,26212,RB,CIN,88.95,4.4,83,96,NA,tahj-brooks.php,NA,NA,0.7,NA,NA,NA,NA,NA,6,Tahj Brooks,2026-10-02,CIN
/nfl/rankings/ppr-rb.php,weekly-rb,wp,Patrick Ricard,17145,RB,NYG,87.44,2.19,83,91,NA,patrick-ricard.php,NA,NA,0.8,NA,NA,NA,NA,NA,8,Patrick Ricard,2026-10-02,NYG
/nfl/rankings/ppr-rb.php,weekly-rb,wp,Roschon Johnson,25322,RB,CHI,89.11,5.18,82,99,NA,roschon-johnson.php,NA,NA,1.3,NA,NA,NA,NA,NA,10,Roschon Johnson,2026-10-02,CHI
/nfl/rankings/ppr-rb.php,weekly-rb,wp,Jordan James,27310,RB,SF,93.65,6.56,82,105,NA,jordan-james.php,NA,NA,1.3,NA,NA,NA,NA,NA,8,Jordan James,2026-10-02,SFO
/nfl/rankings/ppr-rb.php,weekly-rb,wp,Dylan Laube,26194,RB,LV,92.16,3.47,86,98,NA,dylan-laube.php,NA,NA,0.8,NA,NA,NA,NA,NA,13,Dylan Laube,2026-10-02,LVR
/nfl/rankings/ppr-rb.php,weekly-rb,wp,Adam Prentice,23451,RB,DEN,89.54,2.5,84,92,NA,adam-prentice.php,NA,NA,1,NA,NA,NA,NA,NA,10,Adam Prentice,2026-10-02,DEN
/nfl/rankings/ppr-rb.php,weekly-rb,wp,Andrew Beck,18748,RB,NYJ,91.43,3.89,84,102,NA,andrew-beck.php,NA,NA,0,NA,NA,NA,NA,NA,13,Andrew Beck,2026-10-02,NYJ
/nfl/rankings/ppr-rb.php,weekly-rb,wp,Devin Singletary,18280,RB,NYG,92.43,6.26,75,98,NA,devin-singletary.php,NA,NA,7.5,NA,NA,NA,NA,NA,8,Devin Singletary,2026-10-02,NYG
/nfl/rankings/ppr-rb.php,weekly-rb,wp,Reggie Gilliam,19844,RB,NE,96.41,3.41,88,100,NA,reggie-gilliam.php,NA,NA,0.1,NA,NA,NA,NA,NA,11,Reggie Gilliam,2026-10-02,NEP
/nfl/rankings/ppr-rb.php,weekly-rb,wp,Jarquez Hunter,24335,RB,MIA,92.17,8.46,77,102,NA,jarquez-hunter.php,NA,NA,1,NA,NA,NA,NA,NA,6,Jarquez Hunter,2026-10-02,MIA
/nfl/rankings/ppr-rb.php,weekly-rb,wp,Max Bredeson,28434,RB,MIN,91,2.68,88,96,NA,max-bredeson.php,NA,NA,0,NA,NA,NA,NA,NA,6,Max Bredeson,2026-10-02,MIN
/nfl/rankings/ppr-rb.php,weekly-rb,wp,British Brooks,26748,RB,HOU,98.14,3.6,94,106,NA,british-brooks.php,NA,NA,0,NA,NA,NA,NA,NA,8,British Brooks,2026-10-02,HOU
/nfl/rankings/ppr-rb.php,weekly-rb,wp,Josh Williams,27444,RB,TB,94.8,10.81,77,111,NA,josh-williams-rb.php,NA,NA,0,NA,NA,NA,NA,NA,10,Josh Williams,2026-10-02,TBB
/nfl/rankings/ppr-rb.php,weekly-rb,wp,Austin Ekeler,16483,RB,WAS,82.67,6.18,74,88,NA,austin-ekeler.php,NA,NA,1.9,NA,NA,NA,NA,NA,7,Austin Ekeler,2026-10-02,WAS
/nfl/rankings/ppr-rb.php,weekly-rb,wp,Michael Burton,14191,RB,CLE,97.6,4.54,93,103,NA,michael-burton.php,NA,NA,1,NA,NA,NA,NA,NA,11,Michael Burton,2026-10-02,CLE
/nfl/rankings/ppr-rb.php,weekly-rb,wp,Kene Nwangwu,23249,RB,NYJ,99.2,2.93,95,104,NA,kene-nwangwu.php,NA,NA,0.1,NA,NA,NA,NA,NA,13,Kene Nwangwu,2026-10-02,NYJ
/nfl/rankings/ppr-rb.php,weekly-rb,wp,Julius Chestnut,24689,RB,TEN,101.67,4.96,95,107,NA,julius-chestnut.php,NA,NA,1.2,NA,NA,NA,NA,-11,9,Julius Chestnut,2026-10-02,TEN
/nfl/rankings/ppr-rb.php,weekly-rb,wp,Josh Jacobs,18269,RB,GB,99.4,8.71,86,112,NA,josh-jacobs.php,NA,NA,85.9,NA,NA,NA,NA,NA,11,Josh Jacobs,2026-10-02,GBP
/nfl/rankings/ppr-rb.php,weekly-rb,wp,DJ Giddens,27097,RB,IND,96.75,8.53,84,108,NA,dj-giddens.php,NA,NA,0.7,NA,NA,NA,NA,NA,13,DJ Giddens,2026-10-02,IND
/nfl/rankings/ppr-rb.php,weekly-rb,wp,DJ Herman,28888,LB,MIA,80.5,5.5,75,86,NA,dj-herman.php,NA,NA,1.2,NA,NA,NA,NA,NA,6,DJ Herman,2026-10-02,MIA
/nfl/rankings/ppr-rb.php,weekly-rb,wp,Anthony Tyus III,27700,RB,CAR,100.8,6.76,94,113,NA,anthony-tyus-iii.php,NA,NA,0,NA,NA,NA,NA,NA,5,Anthony Tyus,2026-10-02,CAR
/nfl/rankings/ppr-rb.php,weekly-rb,wp,Dean Connors,28113,RB,LAR,102.6,2.33,99,106,NA,dean-connors.php,NA,NA,1,NA,NA,NA,NA,NA,11,Dean Connors,2026-10-02,LAR
/nfl/rankings/ppr-rb.php,weekly-rb,wp,Devin Neal,23682,RB,MIN,96.67,9.98,86,110,NA,devin-neal.php,NA,NA,1.2,NA,NA,NA,NA,NA,6,Devin Neal,2026-10-02,MIN
/nfl/rankings/ppr-rb.php,weekly-rb,wp,Frank Gore Jr.,25980,RB,BUF,98.67,14.61,78,109,NA,frank-gore-jr.php,NA,NA,1,NA,NA,NA,NA,NA,7,Frank Gore,2026-10-02,BUF
/nfl/rankings/ppr-rb.php,weekly-rb,wp,Jawhar Jordan,26329,RB,HOU,107,7,100,114,NA,jawhar-jordan.php,NA,NA,1,NA,NA,NA,NA,NA,8,Jawhar Jordan,2026-10-02,HOU
/nfl/rankings/ppr-te.php,weekly-te,wp,Brock Bowers,22955,TE,LV,1.2,0.4,1,2,NA,brock-bowers.php,NA,NA,99.6,NA,NA,NA,NA,NA,13,Brock Bowers,2026-10-02,LVR
/nfl/rankings/ppr-te.php,weekly-te,wp,Trey McBride,22936,TE,ARI,1.8,0.4,1,2,NA,trey-mcbride.php,NA,NA,99.7,NA,NA,NA,NA,NA,14,Trey McBride,2026-10-02,ARI
/nfl/rankings/ppr-te.php,weekly-te,wp,George Kittle,16499,TE,SF,3.25,0.7,3,7,NA,george-kittle.php,NA,NA,95.8,NA,NA,NA,NA,1,8,George Kittle,2026-10-02,SFO
/nfl/rankings/ppr-te.php,weekly-te,wp,Tyler Warren,26434,TE,IND,4.25,0.83,3,6,NA,tyler-warren.php,NA,NA,98.7,NA,NA,NA,NA,3,13,Tyler Warren,2026-10-02,IND
/nfl/rankings/ppr-te.php,weekly-te,wp,Travis Kelce,11594,TE,KC,5.15,0.91,3,9,NA,travis-kelce.php,NA,NA,95.8,NA,NA,NA,NA,-2,5,Travis Kelce,2026-10-02,KCC
/nfl/rankings/ppr-te.php,weekly-te,wp,Dalton Kincaid,25247,TE,BUF,6.2,1.76,4,12,NA,dalton-kincaid.php,NA,NA,95.1,NA,NA,NA,NA,-1,7,Dalton Kincaid,2026-10-02,BUF
/nfl/rankings/ppr-te.php,weekly-te,wp,Sam LaPorta,22978,TE,DET,7.2,0.93,6,11,NA,sam-laporta.php,NA,NA,97.5,NA,NA,NA,NA,NA,6,Sam LaPorta,2026-10-02,DET
/nfl/rankings/ppr-te.php,weekly-te,wp,Juwan Johnson,19562,TE,NO,7.68,1.29,5,10,NA,juwan-johnson.php,NA,NA,66.3,NA,NA,NA,NA,NA,8,Juwan Johnson,2026-10-02,NOS
/nfl/rankings/ppr-te.php,weekly-te,wp,Harold Fannin Jr.,27050,TE,CLE,10.38,1.8,8,14,NA,harold-fannin-jr.php,NA,NA,92.4,NA,NA,NA,NA,2,11,Harold Fannin,2026-10-02,CLE
/nfl/rankings/ppr-te.php,weekly-te,wp,Isaiah Likely,23781,TE,NYG,10.6,1.7,8,15,NA,isaiah-likely.php,NA,NA,88.2,NA,NA,NA,NA,2,8,Isaiah Likely,2026-10-02,NYG
/nfl/rankings/ppr-te.php,weekly-te,wp,Tucker Kraft,25298,TE,GB,11.1,0.92,8,14,NA,tucker-kraft.php,NA,NA,93.3,NA,NA,NA,NA,-2,11,Tucker Kraft,2026-10-02,GBP
/nfl/rankings/ppr-te.php,weekly-te,wp,Dalton Schultz,17349,TE,HOU,12.13,2.58,7,17,NA,dalton-schultz.php,NA,NA,68.4,NA,NA,NA,NA,-2,8,Dalton Schultz,2026-10-02,HOU
/nfl/rankings/ppr-te.php,weekly-te,wp,Kenyon Sadiq,26055,TE,NYJ,12.2,1.98,9,16,NA,kenyon-sadiq.php,NA,NA,52.5,NA,NA,NA,NA,NA,13,Kenyon Sadiq,2026-10-02,NYJ
/nfl/rankings/ppr-te.php,weekly-te,wp,Mark Andrews,17269,TE,BAL,13.98,2.17,11,18,NA,mark-andrews.php,NA,NA,81,NA,NA,NA,NA,NA,13,Mark Andrews,2026-10-02,BAL
/nfl/rankings/ppr-te.php,weekly-te,wp,Colston Loveland,26006,TE,CHI,14.98,1.99,12,20,NA,colston-loveland.php,NA,NA,93.7,NA,NA,NA,NA,NA,10,Colston Loveland,2026-10-02,CHI
/nfl/rankings/ppr-te.php,weekly-te,wp,Darren Waller,14104,TE,CAR,16.33,2.36,10,20,NA,darren-waller.php,NA,NA,28,NA,NA,NA,NA,NA,5,Darren Waller,2026-10-02,CAR
/nfl/rankings/ppr-te.php,weekly-te,wp,Brenton Strange,25345,TE,JAC,17.53,2.46,14,24,NA,brenton-strange.php,NA,NA,33.2,NA,NA,NA,NA,4,7,Brenton Strange,2026-10-02,JAC
/nfl/rankings/ppr-te.php,weekly-te,wp,Jake Ferguson,22718,TE,DAL,18.88,1.9,14,22,NA,jake-ferguson.php,NA,NA,81.5,NA,NA,NA,NA,NA,14,Jake Ferguson,2026-10-02,DAL
/nfl/rankings/ppr-te.php,weekly-te,wp,T.J. Hockenson,18290,TE,MIN,19.5,2.51,14,23,NA,tj-hockenson.php,NA,NA,42.6,NA,NA,NA,NA,NA,6,TJ Hockenson,2026-10-02,MIN
/nfl/rankings/ppr-te.php,weekly-te,wp,Hunter Henry,15561,TE,NE,19.58,1.82,17,23,NA,hunter-henry.php,NA,NA,54.8,NA,NA,NA,NA,NA,11,Hunter Henry,2026-10-02,NEP
/nfl/rankings/ppr-te.php,weekly-te,wp,Pat Freiermuth,20163,TE,PIT,20.48,2.74,16,26,NA,pat-freiermuth.php,NA,NA,18.3,NA,NA,NA,NA,NA,9,Pat Freiermuth,2026-10-02,PIT
/nfl/rankings/ppr-te.php,weekly-te,wp,Kyle Pitts Sr.,20164,TE,ATL,21.65,2.42,17,30,NA,kyle-pitts.php,NA,NA,80,NA,NA,NA,NA,-4,11,Kyle Pitts,2026-10-02,ATL
/nfl/rankings/ppr-te.php,weekly-te,wp,Tyler Higbee,15623,TE,LAR,23.18,4.16,17,34,NA,tyler-higbee.php,NA,NA,2.3,NA,NA,NA,NA,NA,11,Tyler Higbee,2026-10-02,LAR
/nfl/rankings/ppr-te.php,weekly-te,wp,AJ Barner,26335,TE,SEA,23.8,1.27,20,27,NA,aj-barner.php,NA,NA,15.4,NA,NA,NA,NA,NA,11,AJ Barner,2026-10-02,SEA
/nfl/rankings/ppr-te.php,weekly-te,wp,Oronde Gadsden II,25997,TE,LAC,24.78,2.08,19,30,NA,oronde-gadsden-ii.php,NA,NA,18.4,NA,NA,NA,NA,NA,7,Oronde Gadsden,2026-10-02,LAC
/nfl/rankings/ppr-te.php,weekly-te,wp,Mike Gesicki,17272,TE,CIN,26.28,1.3,24,30,NA,mike-gesicki.php,NA,NA,10.1,NA,NA,NA,NA,NA,6,Mike Gesicki,2026-10-02,CIN
/nfl/rankings/ppr-te.php,weekly-te,wp,Michael Mayer,23056,TE,LV,28.41,2.74,24,37,NA,michael-mayer.php,NA,NA,8.8,NA,NA,NA,NA,NA,13,Michael Mayer,2026-10-02,LVR
/nfl/rankings/ppr-te.php,weekly-te,wp,Evan Engram,16411,TE,DEN,28.84,1.53,27,34,NA,evan-engram.php,NA,NA,4,NA,NA,NA,NA,NA,10,Evan Engram,2026-10-02,DEN
/nfl/rankings/ppr-te.php,weekly-te,wp,Cade Otton,23181,TE,TB,27.65,2.63,21,34,NA,cade-otton.php,NA,NA,6.8,NA,NA,NA,NA,NA,10,Cade Otton,2026-10-02,TBB
/nfl/rankings/ppr-te.php,weekly-te,wp,Greg Dulcich,23153,TE,MIA,29.7,1.92,23,33,NA,greg-dulcich.php,NA,NA,7,NA,NA,NA,NA,NA,6,Greg Dulcich,2026-10-02,MIA
/nfl/rankings/ppr-te.php,weekly-te,wp,Darnell Washington,22967,TE,PIT,32.33,2.31,28,37,NA,darnell-washington.php,NA,NA,2.5,NA,NA,NA,NA,NA,9,Darnell Washington,2026-10-02,PIT
/nfl/rankings/ppr-te.php,weekly-te,wp,Gunnar Helm,27109,TE,TEN,31.47,1.33,28,34,NA,gunnar-helm.php,NA,NA,3.8,NA,NA,NA,NA,NA,9,Gunnar Helm,2026-10-02,TEN
/nfl/rankings/ppr-te.php,weekly-te,wp,Zach Ertz,11689,TE,PHI,34.15,1.58,31,38,NA,zach-ertz.php,NA,NA,3.6,NA,NA,NA,NA,NA,10,Zach Ertz,2026-10-02,PHI
/nfl/rankings/ppr-te.php,weekly-te,wp,Noah Fant,17527,TE,NO,33.52,2.11,27,36,NA,noah-fant.php,NA,NA,1.6,NA,NA,NA,NA,NA,8,Noah Fant,2026-10-02,NOS
/nfl/rankings/ppr-te.php,weekly-te,wp,Colby Parkinson,19372,TE,LAR,35.07,5.48,30,61,NA,colby-parkinson.php,NA,NA,3.5,NA,NA,NA,NA,NA,11,Colby Parkinson,2026-10-02,LAR
/nfl/rankings/ppr-te.php,weekly-te,wp,Tommy Tremble,22795,TE,CAR,38.39,3.17,35,47,NA,tommy-tremble.php,NA,NA,0.6,NA,NA,NA,NA,4,5,Tommy Tremble,2026-10-02,CAR
/nfl/rankings/ppr-te.php,weekly-te,wp,Cole Kmet,19229,TE,CHI,39.9,2.88,37,47,NA,cole-kmet.php,NA,NA,1.8,NA,NA,NA,NA,NA,10,Cole Kmet,2026-10-02,CHI
/nfl/rankings/ppr-te.php,weekly-te,wp,Jeremy Ruckert,23742,TE,NYJ,38.68,4.27,34,49,NA,jeremy-ruckert.php,NA,NA,0.6,NA,NA,NA,NA,NA,13,Jeremy Ruckert,2026-10-02,NYJ
/nfl/rankings/ppr-te.php,weekly-te,wp,Dawson Knox,18631,TE,BUF,40.84,2.7,37,48,NA,dawson-knox.php,NA,NA,1.7,NA,NA,NA,NA,10,7,Dawson Knox,2026-10-02,BUF
/nfl/rankings/ppr-te.php,weekly-te,wp,Davis Allen,23761,TE,LAR,45,8.25,37,64,NA,davis-allen.php,NA,NA,1,NA,NA,NA,NA,NA,11,Davis Allen,2026-10-02,LAR
/nfl/rankings/ppr-te.php,weekly-te,wp,Noah Gray,19539,TE,KC,43.06,4.49,39,55,NA,noah-gray.php,NA,NA,0.6,NA,NA,NA,NA,NA,5,Noah Gray,2026-10-02,KCC
/nfl/rankings/ppr-te.php,weekly-te,wp,Foster Moreau,18397,TE,HOU,44.24,4.67,39,52,NA,foster-moreau.php,NA,NA,1.2,NA,NA,NA,NA,NA,8,Foster Moreau,2026-10-02,HOU
/nfl/rankings/ppr-te.php,weekly-te,wp,Jonnu Smith,16460,TE,GB,45,4.99,38,60,NA,jonnu-smith.php,NA,NA,0.9,NA,NA,NA,NA,NA,11,Jonnu Smith,2026-10-02,GBP
/nfl/rankings/ppr-te.php,weekly-te,wp,Chig Okonkwo,23982,TE,WAS,36,20.11,24,107,NA,chigoziem-okonkwo.php,NA,NA,19.7,NA,NA,NA,NA,NA,7,Chigoziem Okonkwo,2026-10-02,WAS
/nfl/rankings/ppr-te.php,weekly-te,wp,Theo Johnson,23104,TE,NYG,46,8.46,38,75,NA,theo-johnson.php,NA,NA,1.5,NA,NA,NA,NA,-6,8,Theo Johnson,2026-10-02,NYG
/nfl/rankings/ppr-te.php,weekly-te,wp,Terrance Ferguson,23091,TE,LAR,43.33,20.76,22,111,NA,terrance-ferguson.php,NA,NA,24.6,NA,NA,NA,NA,-7,11,Terrance Ferguson,2026-10-02,LAR
/nfl/rankings/ppr-te.php,weekly-te,wp,Mitchell Evans,27138,TE,CAR,49.73,5.79,45,69,NA,mitchell-evans.php,NA,NA,1,NA,NA,NA,NA,NA,5,Mitchell Evans,2026-10-02,CAR
/nfl/rankings/ppr-te.php,weekly-te,wp,Austin Hooper,15581,TE,ATL,47.14,3.58,42,54,NA,austin-hooper.php,NA,NA,0.9,NA,NA,NA,NA,NA,11,Austin Hooper,2026-10-02,ATL
/nfl/rankings/ppr-te.php,weekly-te,wp,Matt Hibner,28168,TE,BAL,48.29,6.01,36,61,NA,matthew-hibner.php,NA,NA,1.2,NA,NA,NA,NA,NA,13,Matt Hibner,2026-10-02,BAL
/nfl/rankings/ppr-te.php,weekly-te,wp,Elijah Arroyo,23004,TE,SEA,50.14,4.56,43,58,NA,elijah-arroyo.php,NA,NA,0.9,NA,NA,NA,NA,-11,11,Elijah Arroyo,2026-10-02,SEA
/nfl/rankings/ppr-te.php,weekly-te,wp,Drew Sample,18561,TE,CIN,48.54,4.72,43,56,NA,drew-sample.php,NA,NA,0.6,NA,NA,NA,NA,-6,6,Drew Sample,2026-10-02,CIN
/nfl/rankings/ppr-te.php,weekly-te,wp,Daniel Bellinger,24238,TE,TEN,57.54,5.76,47,72,NA,daniel-bellinger.php,NA,NA,2.8,NA,NA,NA,NA,-8,9,Daniel Bellinger,2026-10-02,TEN
/nfl/rankings/ppr-te.php,weekly-te,wp,Johnny Mundt,16743,TE,PHI,55.17,6.27,45,67,NA,johnny-mundt.php,NA,NA,0.2,NA,NA,NA,NA,NA,10,Johnny Mundt,2026-10-02,PHI
/nfl/rankings/ppr-te.php,weekly-te,wp,Brevyn Spann-Ford,26003,TE,DAL,53.45,6.58,42,63,NA,brevyn-spann-ford.php,NA,NA,0.1,NA,NA,NA,NA,NA,14,Brevyn Spann-Ford,2026-10-02,DAL
/nfl/rankings/ppr-te.php,weekly-te,wp,Erick All Jr.,23837,TE,CIN,58.83,6.93,47,67,NA,erick-all.php,NA,NA,0.6,NA,NA,NA,NA,-12,6,Erick All,2026-10-02,CIN
/nfl/rankings/ppr-te.php,weekly-te,wp,Ben Sinnott,26310,TE,WAS,60.42,14.09,41,82,NA,ben-sinnott.php,NA,NA,0.6,NA,NA,NA,NA,NA,7,Ben Sinnott,2026-10-02,WAS
/nfl/rankings/ppr-te.php,weekly-te,wp,Nate Adkins,25881,TE,DEN,52.3,7.94,41,69,NA,nate-adkins.php,NA,NA,0.6,NA,NA,NA,NA,NA,10,Nate Adkins,2026-10-02,DEN
/nfl/rankings/ppr-te.php,weekly-te,wp,Adam Trautman,19423,TE,DEN,57.55,2.46,54,62,NA,adam-trautman.php,NA,NA,0.6,NA,NA,NA,NA,NA,10,Adam Trautman,2026-10-02,DEN
/nfl/rankings/ppr-te.php,weekly-te,wp,Brock Wright,23341,TE,DET,57.64,6.58,49,68,NA,brock-wright.php,NA,NA,0.6,NA,NA,NA,NA,NA,6,Brock Wright,2026-10-02,DET
/nfl/rankings/ppr-te.php,weekly-te,wp,Will Kacmarek,28403,TE,MIA,64.67,4.13,60,76,NA,will-kacmarek.php,NA,NA,0.7,NA,NA,NA,NA,-7,6,Will Kacmarek,2026-10-02,MIA
/nfl/rankings/ppr-te.php,weekly-te,wp,John Bates,22833,TE,WAS,60.91,10.75,43,73,NA,john-bates.php,NA,NA,1.2,NA,NA,NA,NA,NA,7,John Bates,2026-10-02,WAS
/nfl/rankings/ppr-te.php,weekly-te,wp,Nate Boerkircher,28427,TE,JAC,57.4,8.08,49,71,NA,nate-boerkircher.php,NA,NA,1.7,NA,NA,NA,NA,NA,7,Nate Boerkircher,2026-10-02,JAC
/nfl/rankings/ppr-te.php,weekly-te,wp,Elijah Higgins,23119,TE,ARI,58.2,6.27,44,66,NA,elijah-higgins.php,NA,NA,0.6,NA,NA,NA,NA,NA,14,Elijah Higgins,2026-10-02,ARI
/nfl/rankings/ppr-te.php,weekly-te,wp,Luke Schoonmaker,25267,TE,DAL,63.64,5.48,53,73,NA,luke-schoonmaker.php,NA,NA,0.8,NA,NA,NA,NA,-12,14,Luke Schoonmaker,2026-10-02,DAL
/nfl/rankings/ppr-te.php,weekly-te,wp,Blake Whiteheart,25657,TE,CLE,59.3,4.71,53,71,NA,blake-whiteheart.php,NA,NA,0,NA,NA,NA,NA,NA,11,Blake Whiteheart,2026-10-02,CLE
/nfl/rankings/ppr-te.php,weekly-te,wp,Durham Smythe,17508,TE,BAL,63.6,7.35,55,79,NA,durham-smythe.php,NA,NA,0.6,NA,NA,NA,NA,NA,13,Durham Smythe,2026-10-02,BAL
/nfl/rankings/ppr-te.php,weekly-te,wp,Sam Roush,28161,TE,CHI,65,7.99,50,75,NA,sam-roush.php,NA,NA,0.7,NA,NA,NA,NA,NA,10,Sam Roush,2026-10-02,CHI
/nfl/rankings/ppr-te.php,weekly-te,wp,Luke Farrell,19501,TE,SF,64.11,3.25,57,67,NA,luke-farrell.php,NA,NA,0.6,NA,NA,NA,NA,-26,8,Luke Farrell,2026-10-02,SFO
/nfl/rankings/ppr-te.php,weekly-te,wp,Marlin Klein,28157,TE,HOU,68.78,14.72,53,91,NA,marlin-klein.php,NA,NA,0.6,NA,NA,NA,NA,-27,8,Marlin Klein,2026-10-02,HOU
/nfl/rankings/ppr-te.php,weekly-te,wp,Jackson Hawes,27469,TE,BUF,73.6,5.94,65,82,NA,jackson-hawes.php,NA,NA,0.6,NA,NA,NA,NA,NA,7,Jackson Hawes,2026-10-02,BUF
/nfl/rankings/ppr-te.php,weekly-te,wp,Tanner Hudson,17826,TE,CIN,60,4.99,56,71,NA,tanner-hudson.php,NA,NA,2.3,NA,NA,NA,NA,NA,6,Tanner Hudson,2026-10-02,CIN
/nfl/rankings/ppr-te.php,weekly-te,wp,Mo Alie-Cox,16579,TE,IND,66.75,6.51,60,77,NA,mo-alie-cox.php,NA,NA,0.6,NA,NA,NA,NA,NA,13,Mo Alie-Cox,2026-10-02,IND
/nfl/rankings/ppr-te.php,weekly-te,wp,Max Klare,27993,TE,LAR,71.33,7.92,55,87,NA,max-klare.php,NA,NA,2,NA,NA,NA,NA,NA,11,Max Klare,2026-10-02,LAR
/nfl/rankings/ppr-te.php,weekly-te,wp,Colson Yankoff,26576,TE,WAS,61.57,8.42,50,77,NA,colson-yankoff.php,NA,NA,1.1,NA,NA,NA,NA,NA,7,Colson Yankoff,2026-10-02,WAS
/nfl/rankings/ppr-te.php,weekly-te,wp,Oscar Delp,25430,TE,NO,68,6,62,81,NA,oscar-delp.php,NA,NA,1.2,NA,NA,NA,NA,NA,8,Oscar Delp,2026-10-02,NOS
/nfl/rankings/ppr-te.php,weekly-te,wp,Jelani Woods,23829,TE,NYJ,73.63,5.61,62,82,NA,jelani-woods.php,NA,NA,3.9,NA,NA,NA,NA,NA,13,Jelani Woods,2026-10-02,NYJ
/nfl/rankings/ppr-te.php,weekly-te,wp,Charlie Woerner,19665,TE,ATL,73.88,1.62,72,77,NA,charlie-woerner.php,NA,NA,0,NA,NA,NA,NA,NA,11,Charlie Woerner,2026-10-02,ATL
/nfl/rankings/ppr-te.php,weekly-te,wp,Eli Raridon,28154,TE,NE,68.33,23.76,45,117,NA,eli-raridon.php,NA,NA,1.5,NA,NA,NA,NA,NA,11,Eli Raridon,2026-10-02,NEP
/nfl/rankings/ppr-te.php,weekly-te,wp,Quintin Morris,22820,TE,JAC,74.43,2.87,71,80,NA,quintin-morris.php,NA,NA,1.4,NA,NA,NA,NA,NA,7,Quintin Morris,2026-10-02,JAC
/nfl/rankings/ppr-te.php,weekly-te,wp,Drew Ogletree,24561,TE,IND,78.63,2.6,75,84,NA,andrew-ogletree.php,NA,NA,1,NA,NA,NA,NA,NA,13,Andrew Ogletree,2026-10-02,IND
/nfl/rankings/ppr-te.php,weekly-te,wp,Eric Saubert,16706,TE,SEA,75,7.11,68,86,NA,eric-saubert.php,NA,NA,1.6,NA,NA,NA,NA,NA,11,Eric Saubert,2026-10-02,SEA
/nfl/rankings/ppr-te.php,weekly-te,wp,Cade Stover,25269,TE,HOU,80.13,3.3,76,87,NA,cade-stover.php,NA,NA,0.6,NA,NA,NA,NA,NA,8,Cade Stover,2026-10-02,HOU
/nfl/rankings/ppr-te.php,weekly-te,wp,Mason Taylor,26005,TE,NYJ,73.17,22.84,42,100,NA,mason-taylor.php,NA,NA,1.9,NA,NA,NA,NA,NA,13,Mason Taylor,2026-10-02,NYJ
/nfl/rankings/ppr-te.php,weekly-te,wp,Hunter Long,22783,TE,ARI,79.43,2.13,77,83,NA,hunter-long.php,NA,NA,1,NA,NA,NA,NA,NA,14,Hunter Long,2026-10-02,ARI
/nfl/rankings/ppr-te.php,weekly-te,wp,Hayden Rucci,26946,TE,LAC,78.33,3.68,73,85,NA,hayden-rucci.php,NA,NA,0,NA,NA,NA,NA,NA,7,Hayden Rucci,2026-10-02,LAC
/nfl/rankings/ppr-te.php,weekly-te,wp,Gavin Bartholomew,26002,TE,MIN,82.57,7.65,76,96,NA,gavin-bartholomew.php,NA,NA,0,NA,NA,NA,NA,NA,6,Gavin Bartholomew,2026-10-02,MIN
/nfl/rankings/ppr-te.php,weekly-te,wp,Josh Cuevas,28155,TE,BAL,83.86,4.55,75,90,NA,josh-cuevas.php,NA,NA,1.1,NA,NA,NA,NA,NA,13,Josh Cuevas,2026-10-02,BAL
/nfl/rankings/ppr-te.php,weekly-te,wp,Dallas Goedert,17270,TE,PHI,71,25.67,44,104,NA,dallas-goedert.php,NA,NA,75.6,NA,NA,NA,NA,NA,10,Dallas Goedert,2026-10-02,PHI
/nfl/rankings/ppr-te.php,weekly-te,wp,Robert Tonyan,16502,TE,PIT,80.6,3.93,73,84,NA,robert-tonyan.php,NA,NA,0,NA,NA,NA,NA,NA,9,Robert Tonyan,2026-10-02,PIT
/nfl/rankings/ppr-te.php,weekly-te,wp,Ian Thomas,17387,TE,LV,82.2,12.06,59,92,NA,ian-thomas.php,NA,NA,0,NA,NA,NA,NA,NA,13,Ian Thomas,2026-10-02,LVR
/nfl/rankings/ppr-te.php,weekly-te,wp,Jake Briningstool,22924,TE,KC,84.4,6.77,74,92,NA,jake-briningstool.php,NA,NA,0,NA,NA,NA,NA,NA,5,Jake Briningstool,2026-10-02,KCC
/nfl/rankings/ppr-te.php,weekly-te,wp,E.J. Jenkins,25756,TE,PHI,88.33,3.4,83,92,NA,ej-jenkins.php,NA,NA,1,NA,NA,NA,NA,NA,10,EJ Jenkins,2026-10-02,PHI
/nfl/rankings/ppr-te.php,weekly-te,wp,Tanner Arkin,28166,TE,NE,85.2,11.75,76,107,NA,tanner-arkin.php,NA,NA,0,NA,NA,NA,NA,NA,11,Tanner Arkin,2026-10-02,NEP
/nfl/rankings/ppr-te.php,weekly-te,wp,Payne Durham,25346,TE,TB,92.4,15.04,80,121,NA,payne-durham.php,NA,NA,1.1,NA,NA,NA,NA,NA,10,Payne Durham,2026-10-02,TBB
/nfl/rankings/ppr-te.php,weekly-te,wp,Chris Manhertz,14014,TE,NYG,86.5,2.6,83,89,NA,chris-manhertz.php,NA,NA,0,NA,NA,NA,NA,NA,8,Chris Manhertz,2026-10-02,NYG
/nfl/rankings/ppr-te.php,weekly-te,wp,Josh Whyle,22923,TE,GB,92.25,8.87,77,99,NA,josh-whyle.php,NA,NA,1.1,NA,NA,NA,NA,NA,11,Josh Whyle,2026-10-02,GBP
/nfl/rankings/ppr-te.php,weekly-te,wp,Patrick Herbert,27672,TE,LAC,93.5,11.8,81,112,NA,patrick-herbert.php,NA,NA,0,NA,NA,NA,NA,NA,7,Patrick Herbert,2026-10-02,LAC
/nfl/rankings/ppr-te.php,weekly-te,wp,Keleki Latu,27287,TE,BUF,88.33,3.09,84,91,NA,keleki-latu.php,NA,NA,0,NA,NA,NA,NA,NA,7,Keleki Latu,2026-10-02,BUF
/nfl/rankings/ppr-te.php,weekly-te,wp,Cameron Latu,24331,TE,NE,93.5,5.68,85,101,NA,cameron-latu.php,NA,NA,1.2,NA,NA,NA,NA,NA,11,Cameron Latu,2026-10-02,NEP
/nfl/rankings/ppr-te.php,weekly-te,wp,Tanner Koziol,27499,TE,JAC,96.5,17.74,70,120,NA,tanner-koziol.php,NA,NA,1.4,NA,NA,NA,NA,NA,7,Tanner Koziol,2026-10-02,JAC
/nfl/rankings/ppr-te.php,weekly-te,wp,Ja'Tavion Sanders,24334,TE,CAR,84.5,25.5,59,110,NA,jatavion-sanders.php,NA,NA,0.6,NA,NA,NA,NA,NA,5,JaTavion Sanders,2026-10-02,CAR
/nfl/rankings/ppr-te.php,weekly-te,wp,Mark Redman,23182,TE,GB,91.67,3.3,87,94,NA,mark-redman.php,NA,NA,0,NA,NA,NA,NA,NA,11,Mark Redman,2026-10-02,GBP
/nfl/rankings/ppr-te.php,weekly-te,wp,Seydou Traore,28163,TE,MIA,96,10.89,78,106,NA,seydou-traore.php,NA,NA,0,NA,NA,NA,NA,NA,6,Seydou Traore,2026-10-02,MIA
/nfl/rankings/ppr-te.php,weekly-te,wp,Bauer Sharp,28165,TE,TB,89.5,3.5,86,93,NA,bauer-sharp.php,NA,NA,0,NA,NA,NA,NA,NA,10,Bauer Sharp,2026-10-02,TBB
/nfl/rankings/ppr-te.php,weekly-te,wp,Tyler Conklin,17598,TE,DET,101,14.76,82,118,NA,tyler-conklin.php,NA,NA,0.6,NA,NA,NA,NA,NA,6,Tyler Conklin,2026-10-02,DET
/nfl/rankings/ppr-te.php,weekly-te,wp,Riley Nowakowski,28437,TE,PIT,93,3,90,96,NA,riley-nowakowski.php,NA,NA,0.6,NA,NA,NA,NA,NA,9,Riley Nowakowski,2026-10-02,PIT
/nfl/rankings/ppr-te.php,weekly-te,wp,Nick Muse,24239,TE,ATL,98.33,0.94,97,99,NA,nick-muse.php,NA,NA,0,NA,NA,NA,NA,NA,11,Nick Muse,2026-10-02,ATL
/nfl/rankings/ppr-te.php,weekly-te,wp,David Martin-Robinson,26922,TE,TEN,99.67,3.3,95,102,NA,david-martin-robinson.php,NA,NA,0,NA,NA,NA,NA,NA,9,David Martin-Robinson,2026-10-02,TEN
/nfl/rankings/ppr-te.php,weekly-te,wp,Carsen Ryan,28399,TE,CLE,99,1,98,100,NA,carsen-ryan.php,NA,NA,1.1,NA,NA,NA,NA,NA,11,Carsen Ryan,2026-10-02,CLE
/nfl/rankings/ppr-te.php,weekly-te,wp,Treyton Welch,26661,TE,NO,102.33,5.73,95,109,NA,treyton-welch.php,NA,NA,0,NA,NA,NA,NA,NA,8,Treyton Welch,2026-10-02,NOS
/nfl/rankings/ppr-te.php,weekly-te,wp,Brayden Willis,25469,TE,SF,101,0,101,101,NA,brayden-willis.php,NA,NA,0,NA,NA,NA,NA,NA,8,Brayden Willis,2026-10-02,SFO
/nfl/rankings/ppr-te.php,weekly-te,wp,Ko Kieft,24568,TE,TB,110,8.49,104,122,NA,ko-kieft.php,NA,NA,0,NA,NA,NA,NA,NA,10,Ko Kieft,2026-10-02,TBB
/nfl/rankings/ppr-te.php,weekly-te,wp,Justin Joly,28079,TE,MIA,114,9,105,123,NA,justin-joly.php,NA,NA,2.5,NA,NA,NA,NA,NA,6,Justin Joly,2026-10-02,MIA
/nfl/rankings/ppr-te.php,weekly-te,wp,Nick Kallerup,27867,TE,SEA,110,4,106,114,NA,nick-kallerup.php,NA,NA,1,NA,NA,NA,NA,NA,11,Nick Kallerup,2026-10-02,SEA
/nfl/rankings/ppr-wr.php,weekly-wr,wp,Jaxon Smith-Njigba,23070,WR,SEA,1.03,0.16,1,2,NA,jaxon-smith-njigba.php,NA,NA,99.8,NA,NA,NA,NA,NA,11,Jaxon Smith-Njigba,2026-10-02,SEA
/nfl/rankings/ppr-wr.php,weekly-wr,wp,Amon-Ra St. Brown,19799,WR,DET,2.48,0.71,2,5,NA,amonra-stbrown.php,NA,NA,99.8,NA,NA,NA,NA,1,6,Amon-Ra St Brown,2026-10-02,DET
/nfl/rankings/ppr-wr.php,weekly-wr,wp,Ja'Marr Chase,19788,WR,CIN,2.9,1.11,2,9,NA,jamarr-chase.php,NA,NA,99.8,NA,NA,NA,NA,-1,6,JaMarr Chase,2026-10-02,CIN
/nfl/rankings/ppr-wr.php,weekly-wr,wp,Chris Olave,20111,WR,NO,4.08,0.82,2,7,NA,chris-olave.php,NA,NA,99.5,NA,NA,NA,NA,NA,8,Chris Olave,2026-10-02,NOS
/nfl/rankings/ppr-wr.php,weekly-wr,wp,CeeDee Lamb,19202,WR,DAL,6.28,1.48,4,9,NA,ceedee-lamb.php,NA,NA,99.8,NA,NA,NA,NA,NA,14,CeeDee Lamb,2026-10-02,DAL
/nfl/rankings/ppr-wr.php,weekly-wr,wp,Garrett Wilson,23072,WR,NYJ,6.28,1,5,11,NA,garrett-wilson.php,NA,NA,98.3,NA,NA,NA,NA,NA,13,Garrett Wilson,2026-10-02,NYJ
/nfl/rankings/ppr-wr.php,weekly-wr,wp,Drake London,23163,WR,ATL,6.88,1.47,5,12,NA,drake-london.php,NA,NA,99.6,NA,NA,NA,NA,NA,11,Drake London,2026-10-02,ATL
/nfl/rankings/ppr-wr.php,weekly-wr,wp,Zay Flowers,22916,WR,BAL,9.2,2.05,5,17,NA,zay-flowers.php,NA,NA,98.8,NA,NA,NA,NA,NA,13,Zay Flowers,2026-10-02,BAL
/nfl/rankings/ppr-wr.php,weekly-wr,wp,Parker Washington,23106,WR,JAC,9.9,1.73,7,16,NA,parker-washington.php,NA,NA,94.3,NA,NA,NA,NA,3,7,Parker Washington,2026-10-02,JAC
/nfl/rankings/ppr-wr.php,weekly-wr,wp,Christian Watson,23886,WR,GB,12.35,1.48,9,17,NA,christian-watson.php,NA,NA,95.1,NA,NA,NA,NA,NA,11,Christian Watson,2026-10-02,GBP
/nfl/rankings/ppr-wr.php,weekly-wr,wp,Nico Collins,20130,WR,HOU,14.03,5.71,8,34,NA,nico-collins.php,NA,NA,99.1,NA,NA,NA,NA,24,8,Nico Collins,2026-10-02,HOU
/nfl/rankings/ppr-wr.php,weekly-wr,wp,Tetairoa McMillan,25417,WR,CAR,14.35,2.98,11,24,NA,tetairoa-mcmillan.php,NA,NA,97.9,NA,NA,NA,NA,3,5,Tetairoa McMillan,2026-10-02,CAR
/nfl/rankings/ppr-wr.php,weekly-wr,wp,Puka Nacua,23180,WR,LAR,14.7,13.36,4,62,NA,puka-nacua.php,NA,NA,99.8,NA,NA,NA,NA,28,11,Puka Nacua,2026-10-02,LAR
/nfl/rankings/ppr-wr.php,weekly-wr,wp,Davante Adams,12123,WR,LAR,15.38,4.35,9,21,NA,davante-adams.php,NA,NA,97.9,NA,NA,NA,NA,-3,11,Davante Adams,2026-10-02,LAR
/nfl/rankings/ppr-wr.php,weekly-wr,wp,George Pickens,22963,WR,DAL,15.45,2.46,12,20,NA,george-pickens.php,NA,NA,99.5,NA,NA,NA,NA,NA,14,George Pickens,2026-10-02,DAL
/nfl/rankings/ppr-wr.php,weekly-wr,wp,Tee Higgins,19211,WR,CIN,16.53,2.67,12,21,NA,tee-higgins.php,NA,NA,98.1,NA,NA,NA,NA,NA,6,Tee Higgins,2026-10-02,CIN
/nfl/rankings/ppr-wr.php,weekly-wr,wp,Rashee Rice,23113,WR,KC,16.98,2.54,14,25,NA,rashee-rice.php,NA,NA,98.8,NA,NA,NA,NA,NA,5,Rashee Rice,2026-10-02,KCC
/nfl/rankings/ppr-wr.php,weekly-wr,wp,Josh Downs,24706,WR,IND,17.98,2.49,15,23,NA,josh-downs.php,NA,NA,84,NA,NA,NA,NA,NA,13,Josh Downs,2026-10-02,IND
/nfl/rankings/ppr-wr.php,weekly-wr,wp,Matthew Golden,26024,WR,GB,18.88,2.61,15,27,NA,matthew-golden.php,NA,NA,87.8,NA,NA,NA,NA,NA,11,Matthew Golden,2026-10-02,GBP
/nfl/rankings/ppr-wr.php,weekly-wr,wp,Jaylen Waddle,19790,WR,DEN,21,2.75,16,27,NA,jaylen-waddle.php,NA,NA,96.9,NA,NA,NA,NA,-4,10,Jaylen Waddle,2026-10-02,DEN
/nfl/rankings/ppr-wr.php,weekly-wr,wp,Michael Wilson,25333,WR,ARI,22,2.67,16,27,NA,michael-wilson.php,NA,NA,87.6,NA,NA,NA,NA,NA,14,Michael Wilson,2026-10-02,ARI
/nfl/rankings/ppr-wr.php,weekly-wr,wp,Malik Nabers,25409,WR,NYG,23.08,3.1,19,30,NA,malik-nabers.php,NA,NA,98.6,NA,NA,NA,NA,-4,8,Malik Nabers,2026-10-02,NYG
/nfl/rankings/ppr-wr.php,weekly-wr,wp,DJ Moore,17265,WR,BUF,24.1,2.61,18,31,NA,dj-moore-wr.php,NA,NA,96,NA,NA,NA,NA,-3,7,DJ Moore,2026-10-02,BUF
/nfl/rankings/ppr-wr.php,weekly-wr,wp,Luther Burden III,27016,WR,CHI,26.8,2.72,21,33,NA,luther-burden-iii.php,NA,NA,92.8,NA,NA,NA,NA,5,10,Luther Burden,2026-10-02,CHI
/nfl/rankings/ppr-wr.php,weekly-wr,wp,Terry McLaurin,18466,WR,WAS,28.05,2.04,23,32,NA,terry-mclaurin.php,NA,NA,94.5,NA,NA,NA,NA,NA,7,Terry McLaurin,2026-10-02,WAS
/nfl/rankings/ppr-wr.php,weekly-wr,wp,Stefon Diggs,13981,WR,WAS,29.93,4.19,24,39,NA,stefon-diggs.php,NA,NA,88.1,NA,NA,NA,NA,NA,7,Stefon Diggs,2026-10-02,WAS
/nfl/rankings/ppr-wr.php,weekly-wr,wp,Jordan Addison,23107,WR,MIN,30.65,5.39,20,44,NA,jordan-addison.php,NA,NA,81,NA,NA,NA,NA,NA,6,Jordan Addison,2026-10-02,MIN
/nfl/rankings/ppr-wr.php,weekly-wr,wp,Ladd McConkey,26122,WR,LAC,27.44,3.42,22,39,NA,ladd-mcconkey.php,NA,NA,97.4,NA,NA,NA,NA,-3,7,Ladd McConkey,2026-10-02,LAC
/nfl/rankings/ppr-wr.php,weekly-wr,wp,Deebo Samuel Sr.,18244,WR,SF,31.13,4.93,23,43,NA,deebo-samuel.php,NA,NA,79.7,NA,NA,NA,NA,-6,8,Deebo Samuel,2026-10-02,SFO
/nfl/rankings/ppr-wr.php,weekly-wr,wp,DK Metcalf,18219,WR,PIT,31.88,2.3,27,39,NA,dk-metcalf.php,NA,NA,90.9,NA,NA,NA,NA,-4,9,DK Metcalf,2026-10-02,PIT
/nfl/rankings/ppr-wr.php,weekly-wr,wp,Jameson Williams,23677,WR,DET,32.18,2.97,25,42,NA,jameson-williams.php,NA,NA,93.7,NA,NA,NA,NA,NA,6,Jameson Williams,2026-10-02,DET
/nfl/rankings/ppr-wr.php,weekly-wr,wp,Devaughn Vele,26409,WR,NO,32.25,4.14,24,39,NA,devaughn-vele.php,NA,NA,45.2,NA,NA,NA,NA,-8,8,Devaughn Vele,2026-10-02,NOS
/nfl/rankings/ppr-wr.php,weekly-wr,wp,Keenan Allen,11616,WR,IND,35,3.38,27,46,NA,keenan-allen.php,NA,NA,40.7,NA,NA,NA,NA,NA,13,Keenan Allen,2026-10-02,IND
/nfl/rankings/ppr-wr.php,weekly-wr,wp,Jakobi Meyers,18598,WR,JAC,35.5,4.37,26,47,NA,jakobi-meyers.php,NA,NA,66.4,NA,NA,NA,NA,NA,7,Jakobi Meyers,2026-10-02,JAC
/nfl/rankings/ppr-wr.php,weekly-wr,wp,Malik Washington,26314,WR,MIA,38.4,3.36,34,49,NA,malik-washington.php,NA,NA,30.2,NA,NA,NA,NA,5,6,Malik Washington,2026-10-02,MIA
/nfl/rankings/ppr-wr.php,weekly-wr,wp,Emeka Egbuka,23062,WR,TB,38.53,4.42,31,48,NA,emeka-egbuka.php,NA,NA,96.8,NA,NA,NA,NA,-4,10,Emeka Egbuka,2026-10-02,TBB
/nfl/rankings/ppr-wr.php,weekly-wr,wp,Carnell Tate,26009,WR,TEN,39.38,2.83,33,46,NA,carnell-tate.php,NA,NA,86.2,NA,NA,NA,NA,NA,9,Carnell Tate,2026-10-02,TEN
/nfl/rankings/ppr-wr.php,weekly-wr,wp,Denzel Boston,27339,WR,CLE,39.45,4.8,28,51,NA,denzel-boston.php,NA,NA,64,NA,NA,NA,NA,-6,11,Denzel Boston,2026-10-02,CLE
/nfl/rankings/ppr-wr.php,weekly-wr,wp,Dontayvion Wicks,24354,WR,PHI,41.3,5.67,27,53,NA,dontayvion-wicks.php,NA,NA,34.2,NA,NA,NA,NA,-5,10,Dontayvion Wicks,2026-10-02,PHI
/nfl/rankings/ppr-wr.php,weekly-wr,wp,Wan'Dale Robinson,22985,WR,TEN,42.4,4.54,34,50,NA,wandale-robinson.php,NA,NA,64.2,NA,NA,NA,NA,NA,9,WanDale Robinson,2026-10-02,TEN
/nfl/rankings/ppr-wr.php,weekly-wr,wp,KC Concepcion Jr.,27331,WR,CLE,42.73,4.37,37,61,NA,kevin-concepcion.php,NA,NA,63.9,NA,NA,NA,NA,NA,11,KC Concepcion,2026-10-02,CLE
/nfl/rankings/ppr-wr.php,weekly-wr,wp,Romeo Doubs,23794,WR,NE,43.25,4.5,34,56,NA,romeo-doubs.php,NA,NA,63.3,NA,NA,NA,NA,-7,11,Romeo Doubs,2026-10-02,NEP
/nfl/rankings/ppr-wr.php,weekly-wr,wp,Rome Odunze,25411,WR,CHI,45.25,4.55,40,59,NA,rome-odunze.php,NA,NA,88.8,NA,NA,NA,NA,NA,10,Rome Odunze,2026-10-02,CHI
/nfl/rankings/ppr-wr.php,weekly-wr,wp,Courtland Sutton,17253,WR,DEN,46.75,2.96,41,53,NA,courtland-sutton.php,NA,NA,80.2,NA,NA,NA,NA,5,10,Courtland Sutton,2026-10-02,DEN
/nfl/rankings/ppr-wr.php,weekly-wr,wp,Tre Tucker,25337,WR,LV,48.2,3.03,42,54,NA,tre-tucker.php,NA,NA,45.5,NA,NA,NA,NA,NA,13,Tre Tucker,2026-10-02,LVR
/nfl/rankings/ppr-wr.php,weekly-wr,wp,Kalif Raymond,16081,WR,CHI,48.33,6.66,28,57,NA,kalif-raymond.php,NA,NA,42.3,NA,NA,NA,NA,NA,10,Kalif Raymond,2026-10-02,CHI
/nfl/rankings/ppr-wr.php,weekly-wr,wp,Justin Jefferson,19236,WR,MIN,42.34,27.62,8,128,NA,justin-jefferson.php,NA,NA,99.8,NA,NA,NA,NA,11,6,Justin Jefferson,2026-10-02,MIN
/nfl/rankings/ppr-wr.php,weekly-wr,wp,Khalil Shakir,23748,WR,BUF,48.68,4.24,40,56,NA,khalil-shakir.php,NA,NA,57.5,NA,NA,NA,NA,-7,7,Khalil Shakir,2026-10-02,BUF
/nfl/rankings/ppr-wr.php,weekly-wr,wp,DeVonta Smith,19222,WR,PHI,19.59,16.52,7,83,NA,devonta-smith.php,NA,NA,99.4,NA,NA,NA,NA,-7,10,DeVonta Smith,2026-10-02,PHI
/nfl/rankings/ppr-wr.php,weekly-wr,wp,Xavier Worthy,23019,WR,KC,49.15,3.96,41,59,NA,xavier-worthy.php,NA,NA,68.6,NA,NA,NA,NA,NA,5,Xavier Worthy,2026-10-02,KCC
/nfl/rankings/ppr-wr.php,weekly-wr,wp,Mack Hollins,16489,WR,NE,49.85,5.11,38,59,NA,mack-hollins.php,NA,NA,5.8,NA,NA,NA,NA,NA,11,Mack Hollins,2026-10-02,NEP
/nfl/rankings/ppr-wr.php,weekly-wr,wp,Michael Pittman Jr.,19278,WR,PIT,52.85,5.91,37,70,NA,michael-pittman.php,NA,NA,75,NA,NA,NA,NA,7,9,Michael Pittman,2026-10-02,PIT
/nfl/rankings/ppr-wr.php,weekly-wr,wp,Rashod Bateman,19794,WR,BAL,53.1,5.06,45,65,NA,rashod-bateman.php,NA,NA,34.5,NA,NA,NA,NA,NA,13,Rashod Bateman,2026-10-02,BAL
/nfl/rankings/ppr-wr.php,weekly-wr,wp,Chris Godwin Jr.,16406,WR,TB,53.78,6.11,41,67,NA,chris-godwin.php,NA,NA,75.5,NA,NA,NA,NA,-9,10,Chris Godwin,2026-10-02,TBB
/nfl/rankings/ppr-wr.php,weekly-wr,wp,Quentin Johnston,23123,WR,LAC,55.03,2.15,50,60,NA,quentin-johnston.php,NA,NA,66.3,NA,NA,NA,NA,NA,7,Quentin Johnston,2026-10-02,LAC
/nfl/rankings/ppr-wr.php,weekly-wr,wp,Brian Thomas Jr.,23000,WR,JAC,55.3,3.97,48,64,NA,brian-thomas-jr.php,NA,NA,73.8,NA,NA,NA,NA,NA,7,Brian Thomas,2026-10-02,JAC
/nfl/rankings/ppr-wr.php,weekly-wr,wp,Marvin Harrison Jr.,23064,WR,ARI,57.45,3.65,48,66,NA,marvin-harrison-jr.php,NA,NA,74.8,NA,NA,NA,NA,NA,14,Marvin Harrison,2026-10-02,ARI
/nfl/rankings/ppr-wr.php,weekly-wr,wp,Jalen Coker,26403,WR,CAR,48.95,25.88,17,129,NA,jalen-coker.php,NA,NA,89.8,NA,NA,NA,NA,NA,5,Jalen Coker,2026-10-02,CAR
/nfl/rankings/ppr-wr.php,weekly-wr,wp,Ryan Flournoy,26398,WR,DAL,58.88,3.41,53,69,NA,ryan-flournoy.php,NA,NA,7,NA,NA,NA,NA,NA,14,Ryan Flournoy,2026-10-02,DAL
/nfl/rankings/ppr-wr.php,weekly-wr,wp,Chris Bell,26038,WR,MIA,59.25,4.92,50,75,NA,chris-bell.php,NA,NA,7.8,NA,NA,NA,NA,NA,6,Chris Bell,2026-10-02,MIA
/nfl/rankings/ppr-wr.php,weekly-wr,wp,Tre' Harris,26215,WR,LAC,59.45,4.88,48,77,NA,tre-harris.php,NA,NA,7.3,NA,NA,NA,NA,NA,7,Tre Harris,2026-10-02,LAC
/nfl/rankings/ppr-wr.php,weekly-wr,wp,Makai Lemon,25420,WR,PHI,60.03,7.15,38,75,NA,makai-lemon.php,NA,NA,60.1,NA,NA,NA,NA,NA,10,Makai Lemon,2026-10-02,PHI
/nfl/rankings/ppr-wr.php,weekly-wr,wp,Pat Bryant,27211,WR,DEN,62.85,3.86,49,74,NA,pat-bryant.php,NA,NA,9.1,NA,NA,NA,NA,NA,10,Pat Bryant,2026-10-02,DEN
/nfl/rankings/ppr-wr.php,weekly-wr,wp,Rashid Shaheed,24687,WR,SEA,66.75,3.55,63,79,NA,rashid-shaheed.php,NA,NA,36.4,NA,NA,NA,NA,NA,11,Rashid Shaheed,2026-10-02,SEA
/nfl/rankings/ppr-wr.php,weekly-wr,wp,Kayshon Boutte,22989,WR,HOU,66.8,6.33,59,94,NA,kayshon-boutte.php,NA,NA,18.6,NA,NA,NA,NA,NA,8,Kayshon Boutte,2026-10-02,HOU
/nfl/rankings/ppr-wr.php,weekly-wr,wp,Malachi Fields,27994,WR,NYG,69.5,4.97,63,91,NA,malachi-fields.php,NA,NA,11.6,NA,NA,NA,NA,NA,8,Malachi Fields,2026-10-02,NYG
/nfl/rankings/ppr-wr.php,weekly-wr,wp,Kendrick Bourne,17066,WR,ARI,67.54,7.99,60,110,NA,kendrick-bourne.php,NA,NA,1.4,NA,NA,NA,NA,NA,14,Kendrick Bourne,2026-10-02,ARI
/nfl/rankings/ppr-wr.php,weekly-wr,wp,Mike Evans,12119,WR,SF,60.06,33.49,19,177,NA,mike-evans.php,NA,NA,94.1,NA,NA,NA,NA,NA,8,Mike Evans,2026-10-02,SFO
/nfl/rankings/ppr-wr.php,weekly-wr,wp,Xavier Hutchinson,25332,WR,HOU,66,5.06,57,82,NA,xavier-hutchinson.php,NA,NA,7.5,NA,NA,NA,NA,NA,8,Xavier Hutchinson,2026-10-02,HOU
/nfl/rankings/ppr-wr.php,weekly-wr,wp,Roman Wilson,28896,WR,PIT,67.97,3.62,60,77,NA,roman-wilson-wr.php,NA,NA,3.8,NA,NA,NA,NA,NA,9,Roman Wilson,2026-10-02,PIT
/nfl/rankings/ppr-wr.php,weekly-wr,wp,Ted Hurst III,28130,WR,TB,72.79,4.03,63,84,NA,ted-hurst.php,NA,NA,4.5,NA,NA,NA,NA,NA,10,Ted Hurst,2026-10-02,TBB
/nfl/rankings/ppr-wr.php,weekly-wr,wp,DeMario Douglas,25304,WR,NE,70.49,5.28,56,80,NA,demario-douglas.php,NA,NA,2.9,NA,NA,NA,NA,NA,11,Demario Douglas,2026-10-02,NEP
/nfl/rankings/ppr-wr.php,weekly-wr,wp,Jalen Nailor,24177,WR,LV,73.08,3.74,67,81,NA,jalen-nailor.php,NA,NA,18.8,NA,NA,NA,NA,NA,13,Jalen Nailor,2026-10-02,LVR
/nfl/rankings/ppr-wr.php,weekly-wr,wp,Isaiah Williams,26379,WR,NYJ,72.27,5.28,57,87,NA,isaiah-williams-wr.php,NA,NA,1.7,NA,NA,NA,NA,NA,13,Isaiah Williams,2026-10-02,NYJ
/nfl/rankings/ppr-wr.php,weekly-wr,wp,Cooper Kupp,16433,WR,SEA,73.73,5.81,62,103,NA,cooper-kupp.php,NA,NA,12.6,NA,NA,NA,NA,NA,11,Cooper Kupp,2026-10-02,SEA
/nfl/rankings/ppr-wr.php,weekly-wr,wp,Tyquan Thornton,22913,WR,KC,78.74,6.17,68,103,NA,tyquan-thornton.php,NA,NA,2.6,NA,NA,NA,NA,NA,5,Tyquan Thornton,2026-10-02,KCC
/nfl/rankings/ppr-wr.php,weekly-wr,wp,Jauan Jennings,19590,WR,MIN,77.68,11.34,58,121,NA,jauan-jennings.php,NA,NA,12.3,NA,NA,NA,NA,NA,6,Jauan Jennings,2026-10-02,MIN
/nfl/rankings/ppr-wr.php,weekly-wr,wp,Jaylin Noel,27122,WR,HOU,78.32,7.68,67,101,NA,jaylin-noel.php,NA,NA,4.6,NA,NA,NA,NA,NA,8,Jaylin Noel,2026-10-02,HOU
/nfl/rankings/ppr-wr.php,weekly-wr,wp,Keon Coleman,26019,WR,BUF,79.89,6.65,64,108,NA,keon-coleman.php,NA,NA,8.7,NA,NA,NA,NA,NA,7,Keon Coleman,2026-10-02,BUF
/nfl/rankings/ppr-wr.php,weekly-wr,wp,Antonio Williams,25418,WR,WAS,80.17,4.8,69,97,NA,antonio-williams-wr.php,NA,NA,8.5,NA,NA,NA,NA,NA,7,Antonio Williams,2026-10-02,WAS
/nfl/rankings/ppr-wr.php,weekly-wr,wp,Konata Mumpfield,27449,WR,LAR,85.05,11.55,64,114,NA,konata-mumpfield.php,NA,NA,4.2,NA,NA,NA,NA,NA,11,Konata Mumpfield,2026-10-02,LAR
/nfl/rankings/ppr-wr.php,weekly-wr,wp,Isaac TeSlaa,27446,WR,DET,83.14,5.48,75,101,NA,isaac-teslaa.php,NA,NA,3.7,NA,NA,NA,NA,NA,6,Isaac TeSlaa,2026-10-02,DET
/nfl/rankings/ppr-wr.php,weekly-wr,wp,Elic Ayomanor,27059,WR,TEN,84.73,3.04,79,95,NA,elic-ayomanor.php,NA,NA,1.5,NA,NA,NA,NA,NA,9,Elic Ayomanor,2026-10-02,TEN
/nfl/rankings/ppr-wr.php,weekly-wr,wp,Jahan Dotson,23101,WR,ATL,82.28,5.66,72,100,NA,jahan-dotson.php,NA,NA,1.7,NA,NA,NA,NA,NA,11,Jahan Dotson,2026-10-02,ATL
/nfl/rankings/ppr-wr.php,weekly-wr,wp,Darnell Mooney,19810,WR,NYG,84.91,4.97,76,98,NA,darnell-mooney.php,NA,NA,3.2,NA,NA,NA,NA,9,8,Darnell Mooney,2026-10-02,NYG
/nfl/rankings/ppr-wr.php,weekly-wr,wp,Joshua Palmer,22845,WR,BUF,87.52,6.32,73,100,NA,josh-palmer.php,NA,NA,2.6,NA,NA,NA,NA,NA,7,Josh Palmer,2026-10-02,BUF
/nfl/rankings/ppr-wr.php,weekly-wr,wp,Bryce Lance,28129,WR,NO,88.03,3.33,82,97,NA,bryce-lance.php,NA,NA,1,NA,NA,NA,NA,NA,8,Bryce Lance,2026-10-02,NOS
/nfl/rankings/ppr-wr.php,weekly-wr,wp,Laquon Treadwell,15495,WR,IND,88.06,8.15,71,115,NA,laquon-treadwell.php,NA,NA,0.1,NA,NA,NA,NA,NA,13,Laquon Treadwell,2026-10-02,IND
/nfl/rankings/ppr-wr.php,weekly-wr,wp,Jerry Jeudy,19201,WR,CLE,87.9,3.76,83,99,NA,jerry-jeudy.php,NA,NA,15.6,NA,NA,NA,NA,NA,11,Jerry Jeudy,2026-10-02,CLE
/nfl/rankings/ppr-wr.php,weekly-wr,wp,Brycen Tremayne,25631,WR,CAR,87.9,13.44,50,122,NA,brycen-tremayne.php,NA,NA,0.1,NA,NA,NA,NA,NA,5,Brycen Tremayne,2026-10-02,CAR
/nfl/rankings/ppr-wr.php,weekly-wr,wp,Jordan Watkins,27486,WR,SF,95.63,13.86,79,140,NA,jordan-watkins.php,NA,NA,0.6,NA,NA,NA,NA,NA,8,Jordan Watkins,2026-10-02,SFO
/nfl/rankings/ppr-wr.php,weekly-wr,wp,Olamide Zaccheaus,18864,WR,ATL,95.1,5.41,88,110,NA,olamide-zaccheaus.php,NA,NA,0.6,NA,NA,NA,NA,NA,11,Olamide Zaccheaus,2026-10-02,ATL
/nfl/rankings/ppr-wr.php,weekly-wr,wp,Kyle Williams,27487,WR,NE,95.68,5.86,92,122,NA,kyle-williams-wr-2025.php,NA,NA,1.6,NA,NA,NA,NA,NA,11,Kyle Williams,2026-10-02,NEP
/nfl/rankings/ppr-wr.php,weekly-wr,wp,Germie Bernard,26039,WR,PIT,92.76,5.88,82,107,NA,germie-bernard.php,NA,NA,5.7,NA,NA,NA,NA,NA,9,Germie Bernard,2026-10-02,PIT
/nfl/rankings/ppr-wr.php,weekly-wr,wp,Calvin Ridley,17258,WR,TEN,97.65,5.93,88,118,NA,calvin-ridley.php,NA,NA,6.3,NA,NA,NA,NA,NA,9,Calvin Ridley,2026-10-02,TEN
/nfl/rankings/ppr-wr.php,weekly-wr,wp,Tez Johnson,27147,WR,TB,99.94,5.3,94,112,NA,tez-johnson.php,NA,NA,0.6,NA,NA,NA,NA,NA,10,Tez Johnson,2026-10-02,TBB
/nfl/rankings/ppr-wr.php,weekly-wr,wp,Kevin Coleman Jr.,28067,WR,MIA,98.6,7.99,82,119,NA,kevin-coleman-jr.php,NA,NA,1.1,NA,NA,NA,NA,NA,6,Kevin Coleman,2026-10-02,MIA
/nfl/rankings/ppr-wr.php,weekly-wr,wp,Troy Franklin,23092,WR,DEN,102.63,9.11,85,125,NA,troy-franklin.php,NA,NA,1.4,NA,NA,NA,NA,NA,10,Troy Franklin,2026-10-02,DEN
/nfl/rankings/ppr-wr.php,weekly-wr,wp,Zachariah Branch,25419,WR,ATL,103,7.34,92,118,NA,zachariah-branch.php,NA,NA,8.7,NA,NA,NA,NA,NA,11,Zachariah Branch,2026-10-02,ATL
/nfl/rankings/ppr-wr.php,weekly-wr,wp,Chris Moore,15654,WR,BAL,102,4.75,91,113,NA,chris-moore.php,NA,NA,0.4,NA,NA,NA,NA,NA,13,Chris Moore,2026-10-02,BAL
/nfl/rankings/ppr-wr.php,weekly-wr,wp,Adonai Mitchell,24357,WR,NYJ,93.52,22.48,42,143,NA,adonai-mitchell.php,NA,NA,37.1,NA,NA,NA,NA,-10,13,Adonai Mitchell,2026-10-02,NYJ
/nfl/rankings/ppr-wr.php,weekly-wr,wp,Skyy Moore,23905,WR,GB,96.35,6.93,83,110,NA,skyy-moore.php,NA,NA,1.4,NA,NA,NA,NA,NA,11,Skyy Moore,2026-10-02,GBP
/nfl/rankings/ppr-wr.php,weekly-wr,wp,Dohnte Meyers,28178,WR,CIN,94.88,10.64,79,125,NA,dohnte-meyers.php,NA,NA,1.5,NA,NA,NA,NA,NA,6,Dohnte Meyers,2026-10-02,CIN
/nfl/rankings/ppr-wr.php,weekly-wr,wp,KaVontae Turpin,18520,WR,DAL,109.62,7.83,99,124,NA,kavontae-turpin.php,NA,NA,2.7,NA,NA,NA,NA,NA,14,KaVontae Turpin,2026-10-02,DAL
/nfl/rankings/ppr-wr.php,weekly-wr,wp,Jacob Cowing,25289,WR,SF,101.4,7.14,81,112,NA,jacob-cowing.php,NA,NA,0.6,NA,NA,NA,NA,NA,8,Jacob Cowing,2026-10-02,SFO
/nfl/rankings/ppr-wr.php,weekly-wr,wp,Josh Cameron,28137,WR,JAC,105.46,8.35,84,121,NA,josh-cameron.php,NA,NA,0.7,NA,NA,NA,NA,NA,7,Josh Cameron,2026-10-02,JAC
/nfl/rankings/ppr-wr.php,weekly-wr,wp,Devontez Walker,26011,WR,BAL,110,6.35,101,127,NA,devontez-walker.php,NA,NA,0.6,NA,NA,NA,NA,NA,13,Devontez Walker,2026-10-02,BAL
/nfl/rankings/ppr-wr.php,weekly-wr,wp,Travis Hunter,26034,WR,JAC,111.29,7.45,100,127,NA,travis-hunter.php,NA,NA,50,NA,NA,NA,NA,NA,7,Travis Hunter,2026-10-02,JAC
/nfl/rankings/ppr-wr.php,weekly-wr,wp,John Metchie III,22895,WR,CAR,104.13,11.77,73,119,NA,john-metchie.php,NA,NA,1.3,NA,NA,NA,NA,NA,5,John Metchie,2026-10-02,CAR
/nfl/rankings/ppr-wr.php,weekly-wr,wp,Cody White,19739,WR,LV,103.26,9.57,74,116,NA,cody-white-wr.php,NA,NA,0.7,NA,NA,NA,NA,NA,13,Cody White,2026-10-02,LVR
/nfl/rankings/ppr-wr.php,weekly-wr,wp,Tory Horton,26022,WR,SEA,108.2,6.29,93,121,NA,tory-horton.php,NA,NA,1.8,NA,NA,NA,NA,NA,11,Tory Horton,2026-10-02,SEA
/nfl/rankings/ppr-wr.php,weekly-wr,wp,Chimere Dike,27315,WR,TEN,118.55,12.77,103,139,NA,chimere-dike.php,NA,NA,1.5,NA,NA,NA,NA,NA,9,Chimere Dike,2026-10-02,TEN
/nfl/rankings/ppr-wr.php,weekly-wr,wp,Treylon Burks,22905,WR,WAS,106.88,7.32,99,126,NA,treylon-burks.php,NA,NA,1.7,NA,NA,NA,NA,NA,7,Treylon Burks,2026-10-02,WAS
/nfl/rankings/ppr-wr.php,weekly-wr,wp,Caleb Douglas,28135,WR,MIA,82.18,20.35,61,116,NA,caleb-douglas.php,NA,NA,19.7,NA,NA,NA,NA,NA,6,Caleb Douglas,2026-10-02,MIA
/nfl/rankings/ppr-wr.php,weekly-wr,wp,Tutu Atwell,20126,WR,LAR,115.17,15.55,100,167,NA,tutu-atwell.php,NA,NA,0.8,NA,NA,NA,NA,-11,11,Tutu Atwell,2026-10-02,LAR
/nfl/rankings/ppr-wr.php,weekly-wr,wp,Jared Wayne,25495,WR,HOU,113.12,8.53,87,121,NA,jared-wayne.php,NA,NA,0,NA,NA,NA,NA,NA,8,Jared Wayne,2026-10-02,HOU
/nfl/rankings/ppr-wr.php,weekly-wr,wp,Dyami Brown,20113,WR,WAS,111.81,8.05,99,127,NA,dyami-brown.php,NA,NA,0.6,NA,NA,NA,NA,NA,7,Dyami Brown,2026-10-02,WAS
/nfl/rankings/ppr-wr.php,weekly-wr,wp,Jalen Royals,27076,WR,KC,119.6,3.65,113,129,NA,jalen-royals.php,NA,NA,0.6,NA,NA,NA,NA,NA,5,Jalen Royals,2026-10-02,KCC
/nfl/rankings/ppr-wr.php,weekly-wr,wp,Sterling Shepard,15569,WR,NYJ,112.92,18.38,91,143,NA,sterling-shepard.php,NA,NA,1.8,NA,NA,NA,NA,NA,13,Sterling Shepard,2026-10-02,NYJ
/nfl/rankings/ppr-wr.php,weekly-wr,wp,Xavier Legette,26136,WR,CAR,103.91,21.33,80,158,NA,xavier-legette.php,NA,NA,1.3,NA,NA,NA,NA,NA,5,Xavier Legette,2026-10-02,CAR
/nfl/rankings/ppr-wr.php,weekly-wr,wp,Darius Slayton,18706,WR,IND,109.92,13.37,96,149,NA,darius-slayton.php,NA,NA,1,NA,NA,NA,NA,NA,13,Darius Slayton,2026-10-02,IND
/nfl/rankings/ppr-wr.php,weekly-wr,wp,Jordan Whittington,23135,WR,LAR,120.07,8.38,103,134,NA,jordan-whittington.php,NA,NA,0.6,NA,NA,NA,NA,NA,11,Jordan Whittington,2026-10-02,LAR
/nfl/rankings/ppr-wr.php,weekly-wr,wp,J. Michael Sturdivant,26139,WR,GB,116.77,12.12,98,141,NA,jmichael-sturdivant.php,NA,NA,0,NA,NA,NA,NA,NA,11,J Michael Sturdivant,2026-10-02,GBP
/nfl/rankings/ppr-wr.php,weekly-wr,wp,Bo Melton,24049,WR,GB,119.08,9.63,110,145,NA,bo-melton.php,NA,NA,0.6,NA,NA,NA,NA,NA,11,Bo Melton,2026-10-02,GBP
/nfl/rankings/ppr-wr.php,weekly-wr,wp,Darius Cooper,27866,WR,PHI,122.17,19.19,86,144,NA,darius-cooper.php,NA,NA,0.6,NA,NA,NA,NA,-17,10,Darius Cooper,2026-10-02,PHI
/nfl/rankings/ppr-wr.php,weekly-wr,wp,Malik Benson,26012,WR,LV,122.83,6.44,107,130,NA,malik-benson.php,NA,NA,0.6,NA,NA,NA,NA,-16,13,Malik Benson,2026-10-02,LVR
/nfl/rankings/ppr-wr.php,weekly-wr,wp,Marvin Mims Jr.,23080,WR,DEN,119.18,17.08,104,169,NA,marvin-mims.php,NA,NA,2.6,NA,NA,NA,NA,NA,10,Marvin Mims,2026-10-02,DEN
/nfl/rankings/ppr-wr.php,weekly-wr,wp,Xavier Smith,25627,WR,LAR,125.58,7.26,116,141,NA,xavier-smith.php,NA,NA,0.6,NA,NA,NA,NA,NA,11,Xavier Smith,2026-10-02,LAR
/nfl/rankings/ppr-wr.php,weekly-wr,wp,KhaDarel Hodge,18166,WR,FA,112.38,16.01,97,144,NA,khadarel-hodge.php,NA,NA,1.2,NA,NA,NA,NA,NA,NA,KhaDarel Hodge,2026-10-02,FA
/nfl/rankings/ppr-wr.php,weekly-wr,wp,Ryan Miller,25857,WR,MIA,128.27,18.08,104,176,NA,ryan-miller-wr.php,NA,NA,1,NA,NA,NA,NA,NA,6,Ryan Miller,2026-10-02,MIA
/nfl/rankings/ppr-wr.php,weekly-wr,wp,Tai Felton,27182,WR,MIN,132.92,21.86,89,152,NA,tai-felton.php,NA,NA,0.6,NA,NA,NA,NA,NA,6,Tai Felton,2026-10-02,MIN
/nfl/rankings/ppr-wr.php,weekly-wr,wp,Cyrus Allen,28424,WR,KC,136.15,10.13,113,149,NA,cyrus-allen.php,NA,NA,10.6,NA,NA,NA,NA,-17,5,Cyrus Allen,2026-10-02,KCC
/nfl/rankings/ppr-wr.php,weekly-wr,wp,LaJohntay Wester,27447,WR,BAL,127.5,9.63,108,137,NA,lajohntay-wester.php,NA,NA,0.7,NA,NA,NA,NA,-30,13,LaJohntay Wester,2026-10-02,BAL
/nfl/rankings/ppr-wr.php,weekly-wr,wp,Zavion Thomas,28132,WR,CHI,133.27,6.86,123,146,NA,zavion-thomas.php,NA,NA,1.8,NA,NA,NA,NA,-16,10,Zavion Thomas,2026-10-02,CHI
/nfl/rankings/ppr-wr.php,weekly-wr,wp,Efton Chism III,27445,WR,NE,125.89,7.58,116,137,NA,efton-chismi.php,NA,NA,0.6,NA,NA,NA,NA,NA,11,Efton Chism,2026-10-02,NEP
/nfl/rankings/ppr-wr.php,weekly-wr,wp,Elijah Sarratt,27463,WR,BAL,123.38,21.78,102,173,NA,elijah-sarratt.php,NA,NA,4.1,NA,NA,NA,NA,-24,13,Elijah Sarratt,2026-10-02,BAL
/nfl/rankings/ppr-wr.php,weekly-wr,wp,Deion Burks,27093,WR,IND,122.88,8.02,112,135,NA,deion-burks.php,NA,NA,2,NA,NA,NA,NA,NA,13,Deion Burks,2026-10-02,IND
/nfl/rankings/ppr-wr.php,weekly-wr,wp,Ben Skowronek,22843,WR,PIT,128.67,7.66,117,140,NA,ben-skowronek.php,NA,NA,0.1,NA,NA,NA,NA,NA,9,Ben Skowronek,2026-10-02,PIT
/nfl/rankings/ppr-wr.php,weekly-wr,wp,Isaiah Bond,24371,WR,CLE,134.9,7.09,123,144,NA,isaiah-bond.php,NA,NA,0.6,NA,NA,NA,NA,-31,11,Isaiah Bond,2026-10-02,CLE
/nfl/rankings/ppr-wr.php,weekly-wr,wp,Jaylin Lane,27454,WR,WAS,133.44,5.96,123,146,NA,jaylin-lane.php,NA,NA,0.6,NA,NA,NA,NA,NA,7,Jaylin Lane,2026-10-02,WAS
/nfl/rankings/ppr-wr.php,weekly-wr,wp,Brandin Cooks,12122,WR,SF,110.2,27.39,85,160,NA,brandin-cooks.php,NA,NA,0.8,NA,NA,NA,NA,NA,8,Brandin Cooks,2026-10-02,SFO
/nfl/rankings/ppr-wr.php,weekly-wr,wp,Jahdae Walker,27810,WR,CHI,139.4,10.89,121,155,NA,jahdae-walker.php,NA,NA,0.8,NA,NA,NA,NA,NA,10,Jahdae Walker,2026-10-02,CHI
/nfl/rankings/ppr-wr.php,weekly-wr,wp,Dareke Young,24570,WR,LV,136.44,5.81,129,150,NA,dareke-young.php,NA,NA,1,NA,NA,NA,NA,NA,13,Dareke Young,2026-10-02,LVR
/nfl/rankings/ppr-wr.php,weekly-wr,wp,Jonathan Mingo,23030,WR,DAL,133.88,4.26,126,141,NA,jonathan-mingo.php,NA,NA,0.6,NA,NA,NA,NA,NA,14,Jonathan Mingo,2026-10-02,DAL
/nfl/rankings/ppr-wr.php,weekly-wr,wp,Jalen Tolbert,23770,WR,MIA,131.43,15.66,106,148,NA,jalen-tolbert.php,NA,NA,1.1,NA,NA,NA,NA,-28,6,Jalen Tolbert,2026-10-02,MIA
/nfl/rankings/ppr-wr.php,weekly-wr,wp,Braxton Berrios,17289,WR,NYG,131.43,5.65,125,139,NA,braxton-berrios.php,NA,NA,0.6,NA,NA,NA,NA,NA,8,Braxton Berrios,2026-10-02,NYG
/nfl/rankings/ppr-wr.php,weekly-wr,wp,Myles Price,27805,WR,MIN,144.1,6.02,128,151,NA,myles-price.php,NA,NA,1.2,NA,NA,NA,NA,NA,6,Myles Price,2026-10-02,MIN
/nfl/rankings/ppr-wr.php,weekly-wr,wp,Kevin Austin Jr.,23049,WR,NO,140.63,7.45,130,153,NA,kevin-austin.php,NA,NA,1,NA,NA,NA,NA,NA,8,Kevin Austin,2026-10-02,NOS
/nfl/rankings/ppr-wr.php,weekly-wr,wp,Mitch Tinsley,24370,WR,CIN,126.6,2.06,124,129,NA,mitchell-tinsley.php,NA,NA,1,NA,NA,NA,NA,NA,6,Mitch Tinsley,2026-10-02,CIN
/nfl/rankings/ppr-wr.php,weekly-wr,wp,Chris Blair,22684,WR,ATL,138.71,5.23,127,145,NA,chris-blair.php,NA,NA,0,NA,NA,NA,NA,NA,11,Chris Blair,2026-10-02,ATL
/nfl/rankings/ppr-wr.php,weekly-wr,wp,Colbie Young,26037,WR,CIN,130,21.25,106,168,NA,colbie-young.php,NA,NA,0.8,NA,NA,NA,NA,-22,6,Colbie Young,2026-10-02,CIN
/nfl/rankings/ppr-wr.php,weekly-wr,wp,Malik McClain,28686,WR,NYJ,140.86,8.31,127,156,NA,malik-mcclain.php,NA,NA,0,NA,NA,NA,NA,NA,13,Malik McClain,2026-10-02,NYJ
/nfl/rankings/ppr-wr.php,weekly-wr,wp,Marquez Valdes-Scantling,17528,WR,LAC,144.13,6.7,131,154,NA,marquez-valdesscantling.php,NA,NA,1.3,NA,NA,NA,NA,NA,7,Marquez Valdes-Scantling,2026-10-02,LAC
/nfl/rankings/ppr-wr.php,weekly-wr,wp,Derius Davis,25334,WR,LAC,141.71,4.37,134,147,NA,derius-davis.php,NA,NA,1,NA,NA,NA,NA,NA,7,Derius Davis,2026-10-02,LAC
/nfl/rankings/ppr-wr.php,weekly-wr,wp,Brenen Thompson,28133,WR,LAC,133.8,28.88,95,174,NA,brenen-thompson.php,NA,NA,0.9,NA,NA,NA,NA,NA,7,Brenen Thompson,2026-10-02,LAC
/nfl/rankings/ppr-wr.php,weekly-wr,wp,Jack Bech,27224,WR,LV,128.33,21.93,109,159,NA,jack-bech.php,NA,NA,1.4,NA,NA,NA,NA,-53,13,Jack Bech,2026-10-02,LVR
/nfl/rankings/ppr-wr.php,weekly-wr,wp,Ashton Dulin,18656,WR,IND,144.2,9.5,127,156,NA,ashton-dulin.php,NA,NA,0.7,NA,NA,NA,NA,NA,13,Ashton Dulin,2026-10-02,IND
/nfl/rankings/ppr-wr.php,weekly-wr,wp,Jalen Brooks,25468,WR,ARI,150.5,7.41,136,158,NA,jalen-brooks.php,NA,NA,1,NA,NA,NA,NA,NA,14,Jalen Brooks,2026-10-02,ARI
/nfl/rankings/ppr-wr.php,weekly-wr,wp,David Moore,16757,WR,CAR,118,12,106,130,NA,david-moore.php,NA,NA,1.4,NA,NA,NA,NA,NA,5,David Moore,2026-10-02,CAR
/nfl/rankings/ppr-wr.php,weekly-wr,wp,Ke'Shawn Williams,27724,WR,CIN,148,4.15,142,154,NA,keshawn-williams.php,NA,NA,0,NA,NA,NA,NA,NA,6,KeShawn Williams,2026-10-02,CIN
/nfl/rankings/ppr-wr.php,weekly-wr,wp,Luke McCaffrey,26328,WR,WAS,143.67,34.27,111,191,NA,luke-mccaffrey.php,NA,NA,0.6,NA,NA,NA,NA,-40,7,Luke McCaffrey,2026-10-02,WAS
/nfl/rankings/ppr-wr.php,weekly-wr,wp,Charlie Jones,25336,WR,NYG,148.4,6.47,141,160,NA,charlie-jones.php,NA,NA,1.2,NA,NA,NA,NA,NA,8,Charlie Jones,2026-10-02,NYG
/nfl/rankings/ppr-wr.php,weekly-wr,wp,Britain Covey,24234,WR,PHI,150,10.77,135,161,NA,britain-covey.php,NA,NA,1,NA,NA,NA,NA,NA,10,Britain Covey,2026-10-02,PHI
/nfl/rankings/ppr-wr.php,weekly-wr,wp,Odell Beckham Jr.,12127,WR,FA,129,5,124,134,NA,odell-beckham.php,NA,NA,2.7,NA,NA,NA,NA,NA,NA,Odell Beckham,2026-10-02,FA
/nfl/rankings/ppr-wr.php,weekly-wr,wp,Nikko Remigio,25772,WR,KC,158,17.92,142,193,NA,nikko-remigio.php,NA,NA,0.6,NA,NA,NA,NA,NA,5,Nikko Remigio,2026-10-02,KCC
/nfl/rankings/ppr-wr.php,weekly-wr,wp,Kameron Johnson,26626,WR,TB,154.2,4.07,151,162,NA,kameron-johnson.php,NA,NA,0.1,NA,NA,NA,NA,NA,10,Kameron Johnson,2026-10-02,TBB
/nfl/rankings/ppr-wr.php,weekly-wr,wp,Tay Martin,24029,WR,DET,146.67,11.09,131,155,NA,tay-martin.php,NA,NA,1,NA,NA,NA,NA,NA,6,Tay Martin,2026-10-02,DET
/nfl/rankings/ppr-wr.php,weekly-wr,wp,Elijah Moore,20114,WR,PHI,154.8,12.16,132,166,NA,elijah-moore.php,NA,NA,1.1,NA,NA,NA,NA,NA,10,Elijah Moore,2026-10-02,PHI
/nfl/rankings/ppr-wr.php,weekly-wr,wp,Greg Dortch,18585,WR,BUF,155.2,2.4,151,158,NA,greg-dortch.php,NA,NA,0.6,NA,NA,NA,NA,NA,7,Greg Dortch,2026-10-02,BUF
/nfl/rankings/ppr-wr.php,weekly-wr,wp,Jimmy Horn Jr.,27294,WR,CLE,139.5,10.5,129,150,NA,jimmy-horn-jr.php,NA,NA,0.7,NA,NA,NA,NA,NA,11,Jimmy Horn,2026-10-02,CLE
/nfl/rankings/ppr-wr.php,weekly-wr,wp,Malachi Corley,26023,WR,CLE,156,5.87,149,163,NA,malachi-corley.php,NA,NA,1,NA,NA,NA,NA,NA,11,Malachi Corley,2026-10-02,CLE
/nfl/rankings/ppr-wr.php,weekly-wr,wp,Simi Fehoko,23196,WR,ARI,157,6.1,147,165,NA,simi-fehoko.php,NA,NA,1,NA,NA,NA,NA,NA,14,Simi Fehoko,2026-10-02,ARI
/nfl/rankings/ppr-wr.php,weekly-wr,wp,Lil'Jordan Humphrey,18590,WR,DEN,153.33,12.81,141,171,NA,liljordan-humphrey.php,NA,NA,1.1,NA,NA,NA,NA,NA,10,LilJordan Humphrey,2026-10-02,DEN
/nfl/rankings/ppr-wr.php,weekly-wr,wp,Tom Kennedy,19052,WR,DET,163.8,16.95,146,196,NA,tom-kennedy.php,NA,NA,0,NA,NA,NA,NA,NA,6,Tom Kennedy,2026-10-02,DET
/nfl/rankings/ppr-wr.php,weekly-wr,wp,Nick Westbrook-Ikhine,19747,WR,IND,156,33,123,189,NA,nick-westbrook.php,NA,NA,1,NA,NA,NA,NA,NA,13,Nick Westbrook-Ikhine,2026-10-02,IND
/nfl/rankings/ppr-wr.php,weekly-wr,wp,Reggie Virgil,28141,WR,ARI,154.5,30.5,124,185,NA,reggie-virgil.php,NA,NA,1.2,NA,NA,NA,NA,NA,14,Reggie Virgil,2026-10-02,ARI
/nfl/rankings/ppr-wr.php,weekly-wr,wp,Anthony Gould,26404,WR,IND,158,34,124,192,NA,anthony-gould.php,NA,NA,1,NA,NA,NA,NA,NA,13,Anthony Gould,2026-10-02,IND
/nfl/rankings/ppr-wr.php,weekly-wr,wp,Skyler Bell,28126,WR,BUF,146.5,15.5,131,162,NA,skyler-bell.php,NA,NA,3,NA,NA,NA,NA,NA,7,Skyler Bell,2026-10-02,BUF
/nfl/rankings/ppr-wr.php,weekly-wr,wp,CJ Daniels,28125,WR,LAR,152.5,25.5,127,178,NA,cj-daniels.php,NA,NA,1.3,NA,NA,NA,NA,NA,11,CJ Daniels,2026-10-02,LAR
/nfl/rankings/ppr-wr.php,weekly-wr,wp,Hollywood Brown,18226,WR,PHI,158.67,20.07,133,182,NA,marquise-brown.php,NA,NA,1.2,NA,NA,NA,NA,NA,10,Marquise Brown,2026-10-02,PHI
/nfl/rankings/ppr-wr.php,weekly-wr,wp,Barion Brown,25416,WR,NO,163.6,12.03,155,187,NA,barion-brown.php,NA,NA,1.4,NA,NA,NA,NA,NA,8,Barion Brown,2026-10-02,NOS
/nfl/rankings/ppr-wr.php,weekly-wr,wp,Kaden Wetjen,28435,WR,PIT,165,15.18,150,194,NA,kaden-wetjen.php,NA,NA,0.7,NA,NA,NA,NA,NA,9,Kaden Wetjen,2026-10-02,PIT
/nfl/rankings/ppr-wr.php,weekly-wr,wp,Lewis Bond,28144,WR,HOU,160,23,137,183,NA,lewis-bond.php,NA,NA,1.1,NA,NA,NA,NA,NA,8,Lewis Bond,2026-10-02,HOU
/nfl/rankings/ppr-wr.php,weekly-wr,wp,Kolbe Katsis,28833,WR,DEN,153,9,144,162,NA,kolbe-katsis.php,NA,NA,0,NA,NA,NA,NA,NA,10,Kolbe Katsis,2026-10-02,DEN
/nfl/rankings/ppr-wr.php,weekly-wr,wp,Devin Duvernay,19270,WR,ARI,170,14,156,184,NA,devin-duvernay.php,NA,NA,0.6,NA,NA,NA,NA,NA,14,Devin Duvernay,2026-10-02,ARI
/nfl/rankings/ppr-wr.php,weekly-wr,wp,Jamaal Pritchett,27453,WR,NYJ,176,19,157,195,NA,jamaal-pritchett.php,NA,NA,0,NA,NA,NA,NA,NA,13,Jamaal Pritchett,2026-10-02,NYJ
/nfl/rankings/ppr-wr.php,weekly-wr,wp,Jalen Cropper,25359,WR,NO,167,5,162,172,NA,jalen-morenocropper.php,NA,NA,0,NA,NA,NA,NA,NA,8,Jalen Cropper,2026-10-02,NOS
