"page","page_pos","scrape_date","fantasypros_id","player_name","pos","team","rank","ecr","sd","best","worst","player_positions","player_short_name","player_eligibility","player_page_url","player_filename","player_bye_week","player_owned_avg","player_opponent","player_opponent_id","player_game_kickoff_ts","player_game_status","player_ecr_delta","pos_rank","start_sit_grade","r2p_pts","note","tag","recommendation"
"qb","QB",2026-10-06,"17298","Josh Allen","QB","BUF",1,1,0,1,1,"QB","J. Allen","QB","https://www.fantasypros.com/nfl/players/josh-allen-qb.php","josh-allen-qb.php","7",99.7,"at LAR","LAR",1791850500,"scheduled",NA,"QB1","A+","20.8",NA,NA,NA
"qb","QB",2026-10-06,"9451","Matthew Stafford","QB","LAR",2,2.5,0.5,2,3,"QB","M. Stafford","QB","https://www.fantasypros.com/nfl/players/matthew-stafford.php","matthew-stafford.php","11",89.8,"vs. BUF","BUF",1791850500,"scheduled",NA,"QB2","A","20.2",NA,NA,NA
"qb","QB",2026-10-06,"15501","Jared Goff","QB","DET",3,2.83,0.37,2,3,"QB","J. Goff","QB","https://www.fantasypros.com/nfl/players/jared-goff.php","jared-goff.php","6",83.4,"at ARI","ARI",1791750300,"scheduled",NA,"QB3","A","19.9",NA,NA,NA
"qb","QB",2026-10-06,"19196","Joe Burrow","QB","CIN",4,4,0,4,4,"QB","J. Burrow","QB","https://www.fantasypros.com/nfl/players/joe-burrow.php","joe-burrow.php","6",98.3,"at MIA","MIA",1791738000,"scheduled",NA,"QB4","A","19.5",NA,NA,NA
"qb","QB",2026-10-06,"19780","Trevor Lawrence","QB","JAC",5,5.33,0.47,5,6,"QB","T. Lawrence","QB","https://www.fantasypros.com/nfl/players/trevor-lawrence.php","trevor-lawrence.php","7",91.6,"vs. PHI","PHI",1791725400,"scheduled",NA,"QB5","A","19.2",NA,NA,NA
"qb","QB",2026-10-06,"15600","Dak Prescott","QB","DAL",6,5.67,0.47,5,6,"QB","D. Prescott","QB","https://www.fantasypros.com/nfl/players/dak-prescott.php","dak-prescott.php","14",95.6,"vs. TB","TB",1791504900,"scheduled",NA,"QB6","A","18.9",NA,NA,NA
"qb","QB",2026-10-06,"19797","Brock Purdy","QB","SF",7,7,0,7,7,"QB","B. Purdy","QB","https://www.fantasypros.com/nfl/players/brock-purdy.php","brock-purdy.php","8",92.4,"at SEA","SEA",1791750300,"scheduled",NA,"QB7","B+","18.6",NA,NA,NA
"qb","QB",2026-10-06,"23046","Drake Maye","QB","NE",8,8.17,0.37,8,9,"QB","D. Maye","QB","https://www.fantasypros.com/nfl/players/drake-maye.php","drake-maye.php","11",87.1,"vs. LV","LV",1791738000,"scheduled",NA,"QB8","B","18.2",NA,NA,NA
"qb","QB",2026-10-06,"15642","Jacoby Brissett","QB","ARI",9,9.33,0.75,9,11,"QB","J. Brissett","QB","https://www.fantasypros.com/nfl/players/jacoby-brissett.php","jacoby-brissett.php","14",14,"vs. DET","DET",1791750300,"scheduled",NA,"QB9","B","17.9",NA,NA,NA
"qb","QB",2026-10-06,"23096","Tyler Shough","QB","NO",10,10.67,1.11,9,12,"QB","T. Shough","QB","https://www.fantasypros.com/nfl/players/tyler-shough.php","tyler-shough.php","8",88.9,"vs. MIN","MIN",1791738000,"scheduled",NA,"QB10","B","17.6",NA,NA,NA
"qb","QB",2026-10-06,"19246","Jordan Love","QB","GB",11,10.83,0.69,10,12,"QB","J. Love","QB","https://www.fantasypros.com/nfl/players/jordan-love.php","jordan-love.php","11",62.1,"vs. CHI","CHI",1791738000,"scheduled",NA,"QB11","B-","17.3",NA,NA,NA
"qb","QB",2026-10-06,"22902","Jayden Daniels","QB","WAS",12,11.83,1.95,10,16,"QB","J. Daniels","QB","https://www.fantasypros.com/nfl/players/jayden-daniels.php","jayden-daniels.php","7",79.9,"vs. NYG","NYG",1791738000,"scheduled",NA,"QB12","C+","17.0",NA,NA,NA
"qb","QB",2026-10-06,"19275","Jalen Hurts","QB","PHI",13,12.83,1.07,12,15,"QB","J. Hurts","QB","https://www.fantasypros.com/nfl/players/jalen-hurts.php","jalen-hurts.php","10",98.5,"at JAC","JAC",1791725400,"scheduled",NA,"QB13","C+","16.7",NA,NA,NA
"qb","QB",2026-10-06,"18600","Kyler Murray","QB","MIN",14,14,1.41,13,17,"QB","K. Murray","QB","https://www.fantasypros.com/nfl/players/kyler-murray.php","kyler-murray.php","6",64.7,"at NO","NO",1791738000,"scheduled",NA,"QB14","C","16.5",NA,NA,NA
"qb","QB",2026-10-06,"13891","Jameis Winston","QB","NYG",15,15.17,0.9,14,16,"QB","J. Winston","QB","https://www.fantasypros.com/nfl/players/jameis-winston.php","jameis-winston.php","8",4.5,"at WAS","WAS",1791738000,"scheduled",NA,"QB15","C","16.3",NA,NA,NA
"qb","QB",2026-10-06,"22910","Bo Nix","QB","DEN",16,15.5,0.76,15,17,"QB","Bo Nix","QB","https://www.fantasypros.com/nfl/players/bo-nix.php","bo-nix.php","10",77.9,"at LAC","LAC",1791749100,"scheduled",NA,"QB16","C","16.2",NA,NA,NA
"qb","QB",2026-10-06,"17236","Sam Darnold","QB","SEA",17,17.5,0.96,16,19,"QB","S. Darnold","QB","https://www.fantasypros.com/nfl/players/sam-darnold.php","sam-darnold.php","11",51.2,"vs. SF","SF",1791750300,"scheduled",NA,"QB17","C-","16.1",NA,NA,NA
"qb","QB",2026-10-06,"11177","Kirk Cousins","QB","LV",18,19,0.82,18,20,"QB","K. Cousins","QB","https://www.fantasypros.com/nfl/players/kirk-cousins.php","kirk-cousins.php","13",26.7,"at NE","NE",1791738000,"scheduled",NA,"QB18","D+","16.0",NA,NA,NA
"qb","QB",2026-10-06,"11687","Geno Smith","QB","NYJ",19,19.67,1.11,18,21,"QB","G. Smith","QB","https://www.fantasypros.com/nfl/players/geno-smith.php","geno-smith.php","13",11.2,"vs. CLE","CLE",1791738000,"scheduled",NA,"QB19","D","15.9",NA,NA,NA
"qb","QB",2026-10-06,"9001","Aaron Rodgers","QB","PIT",20,20,1.63,17,22,"QB","A. Rodgers","QB","https://www.fantasypros.com/nfl/players/aaron-rodgers.php","aaron-rodgers.php","9",9.9,"vs. IND","IND",1791738000,"scheduled",NA,"QB20","D","15.8",NA,NA,NA
"qb","QB",2026-10-06,"17233","Lamar Jackson","QB","BAL",21,18.8,2.79,14,22,"QB","L. Jackson","QB","https://www.fantasypros.com/nfl/players/lamar-jackson.php","lamar-jackson.php","13",99.7,"at ATL","ATL",1791764400,"scheduled",NA,"QB21","D-","15.6",NA,NA,NA
"qb","QB",2026-10-06,"23071","CJ Stroud","QB","HOU",22,21.17,1.34,19,23,"QB","C.J. Stroud","QB","https://www.fantasypros.com/nfl/players/cj-stroud.php","cj-stroud.php","8",42.8,"at TEN","TEN",1791738000,"scheduled",NA,"QB22","D","15.3",NA,NA,NA
"qb","QB",2026-10-06,"16398","Deshaun Watson","QB","CLE",23,23.67,0.94,22,25,"QB","D. Watson","QB","https://www.fantasypros.com/nfl/players/deshaun-watson.php","deshaun-watson.php","11",9.1,"at NYJ","NYJ",1791738000,"scheduled",NA,"QB23","D-","15.0",NA,NA,NA
"qb","QB",2026-10-06,"25321","Tyson Bagent","QB","CHI",24,24.17,1.34,23,27,"QB","T. Bagent","QB","https://www.fantasypros.com/nfl/players/tyson-bagent.php","tyson-bagent.php","10",2.8,"at GB","GB",1791738000,"scheduled",NA,"QB24","F","14.8",NA,NA,NA
"qb","QB",2026-10-06,"22973","Michael Penix","QB","ATL",25,24.67,1.8,22,27,"QB","M. Penix Jr.","QB","https://www.fantasypros.com/nfl/players/michael-penix-jr.php","michael-penix-jr.php","11",9.2,"vs. BAL","BAL",1791764400,"scheduled",NA,"QB25","F","14.5",NA,NA,NA
"qb","QB",2026-10-06,"18635","Justin Herbert","QB","LAC",26,25.17,0.69,24,26,"QB","J. Herbert","QB","https://www.fantasypros.com/nfl/players/justin-herbert.php","justin-herbert.php","7",82.3,"vs. DEN","DEN",1791749100,"scheduled",NA,"QB26","F","14.2",NA,NA,NA
"qb","QB",2026-10-06,"26060","Jalon Daniels","QB","TB",27,27,0.82,26,28,"QB","J. Daniels","QB","https://www.fantasypros.com/nfl/players/jalon-daniels.php","jalon-daniels.php","10",1.8,"at DAL","DAL",1791504900,"scheduled",NA,"QB27","F","14.0",NA,NA,NA
"qb","QB",2026-10-06,"18232","Daniel Jones","QB","IND",28,27.33,1.11,25,28,"QB","D. Jones","QB","https://www.fantasypros.com/nfl/players/daniel-jones.php","daniel-jones.php","13",24.6,"at PIT","PIT",1791738000,"scheduled",NA,"QB28","F","13.8",NA,NA,NA
"qb","QB",2026-10-06,"23499","Malik Willis","QB","MIA",29,28.83,0.69,28,30,"QB","M. Willis","QB","https://www.fantasypros.com/nfl/players/malik-willis.php","malik-willis.php","6",24.3,"vs. CIN","CIN",1791738000,"scheduled",NA,"QB29","F","13.5",NA,NA,NA
"qb","QB",2026-10-06,"19297","Tyler Huntley","QB","BAL",30,29.67,0.75,29,31,"QB","T. Huntley","QB","https://www.fantasypros.com/nfl/players/tyler-huntley.php","tyler-huntley.php","13",1.2,"at ATL","ATL",1791764400,"scheduled",NA,"QB30","F","13.1",NA,NA,NA
"qb","QB",2026-10-06,"24755","Cam Ward","QB","TEN",31,30.5,0.5,30,31,"QB","C. Ward","QB","https://www.fantasypros.com/nfl/players/cam-ward.php","cam-ward.php","9",9.7,"vs. HOU","HOU",1791738000,"scheduled",NA,"QB31","F","5.5",NA,NA,NA
"qb","QB",2026-10-06,"13890","Marcus Mariota","QB","WAS",32,43.67,17.21,31,68,"QB","M. Mariota","QB","https://www.fantasypros.com/nfl/players/marcus-mariota.php","marcus-mariota.php","7",14.4,"vs. NYG","NYG",1791738000,"scheduled",NA,"QB32","F","2.4",NA,NA,NA
"ppr-rb","RB",2026-10-06,"22968","Jahmyr Gibbs","RB","DET",1,1.12,0.32,1,2,"RB","J. Gibbs","RB","https://www.fantasypros.com/nfl/players/jahmyr-gibbs.php","jahmyr-gibbs.php","6",99.8,"at ARI","ARI",1791750300,"scheduled",NA,"RB1","A+","27.0",NA,NA,NA
"ppr-rb","RB",2026-10-06,"23133","Bijan Robinson","RB","ATL",2,2.16,0.54,1,3,"RB","B. Robinson","RB","https://www.fantasypros.com/nfl/players/bijan-robinson.php","bijan-robinson.php","11",99.8,"vs. BAL","BAL",1791764400,"scheduled",NA,"RB2","A+","21.6",NA,NA,NA
"ppr-rb","RB",2026-10-06,"19217","Jonathan Taylor","RB","IND",3,2.88,0.52,2,4,"RB","J. Taylor","RB","https://www.fantasypros.com/nfl/players/jonathan-taylor.php","jonathan-taylor.php","13",99.8,"at PIT","PIT",1791738000,"scheduled",NA,"RB3","A+","19.1",NA,NA,NA
"ppr-rb","RB",2026-10-06,"25324","Chase Brown","RB","CIN",4,5.24,0.59,4,7,"RB","C. Brown","RB","https://www.fantasypros.com/nfl/players/chase-brown.php","chase-brown.php","6",99.5,"at MIA","MIA",1791738000,"scheduled",NA,"RB4","A","18.7",NA,NA,NA
"ppr-rb","RB",2026-10-06,"15514","Derrick Henry","RB","BAL",5,5.64,1.98,4,9,"RB","D. Henry","RB","https://www.fantasypros.com/nfl/players/derrick-henry.php","derrick-henry.php","13",99.7,"at ATL","ATL",1791764400,"scheduled",NA,"RB5","A","18.0",NA,NA,NA
"ppr-rb","RB",2026-10-06,"23059","Kyren Williams","RB","LAR",6,5.64,1.55,4,8,"RB","K. Williams","RB","https://www.fantasypros.com/nfl/players/kyren-williams.php","kyren-williams.php","11",99,"vs. BUF","BUF",1791850500,"scheduled",NA,"RB6","A","18.0",NA,NA,NA
"ppr-rb","RB",2026-10-06,"16393","Christian McCaffrey","RB","SF",7,6.24,0.59,5,8,"RB","C. McCaffrey","RB","https://www.fantasypros.com/nfl/players/christian-mccaffrey.php","christian-mccaffrey.php","8",99.8,"at SEA","SEA",1791750300,"scheduled",NA,"RB7","A","17.3",NA,NA,NA
"ppr-rb","RB",2026-10-06,"24209","Jaylen Warren","RB","PIT",8,8.08,1.23,5,11,"RB","J. Warren","RB","https://www.fantasypros.com/nfl/players/jaylen-warren.php","jaylen-warren.php","9",93.2,"vs. IND","IND",1791738000,"scheduled",NA,"RB8","A","17.0",NA,NA,NA
"ppr-rb","RB",2026-10-06,"22958","James Cook","RB","BUF",9,9.44,1.24,8,13,"RB","J. Cook III","RB","https://www.fantasypros.com/nfl/players/james-cook.php","james-cook.php","7",99.8,"at LAR","LAR",1791850500,"scheduled",NA,"RB9","A","16.6",NA,NA,NA
"ppr-rb","RB",2026-10-06,"25989","Ashton Jeanty","RB","LV",10,10.52,1.14,8,12,"RB","A. Jeanty","RB","https://www.fantasypros.com/nfl/players/ashton-jeanty.php","ashton-jeanty.php","13",99.6,"at NE","NE",1791738000,"scheduled",NA,"RB10","A-","15.3",NA,NA,NA
"ppr-rb","RB",2026-10-06,"22739","Javonte Williams","RB","DAL",11,11.56,1.96,7,15,"RB","J. Williams","RB","https://www.fantasypros.com/nfl/players/javonte-williams.php","javonte-williams.php","14",99.1,"vs. TB","TB",1791504900,"scheduled",NA,"RB11","A-","14.9",NA,NA,NA
"ppr-rb","RB",2026-10-06,"16673","Aaron Jones","RB","MIN",12,11.88,1.31,10,14,"RB","A. Jones Sr.","RB","https://www.fantasypros.com/nfl/players/aaron-jones.php","aaron-jones.php","6",86.8,"at NO","NO",1791738000,"scheduled",NA,"RB12","A-","14.9",NA,NA,NA
"ppr-rb","RB",2026-10-06,"25403","Jeremiyah Love","RB","ARI",13,12.84,2.09,10,20,"RB","J. Love","RB","https://www.fantasypros.com/nfl/players/jeremiyah-love.php","jeremiyah-love.php","14",99.2,"vs. DET","DET",1791750300,"scheduled",NA,"RB13","B+","14.7",NA,NA,NA
"ppr-rb","RB",2026-10-06,"19210","DAndre Swift","RB","CHI",14,12.88,1.88,8,16,"RB","D. Swift","RB","https://www.fantasypros.com/nfl/players/dandre-swift.php","dandre-swift.php","10",96.7,"at GB","GB",1791738000,"scheduled",NA,"RB14","B+","14.6",NA,NA,NA
"ppr-rb","RB",2026-10-06,"27297","Bhayshul Tuten","RB","JAC",15,15.64,1.26,14,20,"RB","B. Tuten","RB","https://www.fantasypros.com/nfl/players/bhayshul-tuten.php","bhayshul-tuten.php","7",94,"vs. PHI","PHI",1791725400,"scheduled",NA,"RB15","B","13.9",NA,NA,NA
"ppr-rb","RB",2026-10-06,"25391","Quinshon Judkins","RB","CLE",16,16.36,1.44,15,20,"RB","Q. Judkins","RB","https://www.fantasypros.com/nfl/players/quinshon-judkins.php","quinshon-judkins.php","11",94.6,"at NYJ","NYJ",1791738000,"scheduled",NA,"RB16","B","13.9",NA,NA,NA
"ppr-rb","RB",2026-10-06,"27166","Cam Skattebo","RB","NYG",17,18.08,1.98,14,23,"RB","C. Skattebo","RB","https://www.fantasypros.com/nfl/players/cam-skattebo.php","cam-skattebo.php","8",97.9,"at WAS","WAS",1791738000,"scheduled",NA,"RB17","B","13.8",NA,NA,NA
"ppr-rb","RB",2026-10-06,"25885","Emanuel Wilson","RB","SEA",18,18.48,1.94,13,22,"RB","E. Wilson","RB","https://www.fantasypros.com/nfl/players/emanuel-wilson.php","emanuel-wilson.php","11",53.5,"vs. SF","SF",1791750300,"scheduled",NA,"RB18","B","12.5",NA,NA,NA
"ppr-rb","RB",2026-10-06,"27131","Kyle Monangai","RB","CHI",19,18.52,1.47,17,21,"RB","K. Monangai","RB","https://www.fantasypros.com/nfl/players/kyle-monangai.php","kyle-monangai.php","10",80.2,"at GB","GB",1791738000,"scheduled",NA,"RB19","B","13.3",NA,NA,NA
"ppr-rb","RB",2026-10-06,"24346","Braelon Allen","RB","NYJ",20,20.24,1.8,17,25,"RB","B. Allen","RB","https://www.fantasypros.com/nfl/players/braelon-allen.php","braelon-allen.php","13",79.5,"vs. CLE","CLE",1791738000,"scheduled",NA,"RB20","B","12.2",NA,NA,NA
"ppr-rb","RB",2026-10-06,"25981","Bucky Irving","RB","TB",21,21.24,1.99,17,25,"RB","B. Irving","RB","https://www.fantasypros.com/nfl/players/bucky-irving.php","bucky-irving.php","10",96.7,"at DAL","DAL",1791504900,"scheduled",NA,"RB21","B-","11.7",NA,NA,NA
"ppr-rb","RB",2026-10-06,"25395","Omarion Hampton","RB","LAC",22,21.24,2.52,18,26,"RB","O. Hampton","RB","https://www.fantasypros.com/nfl/players/omarion-hampton.php","omarion-hampton.php","7",98.8,"vs. DEN","DEN",1791749100,"scheduled",NA,"RB22","B","11.7",NA,NA,NA
"ppr-rb","RB",2026-10-06,"22726","Rhamondre Stevenson","RB","NE",23,23.92,1.09,22,27,"RB","R. Stevenson","RB","https://www.fantasypros.com/nfl/players/rhamondre-stevenson.php","rhamondre-stevenson.php","11",90.6,"vs. LV","LV",1791738000,"scheduled",NA,"RB23","B-","11.5",NA,NA,NA
"ppr-rb","RB",2026-10-06,"27142","RJ Harvey","RB","DEN",24,24.56,2.02,22,29,"RB","RJ Harvey","RB","https://www.fantasypros.com/nfl/players/rj-harvey.php","rj-harvey.php","10",79.1,"at LAC","LAC",1791749100,"scheduled",NA,"RB24","C+","11.5",NA,NA,NA
"ppr-rb","RB",2026-10-06,"18239","David Montgomery","RB","HOU",25,25.88,1.82,23,29,"RB","D. Montgomery","RB","https://www.fantasypros.com/nfl/players/david-montgomery.php","david-montgomery.php","8",96.3,"at TEN","TEN",1791738000,"scheduled",NA,"RB25","C+","10.8",NA,NA,NA
"ppr-rb","RB",2026-10-06,"27316","Jacory Croskey-Merritt","RB","WAS",26,26.48,3.15,22,32,"RB","J. Croskey-Merritt","RB","https://www.fantasypros.com/nfl/players/jacory-croskeymerritt.php","jacory-croskeymerritt.php","7",80.5,"vs. NYG","NYG",1791738000,"scheduled",NA,"RB26","C+","10.5",NA,NA,NA
"ppr-rb","RB",2026-10-06,"16421","Alvin Kamara","RB","NO",27,26.84,3.2,22,34,"RB","A. Kamara","RB","https://www.fantasypros.com/nfl/players/alvin-kamara.php","alvin-kamara.php","8",60.6,"vs. MIN","MIN",1791738000,"scheduled",NA,"RB27","C+","10.4",NA,NA,NA
"ppr-rb","RB",2026-10-06,"18705","Tony Pollard","RB","TEN",28,27.88,1.66,25,33,"RB","T. Pollard","RB","https://www.fantasypros.com/nfl/players/tony-pollard.php","tony-pollard.php","9",88,"vs. HOU","HOU",1791738000,"scheduled",NA,"RB28","C","10.2",NA,NA,NA
"ppr-rb","RB",2026-10-06,"25984","Ollie Gordon","RB","MIA",29,29.04,1.31,25,32,"RB","O. Gordon II","RB","https://www.fantasypros.com/nfl/players/ollie-gordon.php","ollie-gordon.php","6",67,"vs. CIN","CIN",1791738000,"scheduled",NA,"RB29","C","10.2",NA,NA,NA
"ppr-rb","RB",2026-10-06,"23065","TreVeyon Henderson","RB","NE",30,30.64,2.21,27,35,"RB","T. Henderson","RB","https://www.fantasypros.com/nfl/players/treveyon-henderson.php","treveyon-henderson.php","11",91.3,"vs. LV","LV",1791738000,"scheduled",NA,"RB30","C","10.2",NA,NA,NA
"ppr-rb","RB",2026-10-06,"19245","JK Dobbins","RB","DEN",31,31.04,1.04,29,34,"RB","J.K. Dobbins","RB","https://www.fantasypros.com/nfl/players/jk-dobbins.php","jk-dobbins.php","10",82.3,"at LAC","LAC",1791749100,"scheduled",NA,"RB31","C","9.8",NA,NA,NA
"ppr-rb","RB",2026-10-06,"27520","Woody Marks","RB","HOU",32,32.76,2.16,28,37,"RB","W. Marks","RB","https://www.fantasypros.com/nfl/players/woody-marks.php","woody-marks.php","8",54.7,"at TEN","TEN",1791738000,"scheduled",NA,"RB32","C","9.0",NA,NA,NA
"ppr-rb","RB",2026-10-06,"24172","Tyler Allgeier","RB","ARI",33,33.12,1.95,28,36,"RB","T. Allgeier","RB","https://www.fantasypros.com/nfl/players/tyler-allgeier.php","tyler-allgeier.php","14",41.8,"vs. DET","DET",1791750300,"scheduled",NA,"RB33","C","9.0",NA,NA,NA
"ppr-rb","RB",2026-10-06,"22930","Will Shipley","RB","PHI",34,33.36,8.58,21,54,"RB","W. Shipley","RB","https://www.fantasypros.com/nfl/players/will-shipley.php","will-shipley.php","10",1.2,"at JAC","JAC",1791725400,"scheduled",NA,"RB34","C","9.0",NA,NA,NA
"ppr-rb","RB",2026-10-06,"25360","Keaton Mitchell","RB","LAC",35,34.48,1.5,32,40,"RB","K. Mitchell","RB","https://www.fantasypros.com/nfl/players/keaton-mitchell.php","keaton-mitchell.php","7",30.7,"vs. DEN","DEN",1791749100,"scheduled",NA,"RB35","C-","8.2",NA,NA,NA
"ppr-rb","RB",2026-10-06,"23013","Blake Corum","RB","LAR",36,37.16,2.03,34,44,"RB","B. Corum","RB","https://www.fantasypros.com/nfl/players/blake-corum.php","blake-corum.php","11",77.1,"vs. BUF","BUF",1791850500,"scheduled",NA,"RB36","C-","8.1",NA,NA,NA
"ppr-rb","RB",2026-10-06,"28108","Mike Washington","RB","LV",37,38.48,3.9,36,48,"RB","M. Washington Jr.","RB","https://www.fantasypros.com/nfl/players/mike-washington-jr.php","mike-washington-jr.php","13",39.1,"at NE","NE",1791738000,"scheduled",NA,"RB37","C-","7.5",NA,NA,NA
"ppr-rb","RB",2026-10-06,"23118","MarShawn Lloyd","RB","GB",38,39.56,1.47,37,42,"RB","M. Lloyd","RB","https://www.fantasypros.com/nfl/players/marshawn-lloyd.php","marshawn-lloyd.php","11",53.1,"vs. CHI","CHI",1791738000,"scheduled",NA,"RB38","D+","7.2",NA,NA,NA
"ppr-rb","RB",2026-10-06,"24360","Kendre Miller","RB","NO",39,39.64,2.24,37,47,"RB","K. Miller","RB","https://www.fantasypros.com/nfl/players/kendre-miller.php","kendre-miller.php","8",12,"vs. MIN","MIN",1791738000,"scheduled",NA,"RB39","D+","7.3",NA,NA,NA
"ppr-rb","RB",2026-10-06,"28401","Kaelon Black","RB","SF",40,41.4,5.02,37,55,"RB","K. Black","RB","https://www.fantasypros.com/nfl/players/kaelon-black.php","kaelon-black.php","8",31.9,"at SEA","SEA",1791750300,"scheduled",NA,"RB40","D+","7.0",NA,NA,NA
"ppr-rb","RB",2026-10-06,"22986","Chris Rodriguez","RB","JAC",41,41.56,2.14,39,47,"RB","C. Rodriguez Jr.","RB","https://www.fantasypros.com/nfl/players/chris-rodriguez-jr.php","chris-rodriguez-jr.php","7",30,"vs. PHI","PHI",1791725400,"scheduled",NA,"RB41","D","7.0",NA,NA,NA
"ppr-rb","RB",2026-10-06,"25323","Tyjae Spears","RB","TEN",42,43.28,2.66,35,48,"RB","T. Spears","RB","https://www.fantasypros.com/nfl/players/tyjae-spears.php","tyjae-spears.php","9",37.9,"vs. HOU","HOU",1791738000,"scheduled",NA,"RB42","D","6.7",NA,NA,NA
"ppr-rb","RB",2026-10-06,"22915","George Holani","RB","SEA",43,43.28,2.96,36,48,"RB","G. Holani","RB","https://www.fantasypros.com/nfl/players/george-holani.php","george-holani.php","11",11.8,"vs. SF","SF",1791750300,"scheduled",NA,"RB43","D","6.6",NA,NA,NA
"ppr-rb","RB",2026-10-06,"25987","Jaylen Wright","RB","MIA",44,43.28,2.13,39,49,"RB","J. Wright","RB","https://www.fantasypros.com/nfl/players/jaylen-wright.php","jaylen-wright.php","6",29.8,"vs. CIN","CIN",1791738000,"scheduled",NA,"RB44","D","6.8",NA,NA,NA
"ppr-rb","RB",2026-10-06,"20094","Brian Robinson","RB","ATL",45,43.32,4.12,36,50,"RB","B. Robinson Jr.","RB","https://www.fantasypros.com/nfl/players/brian-robinson-jr.php","brian-robinson-jr.php","11",36.2,"vs. BAL","BAL",1791764400,"scheduled",NA,"RB45","D","6.3",NA,NA,NA
"ppr-rb","RB",2026-10-06,"23310","Kenny Gainwell","RB","TB",46,44.84,2.78,33,48,"RB","K. Gainwell","RB","https://www.fantasypros.com/nfl/players/kenneth-gainwell.php","kenneth-gainwell.php","10",60.2,"at DAL","DAL",1791504900,"scheduled",NA,"RB46","D","6.2",NA,NA,NA
"ppr-rb","RB",2026-10-06,"27165","Kaleb Johnson","RB","GB",47,47.56,3.5,41,56,"RB","K. Johnson","RB","https://www.fantasypros.com/nfl/players/kaleb-johnson-rb.php","kaleb-johnson-rb.php","11",7.5,"vs. CHI","CHI",1791738000,"scheduled",NA,"RB47","D-","6.0",NA,NA,NA
"ppr-rb","RB",2026-10-06,"16423","Samaje Perine","RB","CIN",48,48.72,2.84,43,54,"RB","S. Perine","RB","https://www.fantasypros.com/nfl/players/samaje-perine.php","samaje-perine.php","6",5.4,"at MIA","MIA",1791738000,"scheduled",NA,"RB48","F","5.8",NA,NA,NA
"ppr-rb","RB",2026-10-06,"18406","Ty Johnson","RB","BUF",49,47.67,3.39,42,59,"RB","Ty Johnson","RB","https://www.fantasypros.com/nfl/players/ty-johnson.php","ty-johnson.php","7",1.6,"at LAR","LAR",1791850500,"scheduled",NA,"RB49","D-","5.7",NA,NA,NA
"ppr-rb","RB",2026-10-06,"18256","Justice Hill","RB","BAL",50,49.8,2.06,47,56,"RB","J. Hill","RB","https://www.fantasypros.com/nfl/players/justice-hill.php","justice-hill.php","13",8.1,"at ATL","ATL",1791764400,"scheduled",NA,"RB50","F","5.7",NA,NA,NA
"ppr-rb","RB",2026-10-06,"26355","Kimani Vidal","RB","LAC",51,53.28,3.36,44,57,"RB","K. Vidal","RB","https://www.fantasypros.com/nfl/players/kimani-vidal.php","kimani-vidal.php","7",2.2,"vs. DEN","DEN",1791749100,"scheduled",NA,"RB51","F","5.3",NA,NA,NA
"ppr-rb","RB",2026-10-06,"25977","Isaiah Davis","RB","NYJ",52,52.91,2.67,51,63,"RB","I. Davis","RB","https://www.fantasypros.com/nfl/players/isaiah-davis.php","isaiah-davis.php","13",9.2,"vs. CLE","CLE",1791738000,"scheduled",NA,"RB52","F","5.3",NA,NA,NA
"ppr-rb","RB",2026-10-06,"19302","Najee Harris","RB","NYG",53,54.46,4.19,45,70,"RB","N. Harris","RB","https://www.fantasypros.com/nfl/players/najee-harris-rb.php","najee-harris-rb.php","8",7.4,"at WAS","WAS",1791738000,"scheduled",NA,"RB53","F","4.8",NA,NA,NA
"ppr-rb","RB",2026-10-06,"24351","Raheim Sanders","RB","CLE",54,54.83,2.17,50,59,"RB","R. Sanders","RB","https://www.fantasypros.com/nfl/players/raheim-sanders.php","raheim-sanders.php","11",2.9,"at NYJ","NYJ",1791738000,"scheduled",NA,"RB54","F","4.8",NA,NA,NA
"ppr-rb","RB",2026-10-06,"25823","Chris Brooks","RB","GB",55,52.95,1.25,51,57,"RB","C. Brooks","RB","https://www.fantasypros.com/nfl/players/christopher-brooks.php","christopher-brooks.php","11",6.1,"vs. CHI","CHI",1791738000,"scheduled",NA,"RB55","F","4.7",NA,NA,NA
"ppr-rb","RB",2026-10-06,"17240","Saquon Barkley","RB","PHI",56,48.19,5.08,35,56,"RB","S. Barkley","RB","https://www.fantasypros.com/nfl/players/saquon-barkley.php","saquon-barkley.php","10",99.6,"at JAC","JAC",1791725400,"scheduled",NA,"RB56","F","4.6",NA,NA,NA
"ppr-rb","RB",2026-10-06,"22908","Tank Bigsby","RB","PHI",57,55.56,2.17,51,57,"RB","T. Bigsby","RB","https://www.fantasypros.com/nfl/players/tank-bigsby.php","tank-bigsby.php","10",25.6,"at JAC","JAC",1791725400,"scheduled",NA,"RB57","F","4.5",NA,NA,NA
"ppr-rb","RB",2026-10-06,"16483","Austin Ekeler","RB","WAS",58,49.4,8.26,37,61,"RB","A. Ekeler","RB","https://www.fantasypros.com/nfl/players/austin-ekeler.php","austin-ekeler.php","7",2.1,"vs. NYG","NYG",1791738000,"scheduled",NA,"RB58","F","4.5",NA,NA,NA
"ppr-rb","RB",2026-10-06,"19647","Rico Dowdle","RB","PIT",59,33,3,30,36,"RB","R. Dowdle","RB","https://www.fantasypros.com/nfl/players/rico-dowdle.php","rico-dowdle.php","9",78.6,"vs. IND","IND",1791738000,"scheduled",NA,"RB59","F","3.2",NA,NA,NA
"ppr-rb","RB",2026-10-06,"24362","Kaytron Allen","RB","WAS",60,64.6,3.93,59,71,"RB","K. Allen","RB","https://www.fantasypros.com/nfl/players/kaytron-allen.php","kaytron-allen.php","7",4.2,"vs. NYG","NYG",1791738000,"scheduled",NA,"RB60","F","3.2",NA,NA,NA
"ppr-rb","RB",2026-10-06,"26309","Sione Vaki","RB","DET",61,60,4.85,53,65,"RB","S. Vaki","RB","https://www.fantasypros.com/nfl/players/sione-vaki.php","sione-vaki.php","6",1.3,"at ARI","ARI",1791750300,"scheduled",NA,"RB61","F","2.8",NA,NA,NA
"ppr-rb","RB",2026-10-06,"23812","Tyler Badie","RB","DEN",62,60,3.08,57,64,"RB","T. Badie","RB","https://www.fantasypros.com/nfl/players/tyler-badie.php","tyler-badie.php","10",1,"at LAC","LAC",1791749100,"scheduled",NA,"RB62","F","2.6",NA,NA,NA
"ppr-rb","RB",2026-10-06,"28084","Demond Claiborne","RB","MIN",63,61.75,3.03,58,66,"RB","D. Claiborne","RB","https://www.fantasypros.com/nfl/players/demond-claiborne.php","demond-claiborne.php","6",3.7,"at NO","NO",1791738000,"scheduled",NA,"RB63","F","3.2",NA,NA,NA
"ppr-rb","RB",2026-10-06,"22980","Tyrone Tracy","RB","NYG",64,62,2.74,58,65,"RB","T. Tracy Jr.","RB","https://www.fantasypros.com/nfl/players/tyrone-tracy-jr.php","tyrone-tracy-jr.php","8",7.1,"at WAS","WAS",1791738000,"scheduled",NA,"RB64","F","2.5",NA,NA,NA
"ppr-rb","RB",2026-10-06,"23079","Seth McGowan","RB","IND",65,62.25,7.5,54,72,"RB","S. McGowan","RB","https://www.fantasypros.com/nfl/players/seth-mcgowan.php","seth-mcgowan.php","13",1.8,"at PIT","PIT",1791738000,"scheduled",NA,"RB65","F","2.7",NA,NA,NA
"ppr-rb","RB",2026-10-06,"23679","Sean Tucker","RB","TB",66,65.25,2.49,62,69,"RB","S. Tucker","RB","https://www.fantasypros.com/nfl/players/sean-tucker.php","sean-tucker.php","10",3.4,"at DAL","DAL",1791504900,"scheduled",NA,"RB66","F","1.9",NA,NA,NA
"ppr-rb","RB",2026-10-06,"24344","Jaydon Blue","RB","PHI",67,59,0.82,58,60,"RB","J. Blue","RB","https://www.fantasypros.com/nfl/players/jaydon-blue.php","jaydon-blue.php","10",1.3,"at JAC","JAC",1791725400,"scheduled",NA,"RB67","F","1.9",NA,NA,NA
"ppr-rb","RB",2026-10-06,"22976","Tyler Goodson","RB","DAL",68,62,0.82,61,63,"RB","T. Goodson","RB","https://www.fantasypros.com/nfl/players/tyler-goodson.php","tyler-goodson.php","14",0.7,"vs. TB","TB",1791504900,"scheduled",NA,"RB68","F","1.5",NA,NA,NA
"ppr-rb","RB",2026-10-06,"26191","Ray Davis","RB","BUF",69,70.25,4.26,66,75,"RB","R. Davis","RB","https://www.fantasypros.com/nfl/players/ray-davis.php","ray-davis.php","7",6.7,"at LAR","LAR",1791850500,"scheduled",NA,"RB69","F","1.7",NA,NA,NA
"ppr-rb","RB",2026-10-06,"19521","DeeJay Dallas","RB","MIN",70,66,4.55,60,71,"RB","D. Dallas","RB","https://www.fantasypros.com/nfl/players/deejay-dallas.php","deejay-dallas.php","6",0.2,"at NO","NO",1791738000,"scheduled",NA,"RB70","F","1.9",NA,NA,NA
"ppr-rb","RB",2026-10-06,"27285","LeQuint Allen","RB","JAC",71,71.75,1.64,69,73,"RB","L. Allen Jr.","RB","https://www.fantasypros.com/nfl/players/lequint-allen-jr.php","lequint-allen-jr.php","7",0.8,"vs. PHI","PHI",1791725400,"scheduled",NA,"RB71","F","1.4",NA,NA,NA
"ppr-rb","RB",2026-10-06,"24343","Nicholas Singleton","RB","TEN",72,72,2.74,68,75,"RB","N. Singleton","RB","https://www.fantasypros.com/nfl/players/nick-singleton.php","nick-singleton.php","9",8.1,"vs. HOU","HOU",1791738000,"scheduled",NA,"RB72","F","1.4",NA,NA,NA
"ppr-rb","RB",2026-10-06,"18616","Travis Homer","RB","PIT",73,62.5,5.5,57,68,"RB","T. Homer","RB","https://www.fantasypros.com/nfl/players/travis-homer.php","travis-homer.php","9",0.6,"vs. IND","IND",1791738000,"scheduled",NA,"RB73","F","1.1",NA,NA,NA
"ppr-rb","RB",2026-10-06,"25396","CJ Donaldson","RB","NO",74,63.5,5.5,58,69,"RB","CJ Donaldson","RB","https://www.fantasypros.com/nfl/players/cj-donaldson.php","cj-donaldson.php","8",1.2,"vs. MIN","MIN",1791738000,"scheduled",NA,"RB74","F","1.1",NA,NA,NA
"ppr-rb","RB",2026-10-06,"18571","Alec Ingold","RB","LAC",75,64,3,61,67,"RB","A. Ingold","RB","https://www.fantasypros.com/nfl/players/alec-ingold.php","alec-ingold.php","7",1,"vs. DEN","DEN",1791749100,"scheduled",NA,"RB75","F","1.0",NA,NA,NA
"ppr-rb","RB",2026-10-06,"25876","Jaleel McLaughlin","RB","CLE",76,73.67,2.62,70,76,"RB","J. McLaughlin","RB","https://www.fantasypros.com/nfl/players/jaleel-mclaughlin.php","jaleel-mclaughlin.php","11",0.6,"at NYJ","NYJ",1791738000,"scheduled",NA,"RB76","F","1.2",NA,NA,NA
"ppr-rb","RB",2026-10-06,"25941","Hunter Luepke","RB","DAL",77,71,3,68,74,"RB","H. Luepke","RB","https://www.fantasypros.com/nfl/players/hunter-luepke.php","hunter-luepke.php","14",0.6,"vs. TB","TB",1791504900,"scheduled",NA,"RB77","F","0.9",NA,NA,NA
"ppr-rb","RB",2026-10-06,"26194","Dylan Laube","RB","LV",78,74,4,70,78,"RB","D. Laube","RB","https://www.fantasypros.com/nfl/players/dylan-laube.php","dylan-laube.php","13",0.8,"at NE","NE",1791738000,"scheduled",NA,"RB78","F","0.9",NA,NA,NA
"ppr-rb","RB",2026-10-06,"24901","Bam Knight","RB","ARI",79,76.5,0.5,76,77,"RB","B. Knight","RB","https://www.fantasypros.com/nfl/players/zonovan-bam-knight.php","zonovan-bam-knight.php","14",0.6,"vs. DET","DET",1791750300,"scheduled",NA,"RB79","F","0.7",NA,NA,NA
"ppr-rb","RB",2026-10-06,"13924","Ameer Abdullah","RB","JAC",80,77.5,7.5,70,85,"RB","A. Abdullah","RB","https://www.fantasypros.com/nfl/players/ameer-abdullah.php","ameer-abdullah.php","7",0.6,"vs. PHI","PHI",1791725400,"scheduled",NA,"RB80","F","0.0",NA,NA,NA
"ppr-rb","RB",2026-10-06,"22997","Corey Kiner","RB","NE",81,81,9,72,90,"RB","C. Kiner","RB","https://www.fantasypros.com/nfl/players/corey-kiner.php","corey-kiner.php","11",0.6,"vs. LV","LV",1791738000,"scheduled",NA,"RB81","F","0.0",NA,NA,NA
"ppr-rb","RB",2026-10-06,"25322","Roschon Johnson","RB","CHI",82,80,1,79,81,"RB","R. Johnson","RB","https://www.fantasypros.com/nfl/players/roschon-johnson.php","roschon-johnson.php","10",1.1,"at GB","GB",1791738000,"scheduled",NA,"RB82","F","0.8",NA,NA,NA
"ppr-rb","RB",2026-10-06,"26212","Tahj Brooks","RB","CIN",83,84,4,80,88,"RB","T. Brooks","RB","https://www.fantasypros.com/nfl/players/tahj-brooks.php","tahj-brooks.php","6",0.7,"at MIA","MIA",1791738000,"scheduled",NA,"RB83","F","0.5",NA,NA,NA
"ppr-wr","WR",2026-10-06,"23070","Jaxon Smith-Njigba","WR","SEA",1,1.8,0.98,1,4,"WR","J. Smith-Njigba","WR","https://www.fantasypros.com/nfl/players/jaxon-smith-njigba.php","jaxon-smith-njigba.php","11",99.8,"vs. SF","SF",1791750300,"scheduled",NA,"WR1","A+","21.4",NA,NA,NA
"ppr-wr","WR",2026-10-06,"23180","Puka Nacua","WR","LAR",2,1.88,0.91,1,4,"WR","P. Nacua","WR","https://www.fantasypros.com/nfl/players/puka-nacua.php","puka-nacua.php","11",99.8,"vs. BUF","BUF",1791850500,"scheduled",NA,"WR2","A+","20.9",NA,NA,NA
"ppr-wr","WR",2026-10-06,"19799","Amon-Ra St Brown","WR","DET",3,2.84,0.92,1,6,"WR","A. St. Brown","WR","https://www.fantasypros.com/nfl/players/amonra-stbrown.php","amonra-stbrown.php","6",99.7,"at ARI","ARI",1791750300,"scheduled",NA,"WR3","A+","20.5",NA,NA,NA
"ppr-wr","WR",2026-10-06,"19202","CeeDee Lamb","WR","DAL",4,4.48,1.17,2,6,"WR","C. Lamb","WR","https://www.fantasypros.com/nfl/players/ceedee-lamb.php","ceedee-lamb.php","14",99.8,"vs. TB","TB",1791504900,"scheduled",NA,"WR4","A+","20.3",NA,NA,NA
"ppr-wr","WR",2026-10-06,"23163","Drake London","WR","ATL",5,5.52,1.63,3,11,"WR","D. London","WR","https://www.fantasypros.com/nfl/players/drake-london.php","drake-london.php","11",99.6,"vs. BAL","BAL",1791764400,"scheduled",NA,"WR5","A+","18.9",NA,NA,NA
"ppr-wr","WR",2026-10-06,"22916","Zay Flowers","WR","BAL",6,6.96,2.41,4,12,"WR","Z. Flowers","WR","https://www.fantasypros.com/nfl/players/zay-flowers.php","zay-flowers.php","13",99.1,"at ATL","ATL",1791764400,"scheduled",NA,"WR6","A","18.1",NA,NA,NA
"ppr-wr","WR",2026-10-06,"20130","Nico Collins","WR","HOU",7,7.72,1,6,11,"WR","N. Collins","WR","https://www.fantasypros.com/nfl/players/nico-collins.php","nico-collins.php","8",99.3,"at TEN","TEN",1791738000,"scheduled",NA,"WR7","A","18.1",NA,NA,NA
"ppr-wr","WR",2026-10-06,"20111","Chris Olave","WR","NO",8,8.12,1.75,5,11,"WR","C. Olave","WR","https://www.fantasypros.com/nfl/players/chris-olave.php","chris-olave.php","8",99.5,"vs. MIN","MIN",1791738000,"scheduled",NA,"WR8","A","17.3",NA,NA,NA
"ppr-wr","WR",2026-10-06,"25333","Michael Wilson","WR","ARI",9,8.56,1.77,6,12,"WR","M. Wilson","WR","https://www.fantasypros.com/nfl/players/michael-wilson.php","michael-wilson.php","14",89.1,"vs. DET","DET",1791750300,"scheduled",NA,"WR9","A","17.1",NA,NA,NA
"ppr-wr","WR",2026-10-06,"25409","Malik Nabers","WR","NYG",10,10.4,2.53,7,16,"WR","M. Nabers","WR","https://www.fantasypros.com/nfl/players/malik-nabers.php","malik-nabers.php","8",98.5,"at WAS","WAS",1791738000,"scheduled",NA,"WR10","A","16.6",NA,NA,NA
"ppr-wr","WR",2026-10-06,"23072","Garrett Wilson","WR","NYJ",11,10.88,1.18,9,14,"WR","G. Wilson","WR","https://www.fantasypros.com/nfl/players/garrett-wilson.php","garrett-wilson.php","13",98.3,"vs. CLE","CLE",1791738000,"scheduled",NA,"WR11","A","16.3",NA,NA,NA
"ppr-wr","WR",2026-10-06,"23886","Christian Watson","WR","GB",12,12.76,1.03,10,15,"WR","C. Watson","WR","https://www.fantasypros.com/nfl/players/christian-watson.php","christian-watson.php","11",95.3,"vs. CHI","CHI",1791738000,"scheduled",NA,"WR12","A","15.5",NA,NA,NA
"ppr-wr","WR",2026-10-06,"23106","Parker Washington","WR","JAC",13,13.64,2.19,11,19,"WR","P. Washington","WR","https://www.fantasypros.com/nfl/players/parker-washington.php","parker-washington.php","7",94.5,"vs. PHI","PHI",1791725400,"scheduled",NA,"WR13","A","15.3",NA,NA,NA
"ppr-wr","WR",2026-10-06,"12123","Davante Adams","WR","LAR",14,14.44,2.08,12,20,"WR","D. Adams","WR","https://www.fantasypros.com/nfl/players/davante-adams.php","davante-adams.php","11",97.9,"vs. BUF","BUF",1791850500,"scheduled",NA,"WR14","A","15.3",NA,NA,NA
"ppr-wr","WR",2026-10-06,"22963","George Pickens","WR","DAL",15,16.16,1.83,13,21,"WR","G. Pickens","WR","https://www.fantasypros.com/nfl/players/george-pickens.php","george-pickens.php","14",99.5,"vs. TB","TB",1791504900,"scheduled",NA,"WR15","A-","14.6",NA,NA,NA
"ppr-wr","WR",2026-10-06,"26024","Matthew Golden","WR","GB",16,16.36,0.79,15,18,"WR","M. Golden","WR","https://www.fantasypros.com/nfl/players/matthew-golden.php","matthew-golden.php","11",89,"vs. CHI","CHI",1791738000,"scheduled",NA,"WR16","A","14.3",NA,NA,NA
"ppr-wr","WR",2026-10-06,"19790","Jaylen Waddle","WR","DEN",17,16.68,1.8,14,23,"WR","J. Waddle","WR","https://www.fantasypros.com/nfl/players/jaylen-waddle.php","jaylen-waddle.php","10",96.7,"at LAC","LAC",1791749100,"scheduled",NA,"WR17","A-","13.6",NA,NA,NA
"ppr-wr","WR",2026-10-06,"18219","DK Metcalf","WR","PIT",18,20.56,2.84,18,29,"WR","DK Metcalf","WR","https://www.fantasypros.com/nfl/players/dk-metcalf.php","dk-metcalf.php","9",90.8,"vs. IND","IND",1791738000,"scheduled",NA,"WR18","A-","13.5",NA,NA,NA
"ppr-wr","WR",2026-10-06,"23677","Jameson Williams","WR","DET",19,21.76,3.3,19,35,"WR","J. Williams","WR","https://www.fantasypros.com/nfl/players/jameson-williams.php","jameson-williams.php","6",93.5,"at ARI","ARI",1791750300,"scheduled",NA,"WR19","A-","13.0",NA,NA,NA
"ppr-wr","WR",2026-10-06,"24706","Josh Downs","WR","IND",20,21.92,2.19,18,26,"WR","J. Downs","WR","https://www.fantasypros.com/nfl/players/josh-downs.php","josh-downs.php","13",85.2,"at PIT","PIT",1791738000,"scheduled",NA,"WR20","B+","12.3",NA,NA,NA
"ppr-wr","WR",2026-10-06,"27016","Luther Burden","WR","CHI",21,21.96,3.12,18,29,"WR","L. Burden III","WR","https://www.fantasypros.com/nfl/players/luther-burden-iii.php","luther-burden-iii.php","10",92.9,"at GB","GB",1791738000,"scheduled",NA,"WR21","B+","12.4",NA,NA,NA
"ppr-wr","WR",2026-10-06,"26009","Carnell Tate","WR","TEN",22,22.68,3.47,17,33,"WR","C. Tate","WR","https://www.fantasypros.com/nfl/players/carnell-tate.php","carnell-tate.php","9",86.6,"vs. HOU","HOU",1791738000,"scheduled",NA,"WR22","B+","11.9",NA,NA,NA
"ppr-wr","WR",2026-10-06,"13981","Stefon Diggs","WR","WAS",23,22.76,2.82,16,26,"WR","S. Diggs","WR","https://www.fantasypros.com/nfl/players/stefon-diggs.php","stefon-diggs.php","7",88.3,"vs. NYG","NYG",1791738000,"scheduled",NA,"WR23","B","11.9",NA,NA,NA
"ppr-wr","WR",2026-10-06,"12119","Mike Evans","WR","SF",24,24.56,2.99,20,31,"WR","M. Evans","WR","https://www.fantasypros.com/nfl/players/mike-evans.php","mike-evans.php","8",94,"at SEA","SEA",1791750300,"scheduled",NA,"WR24","B","11.8",NA,NA,NA
"ppr-wr","WR",2026-10-06,"23107","Jordan Addison","WR","MIN",25,25.12,5.05,18,39,"WR","J. Addison","WR","https://www.fantasypros.com/nfl/players/jordan-addison.php","jordan-addison.php","6",84.9,"at NO","NO",1791738000,"scheduled",NA,"WR25","B","11.7",NA,NA,NA
"ppr-wr","WR",2026-10-06,"27339","Denzel Boston","WR","CLE",26,27.04,2.27,20,32,"WR","D. Boston","WR","https://www.fantasypros.com/nfl/players/denzel-boston.php","denzel-boston.php","11",64,"at NYJ","NYJ",1791738000,"scheduled",NA,"WR26","B-","11.6",NA,NA,NA
"ppr-wr","WR",2026-10-06,"26409","Devaughn Vele","WR","NO",27,28.36,3.9,20,38,"WR","D. Vele","WR","https://www.fantasypros.com/nfl/players/devaughn-vele.php","devaughn-vele.php","8",46.1,"vs. MIN","MIN",1791738000,"scheduled",NA,"WR27","B-","11.6",NA,NA,NA
"ppr-wr","WR",2026-10-06,"23794","Romeo Doubs","WR","NE",28,28.76,2.66,23,37,"WR","R. Doubs","WR","https://www.fantasypros.com/nfl/players/romeo-doubs.php","romeo-doubs.php","11",61.9,"vs. LV","LV",1791738000,"scheduled",NA,"WR28","B-","11.4",NA,NA,NA
"ppr-wr","WR",2026-10-06,"18244","Deebo Samuel","WR","SF",29,29.2,1.5,26,32,"WR","D. Samuel Sr.","WR","https://www.fantasypros.com/nfl/players/deebo-samuel.php","deebo-samuel.php","8",80,"at SEA","SEA",1791750300,"scheduled",NA,"WR29","C+","11.4",NA,NA,NA
"ppr-wr","WR",2026-10-06,"26314","Malik Washington","WR","MIA",30,30.96,3.82,25,36,"WR","M. Washington","WR","https://www.fantasypros.com/nfl/players/malik-washington.php","malik-washington.php","6",35.8,"vs. CIN","CIN",1791738000,"scheduled",NA,"WR30","C+","11.4",NA,NA,NA
"ppr-wr","WR",2026-10-06,"25411","Rome Odunze","WR","CHI",31,31.48,2.82,25,42,"WR","R. Odunze","WR","https://www.fantasypros.com/nfl/players/rome-odunze.php","rome-odunze.php","10",88,"at GB","GB",1791738000,"scheduled",NA,"WR31","C+","11.0",NA,NA,NA
"ppr-wr","WR",2026-10-06,"24354","Dontayvion Wicks","WR","PHI",32,33.96,5.19,28,51,"WR","D. Wicks","WR","https://www.fantasypros.com/nfl/players/dontayvion-wicks.php","dontayvion-wicks.php","10",42.3,"at JAC","JAC",1791725400,"scheduled",NA,"WR32","C+","10.9",NA,NA,NA
"ppr-wr","WR",2026-10-06,"27331","KC Concepcion","WR","CLE",33,36.52,3.23,28,45,"WR","KC Concepcion Jr.","WR","https://www.fantasypros.com/nfl/players/kevin-concepcion.php","kevin-concepcion.php","11",63.3,"at NYJ","NYJ",1791738000,"scheduled",NA,"WR33","C+","10.7",NA,NA,NA
"ppr-wr","WR",2026-10-06,"25337","Tre Tucker","WR","LV",34,36.8,2.53,33,42,"WR","T. Tucker","WR","https://www.fantasypros.com/nfl/players/tre-tucker.php","tre-tucker.php","13",43.7,"at NE","NE",1791738000,"scheduled",NA,"WR34","C+","10.5",NA,NA,NA
"ppr-wr","WR",2026-10-06,"16081","Kalif Raymond","WR","CHI",35,38.04,5.04,33,52,"WR","K. Raymond","WR","https://www.fantasypros.com/nfl/players/kalif-raymond.php","kalif-raymond.php","10",50,"at GB","GB",1791738000,"scheduled",NA,"WR35","C","10.4",NA,NA,NA
"ppr-wr","WR",2026-10-06,"23748","Khalil Shakir","WR","BUF",36,39.68,3.76,31,45,"WR","K. Shakir","WR","https://www.fantasypros.com/nfl/players/khalil-shakir.php","khalil-shakir.php","7",56.3,"at LAR","LAR",1791850500,"scheduled",NA,"WR36","C","10.3",NA,NA,NA
"ppr-wr","WR",2026-10-06,"23062","Emeka Egbuka","WR","TB",37,40.36,3.66,32,44,"WR","E. Egbuka","WR","https://www.fantasypros.com/nfl/players/emeka-egbuka.php","emeka-egbuka.php","10",96.3,"at DAL","DAL",1791504900,"scheduled",NA,"WR37","C","10.2",NA,NA,NA
"ppr-wr","WR",2026-10-06,"18598","Jakobi Meyers","WR","JAC",38,40.72,3.44,36,50,"WR","J. Meyers","WR","https://www.fantasypros.com/nfl/players/jakobi-meyers.php","jakobi-meyers.php","7",68.3,"vs. PHI","PHI",1791725400,"scheduled",NA,"WR38","C","9.8",NA,NA,NA
"ppr-wr","WR",2026-10-06,"25420","Makai Lemon","WR","PHI",39,40.88,5.16,34,59,"WR","M. Lemon","WR","https://www.fantasypros.com/nfl/players/makai-lemon.php","makai-lemon.php","10",63.2,"at JAC","JAC",1791725400,"scheduled",NA,"WR39","C","10.1",NA,NA,NA
"ppr-wr","WR",2026-10-06,"22985","WanDale Robinson","WR","TEN",40,42.36,2.65,35,48,"WR","W. Robinson","WR","https://www.fantasypros.com/nfl/players/wandale-robinson.php","wandale-robinson.php","9",64.8,"vs. HOU","HOU",1791738000,"scheduled",NA,"WR40","C","9.7",NA,NA,NA
"ppr-wr","WR",2026-10-06,"26019","Keon Coleman","WR","BUF",41,43.96,5.3,32,50,"WR","K. Coleman","WR","https://www.fantasypros.com/nfl/players/keon-coleman.php","keon-coleman.php","7",8.1,"at LAR","LAR",1791850500,"scheduled",NA,"WR41","C","9.5",NA,NA,NA
"ppr-wr","WR",2026-10-06,"17253","Courtland Sutton","WR","DEN",42,44.2,2.38,41,49,"WR","C. Sutton","WR","https://www.fantasypros.com/nfl/players/courtland-sutton.php","courtland-sutton.php","10",79.8,"at LAC","LAC",1791749100,"scheduled",NA,"WR42","C","9.5",NA,NA,NA
"ppr-wr","WR",2026-10-06,"25418","Antonio Williams","WR","WAS",43,46.6,4.34,37,58,"WR","A. Williams","WR","https://www.fantasypros.com/nfl/players/antonio-williams-wr.php","antonio-williams-wr.php","7",8.9,"vs. NYG","NYG",1791738000,"scheduled",NA,"WR43","C","9.3",NA,NA,NA
"ppr-wr","WR",2026-10-06,"16406","Chris Godwin","WR","TB",44,46.8,3.43,36,51,"WR","C. Godwin Jr.","WR","https://www.fantasypros.com/nfl/players/chris-godwin.php","chris-godwin.php","10",73.4,"at DAL","DAL",1791504900,"scheduled",NA,"WR44","C","9.1",NA,NA,NA
"ppr-wr","WR",2026-10-06,"23064","Marvin Harrison","WR","ARI",45,47.04,5.3,36,54,"WR","M. Harrison Jr.","WR","https://www.fantasypros.com/nfl/players/marvin-harrison-jr.php","marvin-harrison-jr.php","14",72.3,"vs. DET","DET",1791750300,"scheduled",NA,"WR45","C","9.1",NA,NA,NA
"ppr-wr","WR",2026-10-06,"19211","Tee Higgins","WR","CIN",46,35.67,13.53,11,70,"WR","T. Higgins","WR","https://www.fantasypros.com/nfl/players/tee-higgins.php","tee-higgins.php","6",98.1,"at MIA","MIA",1791738000,"scheduled",NA,"WR46","C+","8.9",NA,NA,NA
"ppr-wr","WR",2026-10-06,"19236","Justin Jefferson","WR","MIN",47,32.85,23.35,6,72,"WR","J. Jefferson","WR","https://www.fantasypros.com/nfl/players/justin-jefferson.php","justin-jefferson.php","6",99.8,"at NO","NO",1791738000,"scheduled",NA,"WR47","B-","8.3",NA,NA,NA
"ppr-wr","WR",2026-10-06,"26122","Ladd McConkey","WR","LAC",48,38.33,9.5,29,71,"WR","L. McConkey","WR","https://www.fantasypros.com/nfl/players/ladd-mcconkey.php","ladd-mcconkey.php","7",96.5,"vs. DEN","DEN",1791749100,"scheduled",NA,"WR48","C","9.0",NA,NA,NA
"ppr-wr","WR",2026-10-06,"19278","Michael Pittman","WR","PIT",49,52.4,2.93,48,57,"WR","M. Pittman Jr.","WR","https://www.fantasypros.com/nfl/players/michael-pittman.php","michael-pittman.php","9",73.1,"vs. IND","IND",1791738000,"scheduled",NA,"WR49","C-","8.8",NA,NA,NA
"ppr-wr","WR",2026-10-06,"28896","Roman Wilson","WR","PIT",50,52.64,5.18,37,59,"WR","R. Wilson","WR","https://www.fantasypros.com/nfl/players/roman-wilson-wr.php","roman-wilson-wr.php","9",4.8,"vs. IND","IND",1791738000,"scheduled",NA,"WR50","C-","8.7",NA,NA,NA
"ppr-wr","WR",2026-10-06,"26215","Tre Harris","WR","LAC",51,52.72,6.14,38,61,"WR","T. Harris","WR","https://www.fantasypros.com/nfl/players/tre-harris.php","tre-harris.php","7",9.7,"vs. DEN","DEN",1791749100,"scheduled",NA,"WR51","C-","8.4",NA,NA,NA
"ppr-wr","WR",2026-10-06,"23000","Brian Thomas","WR","JAC",52,52.84,3.77,46,66,"WR","B. Thomas Jr.","WR","https://www.fantasypros.com/nfl/players/brian-thomas-jr.php","brian-thomas-jr.php","7",70.8,"vs. PHI","PHI",1791725400,"scheduled",NA,"WR52","C-","8.5",NA,NA,NA
"ppr-wr","WR",2026-10-06,"19794","Rashod Bateman","WR","BAL",53,53.24,4.65,47,66,"WR","R. Bateman","WR","https://www.fantasypros.com/nfl/players/rashod-bateman.php","rashod-bateman.php","13",29.8,"at ATL","ATL",1791764400,"scheduled",NA,"WR53","C-","8.8",NA,NA,NA
"ppr-wr","WR",2026-10-06,"23123","Quentin Johnston","WR","LAC",54,53.32,3,45,58,"WR","Q. Johnston","WR","https://www.fantasypros.com/nfl/players/quentin-johnston.php","quentin-johnston.php","7",64.5,"vs. DEN","DEN",1791749100,"scheduled",NA,"WR54","C-","8.3",NA,NA,NA
"ppr-wr","WR",2026-10-06,"26398","Ryan Flournoy","WR","DAL",55,56.44,3.07,45,61,"WR","R. Flournoy","WR","https://www.fantasypros.com/nfl/players/ryan-flournoy.php","ryan-flournoy.php","14",7.3,"vs. TB","TB",1791504900,"scheduled",NA,"WR55","D+","8.2",NA,NA,NA
"ppr-wr","WR",2026-10-06,"28178","Dohnte Meyers","WR","CIN",56,56.56,11.74,31,70,"WR","D. Meyers","WR","https://www.fantasypros.com/nfl/players/dohnte-meyers.php","dohnte-meyers.php","6",1.3,"at MIA","MIA",1791738000,"scheduled",NA,"WR56","C-","8.1",NA,NA,NA
"ppr-wr","WR",2026-10-06,"17066","Kendrick Bourne","WR","ARI",57,57.88,4.04,46,63,"WR","K. Bourne","WR","https://www.fantasypros.com/nfl/players/kendrick-bourne.php","kendrick-bourne.php","14",1.3,"vs. DET","DET",1791750300,"scheduled",NA,"WR57","D","8.0",NA,NA,NA
"ppr-wr","WR",2026-10-06,"27994","Malachi Fields","WR","NYG",58,58.28,2.81,52,63,"WR","M. Fields","WR","https://www.fantasypros.com/nfl/players/malachi-fields.php","malachi-fields.php","8",10.9,"at WAS","WAS",1791738000,"scheduled",NA,"WR58","D","7.8",NA,NA,NA
"ppr-wr","WR",2026-10-06,"26038","Chris Bell","WR","MIA",59,59,5.04,48,68,"WR","C. Bell","WR","https://www.fantasypros.com/nfl/players/chris-bell.php","chris-bell.php","6",8.5,"vs. CIN","CIN",1791738000,"scheduled",NA,"WR59","D+","7.6",NA,NA,NA
"ppr-wr","WR",2026-10-06,"17265","DJ Moore","WR","BUF",60,47.14,11.4,28,77,"WR","DJ Moore","WR","https://www.fantasypros.com/nfl/players/dj-moore-wr.php","dj-moore-wr.php","7",95.8,"at LAR","LAR",1791850500,"scheduled",NA,"WR60","C-","7.5",NA,NA,NA
"ppr-wr","WR",2026-10-06,"24687","Rashid Shaheed","WR","SEA",61,61.68,2.09,55,64,"WR","R. Shaheed","WR","https://www.fantasypros.com/nfl/players/rashid-shaheed.php","rashid-shaheed.php","11",33.9,"vs. SF","SF",1791750300,"scheduled",NA,"WR61","D-","7.3",NA,NA,NA
"ppr-wr","WR",2026-10-06,"26379","Isaiah Williams","WR","NYJ",62,63.72,4.69,51,75,"WR","I. Williams","WR","https://www.fantasypros.com/nfl/players/isaiah-williams-wr.php","isaiah-williams-wr.php","13",2.1,"vs. CLE","CLE",1791738000,"scheduled",NA,"WR62","D-","7.3",NA,NA,NA
"ppr-wr","WR",2026-10-06,"27446","Isaac TeSlaa","WR","DET",63,64,4.45,55,79,"WR","I. TeSlaa","WR","https://www.fantasypros.com/nfl/players/isaac-teslaa.php","isaac-teslaa.php","6",3.7,"at ARI","ARI",1791750300,"scheduled",NA,"WR63","F","7.2",NA,NA,NA
"ppr-wr","WR",2026-10-06,"16433","Cooper Kupp","WR","SEA",64,64.16,4.6,54,82,"WR","C. Kupp","WR","https://www.fantasypros.com/nfl/players/cooper-kupp.php","cooper-kupp.php","11",13.1,"vs. SF","SF",1791750300,"scheduled",NA,"WR64","F","7.2",NA,NA,NA
"ppr-wr","WR",2026-10-06,"22989","Kayshon Boutte","WR","HOU",65,64.68,3.31,60,78,"WR","K. Boutte","WR","https://www.fantasypros.com/nfl/players/kayshon-boutte.php","kayshon-boutte.php","8",17.5,"at TEN","TEN",1791738000,"scheduled",NA,"WR65","F","7.1",NA,NA,NA
"ppr-wr","WR",2026-10-06,"19788","JaMarr Chase","WR","CIN",66,47.89,14.23,6,76,"WR","J. Chase","WR","https://www.fantasypros.com/nfl/players/jamarr-chase.php","jamarr-chase.php","6",99.6,"at MIA","MIA",1791738000,"scheduled",NA,"WR66","C","7.3",NA,NA,NA
"ppr-wr","WR",2026-10-06,"25304","Demario Douglas","WR","NE",67,66.33,5.44,47,72,"WR","D. Douglas","WR","https://www.fantasypros.com/nfl/players/demario-douglas.php","demario-douglas.php","11",2.6,"vs. LV","LV",1791738000,"scheduled",NA,"WR67","F","7.0",NA,NA,NA
"ppr-wr","WR",2026-10-06,"25332","Xavier Hutchinson","WR","HOU",68,69.96,4.97,65,89,"WR","X. Hutchinson","WR","https://www.fantasypros.com/nfl/players/xavier-hutchinson.php","xavier-hutchinson.php","8",6.1,"at TEN","TEN",1791738000,"scheduled",NA,"WR68","F","6.8",NA,NA,NA
"ppr-wr","WR",2026-10-06,"19590","Jauan Jennings","WR","MIN",69,69.87,5.05,64,90,"WR","J. Jennings","WR","https://www.fantasypros.com/nfl/players/jauan-jennings.php","jauan-jennings.php","6",16.1,"at NO","NO",1791738000,"scheduled",NA,"WR69","F","6.7",NA,NA,NA
"ppr-wr","WR",2026-10-06,"28130","Ted Hurst","WR","TB",70,72.42,4.69,68,92,"WR","T. Hurst III","WR","https://www.fantasypros.com/nfl/players/ted-hurst.php","ted-hurst.php","10",4.5,"at DAL","DAL",1791504900,"scheduled",NA,"WR70","F","6.6",NA,NA,NA
"ppr-wr","WR",2026-10-06,"16489","Mack Hollins","WR","NE",71,59.21,5.59,52,74,"WR","M. Hollins","WR","https://www.fantasypros.com/nfl/players/mack-hollins.php","mack-hollins.php","11",8.9,"vs. LV","LV",1791738000,"scheduled",NA,"WR71","F","6.6",NA,NA,NA
"ppr-wr","WR",2026-10-06,"24177","Jalen Nailor","WR","LV",72,72.7,9.75,66,107,"WR","J. Nailor","WR","https://www.fantasypros.com/nfl/players/jalen-nailor.php","jalen-nailor.php","13",18.3,"at NE","NE",1791738000,"scheduled",NA,"WR72","F","6.4",NA,NA,NA
"ppr-wr","WR",2026-10-06,"27122","Jaylin Noel","WR","HOU",73,70.55,7.09,54,82,"WR","J. Noel","WR","https://www.fantasypros.com/nfl/players/jaylin-noel.php","jaylin-noel.php","8",3.9,"at TEN","TEN",1791738000,"scheduled",NA,"WR73","F","6.1",NA,NA,NA
"ppr-wr","WR",2026-10-06,"24370","Mitch Tinsley","WR","CIN",74,65.67,9.31,46,75,"WR","M. Tinsley","WR","https://www.fantasypros.com/nfl/players/mitchell-tinsley.php","mitchell-tinsley.php","6",1,"at MIA","MIA",1791738000,"scheduled",NA,"WR74","F","6.1",NA,NA,NA
"ppr-wr","WR",2026-10-06,"27866","Darius Cooper","WR","PHI",75,68.56,13.74,53,99,"WR","D. Cooper","WR","https://www.fantasypros.com/nfl/players/darius-cooper.php","darius-cooper.php","10",0.7,"at JAC","JAC",1791725400,"scheduled",NA,"WR75","F","6.0",NA,NA,NA
"ppr-wr","WR",2026-10-06,"27445","Efton Chism","WR","NE",76,71,5.24,61,76,"WR","E. Chism III","WR","https://www.fantasypros.com/nfl/players/efton-chismi.php","efton-chismi.php","11",0.6,"vs. LV","LV",1791738000,"scheduled",NA,"WR76","F","5.8",NA,NA,NA
"ppr-wr","WR",2026-10-06,"28129","Bryce Lance","WR","NO",77,76.25,5.09,69,85,"WR","B. Lance","WR","https://www.fantasypros.com/nfl/players/bryce-lance.php","bryce-lance.php","8",1,"vs. MIN","MIN",1791738000,"scheduled",NA,"WR77","F","5.9",NA,NA,NA
"ppr-wr","WR",2026-10-06,"15495","Laquon Treadwell","WR","IND",78,70.43,10.01,57,81,"WR","L. Treadwell","WR","https://www.fantasypros.com/nfl/players/laquon-treadwell.php","laquon-treadwell.php","13",0.2,"at PIT","PIT",1791738000,"scheduled",NA,"WR78","F","5.7",NA,NA,NA
"ppr-wr","WR",2026-10-06,"23101","Jahan Dotson","WR","ATL",79,76,6.07,66,85,"WR","J. Dotson","WR","https://www.fantasypros.com/nfl/players/jahan-dotson.php","jahan-dotson.php","11",1.4,"vs. BAL","BAL",1791764400,"scheduled",NA,"WR79","F","5.6",NA,NA,NA
"ppr-wr","WR",2026-10-06,"18466","Terry McLaurin","WR","WAS",80,28.33,8.38,17,37,"WR","T. McLaurin","WR","https://www.fantasypros.com/nfl/players/terry-mclaurin.php","terry-mclaurin.php","7",94.4,"vs. NYG","NYG",1791738000,"scheduled",NA,"WR80","F","5.6",NA,NA,NA
"ppr-wr","WR",2026-10-06,"19810","Darnell Mooney","WR","NYG",81,76.33,4.99,68,82,"WR","D. Mooney","WR","https://www.fantasypros.com/nfl/players/darnell-mooney.php","darnell-mooney.php","8",3.2,"at WAS","WAS",1791738000,"scheduled",NA,"WR81","F","5.1",NA,NA,NA
"ppr-wr","WR",2026-10-06,"27059","Elic Ayomanor","WR","TEN",82,84.67,7.41,74,93,"WR","E. Ayomanor","WR","https://www.fantasypros.com/nfl/players/elic-ayomanor.php","elic-ayomanor.php","9",1.5,"vs. HOU","HOU",1791738000,"scheduled",NA,"WR82","F","4.6",NA,NA,NA
"ppr-wr","WR",2026-10-06,"24357","Adonai Mitchell","WR","NYJ",83,65.75,11.9,49,77,"WR","A. Mitchell","WR","https://www.fantasypros.com/nfl/players/adonai-mitchell.php","adonai-mitchell.php","13",32.1,"vs. CLE","CLE",1791738000,"scheduled",NA,"WR83","F","5.3",NA,NA,NA
"ppr-wr","WR",2026-10-06,"19222","DeVonta Smith","WR","PHI",84,15.5,0.5,15,16,"WR","D. Smith","WR","https://www.fantasypros.com/nfl/players/devonta-smith.php","devonta-smith.php","10",99,"at JAC","JAC",1791725400,"scheduled",NA,"WR84","F","4.8",NA,NA,NA
"ppr-wr","WR",2026-10-06,"19739","Cody White","WR","LV",85,80.2,5.11,70,83,"WR","C. White","WR","https://www.fantasypros.com/nfl/players/cody-white-wr.php","cody-white-wr.php","13",0.7,"at NE","NE",1791738000,"scheduled",NA,"WR85","F","4.7",NA,NA,NA
"ppr-wr","WR",2026-10-06,"22905","Treylon Burks","WR","WAS",86,87.33,10.31,72,102,"WR","T. Burks","WR","https://www.fantasypros.com/nfl/players/treylon-burks.php","treylon-burks.php","7",1.7,"vs. NYG","NYG",1791738000,"scheduled",NA,"WR86","F","4.4",NA,NA,NA
"ppr-wr","WR",2026-10-06,"22845","Josh Palmer","WR","BUF",87,80.6,6.92,68,88,"WR","J. Palmer","WR","https://www.fantasypros.com/nfl/players/josh-palmer.php","josh-palmer.php","7",2,"at LAR","LAR",1791850500,"scheduled",NA,"WR87","F","5.2",NA,NA,NA
"ppr-wr","WR",2026-10-06,"19201","Jerry Jeudy","WR","CLE",88,83,6.1,71,88,"WR","J. Jeudy","WR","https://www.fantasypros.com/nfl/players/jerry-jeudy.php","jerry-jeudy.php","11",15.4,"at NYJ","NYJ",1791738000,"scheduled",NA,"WR88","F","4.7",NA,NA,NA
"ppr-wr","WR",2026-10-06,"28135","Caleb Douglas","WR","MIA",89,73.25,6.26,64,79,"WR","C. Douglas","WR","https://www.fantasypros.com/nfl/players/caleb-douglas.php","caleb-douglas.php","6",17.8,"vs. CIN","CIN",1791738000,"scheduled",NA,"WR89","F","4.7",NA,NA,NA
"ppr-wr","WR",2026-10-06,"23092","Troy Franklin","WR","DEN",90,84.6,7.39,76,96,"WR","T. Franklin","WR","https://www.fantasypros.com/nfl/players/troy-franklin.php","troy-franklin.php","10",1.6,"at LAC","LAC",1791749100,"scheduled",NA,"WR90","F","4.7",NA,NA,NA
"ppr-wr","WR",2026-10-06,"26039","Germie Bernard","WR","PIT",91,85,7.69,75,95,"WR","G. Bernard","WR","https://www.fantasypros.com/nfl/players/germie-bernard.php","germie-bernard.php","9",5.6,"vs. IND","IND",1791738000,"scheduled",NA,"WR91","F","4.7",NA,NA,NA
"ppr-wr","WR",2026-10-06,"28067","Kevin Coleman","WR","MIA",92,85.6,5.54,75,90,"WR","K. Coleman Jr.","WR","https://www.fantasypros.com/nfl/players/kevin-coleman-jr.php","kevin-coleman-jr.php","6",1.1,"vs. CIN","CIN",1791738000,"scheduled",NA,"WR92","F","4.7",NA,NA,NA
"ppr-wr","WR",2026-10-06,"18864","Olamide Zaccheaus","WR","ATL",93,87.4,8.09,73,98,"WR","O. Zaccheaus","WR","https://www.fantasypros.com/nfl/players/olamide-zaccheaus.php","olamide-zaccheaus.php","11",0.6,"vs. BAL","BAL",1791764400,"scheduled",NA,"WR93","F","4.4",NA,NA,NA
"ppr-wr","WR",2026-10-06,"25419","Zachariah Branch","WR","ATL",94,88.4,9.13,77,105,"WR","Z. Branch","WR","https://www.fantasypros.com/nfl/players/zachariah-branch.php","zachariah-branch.php","11",8.6,"vs. BAL","BAL",1791764400,"scheduled",NA,"WR94","F","4.4",NA,NA,NA
"ppr-wr","WR",2026-10-06,"23080","Marvin Mims","WR","DEN",95,90.6,2.33,87,93,"WR","M. Mims Jr.","WR","https://www.fantasypros.com/nfl/players/marvin-mims.php","marvin-mims.php","10",2.5,"at LAC","LAC",1791749100,"scheduled",NA,"WR95","F","4.3",NA,NA,NA
"ppr-wr","WR",2026-10-06,"28137","Josh Cameron","WR","JAC",96,91.2,5.88,80,96,"WR","J. Cameron","WR","https://www.fantasypros.com/nfl/players/josh-cameron.php","josh-cameron.php","7",0.7,"vs. PHI","PHI",1791725400,"scheduled",NA,"WR96","F","4.2",NA,NA,NA
"ppr-wr","WR",2026-10-06,"20113","Dyami Brown","WR","WAS",97,98.67,12.51,78,116,"WR","D. Brown","WR","https://www.fantasypros.com/nfl/players/dyami-brown.php","dyami-brown.php","7",0.6,"vs. NYG","NYG",1791738000,"scheduled",NA,"WR97","F","3.6",NA,NA,NA
"ppr-wr","WR",2026-10-06,"27487","Kyle Williams","WR","NE",98,94.6,6.41,86,104,"WR","K. Williams","WR","https://www.fantasypros.com/nfl/players/kyle-williams-wr-2025.php","kyle-williams-wr-2025.php","11",1.5,"vs. LV","LV",1791738000,"scheduled",NA,"WR98","F","3.9",NA,NA,NA
"ppr-wr","WR",2026-10-06,"17258","Calvin Ridley","WR","TEN",99,95,2.68,90,98,"WR","C. Ridley","WR","https://www.fantasypros.com/nfl/players/calvin-ridley.php","calvin-ridley.php","9",5.8,"vs. HOU","HOU",1791738000,"scheduled",NA,"WR99","F","3.9",NA,NA,NA
"ppr-wr","WR",2026-10-06,"23905","Skyy Moore","WR","GB",100,95.2,7.63,84,108,"WR","S. Moore","WR","https://www.fantasypros.com/nfl/players/skyy-moore.php","skyy-moore.php","11",1.4,"vs. CHI","CHI",1791738000,"scheduled",NA,"WR100","F","3.8",NA,NA,NA
"ppr-wr","WR",2026-10-06,"18656","Ashton Dulin","WR","IND",101,81,1.41,80,83,"WR","A. Dulin","WR","https://www.fantasypros.com/nfl/players/ashton-dulin.php","ashton-dulin.php","13",0.7,"at PIT","PIT",1791738000,"scheduled",NA,"WR101","F","3.6",NA,NA,NA
"ppr-wr","WR",2026-10-06,"27449","Konata Mumpfield","WR","LAR",102,99,2.76,95,103,"WR","K. Mumpfield","WR","https://www.fantasypros.com/nfl/players/konata-mumpfield.php","konata-mumpfield.php","11",4.2,"vs. BUF","BUF",1791850500,"scheduled",NA,"WR102","F","3.8",NA,NA,NA
"ppr-wr","WR",2026-10-06,"11616","Keenan Allen","WR","IND",103,65,7,58,72,"WR","K. Allen","WR","https://www.fantasypros.com/nfl/players/keenan-allen.php","keenan-allen.php","13",39.6,"at PIT","PIT",1791738000,"scheduled",NA,"WR103","F","3.8",NA,NA,NA
"ppr-wr","WR",2026-10-06,"27463","Elijah Sarratt","WR","BAL",104,100.6,0.8,99,101,"WR","E. Sarratt","WR","https://www.fantasypros.com/nfl/players/elijah-sarratt.php","elijah-sarratt.php","13",4.1,"at ATL","ATL",1791764400,"scheduled",NA,"WR104","F","3.7",NA,NA,NA
"ppr-wr","WR",2026-10-06,"23135","Jordan Whittington","WR","LAR",105,101.4,5.39,94,109,"WR","J. Whittington","WR","https://www.fantasypros.com/nfl/players/jordan-whittington.php","jordan-whittington.php","11",0.6,"vs. BUF","BUF",1791850500,"scheduled",NA,"WR105","F","3.6",NA,NA,NA
"ppr-wr","WR",2026-10-06,"26011","Devontez Walker","WR","BAL",106,82.5,2.5,80,85,"WR","D. Walker","WR","https://www.fantasypros.com/nfl/players/devontez-walker.php","devontez-walker.php","13",0.6,"at ATL","ATL",1791764400,"scheduled",NA,"WR106","F","3.5",NA,NA,NA
"ppr-wr","WR",2026-10-06,"17528","Marquez Valdes-Scantling","WR","LAC",107,87.5,4.5,83,92,"WR","M. Valdes-Scantling","WR","https://www.fantasypros.com/nfl/players/marquez-valdesscantling.php","marquez-valdesscantling.php","7",1.3,"vs. DEN","DEN",1791749100,"scheduled",NA,"WR107","F","3.3",NA,NA,NA
"ppr-wr","WR",2026-10-06,"27147","Tez Johnson","WR","TB",108,91.5,15.5,76,107,"WR","T. Johnson","WR","https://www.fantasypros.com/nfl/players/tez-johnson.php","tez-johnson.php","10",0.6,"at DAL","DAL",1791504900,"scheduled",NA,"WR108","F","3.2",NA,NA,NA
"ppr-wr","WR",2026-10-06,"26022","Tory Horton","WR","SEA",109,99,1,98,100,"WR","T. Horton","WR","https://www.fantasypros.com/nfl/players/tory-horton.php","tory-horton.php","11",1.8,"vs. SF","SF",1791750300,"scheduled",NA,"WR109","F","3.1",NA,NA,NA
"ppr-wr","WR",2026-10-06,"25289","Jacob Cowing","WR","SF",110,100.5,3.5,97,104,"WR","J. Cowing","WR","https://www.fantasypros.com/nfl/players/jacob-cowing.php","jacob-cowing.php","8",0.6,"at SEA","SEA",1791750300,"scheduled",NA,"WR110","F","3.0",NA,NA,NA
"ppr-wr","WR",2026-10-06,"27486","Jordan Watkins","WR","SF",111,101.5,8.5,93,110,"WR","J. Watkins","WR","https://www.fantasypros.com/nfl/players/jordan-watkins.php","jordan-watkins.php","8",0.6,"at SEA","SEA",1791750300,"scheduled",NA,"WR111","F","2.7",NA,NA,NA
"ppr-wr","WR",2026-10-06,"18520","KaVontae Turpin","WR","DAL",112,106.5,6.5,100,113,"WR","K. Turpin","WR","https://www.fantasypros.com/nfl/players/kavontae-turpin.php","kavontae-turpin.php","14",2.7,"vs. TB","TB",1791504900,"scheduled",NA,"WR112","F","2.7",NA,NA,NA
"ppr-wr","WR",2026-10-06,"27315","Chimere Dike","WR","TEN",113,108.5,17.5,91,126,"WR","C. Dike","WR","https://www.fantasypros.com/nfl/players/chimere-dike.php","chimere-dike.php","9",1.5,"vs. HOU","HOU",1791738000,"scheduled",NA,"WR113","F","2.7",NA,NA,NA
"ppr-wr","WR",2026-10-06,"20126","Tutu Atwell","WR","LAR",114,109,1,108,110,"WR","T. Atwell","WR","https://www.fantasypros.com/nfl/players/tutu-atwell.php","tutu-atwell.php","11",0.8,"vs. BUF","BUF",1791850500,"scheduled",NA,"WR114","F","2.1",NA,NA,NA
"ppr-wr","WR",2026-10-06,"26034","Travis Hunter","WR","JAC",115,117,18,99,135,"WR","T. Hunter","WR,CB","https://www.fantasypros.com/nfl/players/travis-hunter.php","travis-hunter.php","7",48.9,"vs. PHI","PHI",1791725400,"scheduled",NA,"WR115","F","1.8",NA,NA,NA
"ppr-wr","WR",2026-10-06,"27182","Tai Felton","WR","MIN",116,116,16,100,132,"WR","T. Felton","WR","https://www.fantasypros.com/nfl/players/tai-felton.php","tai-felton.php","6",0.6,"at NO","NO",1791738000,"scheduled",NA,"WR116","F","1.6",NA,NA,NA
"ppr-wr","WR",2026-10-06,"26037","Colbie Young","WR","CIN",117,117,8,109,125,"WR","C. Young","WR","https://www.fantasypros.com/nfl/players/colbie-young.php","colbie-young.php","6",0.8,"at MIA","MIA",1791738000,"scheduled",NA,"WR117","F","1.3",NA,NA,NA
"ppr-wr","WR",2026-10-06,"26012","Malik Benson","WR","LV",118,121,9,112,130,"WR","M. Benson","WR","https://www.fantasypros.com/nfl/players/malik-benson.php","malik-benson.php","13",0.6,"at NE","NE",1791738000,"scheduled",NA,"WR118","F","1.1",NA,NA,NA
"ppr-wr","WR",2026-10-06,"20114","Elijah Moore","WR","PHI",119,121,7,114,128,"WR","E. Moore","WR","https://www.fantasypros.com/nfl/players/elijah-moore.php","elijah-moore.php","10",1.1,"at JAC","JAC",1791725400,"scheduled",NA,"WR119","F","1.0",NA,NA,NA
"ppr-wr","WR",2026-10-06,"24371","Isaiah Bond","WR","CLE",120,119.5,2.5,117,122,"WR","I. Bond","WR","https://www.fantasypros.com/nfl/players/isaiah-bond.php","isaiah-bond.php","11",0.6,"at NYJ","NYJ",1791738000,"scheduled",NA,"WR120","F","0.9",NA,NA,NA
"ppr-wr","WR",2026-10-06,"23770","Jalen Tolbert","WR","MIA",121,120.5,2.5,118,123,"WR","J. Tolbert","WR","https://www.fantasypros.com/nfl/players/jalen-tolbert.php","jalen-tolbert.php","6",1.1,"vs. CIN","CIN",1791738000,"scheduled",NA,"WR121","F","0.5",NA,NA,NA
"ppr-te","TE",2026-10-06,"22936","Trey McBride","TE","ARI",1,1,0,1,1,"TE","T. McBride","TE","https://www.fantasypros.com/nfl/players/trey-mcbride.php","trey-mcbride.php","14",99.7,"vs. DET","DET",1791750300,"scheduled",NA,"TE1","A+","18.6",NA,NA,NA
"ppr-te","TE",2026-10-06,"22955","Brock Bowers","TE","LV",2,2.04,0.19,2,3,"TE","B. Bowers","TE","https://www.fantasypros.com/nfl/players/brock-bowers.php","brock-bowers.php","13",99.6,"at NE","NE",1791738000,"scheduled",NA,"TE2","A","16.0",NA,NA,NA
"ppr-te","TE",2026-10-06,"22978","Sam LaPorta","TE","DET",3,3.26,0.75,2,6,"TE","S. LaPorta","TE","https://www.fantasypros.com/nfl/players/sam-laporta.php","sam-laporta.php","6",97.2,"at ARI","ARI",1791750300,"scheduled",NA,"TE3","A","13.4",NA,NA,NA
"ppr-te","TE",2026-10-06,"16499","George Kittle","TE","SF",4,3.89,0.5,3,5,"TE","G. Kittle","TE","https://www.fantasypros.com/nfl/players/george-kittle.php","george-kittle.php","8",96.3,"at SEA","SEA",1791750300,"scheduled",NA,"TE4","A","12.8",NA,NA,NA
"ppr-te","TE",2026-10-06,"26434","Tyler Warren","TE","IND",5,5,0.47,4,6,"TE","T. Warren","TE","https://www.fantasypros.com/nfl/players/tyler-warren.php","tyler-warren.php","13",98.6,"at PIT","PIT",1791738000,"scheduled",NA,"TE5","A-","12.6",NA,NA,NA
"ppr-te","TE",2026-10-06,"23781","Isaiah Likely","TE","NYG",6,7.07,1.63,5,10,"TE","I. Likely","TE","https://www.fantasypros.com/nfl/players/isaiah-likely.php","isaiah-likely.php","8",88.2,"at WAS","WAS",1791738000,"scheduled",NA,"TE6","B+","12.4",NA,NA,NA
"ppr-te","TE",2026-10-06,"25247","Dalton Kincaid","TE","BUF",7,7.3,1.33,6,11,"TE","D. Kincaid","TE","https://www.fantasypros.com/nfl/players/dalton-kincaid.php","dalton-kincaid.php","7",94.7,"at LAR","LAR",1791850500,"scheduled",NA,"TE7","B+","12.1",NA,NA,NA
"ppr-te","TE",2026-10-06,"25298","Tucker Kraft","TE","GB",8,8.7,1.51,7,12,"TE","T. Kraft","TE","https://www.fantasypros.com/nfl/players/tucker-kraft.php","tucker-kraft.php","11",92.9,"vs. CHI","CHI",1791738000,"scheduled",NA,"TE8","B","11.2",NA,NA,NA
"ppr-te","TE",2026-10-06,"19562","Juwan Johnson","TE","NO",9,8.93,1.78,6,14,"TE","J. Johnson","TE","https://www.fantasypros.com/nfl/players/juwan-johnson.php","juwan-johnson.php","8",68.6,"vs. MIN","MIN",1791738000,"scheduled",NA,"TE9","B","10.5",NA,NA,NA
"ppr-te","TE",2026-10-06,"26006","Colston Loveland","TE","CHI",10,10,1.47,7,15,"TE","C. Loveland","TE","https://www.fantasypros.com/nfl/players/colston-loveland.php","colston-loveland.php","10",93.3,"at GB","GB",1791738000,"scheduled",NA,"TE10","B-","10.0",NA,NA,NA
"ppr-te","TE",2026-10-06,"18290","TJ Hockenson","TE","MIN",11,11.44,2.18,7,15,"TE","T.J. Hockenson","TE","https://www.fantasypros.com/nfl/players/tj-hockenson.php","tj-hockenson.php","6",43.4,"at NO","NO",1791738000,"scheduled",NA,"TE11","C+","9.8",NA,NA,NA
"ppr-te","TE",2026-10-06,"27050","Harold Fannin","TE","CLE",12,11.85,1.98,8,16,"TE","H. Fannin Jr.","TE","https://www.fantasypros.com/nfl/players/harold-fannin-jr.php","harold-fannin-jr.php","11",92.5,"at NYJ","NYJ",1791738000,"scheduled",NA,"TE12","C+","9.8",NA,NA,NA
"ppr-te","TE",2026-10-06,"17272","Mike Gesicki","TE","CIN",13,12.81,1.52,9,15,"TE","M. Gesicki","TE","https://www.fantasypros.com/nfl/players/mike-gesicki.php","mike-gesicki.php","6",10.8,"at MIA","MIA",1791738000,"scheduled",NA,"TE13","C","9.7",NA,NA,NA
"ppr-te","TE",2026-10-06,"17269","Mark Andrews","TE","BAL",14,13.33,2.04,11,18,"TE","M. Andrews","TE","https://www.fantasypros.com/nfl/players/mark-andrews.php","mark-andrews.php","13",79.8,"at ATL","ATL",1791764400,"scheduled",NA,"TE14","C","9.4",NA,NA,NA
"ppr-te","TE",2026-10-06,"15561","Hunter Henry","TE","NE",15,15.59,1.45,13,19,"TE","H. Henry","TE","https://www.fantasypros.com/nfl/players/hunter-henry.php","hunter-henry.php","11",52.9,"vs. LV","LV",1791738000,"scheduled",NA,"TE15","C-","9.3",NA,NA,NA
"ppr-te","TE",2026-10-06,"15623","Tyler Higbee","TE","LAR",16,17.04,1.82,13,21,"TE","T. Higbee","TE","https://www.fantasypros.com/nfl/players/tyler-higbee.php","tyler-higbee.php","11",2.7,"vs. BUF","BUF",1791850500,"scheduled",NA,"TE16","D+","9.1",NA,NA,NA
"ppr-te","TE",2026-10-06,"22718","Jake Ferguson","TE","DAL",17,17.07,1.61,15,21,"TE","J. Ferguson","TE","https://www.fantasypros.com/nfl/players/jake-ferguson.php","jake-ferguson.php","14",80.8,"vs. TB","TB",1791504900,"scheduled",NA,"TE17","D+","9.1",NA,NA,NA
"ppr-te","TE",2026-10-06,"26055","Kenyon Sadiq","TE","NYJ",18,17.33,1.47,14,22,"TE","K. Sadiq","TE","https://www.fantasypros.com/nfl/players/kenyon-sadiq.php","kenyon-sadiq.php","13",54.6,"vs. CLE","CLE",1791738000,"scheduled",NA,"TE18","D+","8.9",NA,NA,NA
"ppr-te","TE",2026-10-06,"20163","Pat Freiermuth","TE","PIT",19,19.63,1.52,15,23,"TE","P. Freiermuth","TE","https://www.fantasypros.com/nfl/players/pat-freiermuth.php","pat-freiermuth.php","9",17.8,"vs. IND","IND",1791738000,"scheduled",NA,"TE19","D","8.6",NA,NA,NA
"ppr-te","TE",2026-10-06,"17349","Dalton Schultz","TE","HOU",20,19.67,2,16,25,"TE","D. Schultz","TE","https://www.fantasypros.com/nfl/players/dalton-schultz.php","dalton-schultz.php","8",65.8,"at TEN","TEN",1791738000,"scheduled",NA,"TE20","D","8.6",NA,NA,NA
"ppr-te","TE",2026-10-06,"25997","Oronde Gadsden","TE","LAC",21,20.96,2.57,12,25,"TE","O. Gadsden II","TE","https://www.fantasypros.com/nfl/players/oronde-gadsden-ii.php","oronde-gadsden-ii.php","7",15.5,"vs. DEN","DEN",1791749100,"scheduled",NA,"TE21","D","8.5",NA,NA,NA
"ppr-te","TE",2026-10-06,"20164","Kyle Pitts","TE","ATL",22,21.41,1.34,18,26,"TE","K. Pitts Sr.","TE","https://www.fantasypros.com/nfl/players/kyle-pitts.php","kyle-pitts.php","11",76.5,"vs. BAL","BAL",1791764400,"scheduled",NA,"TE22","D-","8.5",NA,NA,NA
"ppr-te","TE",2026-10-06,"25345","Brenton Strange","TE","JAC",23,21.52,2.69,14,24,"TE","B. Strange","TE","https://www.fantasypros.com/nfl/players/brenton-strange.php","brenton-strange.php","7",33,"vs. PHI","PHI",1791725400,"scheduled",NA,"TE23","D-","8.4",NA,NA,NA
"ppr-te","TE",2026-10-06,"26335","AJ Barner","TE","SEA",24,25.15,0.7,24,27,"TE","AJ Barner","TE","https://www.fantasypros.com/nfl/players/aj-barner.php","aj-barner.php","11",16.2,"vs. SF","SF",1791750300,"scheduled",NA,"TE24","F","7.8",NA,NA,NA
"ppr-te","TE",2026-10-06,"23181","Cade Otton","TE","TB",25,25.3,1.58,24,30,"TE","C. Otton","TE","https://www.fantasypros.com/nfl/players/cade-otton.php","cade-otton.php","10",6.8,"at DAL","DAL",1791504900,"scheduled",NA,"TE25","F","7.2",NA,NA,NA
"ppr-te","TE",2026-10-06,"23056","Michael Mayer","TE","LV",26,26.44,1.97,22,29,"TE","M. Mayer","TE","https://www.fantasypros.com/nfl/players/michael-mayer.php","michael-mayer.php","13",7.9,"at NE","NE",1791738000,"scheduled",NA,"TE26","F","7.0",NA,NA,NA
"ppr-te","TE",2026-10-06,"22967","Darnell Washington","TE","PIT",27,26.81,2.13,24,33,"TE","D. Washington","TE","https://www.fantasypros.com/nfl/players/darnell-washington.php","darnell-washington.php","9",2.5,"vs. IND","IND",1791738000,"scheduled",NA,"TE27","F","7.0",NA,NA,NA
"ppr-te","TE",2026-10-06,"23153","Greg Dulcich","TE","MIA",28,26.85,1.71,23,31,"TE","G. Dulcich","TE","https://www.fantasypros.com/nfl/players/greg-dulcich.php","greg-dulcich.php","6",7,"vs. CIN","CIN",1791738000,"scheduled",NA,"TE28","F","6.3",NA,NA,NA
"ppr-te","TE",2026-10-06,"16411","Evan Engram","TE","DEN",29,28.89,0.79,28,31,"TE","E. Engram","TE","https://www.fantasypros.com/nfl/players/evan-engram.php","evan-engram.php","10",3.8,"at LAC","LAC",1791749100,"scheduled",NA,"TE29","F","6.2",NA,NA,NA
"ppr-te","TE",2026-10-06,"23982","Chigoziem Okonkwo","TE","WAS",30,29.78,1.55,24,31,"TE","C. Okonkwo","TE","https://www.fantasypros.com/nfl/players/chigoziem-okonkwo.php","chigoziem-okonkwo.php","7",19.3,"vs. NYG","NYG",1791738000,"scheduled",NA,"TE30","F","6.1",NA,NA,NA
"ppr-te","TE",2026-10-06,"27109","Gunnar Helm","TE","TEN",31,31.68,0.84,29,33,"TE","G. Helm","TE","https://www.fantasypros.com/nfl/players/gunnar-helm.php","gunnar-helm.php","9",3.6,"vs. HOU","HOU",1791738000,"scheduled",NA,"TE31","F","5.8",NA,NA,NA
"ppr-te","TE",2026-10-06,"17527","Noah Fant","TE","NO",32,31.57,2.55,30,42,"TE","N. Fant","TE","https://www.fantasypros.com/nfl/players/noah-fant.php","noah-fant.php","8",1.6,"vs. MIN","MIN",1791738000,"scheduled",NA,"TE32","F","5.6",NA,NA,NA
"ppr-te","TE",2026-10-06,"11689","Zach Ertz","TE","PHI",33,30.71,1.75,29,33,"TE","Z. Ertz","TE","https://www.fantasypros.com/nfl/players/zach-ertz.php","zach-ertz.php","10",3.1,"at JAC","JAC",1791725400,"scheduled",NA,"TE33","F","5.4",NA,NA,NA
"ppr-te","TE",2026-10-06,"28154","Eli Raridon","TE","NE",34,35.8,2.4,34,40,"TE","E. Raridon","TE","https://www.fantasypros.com/nfl/players/eli-raridon.php","eli-raridon.php","11",1.5,"vs. LV","LV",1791738000,"scheduled",NA,"TE34","F","5.3",NA,NA,NA
"ppr-te","TE",2026-10-06,"23104","Theo Johnson","TE","NYG",35,37.8,4.79,34,47,"TE","T. Johnson","TE","https://www.fantasypros.com/nfl/players/theo-johnson.php","theo-johnson.php","8",1.5,"at WAS","WAS",1791738000,"scheduled",NA,"TE35","F","4.6",NA,NA,NA
"ppr-te","TE",2026-10-06,"23742","Jeremy Ruckert","TE","NYJ",36,34.25,4.82,28,41,"TE","J. Ruckert","TE","https://www.fantasypros.com/nfl/players/jeremy-ruckert.php","jeremy-ruckert.php","13",0.6,"vs. CLE","CLE",1791738000,"scheduled",NA,"TE36","F","4.6",NA,NA,NA
"ppr-te","TE",2026-10-06,"18631","Dawson Knox","TE","BUF",37,35.5,3.57,31,41,"TE","D. Knox","TE","https://www.fantasypros.com/nfl/players/dawson-knox.php","dawson-knox.php","7",1.7,"at LAR","LAR",1791850500,"scheduled",NA,"TE37","F","4.2",NA,NA,NA
"ppr-te","TE",2026-10-06,"16460","Jonnu Smith","TE","GB",38,38.25,3.11,35,43,"TE","J. Smith","TE","https://www.fantasypros.com/nfl/players/jonnu-smith.php","jonnu-smith.php","11",0.9,"vs. CHI","CHI",1791738000,"scheduled",NA,"TE38","F","3.8",NA,NA,NA
"ppr-te","TE",2026-10-06,"19229","Cole Kmet","TE","CHI",39,38.75,1.92,37,42,"TE","C. Kmet","TE","https://www.fantasypros.com/nfl/players/cole-kmet.php","cole-kmet.php","10",1.8,"at GB","GB",1791738000,"scheduled",NA,"TE39","F","3.6",NA,NA,NA
"ppr-te","TE",2026-10-06,"15581","Austin Hooper","TE","ATL",40,38.67,1.25,37,40,"TE","A. Hooper","TE","https://www.fantasypros.com/nfl/players/austin-hooper.php","austin-hooper.php","11",0.9,"vs. BAL","BAL",1791764400,"scheduled",NA,"TE40","F","3.4",NA,NA,NA
"ppr-te","TE",2026-10-06,"18561","Drew Sample","TE","CIN",41,45,6.16,39,53,"TE","D. Sample","TE","https://www.fantasypros.com/nfl/players/drew-sample.php","drew-sample.php","6",0.6,"at MIA","MIA",1791738000,"scheduled",NA,"TE41","F","3.4",NA,NA,NA
"ppr-te","TE",2026-10-06,"28168","Matt Hibner","TE","BAL",42,43,2.16,40,45,"TE","M. Hibner","TE","https://www.fantasypros.com/nfl/players/matthew-hibner.php","matthew-hibner.php","13",1.2,"at ATL","ATL",1791764400,"scheduled",NA,"TE42","F","3.3",NA,NA,NA
"ppr-te","TE",2026-10-06,"17826","Tanner Hudson","TE","CIN",43,35.5,0.5,35,36,"TE","T. Hudson","TE","https://www.fantasypros.com/nfl/players/tanner-hudson.php","tanner-hudson.php","6",2.3,"at MIA","MIA",1791738000,"scheduled",NA,"TE43","F","3.2",NA,NA,NA
"ppr-te","TE",2026-10-06,"23119","Elijah Higgins","TE","ARI",44,44,8.6,34,55,"TE","E. Higgins","TE","https://www.fantasypros.com/nfl/players/elijah-higgins.php","elijah-higgins.php","14",0.6,"vs. DET","DET",1791750300,"scheduled",NA,"TE44","F","3.2",NA,NA,NA
"ppr-te","TE",2026-10-06,"23761","Davis Allen","TE","LAR",45,37.5,0.5,37,38,"TE","D. Allen","TE","https://www.fantasypros.com/nfl/players/davis-allen.php","davis-allen.php","11",1,"vs. BUF","BUF",1791850500,"scheduled",NA,"TE45","F","3.0",NA,NA,NA
"ppr-te","TE",2026-10-06,"23004","Elijah Arroyo","TE","SEA",46,38,2,36,40,"TE","E. Arroyo","TE","https://www.fantasypros.com/nfl/players/elijah-arroyo.php","elijah-arroyo.php","11",0.9,"vs. SF","SF",1791750300,"scheduled",NA,"TE46","F","3.0",NA,NA,NA
"ppr-te","TE",2026-10-06,"18397","Foster Moreau","TE","HOU",47,38.5,3.5,35,42,"TE","F. Moreau","TE","https://www.fantasypros.com/nfl/players/foster-moreau.php","foster-moreau.php","8",1.2,"at TEN","TEN",1791738000,"scheduled",NA,"TE47","F","3.0",NA,NA,NA
"ppr-te","TE",2026-10-06,"23837","Erick All","TE","CIN",48,44,3,41,47,"TE","E. All Jr.","TE","https://www.fantasypros.com/nfl/players/erick-all.php","erick-all.php","6",0.6,"at MIA","MIA",1791738000,"scheduled",NA,"TE48","F","3.0",NA,NA,NA
"ppr-te","TE",2026-10-06,"24238","Daniel Bellinger","TE","TEN",49,47.5,1.5,46,49,"TE","D. Bellinger","TE","https://www.fantasypros.com/nfl/players/daniel-bellinger.php","daniel-bellinger.php","9",2.8,"vs. HOU","HOU",1791738000,"scheduled",NA,"TE49","F","2.8",NA,NA,NA
"ppr-te","TE",2026-10-06,"28403","Will Kacmarek","TE","MIA",50,52,2,50,54,"TE","W. Kacmarek","TE","https://www.fantasypros.com/nfl/players/will-kacmarek.php","will-kacmarek.php","6",0.7,"vs. CIN","CIN",1791738000,"scheduled",NA,"TE50","F","2.5",NA,NA,NA
"ppr-te","TE",2026-10-06,"26310","Ben Sinnott","TE","WAS",51,52.5,1.5,51,54,"TE","B. Sinnott","TE","https://www.fantasypros.com/nfl/players/ben-sinnott.php","ben-sinnott.php","7",0.6,"vs. NYG","NYG",1791738000,"scheduled",NA,"TE51","F","2.3",NA,NA,NA
"ppr-te","TE",2026-10-06,"28161","Sam Roush","TE","CHI",52,61.5,10.5,51,72,"TE","S. Roush","TE","https://www.fantasypros.com/nfl/players/sam-roush.php","sam-roush.php","10",0.7,"at GB","GB",1791738000,"scheduled",NA,"TE52","F","2.0",NA,NA,NA
"ppr-te","TE",2026-10-06,"22833","John Bates","TE","WAS",53,55.5,3.5,52,59,"TE","J. Bates","TE","https://www.fantasypros.com/nfl/players/john-bates.php","john-bates.php","7",1.2,"vs. NYG","NYG",1791738000,"scheduled",NA,"TE53","F","1.8",NA,NA,NA
"ppr-te","TE",2026-10-06,"25267","Luke Schoonmaker","TE","DAL",54,64.5,11.5,53,76,"TE","L. Schoonmaker","TE","https://www.fantasypros.com/nfl/players/luke-schoonmaker.php","luke-schoonmaker.php","14",0.8,"vs. TB","TB",1791504900,"scheduled",NA,"TE54","F","1.7",NA,NA,NA
"ppr-te","TE",2026-10-06,"17508","Durham Smythe","TE","BAL",55,64.5,9.5,55,74,"TE","D. Smythe","TE","https://www.fantasypros.com/nfl/players/durham-smythe.php","durham-smythe.php","13",0.6,"at ATL","ATL",1791764400,"scheduled",NA,"TE55","F","1.6",NA,NA,NA
"k","K",2026-10-06,"26068","Brandon Aubrey","K","DAL",1,1.24,0.64,1,3,"K","B. Aubrey","K","https://www.fantasypros.com/nfl/players/brandon-aubrey.php","brandon-aubrey.php","14",99,"vs. TB","TB",1791504900,"scheduled",NA,"K1","A","10.1",NA,NA,NA
"k","K",2026-10-06,"23297","Evan McPherson","K","CIN",2,3.18,1.15,2,6,"K","E. McPherson","K","https://www.fantasypros.com/nfl/players/evan-mcpherson.php","evan-mcpherson.php","6",65.7,"at MIA","MIA",1791738000,"scheduled",NA,"K2","B+","8.8",NA,NA,NA
"k","K",2026-10-06,"15756","Kaimi Fairbairn","K","HOU",3,3.88,1.53,2,7,"K","K. Fairbairn","K","https://www.fantasypros.com/nfl/players/kaimi-fairbairn.php","kaimi-fairbairn.php","8",90.8,"at TEN","TEN",1791738000,"scheduled",NA,"K3","B","8.8",NA,NA,NA
"k","K",2026-10-06,"26341","Will Reichard","K","MIN",4,4.18,1.85,2,9,"K","W. Reichard","K","https://www.fantasypros.com/nfl/players/will-reichard.php","will-reichard.php","6",55.9,"at NO","NO",1791738000,"scheduled",NA,"K4","B","8.6",NA,NA,NA
"k","K",2026-10-06,"26075","Jake Bates","K","DET",5,6.94,3.19,2,12,"K","J. Bates","K","https://www.fantasypros.com/nfl/players/jake-bates.php","jake-bates.php","6",59.5,"at ARI","ARI",1791750300,"scheduled",NA,"K5","B-","8.5",NA,NA,NA
"k","K",2026-10-06,"26763","Spencer Shrader","K","IND",6,7.24,4.43,2,16,"K","S. Shrader","K","https://www.fantasypros.com/nfl/players/spencer-shrader.php","spencer-shrader.php","13",26.3,"at PIT","PIT",1791738000,"scheduled",NA,"K6","B-","8.4",NA,NA,NA
"k","K",2026-10-06,"26475","Cam Little","K","JAC",7,7.24,1.52,5,11,"K","C. Little","K","https://www.fantasypros.com/nfl/players/cam-little.php","cam-little.php","7",84.7,"vs. PHI","PHI",1791725400,"scheduled",NA,"K7","C+","8.3",NA,NA,NA
"k","K",2026-10-06,"27534","Tyler Loop","K","BAL",8,8.12,2.65,6,13,"K","T. Loop","K","https://www.fantasypros.com/nfl/players/tyler-loop.php","tyler-loop.php","13",68.1,"at ATL","ATL",1791764400,"scheduled",NA,"K8","C+","8.1",NA,NA,NA
"k","K",2026-10-06,"14003","Jason Myers","K","SEA",9,8.18,1.15,5,10,"K","J. Myers","K","https://www.fantasypros.com/nfl/players/jason-myers.php","jason-myers.php","11",89.7,"vs. SF","SF",1791750300,"scheduled",NA,"K9","C+","8.1",NA,NA,NA
"k","K",2026-10-06,"17575","Eddy Pineiro","K","SF",10,10.76,2.34,7,16,"K","E. Pineiro","K","https://www.fantasypros.com/nfl/players/eddy-pineiro.php","eddy-pineiro.php","8",53.9,"at SEA","SEA",1791750300,"scheduled",NA,"K10","C","8.0",NA,NA,NA
"k","K",2026-10-06,"19760","Tyler Bass","K","BUF",11,11.24,1.55,8,14,"K","T. Bass","K","https://www.fantasypros.com/nfl/players/tyler-bass.php","tyler-bass.php","7",12.7,"at LAR","LAR",1791850500,"scheduled",NA,"K11","C","7.8",NA,NA,NA
"k","K",2026-10-06,"13029","Chris Boswell","K","PIT",12,11.35,1.85,8,15,"K","C. Boswell","K","https://www.fantasypros.com/nfl/players/chris-boswell.php","chris-boswell.php","9",34.7,"vs. IND","IND",1791738000,"scheduled",NA,"K12","C","7.8",NA,NA,NA
"k","K",2026-10-06,"13731","Cairo Santos","K","CHI",13,13.29,3.08,8,19,"K","C. Santos","K","https://www.fantasypros.com/nfl/players/cairo-santos.php","cairo-santos.php","10",24.4,"at GB","GB",1791738000,"scheduled",NA,"K13","C","7.7",NA,NA,NA
"k","K",2026-10-06,"26638","Harrison Mevis","K","LAR",14,14.53,4.17,6,21,"K","H. Mevis","K","https://www.fantasypros.com/nfl/players/harrison-mevis.php","harrison-mevis.php","11",65.1,"vs. BUF","BUF",1791850500,"scheduled",NA,"K14","C","7.5",NA,NA,NA
"k","K",2026-10-06,"18545","Matt Gay","K","LV",15,15.12,2.56,9,20,"K","M. Gay","K","https://www.fantasypros.com/nfl/players/matt-gay.php","matt-gay.php","13",13.3,"at NE","NE",1791738000,"scheduled",NA,"K15","C","7.5",NA,NA,NA
"k","K",2026-10-06,"17420","Daniel Carlson","K","NO",16,15.82,2.64,13,23,"K","D. Carlson","K","https://www.fantasypros.com/nfl/players/daniel-carlson.php","daniel-carlson.php","8",3.3,"vs. MIN","MIN",1791738000,"scheduled",NA,"K16","C","7.5",NA,NA,NA
"k","K",2026-10-06,"28507","Trey Smack","K","GB",17,17.24,1.63,14,21,"K","T. Smack","K","https://www.fantasypros.com/nfl/players/trey-smack.php","trey-smack.php","11",15.7,"vs. CHI","CHI",1791738000,"scheduled",NA,"K17","C-","7.3",NA,NA,NA
"k","K",2026-10-06,"25354","Chad Ryland","K","ARI",18,18.06,2.62,12,22,"K","C. Ryland","K","https://www.fantasypros.com/nfl/players/chad-ryland.php","chad-ryland.php","14",1.2,"vs. DET","DET",1791750300,"scheduled",NA,"K18","C-","7.3",NA,NA,NA
"k","K",2026-10-06,"27291","Andy Borregales","K","NE",19,18.29,4.07,10,23,"K","A. Borregales","K","https://www.fantasypros.com/nfl/players/andres-borregales.php","andres-borregales.php","11",7.1,"vs. LV","LV",1791738000,"scheduled",NA,"K19","C-","7.2",NA,NA,NA
"k","K",2026-10-06,"16026","Wil Lutz","K","DEN",20,20.24,3.04,14,27,"K","W. Lutz","K","https://www.fantasypros.com/nfl/players/wil-lutz.php","wil-lutz.php","10",8.1,"at LAC","LAC",1791749100,"scheduled",NA,"K20","D+","7.2",NA,NA,NA
"k","K",2026-10-06,"19058","Chase McLaughlin","K","TB",21,21.53,3.62,16,28,"K","C. McLaughlin","K","https://www.fantasypros.com/nfl/players/chase-mclaughlin.php","chase-mclaughlin.php","10",22.3,"at DAL","DAL",1791504900,"scheduled",NA,"K21","D+","7.2",NA,NA,NA
"k","K",2026-10-06,"9491","Nick Folk","K","ATL",22,22.24,1.7,19,24,"K","N. Folk","K","https://www.fantasypros.com/nfl/players/nick-folk.php","nick-folk.php","11",2.9,"vs. BAL","BAL",1791764400,"scheduled",NA,"K22","D+","7.0",NA,NA,NA
"k","K",2026-10-06,"17533","Jason Sanders","K","NYJ",23,22.53,2.17,20,28,"K","J. Sanders","K","https://www.fantasypros.com/nfl/players/jason-sanders.php","jason-sanders.php","13",0.7,"vs. CLE","CLE",1791738000,"scheduled",NA,"K23","D","7.0",NA,NA,NA
"k","K",2026-10-06,"16540","Jake Elliott","K","PHI",24,24.53,1.94,22,28,"K","J. Elliott","K","https://www.fantasypros.com/nfl/players/jake-elliott.php","jake-elliott.php","10",6.6,"at JAC","JAC",1791725400,"scheduled",NA,"K24","D","6.8",NA,NA,NA
"k","K",2026-10-06,"28175","Drew Stevens","K","WAS",25,25,2.79,17,27,"K","D. Stevens","K","https://www.fantasypros.com/nfl/players/drew-stevens.php","drew-stevens.php","7",0.9,"vs. NYG","NYG",1791738000,"scheduled",NA,"K25","D","6.8",NA,NA,NA
"k","K",2026-10-06,"23901","Cameron Dicker","K","LAC",26,25.12,2.27,19,28,"K","C. Dicker","K","https://www.fantasypros.com/nfl/players/cameron-dicker.php","cameron-dicker.php","7",81.3,"vs. DEN","DEN",1791749100,"scheduled",NA,"K26","D","6.6",NA,NA,NA
"k","K",2026-10-06,"28176","Dominic Zvada","K","NYG",27,24.4,3.9,16,30,"K","D. Zvada","K","https://www.fantasypros.com/nfl/players/dominic-zvada.php","dominic-zvada.php","8",1.8,"at WAS","WAS",1791738000,"scheduled",NA,"K27","D","6.6",NA,NA,NA
"k","K",2026-10-06,"25713","Andre Szmyt","K","CLE",28,25.6,3.29,20,29,"K","A. Szmyt","K","https://www.fantasypros.com/nfl/players/andre-szmyt.php","andre-szmyt.php","11",0.8,"at NYJ","NYJ",1791738000,"scheduled",NA,"K28","D-","6.4",NA,NA,NA
"k","K",2026-10-06,"19028","Joey Slye","K","TEN",29,28.38,1.54,25,30,"K","J. Slye","K","https://www.fantasypros.com/nfl/players/joey-slye.php","joey-slye.php","9",0.8,"vs. HOU","HOU",1791738000,"scheduled",NA,"K29","D-","6.2",NA,NA,NA
"k","K",2026-10-06,"23370","Riley Patterson","K","MIA",30,29.3,0.64,28,30,"K","R. Patterson","K","https://www.fantasypros.com/nfl/players/riley-patterson.php","riley-patterson.php","6",0.8,"vs. CIN","CIN",1791738000,"scheduled",NA,"K30","F","6.1",NA,NA,NA
"dst","DST",2026-10-06,"8120","Houston Texans","DST","HOU",1,1.2,0.51,1,3,"DST","HOU DST","DST","https://www.fantasypros.com/nfl/players/houston-defense.php","houston-defense.php","8",90.7,"at TEN","TEN",1791738000,"scheduled",NA,"DST1","A+","10.0",NA,NA,NA
"dst","DST",2026-10-06,"8170","Minnesota Vikings","DST","MIN",2,2.65,0.96,1,5,"DST","MIN DST","DST","https://www.fantasypros.com/nfl/players/minnesota-defense.php","minnesota-defense.php","6",70.3,"at NO","NO",1791738000,"scheduled",NA,"DST2","A","10.0",NA,NA,NA
"dst","DST",2026-10-06,"8090","Denver Broncos","DST","DEN",3,2.95,0.86,2,5,"DST","DEN DST","DST","https://www.fantasypros.com/nfl/players/denver-defense.php","denver-defense.php","10",83.7,"at LAC","LAC",1791749100,"scheduled",NA,"DST3","A","9.4",NA,NA,NA
"dst","DST",2026-10-06,"8060","Cincinnati Bengals","DST","CIN",4,4.2,1.08,2,6,"DST","CIN DST","DST","https://www.fantasypros.com/nfl/players/cincinnati-defense.php","cincinnati-defense.php","6",15.4,"at MIA","MIA",1791738000,"scheduled",NA,"DST4","A-","8.6",NA,NA,NA
"dst","DST",2026-10-06,"8240","Pittsburgh Steelers","DST","PIT",5,6.05,1.53,4,9,"DST","PIT DST","DST","https://www.fantasypros.com/nfl/players/pittsburgh-defense.php","pittsburgh-defense.php","9",74.8,"vs. IND","IND",1791738000,"scheduled",NA,"DST5","B+","8.2",NA,NA,NA
"dst","DST",2026-10-06,"8140","Jacksonville Jaguars","DST","JAC",6,7.25,2.43,4,13,"DST","JAC DST","DST","https://www.fantasypros.com/nfl/players/jacksonville-defense.php","jacksonville-defense.php","7",65.5,"vs. PHI","PHI",1791725400,"scheduled",NA,"DST6","B+","8.1",NA,NA,NA
"dst","DST",2026-10-06,"8080","Dallas Cowboys","DST","DAL",7,8.1,3.18,3,16,"DST","DAL DST","DST","https://www.fantasypros.com/nfl/players/dallas-defense.php","dallas-defense.php","14",18,"vs. TB","TB",1791504900,"scheduled",NA,"DST7","B","8.0",NA,NA,NA
"dst","DST",2026-10-06,"8070","Cleveland Browns","DST","CLE",8,9.1,2,6,13,"DST","CLE DST","DST","https://www.fantasypros.com/nfl/players/cleveland-defense.php","cleveland-defense.php","11",27.9,"at NYJ","NYJ",1791738000,"scheduled",NA,"DST8","B","7.6",NA,NA,NA
"dst","DST",2026-10-06,"8020","Baltimore Ravens","DST","BAL",9,9.95,3.97,5,18,"DST","BAL DST","DST","https://www.fantasypros.com/nfl/players/baltimore-defense.php","baltimore-defense.php","13",72.6,"at ATL","ATL",1791764400,"scheduled",NA,"DST9","B","7.5",NA,NA,NA
"dst","DST",2026-10-06,"8050","Chicago Bears","DST","CHI",10,10.55,3.12,7,18,"DST","CHI DST","DST","https://www.fantasypros.com/nfl/players/chicago-defense.php","chicago-defense.php","10",44.3,"at GB","GB",1791738000,"scheduled",NA,"DST10","B-","7.3",NA,NA,NA
"dst","DST",2026-10-06,"8180","New England Patriots","DST","NE",11,11.15,1.74,7,16,"DST","NE DST","DST","https://www.fantasypros.com/nfl/players/new-england-defense.php","new-england-defense.php","11",61.8,"vs. LV","LV",1791738000,"scheduled",NA,"DST11","B-","7.2",NA,NA,NA
"dst","DST",2026-10-06,"8310","Washington Commanders","DST","WAS",12,11.75,2.47,8,17,"DST","WAS DST","DST","https://www.fantasypros.com/nfl/players/washington-defense.php","washington-defense.php","7",5.5,"vs. NYG","NYG",1791738000,"scheduled",NA,"DST12","C+","7.2",NA,NA,NA
"dst","DST",2026-10-06,"8260","Seattle Seahawks","DST","SEA",13,12.5,2.01,7,15,"DST","SEA DST","DST","https://www.fantasypros.com/nfl/players/seattle-defense.php","seattle-defense.php","11",96.4,"vs. SF","SF",1791750300,"scheduled",NA,"DST13","C+","6.9",NA,NA,NA
"dst","DST",2026-10-06,"8190","New Orleans Saints","DST","NO",14,15.35,2.03,11,20,"DST","NO DST","DST","https://www.fantasypros.com/nfl/players/new-orleans-defense.php","new-orleans-defense.php","8",20.9,"vs. MIN","MIN",1791738000,"scheduled",NA,"DST14","C-","6.7",NA,NA,NA
"dst","DST",2026-10-06,"8220","Las Vegas Raiders","DST","LV",15,15.4,3.31,9,21,"DST","LV DST","DST","https://www.fantasypros.com/nfl/players/las-vegas-defense.php","las-vegas-defense.php","13",18.7,"at NE","NE",1791738000,"scheduled",NA,"DST15","C-","6.7",NA,NA,NA
"dst","DST",2026-10-06,"8200","New York Giants","DST","NYG",16,15.5,3.06,8,20,"DST","NYG DST","DST","https://www.fantasypros.com/nfl/players/new-york-giants-defense.php","new-york-giants-defense.php","8",14.6,"at WAS","WAS",1791738000,"scheduled",NA,"DST16","C","6.4",NA,NA,NA
"dst","DST",2026-10-06,"8210","New York Jets","DST","NYJ",17,15.5,3.5,9,22,"DST","NYJ DST","DST","https://www.fantasypros.com/nfl/players/new-york-jets-defense.php","new-york-jets-defense.php","13",4.3,"vs. CLE","CLE",1791738000,"scheduled",NA,"DST17","C","6.4",NA,NA,NA
"dst","DST",2026-10-06,"8230","Philadelphia Eagles","DST","PHI",18,18.95,2.42,14,23,"DST","PHI DST","DST","https://www.fantasypros.com/nfl/players/philadelphia-defense.php","philadelphia-defense.php","10",77.8,"at JAC","JAC",1791725400,"scheduled",NA,"DST18","D+","6.0",NA,NA,NA
"dst","DST",2026-10-06,"8100","Detroit Lions","DST","DET",19,19.3,4.04,8,28,"DST","DET DST","DST","https://www.fantasypros.com/nfl/players/detroit-defense.php","detroit-defense.php","6",44.9,"at ARI","ARI",1791750300,"scheduled",NA,"DST19","D+","5.8",NA,NA,NA
"dst","DST",2026-10-06,"8130","Indianapolis Colts","DST","IND",20,20.25,2.98,14,26,"DST","IND DST","DST","https://www.fantasypros.com/nfl/players/indianapolis-defense.php","indianapolis-defense.php","13",15.4,"at PIT","PIT",1791738000,"scheduled",NA,"DST20","D","5.7",NA,NA,NA
"dst","DST",2026-10-06,"8270","San Francisco 49ers","DST","SF",21,21.65,2.55,13,26,"DST","SF DST","DST","https://www.fantasypros.com/nfl/players/san-francisco-defense.php","san-francisco-defense.php","8",34.7,"at SEA","SEA",1791750300,"scheduled",NA,"DST21","D","5.7",NA,NA,NA
"dst","DST",2026-10-06,"8280","Los Angeles Rams","DST","LAR",22,22.05,1.86,17,25,"DST","LAR DST","DST","https://www.fantasypros.com/nfl/players/los-angeles-rams-defense.php","los-angeles-rams-defense.php","11",84.3,"vs. BUF","BUF",1791850500,"scheduled",NA,"DST22","D","5.6",NA,NA,NA
"dst","DST",2026-10-06,"8110","Green Bay Packers","DST","GB",23,22.45,3.19,13,27,"DST","GB DST","DST","https://www.fantasypros.com/nfl/players/green-bay-defense.php","green-bay-defense.php","11",49.5,"vs. CHI","CHI",1791738000,"scheduled",NA,"DST23","D-","5.5",NA,NA,NA
"dst","DST",2026-10-06,"8250","Los Angeles Chargers","DST","LAC",24,23,3.15,14,26,"DST","LAC DST","DST","https://www.fantasypros.com/nfl/players/los-angeles-chargers-defense.php","los-angeles-chargers-defense.php","7",34.8,"vs. DEN","DEN",1791749100,"scheduled",NA,"DST24","F","5.4",NA,NA,NA
"dst","DST",2026-10-06,"8010","Atlanta Falcons","DST","ATL",25,23.15,3.68,16,27,"DST","ATL DST","DST","https://www.fantasypros.com/nfl/players/atlanta-defense.php","atlanta-defense.php","11",9.2,"vs. BAL","BAL",1791764400,"scheduled",NA,"DST25","F","5.4",NA,NA,NA
"dst","DST",2026-10-06,"8300","Tennessee Titans","DST","TEN",26,25.1,2.32,18,28,"DST","TEN DST","DST","https://www.fantasypros.com/nfl/players/tennessee-defense.php","tennessee-defense.php","9",5.4,"vs. HOU","HOU",1791738000,"scheduled",NA,"DST26","F","5.4",NA,NA,NA
"dst","DST",2026-10-06,"8030","Buffalo Bills","DST","BUF",27,26.2,2.4,20,29,"DST","BUF DST","DST","https://www.fantasypros.com/nfl/players/buffalo-defense.php","buffalo-defense.php","7",50.9,"at LAR","LAR",1791850500,"scheduled",NA,"DST27","F","5.3",NA,NA,NA
"dst","DST",2026-10-06,"8160","Miami Dolphins","DST","MIA",28,27.75,1.58,23,30,"DST","MIA DST","DST","https://www.fantasypros.com/nfl/players/miami-defense.php","miami-defense.php","6",8,"vs. CIN","CIN",1791738000,"scheduled",NA,"DST28","F","5.3",NA,NA,NA
"dst","DST",2026-10-06,"8290","Tampa Bay Buccaneers","DST","TB",29,27.88,2.37,20,30,"DST","TB DST","DST","https://www.fantasypros.com/nfl/players/tampa-bay-defense.php","tampa-bay-defense.php","10",18.8,"at DAL","DAL",1791504900,"scheduled",NA,"DST29","F","5.3",NA,NA,NA
"dst","DST",2026-10-06,"8000","Arizona Cardinals","DST","ARI",30,29.81,0.39,29,30,"DST","ARI DST","DST","https://www.fantasypros.com/nfl/players/arizona-defense.php","arizona-defense.php","14",5.7,"vs. DET","DET",1791750300,"scheduled",NA,"DST30","F","5.2",NA,NA,NA
"dl","DL",2026-10-06,"24717","Will Anderson","DL","HOU",1,1,0,1,1,"DE","W. Anderson Jr.","DE","https://www.fantasypros.com/nfl/players/will-anderson.php","will-anderson.php","8",66.4,"at TEN","TEN",1791738000,"scheduled",NA,"DE1",NA,"20.0",NA,NA,NA
"dl","DL",2026-10-06,"22738","Aidan Hutchinson","DL","DET",2,2,0,2,2,"DE","A. Hutchinson","DE","https://www.fantasypros.com/nfl/players/aidan-hutchinson.php","aidan-hutchinson.php","6",70.1,"at ARI","ARI",1791750300,"scheduled",NA,"DE2",NA,"19.9",NA,NA,NA
"dl","DL",2026-10-06,"18702","Maxx Crosby","DL","LV",3,3,0,3,3,"DE","M. Crosby","DE","https://www.fantasypros.com/nfl/players/maxx-crosby.php","maxx-crosby.php","13",69.4,"at NE","NE",1791738000,"scheduled",NA,"DE3",NA,"19.5",NA,NA,NA
"dl","DL",2026-10-06,"26097","Dallas Turner","DL","MIN",5,5,0,5,5,"DE","D. Turner","LB,DE","https://www.fantasypros.com/nfl/players/dallas-turner.php","dallas-turner.php","6",38.5,"at NO","NO",1791738000,"scheduled",NA,"DE4",NA,"18.9",NA,NA,NA
"dl","DL",2026-10-06,"14036","Danielle Hunter","DL","HOU",8,8,0,8,8,"DE","D. Hunter","LB,DE","https://www.fantasypros.com/nfl/players/danielle-hunter.php","danielle-hunter.php","8",39.2,"at TEN","TEN",1791738000,"scheduled",NA,"DE5",NA,"18.5",NA,NA,NA
"dl","DL",2026-10-06,"25449","Byron Young","DL","LAR",9,9,0,9,9,"DE","B. Young","LB,DE","https://www.fantasypros.com/nfl/players/byron-young-edge.php","byron-young-edge.php","11",28.2,"vs. BUF","BUF",1791850500,"scheduled",NA,"DE6",NA,"18.4",NA,NA,NA
"dl","DL",2026-10-06,"19787","Gregory Rousseau","DL","BUF",10,10,0,10,10,"DE","G. Rousseau","DE,LB","https://www.fantasypros.com/nfl/players/gregory-rousseau.php","gregory-rousseau.php","7",66.3,"at LAR","LAR",1791850500,"scheduled",NA,"DE7",NA,"18.2",NA,NA,NA
"dl","DL",2026-10-06,"25364","Tuli Tuipulotu","DL","LAC",11,11,0,11,11,"DE","T. Tuipulotu","LB,DE","https://www.fantasypros.com/nfl/players/tuli-tuipulotu.php","tuli-tuipulotu.php","7",31.6,"vs. DEN","DEN",1791749100,"scheduled",NA,"DE8",NA,"18.2",NA,NA,NA
"dl","DL",2026-10-06,"18207","Jeffery Simmons","DL","TEN",12,12,0,12,12,"DT","J. Simmons","DT,DE","https://www.fantasypros.com/nfl/players/jeffery-simmons.php","jeffery-simmons.php","9",53.3,"vs. HOU","HOU",1791738000,"scheduled",NA,"DT1",NA,"18.1",NA,NA,NA
"dl","DL",2026-10-06,"15494","DeForest Buckner","DL","IND",13,13,0,13,13,"DT","D. Buckner","DT","https://www.fantasypros.com/nfl/players/deforest-buckner.php","deforest-buckner.php","13",17.2,"at PIT","PIT",1791738000,"scheduled",NA,"DT2",NA,"17.8",NA,NA,NA
"dl","DL",2026-10-06,"27022","Abdul Carter","DL","NYG",14,14,0,14,14,"DE","A. Carter","DE,LB","https://www.fantasypros.com/nfl/players/abdul-carter.php","abdul-carter.php","8",20.1,"at WAS","WAS",1791738000,"scheduled",NA,"DE9",NA,"17.7",NA,NA,NA
"dl","DL",2026-10-06,"18201","Josh Hines-Allen","DL","JAC",15,15,0,15,15,"DE","J. Hines-Allen","LB,DE","https://www.fantasypros.com/nfl/players/josh-allen-olb.php","josh-allen-olb.php","7",24.4,"vs. PHI","PHI",1791725400,"scheduled",NA,"DE10",NA,"17.7",NA,NA,NA
"dl","DL",2026-10-06,"27191","David Bailey","DL","NYJ",16,16,0,16,16,"DE","D. Bailey","DE,LB","https://www.fantasypros.com/nfl/players/david-bailey-edge.php","david-bailey-edge.php","13",20.8,"vs. CLE","CLE",1791738000,"scheduled",NA,"DE11",NA,"17.6",NA,NA,NA
"dl","DL",2026-10-06,"13892","Leonard Williams","DL","SEA",17,17,0,17,17,"DT","L. Williams","DE,DT","https://www.fantasypros.com/nfl/players/leonard-williams.php","leonard-williams.php","11",19.1,"vs. SF","SF",1791750300,"scheduled",NA,"DT3",NA,"17.5",NA,NA,NA
"dl","DL",2026-10-06,"26096","Laiatu Latu","DL","IND",19,19,0,19,19,"DE","L. Latu","DE","https://www.fantasypros.com/nfl/players/laiatu-latu.php","laiatu-latu.php","13",10.7,"at PIT","PIT",1791738000,"scheduled",NA,"DE12",NA,"17.2",NA,NA,NA
"dl","DL",2026-10-06,"19195","Chase Young","DL","NO",20,20,0,20,20,"DE","C. Young","DE","https://www.fantasypros.com/nfl/players/chase-young.php","chase-young.php","8",13.1,"vs. MIN","MIN",1791738000,"scheduled",NA,"DE13",NA,"17.2",NA,NA,NA
"dl","DL",2026-10-06,"23763","Nik Bonitto","DL","DEN",21,21,0,21,21,"DE","N. Bonitto","LB,DE","https://www.fantasypros.com/nfl/players/nik-bonitto.php","nik-bonitto.php","10",34,"at LAC","LAC",1791749100,"scheduled",NA,"DE14",NA,"17.1",NA,NA,NA
"dl","DL",2026-10-06,"25291","Lukas Van Ness","DL","GB",22,22,0,22,22,"DE","L. Van Ness","LB,DE","https://www.fantasypros.com/nfl/players/lukas-van-ness.php","lukas-van-ness.php","11",11.6,"vs. CHI","CHI",1791738000,"scheduled",NA,"DE15",NA,"17.0",NA,NA,NA
"dl","DL",2026-10-06,"18213","Montez Sweat","DL","CHI",23,23,0,23,23,"DE","M. Sweat","DE","https://www.fantasypros.com/nfl/players/montez-sweat.php","montez-sweat.php","10",11.7,"at GB","GB",1791738000,"scheduled",NA,"DE16",NA,"16.8",NA,NA,NA
"dl","DL",2026-10-06,"25234","Jared Verse","DL","CLE",24,24,0,24,24,"DE","J. Verse","DE,LB","https://www.fantasypros.com/nfl/players/jared-verse.php","jared-verse.php","11",25.7,"at NYJ","NYJ",1791738000,"scheduled",NA,"DE17",NA,"16.7",NA,NA,NA
"dl","DL",2026-10-06,"23724","Travon Walker","DL","JAC",26,26,0,26,26,"DE","T. Walker","LB,DE","https://www.fantasypros.com/nfl/players/travon-walker.php","travon-walker.php","7",9.7,"vs. PHI","PHI",1791725400,"scheduled",NA,"DE18",NA,"16.6",NA,NA,NA
"dl","DL",2026-10-06,"27010","Mason Graham","DL","CLE",27,27,0,27,27,"DT","M. Graham","DT","https://www.fantasypros.com/nfl/players/mason-graham.php","mason-graham.php","11",15.5,"at NYJ","NYJ",1791738000,"scheduled",NA,"DT4",NA,"16.4",NA,NA,NA
"dl","DL",2026-10-06,"18221","Zach Allen","DL","DEN",29,29,0,29,29,"DE","Z. Allen","DE,DT","https://www.fantasypros.com/nfl/players/zach-allen.php","zach-allen.php","10",7,"at LAC","LAC",1791749100,"scheduled",NA,"DE19",NA,"16.2",NA,NA,NA
"dl","DL",2026-10-06,"9862","Cameron Heyward","DL","PIT",31,31,0,31,31,"DT","C. Heyward","DT,DE","https://www.fantasypros.com/nfl/players/cameron-heyward.php","cameron-heyward.php","9",9.3,"vs. IND","IND",1791738000,"scheduled",NA,"DT5",NA,"16.0",NA,NA,NA
"dl","DL",2026-10-06,"18200","Quinnen Williams","DL","DAL",32,32,0,32,32,"DT","Q. Williams","DT","https://www.fantasypros.com/nfl/players/quinnen-williams.php","quinnen-williams.php","14",10.8,"vs. TB","TB",1791504900,"scheduled",NA,"DT6",NA,"15.9",NA,NA,NA
"dl","DL",2026-10-06,"23736","Boye Mafe","DL","CIN",33,33,0,33,33,"DE","B. Mafe","LB,DE","https://www.fantasypros.com/nfl/players/boye-mafe.php","boye-mafe.php","6",9.7,"at MIA","MIA",1791738000,"scheduled",NA,"DE20",NA,"15.9",NA,NA,NA
"dl","DL",2026-10-06,"18211","Dexter Lawrence","DL","CIN",34,34,0,34,34,"DT","D. Lawrence II","DT","https://www.fantasypros.com/nfl/players/dexter-lawrence.php","dexter-lawrence.php","6",7.6,"at MIA","MIA",1791738000,"scheduled",NA,"DT7",NA,"15.8",NA,NA,NA
"dl","DL",2026-10-06,"27033","Donovan Ezeiruaku","DL","DAL",35,35,0,35,35,"DE","D. Ezeiruaku","DE,LB","https://www.fantasypros.com/nfl/players/donovan-ezeiruaku.php","donovan-ezeiruaku.php","14",12.5,"vs. TB","TB",1791504900,"scheduled",NA,"DE21",NA,"15.7",NA,NA,NA
"dl","DL",2026-10-06,"25264","YaYa Diaby","DL","TB",36,36,0,36,36,"DE","Y. Diaby","LB,DE","https://www.fantasypros.com/nfl/players/yaya-diaby.php","yaya-diaby.php","10",6.9,"at DAL","DAL",1791504900,"scheduled",NA,"DE22",NA,"15.7",NA,NA,NA
"dl","DL",2026-10-06,"24711","Nolan Smith","DL","PHI",37,37,0,37,37,"DE","N. Smith Jr.","LB,DE","https://www.fantasypros.com/nfl/players/nolan-smith.php","nolan-smith.php","10",3.1,"at JAC","JAC",1791725400,"scheduled",NA,"DE23",NA,"15.6",NA,NA,NA
"dl","DL",2026-10-06,"22714","Odafe Oweh","DL","WAS",40,40,0,40,40,"DE","O. Oweh","LB,DE","https://www.fantasypros.com/nfl/players/odafe-oweh.php","odafe-oweh.php","7",6.2,"vs. NYG","NYG",1791738000,"scheduled",NA,"DE24",NA,"15.5",NA,NA,NA
"dl","DL",2026-10-06,"23484","Kayvon Thibodeaux","DL","NYG",41,41,0,41,41,"DE","K. Thibodeaux","LB,DE","https://www.fantasypros.com/nfl/players/kayvon-thibodeaux.php","kayvon-thibodeaux.php","8",9,"at WAS","WAS",1791738000,"scheduled",NA,"DE25",NA,"15.3",NA,NA,NA
"dl","DL",2026-10-06,"26105","Chop Robinson","DL","MIA",42,42,0,42,42,"DE","C. Robinson","LB,DE","https://www.fantasypros.com/nfl/players/chop-robinson.php","chop-robinson.php","6",3.2,"vs. CIN","CIN",1791738000,"scheduled",NA,"DE26",NA,"15.1",NA,NA,NA
"dl","DL",2026-10-06,"25478","Tavius Robinson","DL","BAL",43,43,0,43,43,"DE","T. Robinson","LB,DE","https://www.fantasypros.com/nfl/players/tavius-robinson.php","tavius-robinson.php","13",1.5,"at ATL","ATL",1791764400,"scheduled",NA,"DE27",NA,"14.8",NA,NA,NA
"dl","DL",2026-10-06,"22682","Kwity Paye","DL","LV",45,45,0,45,45,"DE","K. Paye","DE","https://www.fantasypros.com/nfl/players/kwity-paye.php","kwity-paye.php","13",1.6,"at NE","NE",1791738000,"scheduled",NA,"DE28",NA,"14.5",NA,NA,NA
"dl","DL",2026-10-06,"19276","Jonathan Greenard","DL","PHI",46,46,0,46,46,"DE","J. Greenard","LB,DE","https://www.fantasypros.com/nfl/players/jonathan-greenard.php","jonathan-greenard.php","10",10.3,"at JAC","JAC",1791725400,"scheduled",NA,"DE29",NA,"14.4",NA,NA,NA
"dl","DL",2026-10-06,"19272","Nnamdi Madubuike","DL","BAL",47,47,0,47,47,"DT","N. Madubuike","DT,DE","https://www.fantasypros.com/nfl/players/justin-madubuike.php","justin-madubuike.php","13",4,"at ATL","ATL",1791764400,"scheduled",NA,"DT8",NA,"14.3",NA,NA,NA
"dl","DL",2026-10-06,"17548","Zach Sieler","DL","MIA",48,48,0,48,48,"DT","Z. Sieler","DT,DE","https://www.fantasypros.com/nfl/players/zach-sieler.php","zach-sieler.php","6",2.8,"vs. CIN","CIN",1791738000,"scheduled",NA,"DT9",NA,"14.2",NA,NA,NA
"dl","DL",2026-10-06,"24703","Jalen Carter","DL","PHI",49,49,0,49,49,"DT","J. Carter","DT,DE","https://www.fantasypros.com/nfl/players/jalen-carter.php","jalen-carter.php","10",15.1,"at JAC","JAC",1791725400,"scheduled",NA,"DT10",NA,"14.2",NA,NA,NA
"dl","DL",2026-10-06,"26221","Byron Murphy","DL","SEA",50,50,0,50,50,"DT","B. Murphy II","DT","https://www.fantasypros.com/nfl/players/byron-murphy-ii.php","byron-murphy-ii.php","11",5.2,"vs. SF","SF",1791750300,"scheduled",NA,"DT11",NA,"14.2",NA,NA,NA
"dl","DL",2026-10-06,"23733","Jermaine Johnson","DL","TEN",51,51,0,51,51,"DE","J. Johnson II","DE","https://www.fantasypros.com/nfl/players/jermaine-johnson.php","jermaine-johnson.php","9",1.8,"vs. HOU","HOU",1791738000,"scheduled",NA,"DE30",NA,"14.2",NA,NA,NA
"dl","DL",2026-10-06,"17363","Josh Sweat","DL","ARI",52,52,0,52,52,"DE","J. Sweat","LB,DE","https://www.fantasypros.com/nfl/players/josh-sweat.php","josh-sweat.php","14",3.1,"vs. DET","DET",1791750300,"scheduled",NA,"DE31",NA,"14.2",NA,NA,NA
"dl","DL",2026-10-06,"25254","Will McDonald","DL","NYJ",53,53,0,53,53,"DE","W. McDonald IV","DE","https://www.fantasypros.com/nfl/players/will-mcdonald-iv.php","will-mcdonald-iv.php","13",2.6,"vs. CLE","CLE",1791738000,"scheduled",NA,"DE32",NA,"14.1",NA,NA,NA
"dl","DL",2026-10-06,"18212","DreMont Jones","DL","NE",54,54,0,54,54,"DT","D. Jones","DE,LB","https://www.fantasypros.com/nfl/players/dremont-jones.php","dremont-jones.php","11",1.7,"vs. LV","LV",1791738000,"scheduled",NA,"DT12",NA,"14.0",NA,NA,NA
"dl","DL",2026-10-06,"19228","KLavon Chaisson","DL","WAS",55,55,0,55,55,"DE","K. Chaisson","LB,DE","https://www.fantasypros.com/nfl/players/klavon-chaisson.php","klavon-chaisson.php","7",1.7,"vs. NYG","NYG",1791738000,"scheduled",NA,"DE33",NA,"13.9",NA,NA,NA
"dl","DL",2026-10-06,"25283","Kobie Turner","DL","LAR",56,56,0,56,56,"DT","K. Turner","DE,DT","https://www.fantasypros.com/nfl/players/kobie-turner.php","kobie-turner.php","11",7.1,"vs. BUF","BUF",1791850500,"scheduled",NA,"DT13",NA,"13.7",NA,NA,NA
"dl","DL",2026-10-06,"25777","Jalen Redmond","DL","MIN",57,57,0,57,57,"DE","J. Redmond","DT","https://www.fantasypros.com/nfl/players/jalen-redmond.php","jalen-redmond.php","6",6.3,"at NO","NO",1791738000,"scheduled",NA,"DE34",NA,"13.7",NA,NA,NA
"dl","DL",2026-10-06,"27014","Deone Walker","DL","BUF",58,58,0,58,58,"DT","D. Walker","DT","https://www.fantasypros.com/nfl/players/deone-walker.php","deone-walker.php","7",2.9,"at LAR","LAR",1791850500,"scheduled",NA,"DT14",NA,"13.6",NA,NA,NA
"dl","DL",2026-10-06,"12217","DeMarcus Lawrence","DL","SEA",59,59,0,59,59,"DE","D. Lawrence","DE,LB","https://www.fantasypros.com/nfl/players/demarcus-lawrence.php","demarcus-lawrence.php","11",8.6,"vs. SF","SF",1791750300,"scheduled",NA,"DE35",NA,"13.6",NA,NA,NA
"dl","DL",2026-10-06,"17279","Arden Key","DL","IND",61,61,0,61,61,"DE","A. Key","LB,DE","https://www.fantasypros.com/nfl/players/arden-key.php","arden-key.php","13",0.8,"at PIT","PIT",1791738000,"scheduled",NA,"DE36",NA,"13.4",NA,NA,NA
"dl","DL",2026-10-06,"22761","Jordan Davis","DL","PHI",62,62,0,62,62,"DT","J. Davis","DT","https://www.fantasypros.com/nfl/players/jordan-davis.php","jordan-davis.php","10",4.9,"at JAC","JAC",1791725400,"scheduled",NA,"DT15",NA,"13.4",NA,NA,NA
"dl","DL",2026-10-06,"22765","Alim McNeill","DL","DET",63,63,0,63,63,"DT","A. McNeill","DT","https://www.fantasypros.com/nfl/players/alim-mcneill.php","alim-mcneill.php","6",1,"at ARI","ARI",1791750300,"scheduled",NA,"DT16",NA,"13.4",NA,NA,NA
"dl","DL",2026-10-06,"22816","Osa Odighizuwa","DL","SF",64,64,0,64,64,"DE","O. Odighizuwa","DT","https://www.fantasypros.com/nfl/players/osa-odighizuwa.php","osa-odighizuwa.php","8",1,"at SEA","SEA",1791750300,"scheduled",NA,"DE37",NA,"13.3",NA,NA,NA
"dl","DL",2026-10-06,"23865","Calijah Kancey","DL","TB",65,65,0,65,65,"DT","C. Kancey","DE,DT","https://www.fantasypros.com/nfl/players/calijah-kancey.php","calijah-kancey.php","10",5,"at DAL","DAL",1791504900,"scheduled",NA,"DT17",NA,"13.3",NA,NA,NA
"dl","DL",2026-10-06,"17322","Vita Vea","DL","TB",66,66,0,66,66,"DT","V. Vea","DT","https://www.fantasypros.com/nfl/players/tevita-tuliakiono-tuipulotu-mosese-vahae-fehoko-faletau-vea.php","tevita-tuliakiono-tuipulotu-mosese-vahae-fehoko-faletau-vea.php","10",1.1,"at DAL","DAL",1791504900,"scheduled",NA,"DT18",NA,"13.2",NA,NA,NA
"dl","DL",2026-10-06,"22773","Malcolm Koonce","DL","LV",67,67,0,67,67,"DE","M. Koonce","DE","https://www.fantasypros.com/nfl/players/malcolm-koonce.php","malcolm-koonce.php","13",1.5,"at NE","NE",1791738000,"scheduled",NA,"DE38",NA,"13.1",NA,NA,NA
"dl","DL",2026-10-06,"24709","Myles Murphy","DL","CIN",68,68,0,68,68,"DE","M. Murphy","DE","https://www.fantasypros.com/nfl/players/myles-murphy.php","myles-murphy.php","6",1.5,"at MIA","MIA",1791738000,"scheduled",NA,"DE39",NA,"13.1",NA,NA,NA
"dl","DL",2026-10-06,"27034","Josaiah Stewart","DL","LAR",69,69,0,69,69,"DE","J. Stewart","DE,LB","https://www.fantasypros.com/nfl/players/josaiah-stewart.php","josaiah-stewart.php","11",0.7,"vs. BUF","BUF",1791850500,"scheduled",NA,"DE40",NA,"13.0",NA,NA,NA
"dl","DL",2026-10-06,"23737","Cameron Thomas","DL","ATL",70,70,0,70,70,"DE","C. Thomas","LB,DE","https://www.fantasypros.com/nfl/players/cameron-thomas.php","cameron-thomas.php","11",0.7,"vs. BAL","BAL",1791764400,"scheduled",NA,"DE41",NA,"12.8",NA,NA,NA
"dl","DL",2026-10-06,"16371","Jonathan Allen","DL","CIN",72,72,0,72,72,"DT","J. Allen","DT","https://www.fantasypros.com/nfl/players/jonathan-allen.php","jonathan-allen.php","6",3.8,"at MIA","MIA",1791738000,"scheduled",NA,"DT19",NA,"12.8",NA,NA,NA
"dl","DL",2026-10-06,"24697","Derick Hall","DL","SEA",73,73,0,73,73,"DE","D. Hall","LB,DE","https://www.fantasypros.com/nfl/players/derick-hall.php","derick-hall.php","11",1.1,"vs. SF","SF",1791750300,"scheduled",NA,"DE42",NA,"12.7",NA,NA,NA
"dl","DL",2026-10-06,"17315","Dorance Armstrong","DL","WAS",74,74,0,74,74,"DE","D. Armstrong Jr.","DE,LB","https://www.fantasypros.com/nfl/players/dorance-armstrong-jr.php","dorance-armstrong-jr.php","7",3.8,"vs. NYG","NYG",1791738000,"scheduled",NA,"DE43",NA,"12.7",NA,NA,NA
"dl","DL",2026-10-06,"19355","DJ Wonnum","DL","DET",75,75,0,75,75,"DE","DJ Wonnum","LB,DE","https://www.fantasypros.com/nfl/players/dj-wonnum.php","dj-wonnum.php","6",1.7,"at ARI","ARI",1791750300,"scheduled",NA,"DE44",NA,"12.7",NA,NA,NA
"dl","DL",2026-10-06,"27078","Akheem Mesidor","DL","LAC",76,76,0,76,76,"DT","A. Mesidor","DE,LB","https://www.fantasypros.com/nfl/players/akheem-mesidor.php","akheem-mesidor.php","7",8.1,"vs. DEN","DEN",1791749100,"scheduled",NA,"DT20",NA,"12.6",NA,NA,NA
"dl","DL",2026-10-06,"18202","Ed Oliver","DL","BUF",77,77,0,77,77,"DT","Ed Oliver","DT","https://www.fantasypros.com/nfl/players/ed-oliver.php","ed-oliver.php","7",6.1,"at LAR","LAR",1791850500,"scheduled",NA,"DT21",NA,"12.5",NA,NA,NA
"dl","DL",2026-10-06,"22883","Dayo Odeyingbo","DL","CHI",80,80,0,80,80,"DE","D. Odeyingbo","DE","https://www.fantasypros.com/nfl/players/dayo-odeyingbo.php","dayo-odeyingbo.php","10",1.2,"at GB","GB",1791738000,"scheduled",NA,"DE45",NA,"12.4",NA,NA,NA
"lb","LB",2026-10-06,"28195","Jacob Rodriguez","LB","MIA",1,1,0,1,1,"LB","J. Rodriguez","LB","https://www.fantasypros.com/nfl/players/jacob-rodriguez.php","jacob-rodriguez.php","6",22.9,"vs. CIN","CIN",1791738000,"scheduled",NA,"LB1",NA,"20.0",NA,NA,NA
"lb","LB",2026-10-06,"23245","Ernest Jones","LB","SEA",2,2,0,2,2,"LB","E. Jones IV","LB","https://www.fantasypros.com/nfl/players/ernest-jones.php","ernest-jones.php","11",47.2,"vs. SF","SF",1791750300,"scheduled",NA,"LB2",NA,"19.9",NA,NA,NA
"lb","LB",2026-10-06,"25435","Jack Campbell","LB","DET",3,3,0,3,3,"LB","J. Campbell","LB","https://www.fantasypros.com/nfl/players/jack-campbell.php","jack-campbell.php","6",85.3,"at ARI","ARI",1791750300,"scheduled",NA,"LB3",NA,"19.5",NA,NA,NA
"lb","LB",2026-10-06,"17311","Roquan Smith","LB","BAL",4,4,0,4,4,"LB","R. Smith","LB","https://www.fantasypros.com/nfl/players/roquan-smith.php","roquan-smith.php","13",89.5,"at ATL","ATL",1791764400,"scheduled",NA,"LB4",NA,"19.2",NA,NA,NA
"lb","LB",2026-10-06,"17526","Fred Warner","LB","SF",5,5,0,5,5,"LB","F. Warner","LB","https://www.fantasypros.com/nfl/players/fred-warner.php","fred-warner.php","8",90.5,"at SEA","SEA",1791750300,"scheduled",NA,"LB5",NA,"18.9",NA,NA,NA
"lb","LB",2026-10-06,"19292","Jordyn Brooks","LB","MIA",6,6,0,6,6,"LB","J. Brooks","LB","https://www.fantasypros.com/nfl/players/jordyn-brooks.php","jordyn-brooks.php","6",70.1,"vs. CIN","CIN",1791738000,"scheduled",NA,"LB6",NA,"18.9",NA,NA,NA
"lb","LB",2026-10-06,"18421","Blake Cashman","LB","MIN",7,7,0,7,7,"LB","B. Cashman","LB","https://www.fantasypros.com/nfl/players/blake-cashman.php","blake-cashman.php","6",58.8,"at NO","NO",1791738000,"scheduled",NA,"LB7",NA,"18.5",NA,NA,NA
"lb","LB",2026-10-06,"14399","Alex Singleton","LB","DEN",8,8,0,8,8,"LB","A. Singleton","LB","https://www.fantasypros.com/nfl/players/alex-singleton.php","alex-singleton.php","10",41.8,"at LAC","LAC",1791749100,"scheduled",NA,"LB8",NA,"18.5",NA,NA,NA
"lb","LB",2026-10-06,"27954","Anthony Hill","LB","TEN",9,9,0,9,9,"LB","A. Hill Jr.","LB","https://www.fantasypros.com/nfl/players/anthony-hill-jr.php","anthony-hill-jr.php","9",23.7,"vs. HOU","HOU",1791738000,"scheduled",NA,"LB9",NA,"18.4",NA,NA,NA
"lb","LB",2026-10-06,"17607","Foyesade Oluokun","LB","JAC",10,10,0,10,10,"LB","F. Oluokun","LB","https://www.fantasypros.com/nfl/players/foyesade-oluokun.php","foyesade-oluokun.php","7",65.9,"vs. PHI","PHI",1791725400,"scheduled",NA,"LB10",NA,"18.2",NA,NA,NA
"lb","LB",2026-10-06,"27236","Carson Schwesinger","LB","CLE",11,11,0,11,11,"LB","C. Schwesinger","LB","https://www.fantasypros.com/nfl/players/carson-schwesinger.php","carson-schwesinger.php","11",75.3,"at NYJ","NYJ",1791738000,"scheduled",NA,"LB11",NA,"18.2",NA,NA,NA
"lb","LB",2026-10-06,"23702","Nakobe Dean","LB","LV",12,12,0,12,12,"LB","N. Dean","LB","https://www.fantasypros.com/nfl/players/nakobe-dean.php","nakobe-dean.php","13",82.5,"at NE","NE",1791738000,"scheduled",NA,"LB12",NA,"18.1",NA,NA,NA
"lb","LB",2026-10-06,"27051","Jihaad Campbell","LB","PHI",13,13,0,13,13,"LB","J. Campbell","LB","https://www.fantasypros.com/nfl/players/jihaad-campbell.php","jihaad-campbell.php","10",19.9,"at JAC","JAC",1791725400,"scheduled",NA,"LB13",NA,"17.8",NA,NA,NA
"lb","LB",2026-10-06,"19238","Zack Baun","LB","PHI",14,14,0,14,14,"LB","Z. Baun","LB","https://www.fantasypros.com/nfl/players/zack-baun.php","zack-baun.php","10",53.4,"at JAC","JAC",1791725400,"scheduled",NA,"LB14",NA,"17.7",NA,NA,NA
"lb","LB",2026-10-06,"28053","Arvell Reese","LB","NYG",15,15,0,15,15,"LB","A. Reese","DL,LB","https://www.fantasypros.com/nfl/players/arvell-reese.php","arvell-reese.php","8",29.7,"at WAS","WAS",1791738000,"scheduled",NA,"LB15",NA,"17.7",NA,NA,NA
"lb","LB",2026-10-06,"18716","Kaden Elliss","LB","NO",16,16,0,16,16,"LB","K. Elliss","LB","https://www.fantasypros.com/nfl/players/kaden-elliss.php","kaden-elliss.php","8",12.7,"vs. MIN","MIN",1791738000,"scheduled",NA,"LB16",NA,"17.6",NA,NA,NA
"lb","LB",2026-10-06,"23729","Quay Walker","LB","LV",17,17,0,17,17,"LB","Q. Walker","LB","https://www.fantasypros.com/nfl/players/quay-walker.php","quay-walker.php","13",37.8,"at NE","NE",1791738000,"scheduled",NA,"LB17",NA,"17.5",NA,NA,NA
"lb","LB",2026-10-06,"17342","Tremaine Edmunds","LB","NYG",18,18,0,18,18,"LB","T. Edmunds","LB","https://www.fantasypros.com/nfl/players/tremaine-edmunds.php","tremaine-edmunds.php","8",18.7,"at WAS","WAS",1791738000,"scheduled",NA,"LB18",NA,"17.3",NA,NA,NA
"lb","LB",2026-10-06,"18103","Robert Spillane","LB","NE",19,19,0,19,19,"LB","R. Spillane","LB","https://www.fantasypros.com/nfl/players/robert-spillane.php","robert-spillane.php","11",25,"vs. LV","LV",1791738000,"scheduled",NA,"LB19",NA,"17.2",NA,NA,NA
"lb","LB",2026-10-06,"28077","Josiah Trotter","LB","TB",20,20,0,20,20,"LB","J. Trotter","LB","https://www.fantasypros.com/nfl/players/josiah-trotter.php","josiah-trotter.php","10",25.8,"at DAL","DAL",1791504900,"scheduled",NA,"LB20",NA,"17.2",NA,NA,NA
"lb","LB",2026-10-06,"11293","Demario Davis","LB","NYJ",21,21,0,21,21,"LB","D. Davis","LB","https://www.fantasypros.com/nfl/players/demario-davis.php","demario-davis.php","13",14.2,"vs. CLE","CLE",1791738000,"scheduled",NA,"LB21",NA,"17.1",NA,NA,NA
"lb","LB",2026-10-06,"19261","Akeem Davis-Gaither","LB","IND",22,22,0,22,22,"LB","A. Davis-Gaither","LB","https://www.fantasypros.com/nfl/players/akeem-davis-gaither.php","akeem-davis-gaither.php","13",13.3,"at PIT","PIT",1791738000,"scheduled",NA,"LB22",NA,"17.0",NA,NA,NA
"lb","LB",2026-10-06,"18361","Azeez Al-Shaair","LB","HOU",23,23,0,23,23,"LB","A. Al-Shaair","LB","https://www.fantasypros.com/nfl/players/azeez-al-shaair.php","azeez-al-shaair.php","8",16.2,"at TEN","TEN",1791738000,"scheduled",NA,"LB23",NA,"16.8",NA,NA,NA
"lb","LB",2026-10-06,"23292","Isaiah McDuffie","LB","GB",24,24,0,24,24,"LB","I. McDuffie","LB","https://www.fantasypros.com/nfl/players/isaiah-mcduffie.php","isaiah-mcduffie.php","11",1.1,"vs. CHI","CHI",1791738000,"scheduled",NA,"LB24",NA,"16.7",NA,NA,NA
"lb","LB",2026-10-06,"24674","Nate Landman","LB","LAR",25,25,0,25,25,"LB","N. Landman","LB","https://www.fantasypros.com/nfl/players/nathan-landman.php","nathan-landman.php","11",33.7,"vs. BUF","BUF",1791850500,"scheduled",NA,"LB25",NA,"16.7",NA,NA,NA
"lb","LB",2026-10-06,"23772","Terrel Bernard","LB","BUF",26,26,0,26,26,"LB","T. Bernard","LB","https://www.fantasypros.com/nfl/players/terrel-bernard.php","terrel-bernard.php","7",25.4,"at LAR","LAR",1791850500,"scheduled",NA,"LB26",NA,"16.6",NA,NA,NA
"lb","LB",2026-10-06,"26108","Barrett Carter","LB","CIN",27,27,0,27,27,"LB","B. Carter","LB","https://www.fantasypros.com/nfl/players/barrett-carter.php","barrett-carter.php","6",11.6,"at MIA","MIA",1791738000,"scheduled",NA,"LB27",NA,"16.4",NA,NA,NA
"lb","LB",2026-10-06,"23194","Jamien Sherwood","LB","NYJ",28,28,0,28,28,"LB","J. Sherwood","LB","https://www.fantasypros.com/nfl/players/jamien-sherwood.php","jamien-sherwood.php","13",30.6,"vs. CLE","CLE",1791738000,"scheduled",NA,"LB28",NA,"16.4",NA,NA,NA
"lb","LB",2026-10-06,"17563","Zaire Franklin","LB","GB",29,29,0,29,29,"LB","Z. Franklin","LB","https://www.fantasypros.com/nfl/players/zaire-franklin.php","zaire-franklin.php","11",21.8,"vs. CHI","CHI",1791738000,"scheduled",NA,"LB29",NA,"16.2",NA,NA,NA
"lb","LB",2026-10-06,"25905","Drake Thomas","LB","SEA",30,30,0,30,30,"LB","D. Thomas","LB","https://www.fantasypros.com/nfl/players/drake-thomas.php","drake-thomas.php","11",9.2,"vs. SF","SF",1791750300,"scheduled",NA,"LB30",NA,"16.1",NA,NA,NA
"lb","LB",2026-10-06,"16691","Eric Wilson","LB","MIN",31,31,0,31,31,"LB","E. Wilson","LB","https://www.fantasypros.com/nfl/players/eric-wilson.php","eric-wilson.php","6",9.6,"at NO","NO",1791738000,"scheduled",NA,"LB31",NA,"16.0",NA,NA,NA
"lb","LB",2026-10-06,"24690","Jack Gibbens","LB","ARI",32,32,0,32,32,"LB","J. Gibbens","LB","https://www.fantasypros.com/nfl/players/jack-gibbens.php","jack-gibbens.php","14",8.7,"vs. DET","DET",1791750300,"scheduled",NA,"LB32",NA,"15.9",NA,NA,NA
"lb","LB",2026-10-06,"26183","Payton Wilson","LB","PIT",33,33,0,33,33,"LB","P. Wilson","LB","https://www.fantasypros.com/nfl/players/payton-wilson.php","payton-wilson.php","9",9.6,"vs. IND","IND",1791738000,"scheduled",NA,"LB33",NA,"15.9",NA,NA,NA
"lb","LB",2026-10-06,"25436","Daiyan Henley","LB","LAC",34,34,0,34,34,"LB","D. Henley","LB","https://www.fantasypros.com/nfl/players/daiyanhenley.php","daiyanhenley.php","7",24.3,"vs. DEN","DEN",1791749100,"scheduled",NA,"LB34",NA,"15.8",NA,NA,NA
"lb","LB",2026-10-06,"18251","Mack Wilson","LB","ARI",35,35,0,35,35,"LB","M. Wilson Sr.","LB","https://www.fantasypros.com/nfl/players/mack-wilson.php","mack-wilson.php","14",6.4,"vs. DET","DET",1791750300,"scheduled",NA,"LB35",NA,"15.7",NA,NA,NA
"lb","LB",2026-10-06,"19421","Patrick Queen","LB","PIT",36,36,0,36,36,"LB","P. Queen","LB","https://www.fantasypros.com/nfl/players/patrick-queen.php","patrick-queen.php","9",15,"vs. IND","IND",1791738000,"scheduled",NA,"LB36",NA,"15.7",NA,NA,NA
"lb","LB",2026-10-06,"27299","Demetrius Knight","LB","CIN",37,37,0,37,37,"LB","D. Knight Jr.","LB","https://www.fantasypros.com/nfl/players/demetrius-knight-jr.php","demetrius-knight-jr.php","6",41.2,"at MIA","MIA",1791738000,"scheduled",NA,"LB37",NA,"15.6",NA,NA,NA
"lb","LB",2026-10-06,"23208","Divine Deablo","LB","ATL",38,38,0,38,38,"LB","D. Deablo","LB","https://www.fantasypros.com/nfl/players/divine-deablo.php","divine-deablo.php","11",15.4,"vs. BAL","BAL",1791764400,"scheduled",NA,"LB38",NA,"15.6",NA,NA,NA
"lb","LB",2026-10-06,"18237","Devin Bush","LB","CHI",39,39,0,39,39,"LB","D. Bush Jr.","LB","https://www.fantasypros.com/nfl/players/devin-bush.php","devin-bush.php","10",27.4,"at GB","GB",1791738000,"scheduled",NA,"LB39",NA,"15.6",NA,NA,NA
"lb","LB",2026-10-06,"18281","TJ Edwards","LB","CHI",40,40,0,40,40,"LB","T.J. Edwards","LB","https://www.fantasypros.com/nfl/players/tj-edwards.php","tj-edwards.php","10",10.7,"at GB","GB",1791738000,"scheduled",NA,"LB40",NA,"15.5",NA,NA,NA
"lb","LB",2026-10-06,"18310","Dre Greenlaw","LB","SF",41,41,0,41,41,"LB","D. Greenlaw","LB","https://www.fantasypros.com/nfl/players/dre-greenlaw.php","dre-greenlaw.php","8",4.5,"at SEA","SEA",1791750300,"scheduled",NA,"LB41",NA,"15.3",NA,NA,NA
"lb","LB",2026-10-06,"23367","Christian Elliss","LB","NE",42,42,0,42,42,"LB","C. Elliss","LB","https://www.fantasypros.com/nfl/players/christian-elliss.php","christian-elliss.php","11",11.1,"vs. LV","LV",1791738000,"scheduled",NA,"LB42",NA,"15.1",NA,NA,NA
"lb","LB",2026-10-06,"16469","TJ Watt","LB","PIT",43,43,0,43,43,"LB","T.J. Watt","LB,DE","https://www.fantasypros.com/nfl/players/tj-watt.php","tj-watt.php","9",67.1,"vs. IND","IND",1791738000,"scheduled",NA,"LB43",NA,"14.8",NA,NA,NA
"lb","LB",2026-10-06,"18573","Andrew Van Ginkel","LB","MIN",44,44,0,44,44,"LB","A. Van Ginkel","LB,DE","https://www.fantasypros.com/nfl/players/andrew-van-ginkel.php","andrew-van-ginkel.php","6",52,"at NO","NO",1791738000,"scheduled",NA,"LB44",NA,"14.6",NA,NA,NA
"lb","LB",2026-10-06,"27216","Sonny Styles","LB","WAS",45,45,0,45,45,"LB","S. Styles","LB","https://www.fantasypros.com/nfl/players/sonny-styles.php","sonny-styles.php","7",49.8,"vs. NYG","NYG",1791738000,"scheduled",NA,"LB45",NA,"14.5",NA,NA,NA
"lb","LB",2026-10-06,"23477","Ventrell Miller","LB","JAC",46,46,0,46,46,"LB","V. Miller","LB","https://www.fantasypros.com/nfl/players/ventrell-miller.php","ventrell-miller.php","7",16.2,"vs. PHI","PHI",1791725400,"scheduled",NA,"LB46",NA,"14.4",NA,NA,NA
"lb","LB",2026-10-06,"17963","Frankie Luvu","LB","WAS",47,47,0,47,47,"LB","F. Luvu","LB","https://www.fantasypros.com/nfl/players/frankie-luvu.php","frankie-luvu.php","7",5.7,"vs. NYG","NYG",1791738000,"scheduled",NA,"LB47",NA,"14.3",NA,NA,NA
"lb","LB",2026-10-06,"18679","Quincy Williams","LB","CLE",48,48,0,48,48,"LB","Q. Williams","LB","https://www.fantasypros.com/nfl/players/quincy-williams.php","quincy-williams.php","11",9.7,"at NYJ","NYJ",1791738000,"scheduled",NA,"LB48",NA,"14.2",NA,NA,NA
"lb","LB",2026-10-06,"25453","Dorian Williams","LB","BUF",49,49,0,49,49,"LB","D. Williams","LB","https://www.fantasypros.com/nfl/players/dorian-williams.php","dorian-williams.php","7",2.4,"at LAR","LAR",1791850500,"scheduled",NA,"LB49",NA,"14.2",NA,NA,NA
"lb","LB",2026-10-06,"16720","Alex Anzalone","LB","TB",50,50,0,50,50,"LB","A. Anzalone","LB","https://www.fantasypros.com/nfl/players/alex-anzalone.php","alex-anzalone.php","10",9.7,"at DAL","DAL",1791504900,"scheduled",NA,"LB50",NA,"14.2",NA,NA,NA
"lb","LB",2026-10-06,"24004","Jake Hansen","LB","HOU",51,51,0,51,51,"LB","J. Hansen","LB","https://www.fantasypros.com/nfl/players/jake-hansen.php","jake-hansen.php","8",1.1,"at TEN","TEN",1791738000,"scheduled",NA,"LB51",NA,"14.2",NA,NA,NA
"lb","LB",2026-10-06,"28200","Jaishawn Barham","LB","DAL",52,52,0,52,52,"LB","J. Barham","DE,LB","https://www.fantasypros.com/nfl/players/jaishawn-barham.php","jaishawn-barham.php","14",9,"vs. TB","TB",1791504900,"scheduled",NA,"LB52",NA,"14.2",NA,NA,NA
"lb","LB",2026-10-06,"25579","Dee Winters","LB","DAL",53,53,0,53,53,"LB","D. Winters","LB","https://www.fantasypros.com/nfl/players/dee-winters.php","dee-winters.php","14",4.9,"vs. TB","TB",1791504900,"scheduled",NA,"LB53",NA,"14.1",NA,NA,NA
"lb","LB",2026-10-06,"19316","Alex Highsmith","LB","PIT",54,54,0,54,54,"LB","A. Highsmith","LB,DE","https://www.fantasypros.com/nfl/players/alex-highsmith.php","alex-highsmith.php","9",21,"vs. IND","IND",1791738000,"scheduled",NA,"LB54",NA,"14.0",NA,NA,NA
"lb","LB",2026-10-06,"22809","Pete Werner","LB","NO",55,55,0,55,55,"LB","P. Werner","LB","https://www.fantasypros.com/nfl/players/pete-werner.php","pete-werner.php","8",3.9,"vs. MIN","MIN",1791738000,"scheduled",NA,"LB55",NA,"13.9",NA,NA,NA
"lb","LB",2026-10-06,"18542","Cody Barton","LB","TEN",56,56,0,56,56,"LB","C. Barton","LB","https://www.fantasypros.com/nfl/players/cody-barton.php","cody-barton.php","9",2.7,"vs. HOU","HOU",1791738000,"scheduled",NA,"LB56",NA,"13.7",NA,NA,NA
"lb","LB",2026-10-06,"19520","Justin Strnad","LB","DEN",57,57,0,57,57,"LB","J. Strnad","LB","https://www.fantasypros.com/nfl/players/justin-strnad.php","justin-strnad.php","10",1.8,"at LAC","LAC",1791749100,"scheduled",NA,"LB57",NA,"13.7",NA,NA,NA
"lb","LB",2026-10-06,"18858","DelShawn Phillips","LB","LAC",58,58,0,58,58,"LB","D. Phillips","LB","https://www.fantasypros.com/nfl/players/delshawn-phillips.php","delshawn-phillips.php","7",0.8,"vs. DEN","DEN",1791749100,"scheduled",NA,"LB58",NA,"13.6",NA,NA,NA
"lb","LB",2026-10-06,"23210","Derrick Barnes","LB","DET",59,59,0,59,59,"LB","D. Barnes","LB","https://www.fantasypros.com/nfl/players/derrick-barnes.php","derrick-barnes.php","6",17.2,"at ARI","ARI",1791750300,"scheduled",NA,"LB59",NA,"13.6",NA,NA,NA
"lb","LB",2026-10-06,"25464","Nick Herbig","LB","PIT",60,60,0,60,60,"LB","N. Herbig","LB,DE","https://www.fantasypros.com/nfl/players/nick-herbig.php","nick-herbig.php","9",5.8,"vs. IND","IND",1791738000,"scheduled",NA,"LB60",NA,"13.5",NA,NA,NA
"lb","LB",2026-10-06,"12169","Khalil Mack","LB","LAC",61,61,0,61,61,"LB","K. Mack","LB,DE","https://www.fantasypros.com/nfl/players/khalil-mack.php","khalil-mack.php","7",4.7,"vs. DEN","DEN",1791749100,"scheduled",NA,"LB61",NA,"13.4",NA,NA,NA
"lb","LB",2026-10-06,"26168","Cedric Gray","LB","TEN",62,62,0,62,62,"LB","C. Gray","LB","https://www.fantasypros.com/nfl/players/cedric-gray.php","cedric-gray.php","9",23.7,"vs. HOU","HOU",1791738000,"scheduled",NA,"LB62",NA,"13.4",NA,NA,NA
"lb","LB",2026-10-06,"24716","Trenton Simpson","LB","BAL",63,63,0,63,63,"LB","T. Simpson","LB","https://www.fantasypros.com/nfl/players/trenton-simpson.php","trenton-simpson.php","13",1.6,"at ATL","ATL",1791764400,"scheduled",NA,"LB63",NA,"13.4",NA,NA,NA
"lb","LB",2026-10-06,"25314","DeMarvion Overshown","LB","DAL",64,64,0,64,64,"LB","D. Overshown","LB","https://www.fantasypros.com/nfl/players/demarvion-overshown.php","demarvion-overshown.php","14",7.5,"vs. TB","TB",1791504900,"scheduled",NA,"LB64",NA,"13.3",NA,NA,NA
"lb","LB",2026-10-06,"26730","Omar Speights","LB","LAR",65,65,0,65,65,"LB","O. Speights","LB","https://www.fantasypros.com/nfl/players/omar-speights.php","omar-speights.php","11",2.4,"vs. BUF","BUF",1791850500,"scheduled",NA,"LB65",NA,"13.3",NA,NA,NA
"lb","LB",2026-10-06,"27533","Kain Medrano","LB","WAS",66,66,0,66,66,"LB","K. Medrano","LB","https://www.fantasypros.com/nfl/players/kain-medrano.php","kain-medrano.php","7",0.7,"vs. NYG","NYG",1791738000,"scheduled",NA,"LB66",NA,"13.2",NA,NA,NA
"lb","LB",2026-10-06,"26465","Jaylon Carlies","LB","IND",67,67,0,67,67,"LB","J. Carlies","LB,S","https://www.fantasypros.com/nfl/players/jaylon-carlies.php","jaylon-carlies.php","13",1.1,"at PIT","PIT",1791738000,"scheduled",NA,"LB67",NA,"13.1",NA,NA,NA
"lb","LB",2026-10-06,"27021","Harold Perkins","LB","ATL",68,68,0,68,68,"LB","H. Perkins Jr.","LB","https://www.fantasypros.com/nfl/players/harold-perkins-jr.php","harold-perkins-jr.php","11",1,"vs. BAL","BAL",1791764400,"scheduled",NA,"LB68",NA,"13.1",NA,NA,NA
"lb","LB",2026-10-06,"27146","Teddye Buchanan","LB","BAL",69,69,0,69,69,"LB","T. Buchanan","LB","https://www.fantasypros.com/nfl/players/teddye-buchanan.php","teddye-buchanan.php","13",2.3,"at ATL","ATL",1791764400,"scheduled",NA,"LB69",NA,"13.0",NA,NA,NA
"lb","LB",2026-10-06,"17277","Bradley Chubb","LB","BUF",70,70,0,70,70,"LB","B. Chubb","LB,DE","https://www.fantasypros.com/nfl/players/bradley-chubb.php","bradley-chubb.php","7",7.3,"at LAR","LAR",1791850500,"scheduled",NA,"LB70",NA,"12.8",NA,NA,NA
"lb","LB",2026-10-06,"26337","Jalyx Hunt","LB","PHI",71,71,0,71,71,"LB","J. Hunt","DE,LB","https://www.fantasypros.com/nfl/players/jalyx-hunt.php","jalyx-hunt.php","10",4.1,"at JAC","JAC",1791725400,"scheduled",NA,"LB71",NA,"12.8",NA,NA,NA
"lb","LB",2026-10-06,"18209","Rashan Gary","LB","DAL",72,72,0,72,72,"LB","R. Gary","LB,DE","https://www.fantasypros.com/nfl/players/rashan-gary.php","rashan-gary.php","14",11.4,"vs. TB","TB",1791504900,"scheduled",NA,"LB72",NA,"12.8",NA,NA,NA
"lb","LB",2026-10-06,"19480","Willie Gay","LB","MIA",74,74,0,74,74,"LB","W. Gay Jr.","LB","https://www.fantasypros.com/nfl/players/willie-gay.php","willie-gay.php","6",1.7,"vs. CIN","CIN",1791738000,"scheduled",NA,"LB73",NA,"12.7",NA,NA,NA
"lb","LB",2026-10-06,"23822","Malcolm Rodriguez","LB","DET",75,75,0,75,75,"LB","M. Rodriguez","LB","https://www.fantasypros.com/nfl/players/malcolm-rodriguez.php","malcolm-rodriguez.php","6",1.3,"at ARI","ARI",1791750300,"scheduled",NA,"LB74",NA,"12.7",NA,NA,NA
"lb","LB",2026-10-06,"14060","ZaDarius Smith","LB","ATL",76,76,0,76,76,"LB","Z. Smith","DE,LB","https://www.fantasypros.com/nfl/players/zadarius-smith.php","zadarius-smith.php","11",1.8,"vs. BAL","BAL",1791764400,"scheduled",NA,"LB75",NA,"12.6",NA,NA,NA
"lb","LB",2026-10-06,"26157","Jonah Elliss","LB","DEN",77,77,0,77,77,"LB","J. Elliss","DE,LB","https://www.fantasypros.com/nfl/players/jonah-elliss.php","jonah-elliss.php","10",0.8,"at LAC","LAC",1791749100,"scheduled",NA,"LB76",NA,"12.5",NA,NA,NA
"lb","LB",2026-10-06,"17590","Oren Burks","LB","CIN",78,78,0,78,78,"LB","O. Burks","LB","https://www.fantasypros.com/nfl/players/oren-burks.php","oren-burks.php","6",0.7,"at MIA","MIA",1791738000,"scheduled",NA,"LB77",NA,"12.5",NA,NA,NA
"lb","LB",2026-10-06,"28255","Bryce Boettcher","LB","IND",79,79,0,79,79,"LB","B. Boettcher","LB","https://www.fantasypros.com/nfl/players/bryce-boettcher.php","bryce-boettcher.php","13",1.1,"at PIT","PIT",1791738000,"scheduled",NA,"LB78",NA,"12.4",NA,NA,NA
"lb","LB",2026-10-06,"27959","Gabe Jacas","LB","NE",80,80,0,80,80,"LB","G. Jacas","DE,LB","https://www.fantasypros.com/nfl/players/gabe-jacas.php","gabe-jacas.php","11",1.6,"vs. LV","LV",1791738000,"scheduled",NA,"LB79",NA,"12.4",NA,NA,NA
"db","DB",2026-10-06,"23494","Kyle Hamilton","DB","BAL",1,1,0,1,1,"S","K. Hamilton","S","https://www.fantasypros.com/nfl/players/kyle-hamilton.php","kyle-hamilton.php","13",76,"at ATL","ATL",1791764400,"scheduled",NA,"S1",NA,"20.0",NA,NA,NA
"db","DB",2026-10-06,"27053","Nick Emmanwori","DB","SEA",2,2,0,2,2,"S","N. Emmanwori","CB,S","https://www.fantasypros.com/nfl/players/nick-emmanwori.php","nick-emmanwori.php","11",34,"vs. SF","SF",1791750300,"scheduled",NA,"S2",NA,"19.9",NA,NA,NA
"db","DB",2026-10-06,"16733","Budda Baker","DB","ARI",3,3,0,3,3,"S","B. Baker","S","https://www.fantasypros.com/nfl/players/budda-baker.php","budda-baker.php","14",43.4,"vs. DET","DET",1791750300,"scheduled",NA,"S3",NA,"19.5",NA,NA,NA
"db","DB",2026-10-06,"24302","Quentin Lake","DB","LAR",4,4,0,4,4,"S","Q. Lake","CB,S","https://www.fantasypros.com/nfl/players/quentin-lake.php","quentin-lake.php","11",25.5,"vs. BUF","BUF",1791850500,"scheduled",NA,"S4",NA,"19.2",NA,NA,NA
"db","DB",2026-10-06,"27967","Dillon Thieneman","DB","CHI",5,5,0,5,5,"S","D. Thieneman","S","https://www.fantasypros.com/nfl/players/dillon-thieneman.php","dillon-thieneman.php","10",39.4,"at GB","GB",1791738000,"scheduled",NA,"S5",NA,"18.9",NA,NA,NA
"db","DB",2026-10-06,"17310","Derwin James","DB","LAC",6,6,0,6,6,"S","D. James Jr.","S","https://www.fantasypros.com/nfl/players/derwin-james.php","derwin-james.php","7",39.5,"vs. DEN","DEN",1791749100,"scheduled",NA,"S6",NA,"18.9",NA,NA,NA
"db","DB",2026-10-06,"18589","Amani Hooker","DB","TEN",7,7,0,7,7,"S","A. Hooker","S","https://www.fantasypros.com/nfl/players/amani-hooker.php","amani-hooker.php","9",8.3,"vs. HOU","HOU",1791738000,"scheduled",NA,"S7",NA,"18.5",NA,NA,NA
"db","DB",2026-10-06,"26131","Evan Williams","DB","GB",8,8,0,8,8,"S","E. Williams","S","https://www.fantasypros.com/nfl/players/evan-williams.php","evan-williams.php","11",15.6,"vs. CHI","CHI",1791738000,"scheduled",NA,"S8",NA,"18.5",NA,NA,NA
"db","DB",2026-10-06,"27067","Xavier Watts","DB","ATL",9,9,0,9,9,"S","X. Watts","S","https://www.fantasypros.com/nfl/players/xavier-watts.php","xavier-watts.php","11",19.4,"vs. BAL","BAL",1791764400,"scheduled",NA,"S9",NA,"18.4",NA,NA,NA
"db","DB",2026-10-06,"19248","Brandon Jones","DB","DEN",10,10,0,10,10,"S","B. Jones","S","https://www.fantasypros.com/nfl/players/brandon-jones-s.php","brandon-jones-s.php","10",7.9,"at LAC","LAC",1791749100,"scheduled",NA,"S10",NA,"18.2",NA,NA,NA
"db","DB",2026-10-06,"19429","Jeremy Chinn","DB","LV",11,11,0,11,11,"S","J. Chinn","S","https://www.fantasypros.com/nfl/players/jeremy-chinn.php","jeremy-chinn.php","13",27.9,"at NE","NE",1791738000,"scheduled",NA,"S11",NA,"18.2",NA,NA,NA
"db","DB",2026-10-06,"27950","Caleb Downs","DB","DAL",12,12,0,12,12,"S","C. Downs","S","https://www.fantasypros.com/nfl/players/caleb-downs.php","caleb-downs.php","14",52.4,"vs. TB","TB",1791504900,"scheduled",NA,"S12",NA,"18.1",NA,NA,NA
"db","DB",2026-10-06,"23471","Jordan Battle","DB","CIN",13,13,0,13,13,"S","J. Battle","S","https://www.fantasypros.com/nfl/players/jordan-battle.php","jordan-battle.php","6",19.7,"at MIA","MIA",1791738000,"scheduled",NA,"S13",NA,"17.8",NA,NA,NA
"db","DB",2026-10-06,"27035","Kevin Winston","DB","TEN",14,14,0,14,14,"S","K. Winston Jr.","S","https://www.fantasypros.com/nfl/players/kevin-winston-jr.php","kevin-winston-jr.php","9",6.4,"vs. HOU","HOU",1791738000,"scheduled",NA,"S14",NA,"17.7",NA,NA,NA
"db","DB",2026-10-06,"23721","Jalen Pitre","DB","HOU",15,15,0,15,15,"S","J. Pitre","CB,S","https://www.fantasypros.com/nfl/players/jalen-pitre.php","jalen-pitre.php","8",13.8,"at TEN","TEN",1791738000,"scheduled",NA,"S15",NA,"17.7",NA,NA,NA
"db","DB",2026-10-06,"25867","Christian Izien","DB","DET",16,16,0,16,16,"S","C. Izien","S,CB","https://www.fantasypros.com/nfl/players/christian-izien.php","christian-izien.php","6",1.8,"at ARI","ARI",1791750300,"scheduled",NA,"S16",NA,"17.6",NA,NA,NA
"db","DB",2026-10-06,"23751","Tykee Smith","DB","TB",17,17,0,17,17,"S","T. Smith","S","https://www.fantasypros.com/nfl/players/tykee-smith.php","tykee-smith.php","10",33.5,"at DAL","DAL",1791504900,"scheduled",NA,"S17",NA,"17.5",NA,NA,NA
"db","DB",2026-10-06,"22817","Talanoa Hufanga","DB","DEN",18,18,0,18,18,"S","T. Hufanga","S","https://www.fantasypros.com/nfl/players/talanoa-hufanga.php","talanoa-hufanga.php","10",38,"at LAC","LAC",1791749100,"scheduled",NA,"S18",NA,"17.3",NA,NA,NA
"db","DB",2026-10-06,"18243","Julian Love","DB","SEA",19,19,0,19,19,"S","J. Love","S","https://www.fantasypros.com/nfl/players/julian-love.php","julian-love.php","11",23.6,"vs. SF","SF",1791750300,"scheduled",NA,"S19",NA,"17.2",NA,NA,NA
"db","DB",2026-10-06,"17278","Minkah Fitzpatrick","DB","NYJ",20,20,0,20,20,"S","M. Fitzpatrick","S","https://www.fantasypros.com/nfl/players/minkah-fitzpatrick.php","minkah-fitzpatrick.php","13",4.8,"vs. CLE","CLE",1791738000,"scheduled",NA,"S20",NA,"17.2",NA,NA,NA
"db","DB",2026-10-06,"26103","Cooper DeJean","DB","PHI",21,21,0,21,21,"CB","C. DeJean","CB","https://www.fantasypros.com/nfl/players/cooper-dejean.php","cooper-dejean.php","10",36,"at JAC","JAC",1791725400,"scheduled",NA,"CB1",NA,"17.1",NA,NA,NA
"db","DB",2026-10-06,"25243","Devon Witherspoon","DB","SEA",22,22,0,22,22,"CB","D. Witherspoon","CB","https://www.fantasypros.com/nfl/players/devon-witherspoon.php","devon-witherspoon.php","11",21.4,"vs. SF","SF",1791750300,"scheduled",NA,"CB2",NA,"17.0",NA,NA,NA
"db","DB",2026-10-06,"26118","Kamari Lassiter","DB","HOU",23,23,0,23,23,"CB","K. Lassiter","CB","https://www.fantasypros.com/nfl/players/kamari-lassiter.php","kamari-lassiter.php","8",23,"at TEN","TEN",1791738000,"scheduled",NA,"CB3",NA,"16.8",NA,NA,NA
"db","DB",2026-10-06,"19459","Kam Curl","DB","LAR",24,24,0,24,24,"S","K. Curl","S","https://www.fantasypros.com/nfl/players/kamren-curl.php","kamren-curl.php","11",28.9,"vs. BUF","BUF",1791850500,"scheduled",NA,"S21",NA,"16.7",NA,NA,NA
"db","DB",2026-10-06,"26229","Cole Bishop","DB","BUF",25,25,0,25,25,"S","C. Bishop","S","https://www.fantasypros.com/nfl/players/cole-bishop.php","cole-bishop.php","7",15.5,"at LAR","LAR",1791850500,"scheduled",NA,"S22",NA,"16.7",NA,NA,NA
"db","DB",2026-10-06,"19580","Joshua Metellus","DB","MIN",26,26,0,26,26,"S","J. Metellus","CB,S","https://www.fantasypros.com/nfl/players/josh-metellus.php","josh-metellus.php","6",10.1,"at NO","NO",1791738000,"scheduled",NA,"S23",NA,"16.6",NA,NA,NA
"db","DB",2026-10-06,"16558","Chuck Clark","DB","DET",27,27,0,27,27,"S","C. Clark","S","https://www.fantasypros.com/nfl/players/chuck-clark.php","chuck-clark.php","6",6.4,"at ARI","ARI",1791750300,"scheduled",NA,"S24",NA,"16.4",NA,NA,NA
"db","DB",2026-10-06,"22754","Reed Blankenship","DB","HOU",28,28,0,28,28,"S","R. Blankenship","S","https://www.fantasypros.com/nfl/players/reed-blankenship.php","reed-blankenship.php","8",5.5,"at TEN","TEN",1791738000,"scheduled",NA,"S25",NA,"16.4",NA,NA,NA
"db","DB",2026-10-06,"19216","Xavier McKinney","DB","GB",29,29,0,29,29,"S","X. McKinney","S","https://www.fantasypros.com/nfl/players/xavier-mckinney.php","xavier-mckinney.php","11",19.9,"vs. CHI","CHI",1791738000,"scheduled",NA,"S26",NA,"16.2",NA,NA,NA
"db","DB",2026-10-06,"23747","Alontae Taylor","DB","TEN",30,30,0,30,30,"CB","A. Taylor","CB","https://www.fantasypros.com/nfl/players/alontae-taylor.php","alontae-taylor.php","9",8.7,"vs. HOU","HOU",1791738000,"scheduled",NA,"CB4",NA,"16.1",NA,NA,NA
"db","DB",2026-10-06,"23719","Jaquan Brisker","DB","PIT",31,31,0,31,31,"S","J. Brisker","S","https://www.fantasypros.com/nfl/players/jaquan-brisker.php","jaquan-brisker.php","9",12.9,"vs. IND","IND",1791738000,"scheduled",NA,"S27",NA,"16.0",NA,NA,NA
"db","DB",2026-10-06,"17544","Jessie Bates","DB","ATL",32,32,0,32,32,"S","J. Bates III","S","https://www.fantasypros.com/nfl/players/jessie-bates-iii.php","jessie-bates-iii.php","11",11.9,"vs. BAL","BAL",1791764400,"scheduled",NA,"S28",NA,"15.9",NA,NA,NA
"db","DB",2026-10-06,"19203","Grant Delpit","DB","CLE",33,33,0,33,33,"S","G. Delpit","S","https://www.fantasypros.com/nfl/players/grant-delpit.php","grant-delpit.php","11",5,"at NYJ","NYJ",1791738000,"scheduled",NA,"S29",NA,"15.9",NA,NA,NA
"db","DB",2026-10-06,"24197","Daxton Hill","DB","CIN",34,34,0,34,34,"S","D. Hill","S,CB","https://www.fantasypros.com/nfl/players/daxton-hill.php","daxton-hill.php","6",10.9,"at MIA","MIA",1791738000,"scheduled",NA,"S30",NA,"15.8",NA,NA,NA
"db","DB",2026-10-06,"18649","CJ Gardner-Johnson","DB","BUF",35,35,0,35,35,"S","C.J. Gardner-Johnson","S","https://www.fantasypros.com/nfl/players/chauncey-gardner-johnson.php","chauncey-gardner-johnson.php","7",2.6,"at LAR","LAR",1791850500,"scheduled",NA,"S31",NA,"15.7",NA,NA,NA
"db","DB",2026-10-06,"27090","Dante Trader","DB","MIA",36,36,0,36,36,"S","D. Trader Jr.","S","https://www.fantasypros.com/nfl/players/dante-trader.php","dante-trader.php","6",1.8,"vs. CIN","CIN",1791738000,"scheduled",NA,"S32",NA,"15.7",NA,NA,NA
"db","DB",2026-10-06,"18576","Andrew Wingard","DB","ARI",37,37,0,37,37,"S","A. Wingard","S","https://www.fantasypros.com/nfl/players/andrew-wingard.php","andrew-wingard.php","14",4.9,"vs. DET","DET",1791750300,"scheduled",NA,"S33",NA,"15.6",NA,NA,NA
"db","DB",2026-10-06,"27277","Michael Taaffe","DB","MIA",38,38,0,38,38,"S","M. Taaffe","S","https://www.fantasypros.com/nfl/players/michael-taaffe.php","michael-taaffe.php","6",1.3,"vs. CIN","CIN",1791738000,"scheduled",NA,"S34",NA,"15.6",NA,NA,NA
"db","DB",2026-10-06,"25258","JiAyir Brown","DB","SF",39,39,0,39,39,"S","J. Brown","S","https://www.fantasypros.com/nfl/players/jiayir-brown.php","jiayir-brown.php","8",1.4,"at SEA","SEA",1791750300,"scheduled",NA,"S35",NA,"15.6",NA,NA,NA
"db","DB",2026-10-06,"15491","Jalen Ramsey","DB","PIT",40,40,0,40,40,"CB","J. Ramsey","CB","https://www.fantasypros.com/nfl/players/jalen-ramsey.php","jalen-ramsey.php","9",4.2,"vs. IND","IND",1791738000,"scheduled",NA,"CB5",NA,"15.5",NA,NA,NA
"db","DB",2026-10-06,"28065","Chris Johnson","DB","MIA",41,41,0,41,41,"CB","C. Johnson","CB","https://www.fantasypros.com/nfl/players/chris-johnson-cb-2.php","chris-johnson-cb-2.php","6",3.5,"vs. CIN","CIN",1791738000,"scheduled",NA,"CB6",NA,"15.3",NA,NA,NA
"db","DB",2026-10-06,"23914","Dane Belton","DB","NYJ",42,42,0,42,42,"S","D. Belton","S","https://www.fantasypros.com/nfl/players/dane-belton.php","dane-belton.php","13",14.1,"vs. CLE","CLE",1791738000,"scheduled",NA,"S36",NA,"15.1",NA,NA,NA
"db","DB",2026-10-06,"28206","Hezekiah Masses","DB","LV",43,43,0,43,43,"CB","H. Masses","CB","https://www.fantasypros.com/nfl/players/hezekiah-masses.php","hezekiah-masses.php","13",3.5,"at NE","NE",1791738000,"scheduled",NA,"CB7",NA,"14.8",NA,NA,NA
"db","DB",2026-10-06,"27210","Jonas Sanker","DB","NO",44,44,0,44,44,"S","J. Sanker","S","https://www.fantasypros.com/nfl/players/jonas-sanker.php","jonas-sanker.php","8",5.3,"vs. MIN","MIN",1791738000,"scheduled",NA,"S37",NA,"14.6",NA,NA,NA
"db","DB",2026-10-06,"22690","Jevon Holland","DB","NYG",45,45,0,45,45,"S","J. Holland","S","https://www.fantasypros.com/nfl/players/jevon-holland.php","jevon-holland.php","8",13.4,"at WAS","WAS",1791738000,"scheduled",NA,"S38",NA,"14.5",NA,NA,NA
"db","DB",2026-10-06,"22757","Cam Bynum","DB","IND",46,46,0,46,46,"S","C. Bynum","S","https://www.fantasypros.com/nfl/players/camryn-bynum.php","camryn-bynum.php","13",6.8,"at PIT","PIT",1791738000,"scheduled",NA,"S39",NA,"14.4",NA,NA,NA
"db","DB",2026-10-06,"18495","Keisean Nixon","DB","GB",47,47,0,47,47,"CB","K. Nixon","CB","https://www.fantasypros.com/nfl/players/keisean-nixon.php","keisean-nixon.php","11",7.1,"vs. CHI","CHI",1791738000,"scheduled",NA,"CB8",NA,"14.3",NA,NA,NA
"db","DB",2026-10-06,"19364","Amik Robertson","DB","WAS",48,48,0,48,48,"CB","A. Robertson","CB","https://www.fantasypros.com/nfl/players/amik-robertson.php","amik-robertson.php","7",5.6,"vs. NYG","NYG",1791738000,"scheduled",NA,"CB9",NA,"14.2",NA,NA,NA
"db","DB",2026-10-06,"15635","Kevin Byard","DB","NE",49,49,0,49,49,"S","K. Byard III","S","https://www.fantasypros.com/nfl/players/kevin-byard.php","kevin-byard.php","11",18.6,"vs. LV","LV",1791738000,"scheduled",NA,"S40",NA,"14.2",NA,NA,NA
"db","DB",2026-10-06,"18220","Byron Murphy","DB","MIN",50,50,0,50,50,"CB","B. Murphy Jr.","CB","https://www.fantasypros.com/nfl/players/byron-murphy.php","byron-murphy.php","6",5.7,"at NO","NO",1791738000,"scheduled",NA,"CB10",NA,"14.2",NA,NA,NA
"db","DB",2026-10-06,"24719","Antonio Johnson","DB","JAC",51,51,0,51,51,"S","A. Johnson","S","https://www.fantasypros.com/nfl/players/antonio-johnson-cb.php","antonio-johnson-cb.php","7",1.6,"vs. PHI","PHI",1791725400,"scheduled",NA,"S41",NA,"14.2",NA,NA,NA
"db","DB",2026-10-06,"26326","Malik Mustapha","DB","SF",52,52,0,52,52,"S","M. Mustapha","S","https://www.fantasypros.com/nfl/players/malik-mustapha.php","malik-mustapha.php","8",7.5,"at SEA","SEA",1791750300,"scheduled",NA,"S42",NA,"14.2",NA,NA,NA
"db","DB",2026-10-06,"16390","Marlon Humphrey","DB","BAL",53,53,0,53,53,"CB","M. Humphrey","CB","https://www.fantasypros.com/nfl/players/marlon-humphrey.php","marlon-humphrey.php","13",5.9,"at ATL","ATL",1791764400,"scheduled",NA,"CB11",NA,"14.1",NA,NA,NA
"db","DB",2026-10-06,"26109","Kamren Kinchens","DB","LAR",54,54,0,54,54,"S","K. Kinchens","S","https://www.fantasypros.com/nfl/players/kamren-kinchens.php","kamren-kinchens.php","11",1.3,"vs. BUF","BUF",1791850500,"scheduled",NA,"S43",NA,"14.0",NA,NA,NA
"db","DB",2026-10-06,"27978","Malik Muhammad","DB","CHI",55,55,0,55,55,"CB","M. Muhammad II","CB","https://www.fantasypros.com/nfl/players/malik-muhammad.php","malik-muhammad.php","10",1.1,"at GB","GB",1791738000,"scheduled",NA,"CB12",NA,"13.9",NA,NA,NA
"db","DB",2026-10-06,"17766","Jeremy Reaves","DB","WAS",56,56,0,56,56,"S","J. Reaves","S","https://www.fantasypros.com/nfl/players/jeremy-reaves.php","jeremy-reaves.php","7",3.8,"vs. NYG","NYG",1791738000,"scheduled",NA,"S44",NA,"13.7",NA,NA,NA
"db","DB",2026-10-06,"23492","Trent McDuffie","DB","LAR",57,57,0,57,57,"CB","T. McDuffie","CB","https://www.fantasypros.com/nfl/players/trent-mcduffie.php","trent-mcduffie.php","11",14.4,"vs. BUF","BUF",1791850500,"scheduled",NA,"CB13",NA,"13.7",NA,NA,NA
"db","DB",2026-10-06,"17375","DJ Reed","DB","DET",58,58,0,58,58,"CB","D.J. Reed Jr.","CB","https://www.fantasypros.com/nfl/players/dj-reed.php","dj-reed.php","6",3.7,"at ARI","ARI",1791750300,"scheduled",NA,"CB14",NA,"13.6",NA,NA,NA
"db","DB",2026-10-06,"25796","Ronnie Hickman","DB","CLE",59,59,0,59,59,"S","R. Hickman Jr.","S","https://www.fantasypros.com/nfl/players/ronnie-hickman.php","ronnie-hickman.php","11",2.6,"at NYJ","NYJ",1791738000,"scheduled",NA,"S45",NA,"13.6",NA,NA,NA
"db","DB",2026-10-06,"17320","Justin Reid","DB","NO",60,60,0,60,60,"S","J. Reid","S","https://www.fantasypros.com/nfl/players/justin-reid.php","justin-reid.php","8",2,"vs. MIN","MIN",1791738000,"scheduled",NA,"S46",NA,"13.5",NA,NA,NA
"db","DB",2026-10-06,"27017","Malaki Starks","DB","BAL",61,61,0,61,61,"S","M. Starks","S","https://www.fantasypros.com/nfl/players/malaki-starks.php","malaki-starks.php","13",27.9,"at ATL","ATL",1791764400,"scheduled",NA,"S47",NA,"13.4",NA,NA,NA
"db","DB",2026-10-06,"16632","Jourdan Lewis","DB","JAC",62,62,0,62,62,"CB","J. Lewis","CB","https://www.fantasypros.com/nfl/players/jourdan-lewis.php","jourdan-lewis.php","7",0.8,"vs. PHI","PHI",1791725400,"scheduled",NA,"CB15",NA,"13.4",NA,NA,NA
"db","DB",2026-10-06,"27313","Justin Walley","DB","IND",63,63,0,63,63,"CB","J. Walley","CB","https://www.fantasypros.com/nfl/players/justin-walley.php","justin-walley.php","13",0.6,"at PIT","PIT",1791738000,"scheduled",NA,"CB16",NA,"13.4",NA,NA,NA
"db","DB",2026-10-06,"19218","CJ Henderson","DB","ATL",64,64,0,64,64,"CB","C.J. Henderson","CB","https://www.fantasypros.com/nfl/players/cj-henderson.php","cj-henderson.php","11",1.9,"vs. BAL","BAL",1791764400,"scheduled",NA,"CB17",NA,"13.3",NA,NA,NA
"db","DB",2026-10-06,"27242","Craig Woodson","DB","NE",65,65,0,65,65,"S","C. Woodson","S","https://www.fantasypros.com/nfl/players/craig-woodson.php","craig-woodson.php","11",2.4,"vs. LV","LV",1791738000,"scheduled",NA,"S48",NA,"13.3",NA,NA,NA
"db","DB",2026-10-06,"27257","Jacob Parrish","DB","TB",66,66,0,66,66,"CB","J. Parrish","CB","https://www.fantasypros.com/nfl/players/jacob-parrish.php","jacob-parrish.php","10",0.9,"at DAL","DAL",1791504900,"scheduled",NA,"CB18",NA,"13.2",NA,NA,NA
"db","DB",2026-10-06,"25459","Riley Moss","DB","DEN",67,67,0,67,67,"CB","R. Moss","CB","https://www.fantasypros.com/nfl/players/riley-moss.php","riley-moss.php","10",3.4,"at LAC","LAC",1791749100,"scheduled",NA,"CB19",NA,"13.1",NA,NA,NA
"db","DB",2026-10-06,"24498","Zyon McCollum","DB","TB",68,68,0,68,68,"CB","Z. McCollum","CB","https://www.fantasypros.com/nfl/players/zyon-mccollum.php","zyon-mccollum.php","10",3.5,"at DAL","DAL",1791504900,"scheduled",NA,"CB20",NA,"13.1",NA,NA,NA
"db","DB",2026-10-06,"26164","Andru Phillips","DB","NYG",69,69,0,69,69,"CB","D. Phillips","CB","https://www.fantasypros.com/nfl/players/andru-phillips.php","andru-phillips.php","8",1.1,"at WAS","WAS",1791738000,"scheduled",NA,"CB21",NA,"13.0",NA,NA,NA
"db","DB",2026-10-06,"28069","AJ Haulcy","DB","IND",70,70,0,70,70,"S","AJ Haulcy","S","https://www.fantasypros.com/nfl/players/aj-haulcy.php","aj-haulcy.php","13",8.9,"at PIT","PIT",1791738000,"scheduled",NA,"S49",NA,"12.8",NA,NA,NA
"db","DB",2026-10-06,"28201","Treydan Stukes","DB","LV",71,71,0,71,71,"CB","T. Stukes","CB,S","https://www.fantasypros.com/nfl/players/treydan-stukes.php","treydan-stukes.php","13",2.5,"at NE","NE",1791738000,"scheduled",NA,"CB22",NA,"12.8",NA,NA,NA
"db","DB",2026-10-06,"24551","DaRon Bland","DB","DAL",72,72,0,72,72,"CB","D. Bland","CB","https://www.fantasypros.com/nfl/players/daron-bland.php","daron-bland.php","14",7.8,"vs. TB","TB",1791504900,"scheduled",NA,"CB23",NA,"12.8",NA,NA,NA
"db","DB",2026-10-06,"26117","Tyler Nubin","DB","NYG",73,73,0,73,73,"S","T. Nubin","S","https://www.fantasypros.com/nfl/players/tyler-nubin.php","tyler-nubin.php","8",3.2,"at WAS","WAS",1791738000,"scheduled",NA,"S50",NA,"12.7",NA,NA,NA
"db","DB",2026-10-06,"27536","Marcus Harris","DB","TEN",74,74,0,74,74,"CB","M. Harris","CB","https://www.fantasypros.com/nfl/players/marcus-harris-db.php","marcus-harris-db.php","9",1.8,"vs. HOU","HOU",1791738000,"scheduled",NA,"CB24",NA,"12.7",NA,NA,NA
"db","DB",2026-10-06,"25461","Jartavius Martin","DB","WAS",75,75,0,75,75,"S","Q. Martin","CB,S","https://www.fantasypros.com/nfl/players/jartavius-martin.php","jartavius-martin.php","7",1.7,"vs. NYG","NYG",1791738000,"scheduled",NA,"S51",NA,"12.7",NA,NA,NA
"db","DB",2026-10-06,"19394","Julian Blackmon","DB","NO",76,76,0,76,76,"S","J. Blackmon","S","https://www.fantasypros.com/nfl/players/julian-blackmon.php","julian-blackmon.php","8",0.9,"vs. MIN","MIN",1791738000,"scheduled",NA,"S52",NA,"12.6",NA,NA,NA
"db","DB",2026-10-06,"27081","Andrew Mukuba","DB","PHI",77,77,0,77,77,"S","A. Mukuba","S","https://www.fantasypros.com/nfl/players/andrew-mukuba.php","andrew-mukuba.php","10",5.1,"at JAC","JAC",1791725400,"scheduled",NA,"S53",NA,"12.5",NA,NA,NA
"db","DB",2026-10-06,"28290","Kendal Daniels","DB","ATL",78,78,0,78,78,"S","K. Daniels","LB","https://www.fantasypros.com/nfl/players/kendal-daniels.php","kendal-daniels.php","11",1.4,"vs. BAL","BAL",1791764400,"scheduled",NA,"S54",NA,"12.5",NA,NA,NA
"db","DB",2026-10-06,"27187","Billy Bowman","DB","ATL",79,79,0,79,79,"S","B. Bowman Jr.","CB,S","https://www.fantasypros.com/nfl/players/billy-bowman-jr.php","billy-bowman-jr.php","11",1.5,"vs. BAL","BAL",1791764400,"scheduled",NA,"S55",NA,"12.4",NA,NA,NA
"db","DB",2026-10-06,"28185","Keionte Scott","DB","TB",80,80,0,80,80,"CB","K. Scott","CB","https://www.fantasypros.com/nfl/players/keionte-scott.php","keionte-scott.php","10",1.6,"at DAL","DAL",1791504900,"scheduled",NA,"CB25",NA,"12.4",NA,NA,NA
